gene_id,mutation_id
1,1
2,2
3,3
3,4
4,5
5,6
6,7
7,8
8,9
9,10
10,11
11,12
12,13
13,14
14,15
15,16
16,17
17,18
18,19
19,20
19,21
20,22
21,23
22,24
23,25
24,26
25,27
26,28
27,29
28,30
29,31
30,32
31,33
32,34
33,35
34,36
35,37
36,38
37,39
38,40
38,41
39,42
40,43
41,44
42,45
43,46
44,47
45,48
46,49
47,50
48,51
49,52
49,53
50,54
51,55
52,56
53,57
54,58
55,59
56,60
57,61
58,62
59,63
60,64
60,65
61,66
62,67
63,68
64,69
65,70
66,71
67,72
68,73
69,74
70,75
71,76
72,77
73,78
74,79
75,80
76,81
77,82
78,83
79,84
80,85
81,86
82,87
83,88
84,89
85,90
86,91
87,92
87,93
88,94
89,95
90,96
91,97
92,98
93,99
94,100
95,101
96,102
97,103
98,104
99,105
100,106
101,107
102,108
102,109
103,110
104,111
105,112
106,113
107,114
108,115
109,116
110,117
111,118
112,119
112,120
113,121
114,122
115,123
116,124
117,125
118,126
119,127
120,128
121,129
122,130
123,131
124,132
125,133
126,134
127,135
128,136
129,137
130,138
131,139
132,140
133,141
134,142
135,143
136,144
137,145
138,146
139,147
140,148
141,149
142,150
143,151
144,152
145,153
146,154
147,155
148,156
149,157
150,158
150,159
151,160
152,161
153,162
154,163
155,164
156,165
156,166
156,167
157,168
157,169
158,170
159,171
160,172
160,173
161,174
162,175
162,176
162,177
163,178
164,179
165,180
166,181
167,182
168,183
169,184
170,185
170,186
171,187
172,188
173,189
174,190
175,191
176,192
177,193
178,194
179,195
180,196
181,197
182,198
183,199
184,200
185,201
186,202
187,203
188,204
189,205
190,206
191,207
192,208
193,209
194,210
195,211
196,212
197,213
198,214
199,215
200,216
201,217
202,218
203,219
204,220
205,221
206,222
207,223
208,224
209,225
210,226
211,227
212,228
213,229
214,230
215,231
216,232
217,233
218,234
219,235
220,236
221,237
222,238
223,239
224,240
225,241
226,242
227,243
228,244
229,245
229,246
229,247
230,248
231,249
232,250
233,251
234,252
235,253
236,254
237,255
238,256
239,257
240,258
241,259
242,260
243,261
244,262
245,263
246,264
247,265
248,266
249,267
250,268
251,269
252,270
253,271
254,272
255,273
256,274
257,275
258,276
259,277
260,278
261,279
262,280
263,281
264,282
265,283
266,284
267,285
268,286
268,287
269,288
270,289
271,290
272,291
273,292
3,293
274,294
260,295
275,296
276,297
277,298
277,299
278,300
278,301
7,302
279,303
280,304
281,305
282,306
283,307
284,308
285,309
286,310
287,311
288,312
289,313
290,314
291,315
292,316
293,317
294,318
295,319
296,320
297,321
298,322
298,323
299,324
300,325
179,326
301,327
302,328
303,329
304,330
305,331
306,332
306,333
307,334
308,335
309,336
310,337
311,338
312,339
313,340
314,341
315,342
316,343
317,344
13,345
318,346
319,347
320,348
321,349
322,350
323,351
324,352
324,353
325,354
325,355
326,356
327,357
328,358
329,359
330,360
331,361
332,362
333,363
334,364
334,365
335,366
336,367
337,368
338,369
339,370
340,371
341,372
342,373
343,374
344,375
345,376
346,377
347,378
348,379
349,380
350,381
351,382
352,383
353,384
354,385
355,386
356,387
357,388
358,389
359,390
360,391
361,392
362,393
363,394
364,395
365,396
365,397
366,398
367,399
368,400
369,401
370,402
371,403
372,404
373,405
374,406
375,407
376,408
377,409
378,410
378,411
379,412
380,413
381,414
382,415
383,416
384,417
385,418
386,419
387,420
388,421
389,422
390,423
391,424
392,425
393,426
394,427
395,428
396,429
397,430
398,431
399,432
400,433
401,434
402,435
403,436
404,437
405,438
33,439
33,440
406,441
407,442
408,443
409,444
410,445
411,446
412,447
413,448
414,449
415,450
34,451
416,452
417,453
418,454
419,455
420,456
421,457
422,458
423,459
424,460
425,461
426,462
427,463
428,464
429,465
430,466
431,467
432,468
433,469
434,470
435,471
436,472
437,473
438,474
439,475
439,476
440,477
441,478
441,479
442,480
442,481
443,482
444,483
445,484
446,485
447,486
448,487
449,488
41,489
450,490
451,491
452,492
453,493
454,494
455,495
456,496
457,497
458,498
459,499
460,500
461,501
462,502
463,503
464,504
465,505
48,506
466,507
467,508
467,509
50,510
468,511
469,512
470,513
470,514
470,515
471,516
471,517
471,518
471,519
472,520
473,521
474,522
475,523
476,524
477,525
478,526
479,527
480,528
481,529
482,530
483,531
484,532
485,533
485,534
486,535
487,536
488,537
489,538
490,539
491,540
60,541
492,542
493,543
494,544
495,545
496,546
497,547
498,548
499,549
500,550
501,551
502,552
503,553
504,554
504,555
505,556
506,557
507,558
507,559
508,560
509,561
510,562
511,563
63,564
63,565
512,566
513,567
513,568
514,569
515,570
516,571
516,572
517,573
517,574
518,575
518,576
518,577
519,578
520,579
521,580
522,581
523,582
523,583
524,584
525,585
525,586
526,587
527,588
528,589
529,590
530,591
531,592
532,593
533,594
534,595
535,596
536,597
537,598
538,599
539,600
539,601
540,602
541,603
542,604
543,605
544,606
545,607
546,608
547,609
548,610
75,611
75,612
207,613
549,614
550,615
551,616
552,617
553,618
554,619
555,620
556,621
557,622
558,623
559,624
560,625
561,626
562,627
563,628
564,629
565,630
566,631
567,632
568,633
569,634
570,635
79,636
571,637
572,638
573,639
574,640
575,641
576,642
577,643
577,644
577,645
577,646
578,647
579,648
580,649
581,650
581,651
582,652
582,653
582,654
583,655
584,656
584,657
585,658
586,659
587,660
588,661
589,662
590,663
590,664
591,665
591,666
592,667
592,668
593,669
594,670
595,671
596,672
597,673
598,674
599,675
84,676
84,677
600,678
601,679
601,680
602,681
603,682
604,683
605,684
606,685
607,686
608,687
609,688
610,689
611,690
612,691
613,692
614,693
615,694
616,695
617,696
618,697
618,698
619,699
620,700
621,701
622,702
623,703
624,704
625,705
626,706
626,707
627,708
628,709
629,710
630,711
631,712
632,713
633,714
634,715
634,716
635,717
636,718
637,719
638,720
639,721
640,722
641,723
642,724
642,725
643,726
644,727
645,728
646,729
647,730
648,731
649,732
650,733
651,734
652,735
652,736
653,737
653,738
654,739
655,740
655,741
656,742
656,743
657,744
658,745
659,746
660,747
660,748
661,749
662,750
662,751
663,752
664,753
664,754
665,755
665,756
666,757
667,758
668,759
669,760
670,761
671,762
672,763
673,764
674,765
675,766
676,767
677,768
678,769
679,770
679,771
680,772
680,773
681,774
682,775
683,776
684,777
685,778
686,779
687,780
688,781
689,782
690,783
691,784
692,785
693,786
694,787
695,788
696,789
697,790
698,791
699,792
700,793
701,794
702,795
703,796
703,797
704,798
705,799
706,800
707,801
708,802
709,803
710,804
711,805
712,806
713,807
714,808
715,809
716,810
717,811
718,812
719,813
720,814
721,815
722,816
723,817
723,818
724,819
725,820
726,821
727,822
728,823
729,824
730,825
731,826
732,827
732,828
226,829
226,830
733,831
734,832
735,833
107,834
736,835
736,836
737,837
737,838
738,839
739,840
740,841
741,842
742,843
743,844
744,845
745,846
746,847
747,848
747,849
748,850
749,851
229,852
750,853
751,854
752,855
752,856
753,857
753,858
754,859
755,860
756,861
757,862
757,863
757,864
758,865
759,866
760,867
761,868
762,869
763,870
764,871
765,872
766,873
767,874
768,875
769,876
770,877
771,878
772,879
773,880
774,881
775,882
776,883
777,884
778,885
779,886
113,887
780,888
781,889
782,890
783,891
784,892
785,893
786,894
787,895
115,896
788,897
789,898
790,899
790,900
791,901
792,902
793,903
793,904
794,905
795,906
796,907
797,908
798,909
799,910
800,911
801,912
802,913
803,914
804,915
805,916
119,917
806,918
807,919
808,920
123,921
809,922
124,923
125,924
125,925
810,926
811,927
812,928
813,929
814,930
814,931
814,932
815,933
816,934
817,935
818,936
819,937
820,938
821,939
822,940
823,941
824,942
824,943
825,944
826,945
827,946
828,947
829,948
830,949
831,950
832,951
833,952
834,953
835,954
835,955
836,956
837,957
838,958
839,959
840,960
841,961
842,962
843,963
843,964
844,965
845,966
846,967
847,968
848,969
849,970
850,971
850,972
851,973
852,974
853,975
854,976
855,977
856,978
857,979
858,980
859,981
860,982
861,983
862,984
863,985
864,986
865,987
866,988
867,989
868,990
869,991
870,992
871,993
872,994
873,995
242,996
874,997
875,998
876,999
877,1000
878,1001
878,1002
879,1003
880,1004
881,1005
882,1006
883,1007
884,1008
244,1009
885,1010
886,1011
887,1012
888,1013
888,1014
889,1015
890,1016
891,1017
892,1018
892,1019
893,1020
894,1021
895,1022
896,1023
897,1024
898,1025
899,1026
900,1027
901,1028
901,1029
902,1030
903,1031
904,1032
905,1033
906,1034
907,1035
908,1036
908,1037
909,1038
910,1039
911,1040
912,1041
913,1042
914,1043
915,1044
916,1045
917,1046
918,1047
919,1048
920,1049
920,1050
920,1051
921,1052
922,1053
923,1054
924,1055
925,1056
926,1057
927,1058
928,1059
929,1060
930,1061
931,1062
932,1063
933,1064
934,1065
935,1066
936,1067
937,1068
938,1069
939,1070
939,1071
940,1072
941,1073
942,1074
943,1075
944,1076
944,1077
945,1078
946,1079
947,1080
948,1081
949,1082
949,1083
950,1084
951,1085
951,1086
952,1087
953,1088
954,1089
955,1090
956,1091
957,1092
958,1093
958,1094
959,1095
146,1096
960,1097
961,1098
962,1099
963,1100
964,1101
965,1102
966,1103
967,1104
968,1105
969,1106
970,1107
971,1108
972,1109
973,1110
974,1111
975,1112
976,1113
977,1114
978,1115
979,1116
980,1117
981,1118
982,1119
983,1120
983,1121
983,1122
984,1123
985,1124
986,1125
987,1126
988,1127
988,1128
989,1129
253,1130
990,1131
991,1132
992,1133
993,1134
994,1135
995,1136
996,1137
997,1138
998,1139
999,1140
1000,1141
1001,1142
1002,1143
1003,1144
1004,1145
1005,1146
1006,1147
1007,1148
1008,1149
1009,1150
1010,1151
1011,1152
1012,1153
1013,1154
1014,1155
1014,1156
1014,1157
1015,1158
1016,1159
1016,1160
1017,1161
1018,1162
1019,1163
1020,1164
1020,1165
1021,1166
1022,1167
255,1168
1023,1169
1024,1170
1025,1171
1026,1172
1027,1173
1028,1174
1028,1175
1029,1176
1030,1177
1031,1178
1032,1179
1033,1180
1034,1181
1035,1182
1036,1183
1037,1184
1038,1185
1038,1186
1039,1187
1040,1188
1041,1189
1042,1190
1043,1191
1044,1192
1045,1193
1046,1194
1047,1195
1048,1196
1049,1197
1050,1198
1050,1199
1051,1200
1052,1201
1053,1202
1054,1203
1055,1204
1056,1205
1057,1206
1057,1207
1058,1208
1059,1209
1060,1210
1061,1211
1062,1212
1063,1213
1064,1214
1064,1215
1065,1216
1066,1217
1067,1218
1068,1219
1069,1220
1070,1221
1071,1222
1072,1223
1073,1224
1074,1225
1075,1226
1076,1227
1077,1228
1078,1229
1079,1230
1080,1231
1080,1232
1081,1233
257,1234
1082,1235
168,1236
1083,1237
1084,1238
1085,1239
1086,1240
1087,1241
1087,1242
1088,1243
1089,1244
1090,1245
1091,1246
1092,1247
1093,1248
1094,1249
1095,1250
1096,1251
1097,1252
1098,1253
323,1254
1099,1255
1100,1256
1101,1257
1102,1258
1103,1259
1104,1260
1105,1261
1106,1262
1107,1263
1108,1264
1109,1265
646,1266
1110,1267
1111,1268
1112,1269
1113,1270
1114,1271
1115,1272
1116,1273
1117,1274
1118,1275
1119,1276
1120,1277
1121,1278
1122,1279
1123,1280
1124,1281
1125,1282
1126,1283
299,1284
1127,1285
1128,1286
185,1287
1129,1288
1130,1289
1131,1290
1132,1291
186,1292
1133,1293
416,1294
1134,1295
1135,1296
1136,1297
48,1298
1137,1299
1138,1300
503,1301
1139,1302
1140,1303
1141,1304
1142,1305
1143,1306
1144,1307
1145,1308
79,1309
84,1310
1146,1311
1147,1312
1148,1313
1149,1314
1150,1315
1151,1316
702,1317
1152,1318
1153,1319
1154,1320
1155,1321
1156,1322
1157,1323
1158,1324
1159,1325
1160,1326
1161,1327
1162,1328
1163,1329
235,1330
1164,1331
1165,1332
1166,1333
1167,1334
1168,1335
1169,1336
1170,1337
920,1338
1171,1339
1172,1340
1173,1341
1029,1342
1174,1343
1175,1344
1176,1345
1177,1346
1178,1347
1179,1348
1180,1349
1181,1350
15,1351
206,1352
1182,1353
1183,1354
1184,1355
1185,1356
1186,1357
1187,1358
1188,1359
1189,1360
1190,1361
1191,1362
1192,1363
306,1364
309,1365
13,1366
1193,1367
1194,1368
1127,1369
1195,1370
1196,1371
1197,1372
1197,1373
1198,1374
363,1375
1199,1376
1200,1377
1201,1378
1202,1379
1203,1380
395,1381
1204,1382
1205,1383
1206,1384
1207,1385
1208,1386
487,1387
1209,1388
1210,1389
70,1390
1211,1391
1212,1392
1213,1393
1214,1394
1215,1395
1216,1396
1217,1397
582,1398
1218,1399
585,1400
1219,1401
1220,1402
1221,1403
1222,1404
1223,1405
1224,1406
226,1407
1225,1408
1226,1409
1227,1410
1228,1411
1229,1412
1230,1413
1231,1414
1232,1415
1233,1416
791,1417
1234,1418
1235,1419
1236,1420
1237,1421
1238,1422
1239,1423
1240,1424
826,1425
1241,1426
1242,1427
1243,1428
1244,1429
878,1430
1245,1431
1246,1432
1247,1433
1248,1434
1249,1435
1250,1436
1251,1437
1252,1438
1253,1439
955,1440
1254,1441
1255,1442
1256,1443
1257,1444
1258,1445
1259,1446
1260,1447
1261,1448
1262,1449
258,1450
1263,1451
1264,1452
1265,1453
1266,1454
1267,1455
1268,1456
1269,1457
1270,1458
1271,1459
1272,1460
1273,1461
1274,1462
1275,1463
1276,1464
1277,1465
1278,1466
1279,1467
1280,1468
1281,1469
1282,1470
291,1471
1283,1472
1284,1473
1285,1474
10,1475
1286,1476
1287,1477
1288,1478
1289,1479
1290,1480
1291,1481
1292,1482
1293,1483
1294,1484
1295,1485
313,1486
1296,1487
1297,1488
1298,1489
1299,1490
15,1491
1300,1492
1301,1493
1302,1494
1303,1495
1304,1496
1305,1497
1305,1498
1306,1499
1306,1500
324,1501
324,1502
324,1503
1307,1504
1308,1505
1309,1506
1310,1507
1311,1508
1312,1509
1313,1510
1314,1511
1314,1512
20,1513
1315,1514
334,1515
1316,1516
22,1517
1317,1518
1318,1519
1319,1520
1320,1521
1321,1522
1322,1523
1323,1524
1324,1525
1325,1526
1326,1527
1327,1528
1328,1529
1329,1530
1330,1531
1331,1532
1332,1533
362,1534
1333,1535
1334,1536
1335,1537
1336,1538
1337,1539
1338,1540
1339,1541
1340,1542
1341,1543
1342,1544
1343,1545
376,1546
376,1547
1344,1548
1345,1549
1346,1550
1347,1551
1348,1552
1349,1553
1350,1554
1351,1555
1352,1556
1353,1557
389,1558
390,1559
1354,1560
1355,1561
1356,1562
1357,1563
190,1564
1358,1565
1359,1566
1360,1567
1361,1568
1362,1569
1362,1570
1363,1571
1364,1572
1365,1573
1366,1574
1367,1575
1368,1576
1369,1577
1369,1578
1370,1579
1370,1580
1371,1581
1372,1582
440,1583
443,1584
1373,1585
1374,1586
1375,1587
1376,1588
1377,1589
448,1590
1378,1591
1379,1592
1380,1593
1381,1594
1382,1595
1383,1596
1384,1597
1385,1598
1386,1599
195,1600
464,1601
1387,1602
1388,1603
1389,1604
1390,1605
1391,1606
1392,1607
1393,1608
1394,1609
1395,1610
1396,1611
1397,1612
1398,1613
1399,1614
1400,1615
1401,1616
1402,1617
1403,1618
60,1619
1404,1620
1405,1621
1406,1622
1407,1623
501,1624
1408,1625
1409,1626
1410,1627
1411,1628
1412,1629
1413,1630
1414,1631
1414,1632
1415,1633
1416,1634
513,1635
515,1636
1417,1637
1418,1638
1419,1639
523,1640
1420,1641
1421,1642
1422,1643
1423,1644
1424,1645
1425,1646
1211,1647
1426,1648
1426,1649
1427,1650
1428,1651
551,1652
1213,1653
1429,1654
1430,1655
1431,1656
1432,1657
1433,1658
1434,1659
1434,1660
1435,1661
1436,1662
1437,1663
1438,1664
1439,1665
1440,1666
582,1667
582,1668
1441,1669
1442,1670
1443,1671
1444,1672
1445,1673
1446,1674
1447,1675
1448,1676
1449,1677
610,1678
1450,1679
1451,1680
1452,1681
1453,1682
1454,1683
1455,1684
1456,1685
1457,1686
1458,1687
1459,1688
91,1689
1460,1690
1461,1691
642,1692
1462,1693
92,1694
92,1695
92,1696
1463,1697
1463,1698
1464,1699
649,1700
1465,1701
1466,1702
1467,1703
1468,1704
1469,1705
1470,1706
1471,1707
1472,1708
1473,1709
1474,1710
679,1711
1475,1712
1476,1713
1477,1714
1478,1715
1479,1716
1480,1717
1481,1718
1482,1719
1483,1720
1484,1721
1485,1722
1486,1723
1487,1724
1487,1725
1488,1726
1489,1727
1490,1728
1491,1729
1492,1730
1493,1731
1494,1732
1495,1733
1496,1734
1497,1735
1498,1736
1499,1737
1500,1738
1501,1739
1502,1740
1503,1741
1504,1742
1505,1743
1506,1744
1507,1745
1508,1746
1509,1747
1510,1748
1511,1749
1512,1750
784,1751
1513,1752
1514,1753
1515,1754
1516,1755
1517,1756
1518,1757
1519,1758
1519,1759
793,1760
1520,1761
1236,1762
1521,1763
1522,1764
1523,1765
803,1766
804,1767
1524,1768
1525,1769
122,1770
1526,1771
812,1772
1527,1773
1528,1774
1529,1775
1530,1776
1530,1777
1531,1778
1532,1779
1532,1780
1533,1781
1533,1782
1534,1783
1535,1784
1536,1785
1537,1786
1538,1787
1539,1788
1540,1789
1540,1790
1540,1791
1541,1792
1542,1793
1543,1794
1544,1795
1545,1796
1546,1797
1547,1798
1548,1799
1549,1800
1550,1801
1551,1802
859,1803
1552,1804
1553,1805
1554,1806
1555,1807
1556,1808
1557,1809
1558,1810
1559,1811
241,1812
1560,1813
1561,1814
1562,1815
1563,1816
1563,1817
1564,1818
1565,1819
1565,1820
243,1821
1566,1822
1567,1823
1568,1824
1569,1825
1570,1826
1571,1827
1572,1828
1573,1829
1574,1830
1575,1831
1576,1832
1577,1833
1578,1834
1579,1835
1580,1836
1581,1837
1582,1838
1583,1839
1583,1840
1584,1841
140,1842
926,1843
1585,1844
929,1845
1586,1846
1587,1847
1252,1848
1588,1849
1589,1850
1590,1851
1591,1852
1592,1853
1593,1854
1594,1855
1595,1856
1596,1857
1597,1858
1598,1859
1599,1860
1599,1861
1600,1862
1601,1863
1602,1864
1603,1865
983,1866
1604,1867
1605,1868
1605,1869
1606,1870
1607,1871
991,1872
1608,1873
1609,1874
1610,1875
1610,1876
1611,1877
1612,1878
1017,1879
1613,1880
1614,1881
1615,1882
1616,1883
1617,1884
1618,1885
1619,1886
1620,1887
1035,1888
1621,1889
1622,1890
1623,1891
1624,1892
1625,1893
1626,1894
1627,1895
1627,1896
1628,1897
1628,1898
1629,1899
1630,1900
1631,1901
1632,1902
1633,1903
1634,1904
1062,1905
1635,1906
1636,1907
1637,1908
1637,1909
1638,1910
1639,1911
1640,1912
1641,1913
1642,1914
1643,1915
1644,1916
1645,1917
1646,1918
1092,1919
1647,1920
1648,1921
1649,1922
3,1923
1650,1924
1651,1925
1652,1926
1653,1927
1654,1928
1655,1929
1656,1930
1657,1931
1658,1932
1659,1933
1660,1934
1661,1935
1662,1936
1663,1937
1664,1938
1665,1939
1666,1940
1667,1941
1668,1942
1625,1943
1669,1944
1670,1945
1671,1946
1672,1947
1672,1948
1673,1949
1674,1950
3,1951
3,1952
1675,1953
1676,1954
6,1955
1677,1956
1678,1957
1679,1958
7,1959
1680,1960
1681,1961
1682,1962
1683,1963
1281,1964
1281,1965
1684,1966
1685,1967
1686,1968
1188,1969
1687,1970
1688,1971
1126,1972
1689,1973
179,1974
1690,1975
1691,1976
1692,1977
1693,1978
1694,1979
1695,1980
1696,1981
1697,1982
1698,1983
1699,1984
1700,1985
1701,1986
1702,1987
1703,1988
1704,1989
323,1990
324,1991
324,1992
1705,1993
1706,1994
328,1995
1127,1996
1707,1997
1708,1998
1709,1999
1710,2000
1711,2001
344,2002
1712,2003
1713,2004
1714,2005
1715,2006
356,2007
1716,2008
365,2009
1717,2010
1718,2011
1335,2012
1719,2013
1720,2014
1341,2015
28,2016
372,2017
373,2018
375,2019
1721,2020
1722,2021
1722,2022
1722,2023
1723,2024
1344,2025
1344,2026
378,2027
1724,2028
1725,2029
1726,2030
1727,2031
1728,2032
1729,2033
1730,2034
1731,2035
1732,2036
1733,2037
1734,2038
1360,2039
1735,2040
1736,2041
1737,2042
1738,2043
1739,2044
1740,2045
1741,2046
1742,2047
1743,2048
1744,2049
1745,2050
1746,2051
1747,2052
1748,2053
1749,2054
1100,2055
444,2056
444,2057
1750,2058
1751,2059
1752,2060
1753,2061
1754,2062
1755,2063
1756,2064
1757,2065
1378,2066
1378,2067
451,2068
1758,2069
1759,2070
1760,2071
1761,2072
453,2073
1762,2074
1763,2075
1386,2076
1764,2077
1765,2078
1766,2079
1767,2080
480,2081
1768,2082
1769,2083
484,2084
1770,2085
1771,2086
1772,2087
1773,2088
1774,2089
1775,2090
1405,2091
496,2092
1776,2093
1777,2094
1778,2095
1779,2096
1780,2097
1781,2098
1410,2099
1782,2100
1783,2101
1783,2102
516,2103
1784,2104
1785,2105
67,2106
1786,2107
1787,2108
1788,2109
1789,2110
537,2111
1790,2112
1791,2113
1792,2114
1211,2115
1793,2116
1794,2117
1795,2118
1796,2119
546,2120
1797,2121
1798,2122
1799,2123
1800,2124
1801,2125
1802,2126
1803,2127
1804,2128
1805,2129
1806,2130
1807,2131
560,2132
1808,2133
1809,2134
1809,2135
1810,2136
1811,2137
577,2138
1812,2139
1813,2140
1813,2141
1814,2142
1815,2143
1816,2144
1817,2145
1818,2146
1819,2147
1820,2148
1821,2149
596,2150
1446,2151
1822,2152
1823,2153
1824,2154
1824,2155
1825,2156
1826,2157
1827,2158
1828,2159
1829,2160
1830,2161
615,2162
1831,2163
1832,2164
1833,2165
1834,2166
1835,2167
1836,2168
619,2169
1837,2170
1838,2171
622,2172
1839,2173
1840,2174
1841,2175
1842,2176
1843,2177
1844,2178
1845,2179
634,2180
1846,2181
1847,2182
1848,2183
1849,2184
1850,2185
642,2186
1851,2187
1852,2188
1222,2189
1853,2190
665,2191
666,2192
1854,2193
1855,2194
1855,2195
1856,2196
1857,2197
1858,2198
683,2199
1859,2200
1860,2201
1861,2202
694,2203
1862,2204
1862,2205
1863,2206
1864,2207
1865,2208
1866,2209
1867,2210
1868,2211
1869,2212
1870,2213
1870,2214
1871,2215
1872,2216
1873,2217
1874,2218
1875,2219
1876,2220
1877,2221
764,2222
1878,2223
1879,2224
1880,2225
1881,2226
1508,2227
778,2228
1882,2229
1883,2230
1884,2231
1885,2232
1886,2233
116,2234
1887,2235
1888,2236
1889,2237
1890,2238
826,2239
1891,2240
1891,2241
1892,2242
828,2243
1893,2244
1894,2245
1895,2246
1896,2247
1897,2248
1898,2249
1899,2250
1900,2251
130,2252
1901,2253
1902,2254
1902,2255
1903,2256
1904,2257
1905,2258
878,2259
1906,2260
884,2261
884,2262
1907,2263
1908,2264
1909,2265
1910,2266
1911,2267
1912,2268
1913,2269
1914,2270
1915,2271
1916,2272
1917,2273
1918,2274
1919,2275
1920,2276
1921,2277
1922,2278
1923,2279
1924,2280
1925,2281
1925,2282
1926,2283
1927,2284
1928,2285
1929,2286
939,2287
1930,2288
1931,2289
1591,2290
1594,2291
1932,2292
1933,2293
1934,2294
1935,2295
1936,2296
1937,2297
1938,2298
1939,2299
1620,2300
1940,2301
1941,2302
1942,2303
1121,2304
1943,2305
1944,2306
1944,2307
1068,2308
1068,2309
1945,2310
1946,2311
1072,2312
1947,2313
1948,2314
1948,2315
1094,2316
1949,2317
1950,2318
1344,2319
580,2320
1951,2321
1952,2322
1953,2323
1954,2324
1904,2325
1955,2326
1956,2327
1957,2328
1958,2329
284,2330
1959,2331
1960,2332
1961,2333
322,2334
330,2335
1962,2336
1963,2337
1964,2338
1965,2339
1346,2340
1966,2341
1967,2342
1968,2343
1969,2344
1970,2345
1971,2346
1972,2347
440,2348
1973,2349
1974,2350
1975,2351
1976,2352
1977,2353
1978,2354
1979,2355
1980,2356
1807,2357
1981,2358
1982,2359
1983,2360
1984,2361
1985,2362
1986,2363
1987,2364
1988,2365
1989,2366
1990,2367
1991,2368
1992,2369
1993,2370
1994,2371
1995,2372
1996,2373
1997,2374
1998,2375
1999,2376
2000,2377
2001,2378
1533,2379
2002,2380
2003,2381
2004,2382
2005,2383
2006,2384
2007,2385
2008,2386
878,2387
886,2388
2009,2389
2010,2390
2011,2391
2012,2392
2013,2393
2014,2394
2015,2395
2016,2396
2017,2397
2018,2398
1255,2399
2019,2400
2020,2401
2021,2402
2021,2403
2022,2404
1068,2405
1068,2406
2023,2407
2024,2408
2025,2409
2026,2410
2027,2411
306,2412
2028,2413
2029,2414
266,2415
2030,2416
2031,2417
2032,2418
1185,2419
2033,2420
2034,2421
2035,2422
2036,2423
2037,2424
2038,2425
2039,2426
1682,2427
284,2428
2040,2429
2041,2430
2042,2431
2043,2432
1281,2433
9,2434
291,2435
2044,2436
2045,2437
10,2438
2046,2439
2047,2440
2048,2441
2048,2442
2049,2443
2050,2444
2051,2445
2052,2446
2053,2447
2054,2448
2055,2449
2055,2450
2056,2451
2057,2452
1695,2453
2058,2454
2059,2455
2060,2456
313,2457
2061,2458
2062,2459
2062,2460
2063,2461
2064,2462
2065,2463
2066,2464
1703,2465
2067,2466
324,2467
324,2468
324,2469
324,2470
2068,2471
2069,2472
2070,2473
2071,2474
20,2475
2072,2476
2073,2477
2074,2478
334,2479
2075,2480
2076,2481
2077,2482
341,2483
2078,2484
2079,2485
2080,2486
2081,2487
2082,2488
2083,2489
2084,2490
2085,2491
356,2492
2086,2493
2086,2494
1330,2495
359,2496
2087,2497
365,2498
1334,2499
2088,2500
2089,2501
2090,2502
2091,2503
2092,2504
2093,2505
2094,2506
2095,2507
2096,2508
372,2509
1343,2510
2097,2511
2098,2512
2099,2513
2100,2514
2101,2515
1200,2516
2102,2517
2103,2518
2104,2519
2105,2520
1726,2521
1728,2522
1728,2523
2106,2524
2107,2525
1966,2526
2108,2527
2109,2528
2110,2529
2111,2530
2112,2531
2113,2532
2114,2533
2115,2534
2116,2535
2117,2536
2118,2537
2119,2538
400,2539
400,2540
1360,2541
2120,2542
2121,2543
192,2544
2122,2545
2123,2546
2124,2547
1737,2548
2125,2549
34,2550
2126,2551
2127,2552
2128,2553
2129,2554
2130,2555
2131,2556
421,2557
2132,2558
431,2559
2133,2560
2134,2561
2135,2562
2136,2563
2137,2564
2138,2565
1746,2566
2139,2567
2140,2568
2141,2569
2141,2570
2142,2571
2143,2572
2144,2573
2145,2574
448,2575
2146,2576
1378,2577
41,2578
2147,2579
2148,2580
2149,2581
2150,2582
2151,2583
2152,2584
2153,2585
2154,2586
2155,2587
2156,2588
464,2589
48,2590
1765,2591
2157,2592
2158,2593
2159,2594
2159,2595
2160,2596
2161,2597
2162,2598
2163,2599
2164,2600
2165,2601
2165,2602
2165,2603
2166,2604
2167,2605
2168,2606
1405,2607
1405,2608
1405,2609
1138,2610
1138,2611
2169,2612
494,2613
2170,2614
2171,2615
1776,2616
62,2617
2172,2618
2173,2619
2174,2620
2175,2621
2176,2622
506,2623
506,2624
1410,2625
2177,2626
2178,2627
1416,2628
2179,2629
2179,2630
2180,2631
2180,2632
2181,2633
2182,2634
2183,2635
2184,2636
2185,2637
2186,2638
2187,2639
2188,2640
2189,2641
1790,2642
2190,2643
2191,2644
2192,2645
2193,2646
2194,2647
2195,2648
542,2649
2196,2650
2197,2651
2198,2652
1797,2653
2199,2654
2200,2655
2201,2656
2201,2657
1213,2658
1213,2659
552,2660
2202,2661
2203,2662
2204,2663
2205,2664
2206,2665
1804,2666
2207,2667
2208,2668
1807,2669
559,2670
559,2671
560,2672
2209,2673
1981,2674
2210,2675
567,2676
79,2677
2211,2678
2212,2679
577,2680
577,2681
2213,2682
2214,2683
2215,2684
2216,2685
582,2686
591,2687
591,2688
595,2689
2217,2690
2218,2691
2219,2692
2220,2693
599,2694
2221,2695
84,2696
84,2697
601,2698
2222,2699
2223,2700
2224,2701
2225,2702
2226,2703
2227,2704
622,2705
2228,2706
2229,2707
2230,2708
2231,2709
2232,2710
2233,2711
2234,2712
2235,2713
2236,2714
2237,2715
636,2716
2238,2717
2239,2718
2240,2719
2241,2720
1146,2721
2242,2722
642,2723
2243,2724
2244,2725
2245,2726
2246,2727
2247,2728
2247,2729
2248,2730
2249,2731
2250,2732
2250,2733
2251,2734
1466,2735
2252,2736
2253,2737
1110,2738
2254,2739
1852,2740
2255,2741
2256,2742
2257,2743
665,2744
2258,2745
2259,2746
2259,2747
2260,2748
2261,2749
2261,2750
2262,2751
2263,2752
2264,2753
100,2754
2265,2755
2266,2756
678,2757
679,2758
2267,2759
2268,2760
2269,2761
2270,2762
2271,2763
2272,2764
2273,2765
2274,2766
2275,2767
2276,2768
2277,2769
2278,2770
2279,2771
2280,2772
2281,2773
2282,2774
2283,2775
709,2776
2284,2777
2285,2778
2286,2779
2287,2780
2287,2781
2288,2782
2288,2783
2289,2784
1494,2785
2290,2786
2291,2787
226,2788
2292,2789
2293,2790
2293,2791
2294,2792
2295,2793
2296,2794
737,2795
737,2796
2297,2797
2298,2798
2299,2799
761,2800
2300,2801
2301,2802
763,2803
2302,2804
2303,2805
2304,2806
2305,2807
2306,2808
2307,2809
779,2810
2308,2811
2309,2812
2310,2813
1160,2814
2311,2815
2312,2816
1998,2817
2313,2818
2314,2819
2315,2820
791,2821
2316,2822
2317,2823
2318,2824
2319,2825
2320,2826
2321,2827
2322,2828
2323,2829
2324,2830
2325,2831
2326,2832
2327,2833
2328,2834
2329,2835
809,2836
2330,2837
125,2838
125,2839
2331,2840
2332,2841
2333,2842
2334,2843
2335,2844
2336,2845
1529,2846
2337,2847
834,2848
2338,2849
838,2850
2339,2851
2340,2852
2341,2853
1900,2854
846,2855
2342,2856
2343,2857
1546,2858
854,2859
2344,2860
2345,2861
2346,2862
2347,2863
2348,2864
2349,2865
2350,2866
2351,2867
2352,2868
2353,2869
2354,2870
2355,2871
2356,2872
2357,2873
2358,2874
2359,2875
2360,2876
878,2877
2361,2878
2362,2879
2363,2880
2364,2881
2365,2882
2366,2883
2367,2884
2368,2885
2369,2886
2370,2887
898,2888
2371,2889
2372,2890
2373,2891
2374,2892
2375,2893
245,2894
2376,2895
908,2896
136,2897
2377,2898
2378,2899
1250,2900
1920,2901
2379,2902
1921,2903
919,2904
2380,2905
2381,2906
2382,2907
921,2908
2383,2909
2384,2910
1928,2911
2385,2912
2386,2913
2387,2914
937,2915
937,2916
937,2917
939,2918
939,2919
2388,2920
2389,2921
2390,2922
2390,2923
2391,2924
2392,2925
2393,2926
2394,2927
2395,2928
2396,2929
2397,2930
2398,2931
1591,2932
952,2933
2399,2934
1932,2935
2400,2936
2401,2937
2402,2938
2403,2939
2403,2940
2404,2941
2405,2942
2406,2943
2407,2944
2408,2945
2409,2946
2410,2947
2411,2948
2412,2949
2413,2950
2414,2951
2415,2952
2416,2953
2417,2954
2418,2955
2419,2956
2420,2957
991,2958
2421,2959
2422,2960
999,2961
2423,2962
2424,2963
2425,2964
2426,2965
2427,2966
2428,2967
2429,2968
2430,2969
2431,2970
1938,2971
2432,2972
1618,2973
2433,2974
2434,2975
1033,2976
1034,2977
1038,2978
1622,2979
2435,2980
2436,2981
2437,2982
1049,2983
2438,2984
2439,2985
2440,2986
2441,2987
2441,2988
2442,2989
157,2990
2443,2991
2443,2992
1261,2993
1261,2994
2444,2995
2445,2996
2446,2997
2447,2998
2448,2999
1068,3000
2449,3001
2450,3002
2451,3003
2452,3004
2453,3005
2454,3006
2455,3007
2456,3008
2456,3009
1083,3010
2457,3011
1644,3012
2458,3013
2459,3014
1948,3015
2460,3016
2461,3017
1094,3018
2462,3019
2463,3020
2464,3021
2465,3022
2466,3023
2467,3024
2468,3025
2469,3026
524,3027
524,3028
524,3029
2470,3030
2471,3031
2472,3032
2199,3033
2473,3034
2474,3035
2475,3036
2476,3037
706,3038
2477,3039
2478,3040
2479,3041
2480,3042
2481,3043
2482,3044
2483,3045
2484,3046
2485,3047
2486,3048
2487,3049
2488,3050
2366,3051
2489,3052
2490,3053
2491,3054
2492,3055
2493,3056
1682,3057
2494,3058
324,3059
2495,3060
2496,3061
1202,3062
2497,3063
2498,3064
2499,3065
1206,3066
2500,3067
2501,3068
2502,3069
2503,3070
2504,3071
515,3072
2505,3073
2506,3074
2507,3075
2508,3076
2224,3077
640,3078
640,3079
2509,3080
2510,3081
2273,3082
2511,3083
2512,3084
802,3085
2513,3086
2514,3087
2515,3088
2516,3089
1900,3090
2517,3091
2518,3092
2518,3093
2519,3094
2520,3095
2521,3096
2522,3097
1631,3098
2523,3099
274,3100
9,3101
2524,3102
2525,3103
2526,3104
2527,3105
2528,3106
2529,3107
2530,3108
2531,3109
2532,3110
2533,3111
1762,3112
467,3113
2534,3114
488,3115
2535,3116
2536,3117
2537,3118
2178,3119
2538,3120
2539,3121
2540,3122
1797,3123
206,3124
206,3125
2541,3126
2542,3127
2543,3128
2544,3129
2545,3130
2546,3131
2547,3132
2548,3133
2549,3134
2550,3135
2551,3136
2552,3137
774,3138
2317,3139
2553,3140
814,3141
2554,3142
2555,3143
2556,3144
878,3145
2557,3146
2558,3147
2559,3148
2560,3149
2560,3150
2561,3151
2387,3152
937,3153
1008,3154
2562,3155
2563,3156
2564,3157
2565,3158
2566,3159
1086,3160
2567,3161
1098,3162
2568,3163
2569,3164
3,3165
2570,3166
2571,3167
2572,3168
2034,3169
2573,3170
2574,3171
2575,3172
2576,3173
2038,3174
1682,3175
176,3176
2577,3177
2578,3178
287,3179
2579,3180
2580,3181
2581,3182
2582,3183
2583,3184
2584,3185
10,3186
2046,3187
2585,3188
2585,3189
2586,3190
1689,3191
2587,3192
2588,3193
2588,3194
2589,3195
179,3196
179,3197
179,3198
179,3199
2590,3200
2591,3201
2592,3202
2593,3203
2594,3204
2595,3205
1294,3206
2596,3207
2597,3208
310,3209
12,3210
2598,3211
2598,3212
2599,3213
2600,3214
315,3215
2601,3216
2601,3217
2064,3218
13,3219
2602,3220
2603,3221
319,3222
2604,3223
2605,3224
2606,3225
2065,3226
1704,3227
1306,3228
324,3229
325,3230
325,3231
2607,3232
2608,3233
2068,3234
2609,3235
2610,3236
2611,3237
2612,3238
1311,3239
2613,3240
2614,3241
1127,3242
2615,3243
2616,3244
2617,3245
2618,3246
342,3247
2619,3248
1323,3249
2620,3250
2621,3251
2622,3252
2623,3253
2624,3254
2625,3255
2626,3256
185,3257
185,3258
2627,3259
2628,3260
2629,3261
2630,3262
2087,3263
1334,3264
27,3265
1199,3266
2631,3267
2632,3268
2633,3269
2633,3270
1336,3271
2634,3272
28,3273
28,3274
376,3275
2635,3276
2636,3277
2637,3278
1348,3279
2638,3280
2639,3281
2640,3282
2641,3283
2642,3284
1734,3285
400,3286
2643,3287
2644,3288
2645,3289
1367,3290
1367,3291
1369,3292
433,3293
1744,3294
1744,3295
38,3296
2646,3297
434,3298
2139,3299
2647,3300
444,3301
1373,3302
2141,3303
1374,3304
1374,3305
1375,3306
1375,3307
1377,3308
2648,3309
2649,3310
2650,3311
2651,3312
2652,3313
1378,3314
1378,3315
1378,3316
1206,3317
1206,3318
2653,3319
2654,3320
1207,3321
1382,3322
2151,3323
44,3324
2655,3325
2500,3326
1386,3327
461,3328
2656,3329
2657,3330
464,3331
464,3332
464,3333
47,3334
48,3335
2658,3336
466,3337
1387,3338
2659,3339
467,3340
467,3341
467,3342
50,3343
2660,3344
470,3345
470,3346
2661,3347
1388,3348
196,3349
196,3350
2662,3351
1767,3352
2663,3353
2664,3354
2665,3355
2666,3356
2667,3357
2668,3358
2669,3359
2670,3360
2671,3361
2672,3362
2673,3363
2674,3364
2675,3365
492,3366
1138,3367
2676,3368
2173,3369
2677,3370
2678,3371
2679,3372
2680,3373
2681,3374
2682,3375
2683,3376
2684,3377
2685,3378
2686,3379
65,3380
65,3381
2687,3382
515,3383
515,3384
516,3385
517,3386
2688,3387
2689,3388
2690,3389
2690,3390
2691,3391
2692,3392
523,3393
2693,3394
2694,3395
2695,3396
2696,3397
2697,3398
2191,3399
1211,3400
1794,3401
1426,3402
2196,3403
204,3404
1795,3405
2198,3406
2698,3407
2199,3408
2699,3409
550,3410
2700,3411
2701,3412
2702,3413
1430,3414
2703,3415
2704,3416
2704,3417
1804,3418
1804,3419
2705,3420
1658,3421
2706,3422
1807,3423
2707,3424
2708,3425
2709,3426
2710,3427
2711,3428
2712,3429
573,3430
2713,3431
2714,3432
2715,3433
2716,3434
2717,3435
2717,3436
2718,3437
2719,3438
2720,3439
582,3440
582,3441
2721,3442
2722,3443
2723,3444
595,3445
2724,3446
2725,3447
1821,3448
2726,3449
2727,3450
2728,3451
2729,3452
2729,3453
84,3454
2730,3455
2731,3456
2732,3457
2733,3458
2734,3459
2735,3460
2736,3461
2737,3462
2737,3463
2738,3464
608,3465
2546,3466
2739,3467
2740,3468
2740,3469
2741,3470
2742,3471
2743,3472
2744,3473
1837,3474
2745,3475
2746,3476
2747,3477
2748,3478
2749,3479
2750,3480
2751,3481
2751,3482
2752,3483
2753,3484
640,3485
2754,3486
2755,3487
2756,3488
93,3489
2757,3490
2758,3491
653,3492
1467,3493
2759,3494
1853,3495
2760,3496
2761,3497
2762,3498
2763,3499
2764,3500
2765,3501
2766,3502
2767,3503
679,3504
2768,3505
2768,3506
2769,3507
2770,3508
2771,3509
2772,3510
684,3511
2773,3512
2774,3513
2775,3514
2776,3515
2777,3516
2778,3517
2778,3518
2779,3519
2780,3520
1224,3521
2781,3522
2782,3523
2783,3524
1150,3525
2784,3526
2785,3527
705,3528
2786,3529
2787,3530
2787,3531
2787,3532
2787,3533
2788,3534
2789,3535
2790,3536
706,3537
712,3538
2791,3539
2792,3540
2793,3541
2794,3542
2795,3543
718,3544
2552,3545
2796,3546
106,3547
2797,3548
2798,3549
2479,3550
1112,3551
2799,3552
2800,3553
2801,3554
227,3555
1874,3556
737,3557
2802,3558
2803,3559
2803,3560
2804,3561
2805,3562
2806,3563
2807,3564
2808,3565
2809,3566
2810,3567
2811,3568
2812,3569
2813,3570
2814,3571
2815,3572
2816,3573
1508,3574
2817,3575
2818,3576
2819,3577
171,3578
171,3579
2310,3580
2820,3581
2821,3582
114,3583
2822,3584
2823,3585
2824,3586
2825,3587
2316,3588
2826,3589
2827,3590
801,3591
802,3592
2828,3593
2829,3594
2829,3595
2830,3596
2831,3597
2329,3598
2832,3599
2833,3600
2834,3601
2835,3602
2836,3603
819,3604
2837,3605
2838,3606
2839,3607
2840,3608
2841,3609
828,3610
2842,3611
2843,3612
1529,3613
172,3614
2844,3615
2845,3616
2846,3617
2847,3618
2343,3619
2343,3620
853,3621
2848,3622
1551,3623
2849,3624
2850,3625
2851,3626
2852,3627
2853,3628
2854,3629
2855,3630
2856,3631
2857,3632
878,3633
243,3634
2858,3635
885,3636
2859,3637
2860,3638
2861,3639
2862,3640
2862,3641
2863,3642
2864,3643
2865,3644
912,3645
2866,3646
2867,3647
2868,3648
937,3649
2869,3650
2870,3651
2871,3652
2872,3653
2395,3654
2873,3655
2397,3656
2397,3657
952,3658
2874,3659
1592,3660
2875,3661
2876,3662
2877,3663
2878,3664
2879,3665
2880,3666
962,3667
2881,3668
2882,3669
2883,3670
2884,3671
2885,3672
2886,3673
2887,3674
2415,3675
1606,3676
2888,3677
1254,3678
2889,3679
2890,3680
2891,3681
1017,3682
1613,3683
2892,3684
2893,3685
2894,3686
1618,3687
2895,3688
2895,3689
2896,3690
2522,3691
2897,3692
2898,3693
2899,3694
2900,3695
2901,3696
2902,3697
2903,3698
2904,3699
2905,3700
2493,3701
2445,3702
2906,3703
2907,3704
1068,3705
1068,3706
2908,3707
2909,3708
2910,3709
1076,3710
2911,3711
2565,3712
2912,3713
2913,3714
168,3715
2914,3716
2915,3717
2916,3718
2917,3719
2918,3720
2919,3721
2920,3722
2921,3723
2922,3724
2923,3725
2923,3726
2924,3727
367,3728
2925,3729
2926,3730
65,3731
2927,3732
2928,3733
2929,3734
2930,3735
2931,3736
2932,3737
2933,3738
1293,3739
2934,3740
329,3741
2935,3742
2936,3743
2937,3744
2938,3745
2939,3746
2726,3747
2940,3748
2941,3749
2787,3750
2942,3751
2942,3752
2943,3753
2328,3754
2944,3755
2945,3756
2946,3757
2947,3758
891,3759
2948,3760
1259,3761
1259,3762
2447,3763
129,3764
2949,3765
2031,3766
1185,3767
2950,3768
2950,3769
2951,3770
2952,3771
2953,3772
2954,3773
2038,3774
2955,3775
2578,3776
2956,3777
1281,3778
2957,3779
2958,3780
2958,3781
2959,3782
1688,3783
2960,3784
179,3785
306,3786
312,3787
2961,3788
2962,3789
13,3790
2963,3791
2964,3792
2604,3793
2965,3794
1306,3795
324,3796
324,3797
324,3798
2966,3799
2967,3800
2968,3801
2969,3802
2970,3803
2971,3804
334,3805
2972,3806
2973,3807
2974,3808
2975,3809
2976,3810
353,3811
2977,3812
2978,3813
2979,3814
2979,3815
1332,3816
1332,3817
2980,3818
1717,3819
2981,3820
2982,3821
1338,3822
2983,3823
28,3824
28,3825
371,3826
2984,3827
375,3828
375,3829
2985,3830
1344,3831
1344,3832
2986,3833
1200,3834
2987,3835
2988,3836
2989,3837
2990,3838
400,3839
1360,3840
2991,3841
2992,3842
2993,3843
1204,3844
2994,3845
2995,3846
1367,3847
1742,3848
2996,3849
2996,3850
2997,3851
2998,3852
2999,3853
3000,3854
38,3855
3001,3856
3002,3857
444,3858
1377,3859
3003,3860
3004,3861
1755,3862
1378,3863
3005,3864
1206,3865
1206,3866
2148,3867
3006,3868
3007,3869
3008,3870
3009,3871
3010,3872
3011,3873
3012,3874
461,3875
3013,3876
463,3877
49,3878
3014,3879
3015,3880
3016,3881
3016,3882
3017,3883
470,3884
470,3885
1975,3886
475,3887
3018,3888
3019,3889
1392,3890
3020,3891
3021,3892
3022,3893
3023,3894
1137,3895
3024,3896
3025,3897
3026,3898
3027,3899
3028,3900
3029,3901
3030,3902
3031,3903
3032,3904
3033,3905
3034,3906
3035,3907
3036,3908
3037,3909
201,3910
3038,3911
3039,3912
2504,3913
63,3914
3040,3915
3041,3916
3042,3917
3043,3918
3044,3919
3045,3920
2181,3921
2937,3922
3046,3923
3047,3924
3048,3925
3049,3926
3050,3927
3051,3928
2695,3929
3052,3930
2697,3931
3053,3932
3054,3933
539,3934
70,3935
541,3936
2195,3937
1794,3938
3055,3939
3056,3940
1798,3941
207,3942
3057,3943
3057,3944
1182,3945
2700,3946
3058,3947
560,3948
1436,3949
1436,3950
3059,3951
564,3952
3060,3953
79,3954
79,3955
573,3956
2713,3957
82,3958
2717,3959
3061,3960
211,3961
3062,3962
3063,3963
595,3964
3064,3965
3065,3966
1821,3967
1821,3968
3066,3969
3067,3970
3068,3971
599,3972
3069,3973
2734,3974
3070,3975
3071,3976
3072,3977
600,3978
3073,3979
3074,3980
3075,3981
2230,3982
3076,3983
1844,3984
2232,3985
3077,3986
3078,3987
3079,3988
1847,3989
3080,3990
3080,3991
3081,3992
3082,3993
3083,3994
3084,3995
3085,3996
3086,3997
3087,3998
3088,3999
3089,4000
2249,4001
3090,4002
3091,4003
3092,4004
3093,4005
2256,4006
3094,4007
3095,4008
3096,4009
3097,4010
3098,4011
678,4012
3099,4013
3100,4014
1476,4015
3101,4016
3102,4017
3103,4018
3103,4019
3104,4020
3105,4021
3106,4022
3107,4023
3108,4024
1150,4025
1151,4026
3109,4027
3110,4028
3111,4029
3112,4030
3113,4031
3114,4032
708,4033
1865,4034
712,4035
3115,4036
3116,4037
3117,4038
1497,4039
731,4040
3118,4041
3119,4042
3120,4043
3121,4044
3122,4045
3123,4046
3124,4047
753,4048
3125,4049
3126,4050
756,4051
3127,4052
3128,4053
3129,4054
1232,4055
3130,4056
3131,4057
3132,4058
3132,4059
3133,4060
782,4061
3134,4062
3135,4063
3136,4064
3137,4065
3138,4066
793,4067
3139,4068
3140,4069
3141,4070
803,4071
2328,4072
3142,4073
3143,4074
3144,4075
3145,4076
824,4077
1891,4078
3146,4079
3147,4080
3148,4081
3149,4082
3150,4083
3151,4084
858,4085
3152,4086
3153,4087
3154,4088
2854,4089
3155,4090
871,4091
3156,4092
132,4093
3157,4094
3158,4095
3159,4096
2361,4097
3160,4098
3161,4099
3162,4100
3163,4101
3164,4102
2374,4103
3165,4104
3166,4105
3167,4106
3168,4107
3168,4108
3169,4109
3170,4110
3171,4111
3172,4112
3173,4113
937,4114
3174,4115
3175,4116
2395,4117
3176,4118
3177,4119
2404,4120
3178,4121
3179,4122
3180,4123
3181,4124
3182,4125
3183,4126
252,4127
3184,4128
3185,4129
993,4130
3186,4131
3187,4132
3188,4133
3189,4134
3190,4135
3191,4136
3192,4137
3193,4138
3194,4139
3195,4140
3196,4141
3197,4142
3198,4143
3199,4144
3200,4145
1046,4146
2436,4147
3201,4148
1049,4149
3202,4150
3203,4151
3204,4152
3205,4153
3206,4154
3207,4155
3208,4156
3209,4157
3210,4158
3211,4159
3212,4160
2460,4161
1949,4162
1949,4163
3213,4164
3214,4165
3215,4166
3216,4167
3216,4168
3,4169
3217,4170
3218,4171
3219,4172
1677,4173
3220,4174
3221,4175
1275,4176
3222,4177
3223,4178
3224,4179
287,4180
3225,4181
3226,4182
3227,4183
1189,4184
3228,4185
3229,4186
10,4187
3230,4188
179,4189
3231,4190
3232,4191
2594,4192
3233,4193
3234,4194
3235,4195
12,4196
3236,4197
314,4198
3237,4199
3238,4200
2601,4201
2064,4202
2963,4203
3239,4204
3240,4205
3241,4206
1306,4207
324,4208
324,4209
324,4210
16,4211
16,4212
2525,4213
3242,4214
1312,4215
18,4216
3243,4217
2078,4218
2617,4219
3244,4220
342,4221
3245,4222
3246,4223
3247,4224
3248,4225
3249,4226
3250,4227
365,4228
3251,4229
3252,4230
3253,4231
2982,4232
1720,4233
1336,4234
3254,4235
3255,4236
2096,4237
1342,4238
1342,4239
2635,4240
3256,4241
2638,4242
2638,4243
3257,4244
3258,4245
2112,4246
3259,4247
2114,4248
3260,4249
1360,4250
1360,4251
403,4252
3261,4253
3262,4254
3263,4255
3264,4256
3265,4257
3266,4258
3267,4259
3268,4260
2129,4261
3269,4262
2134,4263
3270,4264
2135,4265
3271,4266
3272,4267
3273,4268
3274,4269
3275,4270
2141,4271
1375,4272
1752,4273
3276,4274
3277,4275
3278,4276
453,4277
456,4278
2655,4279
3279,4280
3280,4281
3281,4282
46,4283
48,4284
48,4285
3282,4286
3283,4287
470,4288
3284,4289
3285,4290
479,4291
3286,4292
3287,4293
2666,4294
1396,4295
3288,4296
3289,4297
56,4298
3025,4299
3290,4300
3291,4301
3291,4302
3292,4303
3293,4304
3294,4305
3295,4306
500,4307
3296,4308
2678,4309
3297,4310
3298,4311
3299,4312
3300,4313
2682,4314
3301,4315
512,4316
3302,4317
515,4318
3303,4319
3304,4320
2185,4321
3305,4322
3306,4323
3307,4324
3308,4325
3309,4326
3310,4327
3311,4328
3312,4329
1211,4330
1211,4331
3313,4332
3314,4333
204,4334
3315,4335
3316,4336
3317,4337
3318,4338
3319,4339
3320,4340
1802,4341
551,4342
2201,4343
3321,4344
3322,4345
3323,4346
2706,4347
2706,4348
3324,4349
3325,4350
2210,4351
3326,4352
3327,4353
2216,4354
3328,4355
3329,4356
3330,4357
3331,4358
595,4359
595,4360
3332,4361
3333,4362
2726,4363
3334,4364
3335,4365
3336,4366
3337,4367
601,4368
1827,4369
3338,4370
3339,4371
3340,4372
2226,4373
2226,4374
3341,4375
3342,4376
2229,4377
86,4378
3343,4379
90,4380
3344,4381
3345,4382
642,4383
3346,4384
646,4385
3347,4386
3347,4387
3348,4388
3349,4389
3350,4390
3351,4391
2761,4392
668,4393
3352,4394
3353,4395
3354,4396
3355,4397
676,4398
676,4399
2768,4400
3356,4401
3357,4402
3358,4403
3359,4404
3360,4405
3361,4406
3362,4407
3362,4408
687,4409
3363,4410
3364,4411
689,4412
2271,4413
3365,4414
3366,4415
3367,4416
3368,4417
3369,4418
3370,4419
2787,4420
2789,4421
3371,4422
3372,4423
3373,4424
3374,4425
2552,4426
3375,4427
1498,4428
1874,4429
3124,4430
3376,4431
3376,4432
3377,4433
3378,4434
3379,4435
768,4436
3380,4437
770,4438
3381,4439
1509,4440
3382,4441
3383,4442
3384,4443
791,4444
3385,4445
3385,4446
3386,4447
3387,4448
1521,4449
3388,4450
3389,4451
3390,4452
3391,4453
804,4454
3392,4455
3393,4456
3394,4457
3395,4458
3396,4459
3397,4460
817,4461
819,4462
3398,4463
1527,4464
3399,4465
3400,4466
3401,4467
826,4468
3402,4469
1531,4470
3403,4471
3404,4472
3405,4473
3405,4474
3406,4475
3407,4476
3408,4477
3409,4478
3410,4479
3411,4480
2854,4481
3412,4482
3413,4483
2945,4484
3414,4485
878,4486
885,4487
3415,4488
3416,4489
3161,4490
3417,4491
3418,4492
3419,4493
3420,4494
3421,4495
2863,4496
3422,4497
937,4498
3423,4499
3424,4500
2872,4501
3425,4502
3426,4503
3427,4504
1591,4505
1591,4506
3428,4507
3429,4508
3430,4509
3431,4510
3432,4511
993,4512
3433,4513
998,4514
3434,4515
2019,4516
3435,4517
3436,4518
3437,4519
3438,4520
3439,4521
3440,4522
3441,4523
3442,4524
3193,4525
1017,4526
1618,4527
2433,4528
1036,4529
3443,4530
2902,4531
3444,4532
2441,4533
2441,4534
3445,4535
3446,4536
3447,4537
3448,4538
3449,4539
3450,4540
1175,4541
3451,4542
3452,4543
3453,4544
3454,4545
3455,4546
3456,4547
3457,4548
3458,4549
3459,4550
1644,4551
3460,4552
170,4553
170,4554
3461,4555
3462,4556
2461,4557
2461,4558
3463,4559
3464,4560
306,4561
3465,4562
3466,4563
3467,4564
390,4565
3468,4566
3469,4567
3469,4568
3470,4569
3470,4570
1950,4571
3471,4572
2034,4573
2034,4574
3472,4575
3473,4576
3474,4577
3475,4578
3475,4579
3476,4580
2580,4581
3477,4582
3478,4583
3478,4584
3479,4585
3479,4586
3480,4587
179,4588
3481,4589
3482,4590
3483,4591
3484,4592
3485,4593
3486,4594
2057,4595
3487,4596
3488,4597
13,4598
3489,4599
3490,4600
3491,4601
324,4602
325,4603
325,4604
2609,4605
2609,4606
1127,4607
340,4608
341,4609
1323,4610
3492,4611
3493,4612
3494,4613
356,4614
1332,4615
3495,4616
3496,4617
366,4618
2633,4619
3497,4620
3498,4621
3499,4622
3499,4623
3500,4624
187,4625
3501,4626
1969,4627
3502,4628
3503,4629
3504,4630
3505,4631
3506,4632
3507,4633
411,4634
3508,4635
1365,4636
3509,4637
34,4638
2129,4639
2130,4640
3510,4641
3511,4642
3512,4643
3513,4644
3514,4645
40,4646
3277,4647
1654,4648
2146,4649
3515,4650
1382,4651
1762,4652
44,4653
1101,4654
1386,4655
195,4656
2657,4657
48,4658
472,4659
2157,4660
474,4661
1388,4662
3516,4663
3286,4664
3517,4665
3518,4666
3519,4667
3520,4668
3521,4669
3522,4670
3523,4671
3524,4672
3525,4673
3526,4674
3527,4675
3527,4676
3528,4677
1402,4678
3529,4679
3530,4680
2681,4681
3531,4682
3532,4683
3533,4684
3534,4685
3535,4686
3536,4687
3537,4688
3538,4689
3539,4690
3540,4691
3541,4692
3542,4693
3543,4694
3544,4695
3545,4696
3546,4697
3547,4698
3548,4699
3549,4700
206,4701
206,4702
2507,4703
3550,4704
3550,4705
207,4706
76,4707
3551,4708
3552,4709
1436,4710
3553,4711
3554,4712
3555,4713
578,4714
3327,4715
2216,4716
582,4717
3556,4718
3331,4719
3557,4720
3558,4721
3559,4722
3560,4723
2734,4724
3561,4725
3562,4726
3563,4727
3563,4728
3563,4729
618,4730
3074,4731
2226,4732
3564,4733
3565,4734
1838,4735
1838,4736
3566,4737
3567,4738
3568,4739
3569,4740
3076,4741
3570,4742
2752,4743
3080,4744
3571,4745
3572,4746
642,4747
3573,4748
3574,4749
1465,4750
93,4751
3575,4752
3576,4753
3577,4754
2258,4755
3578,4756
3579,4757
3580,4758
3581,4759
3582,4760
3583,4761
3584,4762
3585,4763
3585,4764
1868,4765
723,4766
3586,4767
1157,4768
3587,4769
3588,4770
3124,4771
3376,4772
3589,4773
743,4774
743,4775
2806,4776
3590,4777
2299,4778
3591,4779
2303,4780
1662,4781
3592,4782
3593,4783
3594,4784
1881,4785
1508,4786
3595,4787
3596,4788
3597,4789
3598,4790
3598,4791
804,4792
804,4793
807,4794
3599,4795
2834,4796
819,4797
3600,4798
836,4799
3601,4800
3602,4801
1539,4802
3603,4803
3604,4804
3605,4805
3606,4806
3607,4807
3608,4808
862,4809
3609,4810
3610,4811
3611,4812
3611,4813
3612,4814
3613,4815
3614,4816
3615,4817
3616,4818
3617,4819
3618,4820
3619,4821
3620,4822
3621,4823
3622,4824
3623,4825
3624,4826
1586,4827
3625,4828
1252,4829
3626,4830
3626,4831
3424,4832
3627,4833
1591,4834
3628,4835
3629,4836
3630,4837
3631,4838
3632,4839
3633,4840
3634,4841
996,4842
3635,4843
1012,4844
3636,4845
3637,4846
3638,4847
1618,4848
1030,4849
1039,4850
1622,4851
3639,4852
1121,4853
3640,4854
1261,4855
2444,4856
3641,4857
3642,4858
3643,4859
3644,4860
3453,4861
3645,4862
3645,4863
3646,4864
3646,4865
3647,4866
3332,4867
3648,4868
3470,4869
3649,4870
260,4871
3650,4872
275,4873
2575,4874
1682,4875
1280,4876
1188,4877
3651,4878
3652,4879
3653,4880
3654,4881
1287,4882
179,4883
3655,4884
3656,4885
1693,4886
3657,4887
3658,4888
3659,4889
13,4890
1701,4891
2965,4892
3660,4893
1308,4894
2609,4895
1314,4896
3661,4897
2971,4898
3662,4899
22,4900
3663,4901
3664,4902
3665,4903
1128,4904
3666,4905
3667,4906
3668,4907
1323,4908
3247,4909
1327,4910
3669,4911
3670,4912
3671,4913
1336,4914
3672,4915
3672,4916
3673,4917
3674,4918
3675,4919
2638,4920
2639,4921
3676,4922
3677,4923
3678,4924
3679,4925
3680,4926
3681,4927
3682,4928
3507,4929
3683,4930
3684,4931
3685,4932
3686,4933
3687,4934
3688,4935
3689,4936
2997,4937
3690,4938
3691,4939
2936,4940
3692,4941
3693,4942
3694,4943
3695,4944
3696,4945
2500,4946
3697,4947
3698,4948
3699,4949
49,4950
1765,4951
51,4952
470,4953
2534,4954
3700,4955
3701,4956
3702,4957
60,4958
3703,4959
1105,4960
62,4961
3034,4962
3035,4963
3704,4964
3705,4965
3706,4966
3707,4967
3708,4968
3045,4969
3709,4970
3710,4971
3540,4972
3711,4973
3711,4974
3306,4975
3712,4976
68,4977
3713,4978
3714,4979
3715,4980
3716,4981
3717,4982
205,4983
1797,4984
1797,4985
206,4986
3550,4987
3718,4988
3719,4989
76,4990
3720,4991
2029,4992
1804,4993
3721,4994
580,4995
3062,4996
3722,4997
3723,4998
3334,4999
3724,5000
611,5001
3725,5002
3726,5003
3727,5004
3727,5005
3727,5006
3728,5007
3075,5008
3729,5009
3730,5010
3731,5011
3732,5012
3733,5013
3734,5014
3735,5015
87,5016
3736,5017
3737,5018
3738,5019
3739,5020
3740,5021
3741,5022
2249,5023
652,5024
3742,5025
3743,5026
3744,5027
1469,5028
3745,5029
3746,5030
3747,5031
3748,5032
3749,5033
3750,5034
1150,5035
3751,5036
3752,5037
3753,5038
3754,5039
3755,5040
3756,5041
2284,5042
3757,5043
3758,5044
106,5045
3759,5046
3760,5047
3124,5048
3761,5049
3762,5050
3763,5051
737,5052
3764,5053
749,5054
3765,5055
3766,5056
756,5057
3127,5058
757,5059
3767,5060
2299,5061
760,5062
111,5063
3768,5064
3769,5065
3770,5066
3771,5067
3771,5068
3772,5069
1515,5070
3773,5071
3774,5072
3775,5073
3776,5074
3777,5075
3778,5076
836,5077
3779,5078
3780,5079
3781,5080
3782,5081
3783,5082
3784,5083
3785,5084
3785,5085
3786,5086
1549,5087
1549,5088
3787,5089
3410,5090
3788,5091
3789,5092
3790,5093
3791,5094
3792,5095
3793,5096
3794,5097
244,5098
3795,5099
3796,5100
3797,5101
2366,5102
3798,5103
3799,5104
3800,5105
3801,5106
3802,5107
3802,5108
3803,5109
3804,5110
1249,5111
3805,5112
3806,5113
3807,5114
1251,5115
937,5116
937,5117
937,5118
3808,5119
3809,5120
2872,5121
3810,5122
2397,5123
3811,5124
956,5125
1595,5126
3812,5127
3813,5128
982,5129
3814,5130
1000,5131
3815,5132
3816,5133
3817,5134
3818,5135
3193,5136
1018,5137
255,5138
1023,5139
1940,5140
3819,5141
2441,5142
3820,5143
3821,5144
3822,5145
3823,5146
1945,5147
3824,5148
3825,5149
2450,5150
3452,5151
3826,5152
3827,5153
3828,5154
2024,5155
3829,5156
1083,5157
3830,5158
3830,5159
3831,5160
3832,5161
3833,5162
3834,5163
2918,5164
3835,5165
3836,5166
3837,5167
3838,5168
1285,5169
3839,5170
3840,5171
3841,5172
3842,5173
3843,5174
2934,5175
3844,5176
349,5177
2084,5178
3845,5179
3846,5180
3847,5181
3848,5182
1764,5183
3849,5184
2168,5185
3850,5186
2194,5187
1214,5188
2707,5189
3851,5190
3851,5191
1459,5192
3090,5193
3852,5194
3853,5195
3854,5196
3855,5197
3856,5198
1114,5199
119,5200
3857,5201
3858,5202
3859,5203
3860,5204
3861,5205
3862,5206
3863,5207
3864,5208
3865,5209
167,5210
265,5211
3866,5212
1,5213
3867,5214
2930,5215
3868,5216
3869,5217
3870,5218
3871,5219
3872,5220
3873,5221
3874,5222
1123,5223
3875,5224
3876,5225
3877,5226
3878,5227
1278,5228
3879,5229
3880,5230
2038,5231
2038,5232
3881,5233
3882,5234
3883,5235
3884,5236
3885,5237
3886,5238
287,5239
3887,5240
3888,5241
3889,5242
3889,5243
3889,5244
3890,5245
3891,5246
3892,5247
3893,5248
3894,5249
3895,5250
3896,5251
2046,5252
2046,5253
3897,5254
179,5255
1289,5256
3898,5257
2053,5258
2053,5259
1692,5260
3899,5261
3900,5262
12,5263
2598,5264
313,5265
2061,5266
3901,5267
2063,5268
2063,5269
3902,5270
1298,5271
3903,5272
2601,5273
1700,5274
3904,5275
13,5276
13,5277
13,5278
15,5279
323,5280
324,5281
326,5282
326,5283
3905,5284
2610,5285
3906,5286
3906,5287
1311,5288
2613,5289
2613,5290
1314,5291
3661,5292
3907,5293
3908,5294
3662,5295
3909,5296
3910,5297
3910,5298
1317,5299
1319,5300
3664,5301
3911,5302
341,5303
3912,5304
3913,5305
3914,5306
3467,5307
2081,5308
3915,5309
1197,5310
3916,5311
3917,5312
3918,5313
354,5314
3493,5315
3919,5316
1328,5317
3920,5318
3921,5319
2086,5320
2086,5321
2628,5322
3922,5323
3923,5324
3924,5325
2980,5326
2980,5327
365,5328
366,5329
366,5330
3925,5331
3926,5332
3927,5333
367,5334
1336,5335
1336,5336
3928,5337
3929,5338
28,5339
28,5340
28,5341
3930,5342
3931,5343
3932,5344
3933,5345
3934,5346
3935,5347
2635,5348
2104,5349
2988,5350
3936,5351
386,5352
3937,5353
3938,5354
389,5355
3939,5356
3940,5357
3501,5358
3941,5359
3942,5360
3943,5361
3944,5362
3944,5363
3945,5364
3946,5365
3946,5366
3947,5367
3948,5368
3949,5369
1733,5370
3950,5371
3951,5372
400,5373
1360,5374
401,5375
3952,5376
3953,5377
3954,5378
3955,5379
3956,5380
3957,5381
3958,5382
2122,5383
3959,5384
3960,5385
3268,5386
3961,5387
1367,5388
1367,5389
1367,5390
1367,5391
423,5392
426,5393
3962,5394
3963,5395
3964,5396
3965,5397
3966,5398
3967,5399
2137,5400
435,5401
436,5402
3968,5403
3969,5404
3970,5405
3970,5406
440,5407
440,5408
3971,5409
3512,5410
3275,5411
444,5412
3972,5413
2533,5414
3973,5415
3974,5416
1753,5417
3975,5418
3976,5419
40,5420
3977,5421
3978,5422
3979,5423
3980,5424
1378,5425
1206,5426
1206,5427
2151,5428
1384,5429
44,5430
3981,5431
3008,5432
3011,5433
462,5434
1764,5435
3982,5436
467,5437
470,5438
3983,5439
2157,5440
3284,5441
474,5442
3984,5443
475,5444
476,5445
3018,5446
3985,5447
3986,5448
3986,5449
3987,5450
1392,5451
3988,5452
1394,5453
3989,5454
3021,5455
3021,5456
3021,5457
1398,5458
3990,5459
3991,5460
3992,5461
488,5462
488,5463
3993,5464
3994,5465
3995,5466
2673,5467
3996,5468
1773,5469
3529,5470
3997,5471
494,5472
3998,5473
3032,5474
2171,5475
3999,5476
4000,5477
4001,5478
505,5479
4002,5480
2502,5481
4003,5482
4004,5483
4005,5484
4006,5485
1412,5486
1412,5487
1412,5488
4007,5489
3041,5490
4008,5491
4009,5492
2686,5493
3302,5494
4010,5495
4011,5496
4011,5497
2181,5498
519,5499
4012,5500
4013,5501
4014,5502
4015,5503
4016,5504
4017,5505
4018,5506
4019,5507
4020,5508
1791,5509
3544,5510
2195,5511
4021,5512
4021,5513
4022,5514
1141,5515
4023,5516
3548,5517
2506,5518
4024,5519
4025,5520
4026,5521
4027,5522
3318,5523
4028,5524
4029,5525
4030,5526
4031,5527
262,5528
207,5529
207,5530
4032,5531
4033,5532
2704,5533
1804,5534
4034,5535
4035,5536
4036,5537
1433,5538
559,5539
559,5540
560,5541
4037,5542
564,5543
4038,5544
4039,5545
4040,5546
79,5547
4041,5548
4042,5549
4043,5550
573,5551
3851,5552
4044,5553
4045,5554
578,5555
4046,5556
11716,5557
580,5558
4048,5559
4048,5560
4049,5561
3062,5562
4050,5563
4051,5564
4052,5565
4053,5566
593,5567
1445,5568
4054,5569
595,5570
4055,5571
2726,5572
1822,5573
2727,5574
2730,5575
4056,5576
2734,5577
3072,5578
4057,5579
2223,5580
4058,5581
2224,5582
4059,5583
3563,5584
3563,5585
614,5586
4060,5587
216,5588
4061,5589
4062,5590
619,5591
619,5592
4063,5593
4064,5594
4065,5595
4066,5596
4067,5597
4068,5598
4069,5599
2928,5600
4070,5601
2230,5602
4071,5603
4072,5604
4073,5605
4074,5606
4075,5607
86,5608
4076,5609
4077,5610
4078,5611
3570,5612
2751,5613
2751,5614
4079,5615
635,5616
635,5617
636,5618
4080,5619
4081,5620
4082,5621
2753,5622
4083,5623
4084,5624
4085,5625
1460,5626
1850,5627
4086,5628
4087,5629
4088,5630
4089,5631
4090,5632
4091,5633
4092,5634
4093,5635
3090,5636
4094,5637
4095,5638
4096,5639
4097,5640
2758,5641
4098,5642
1468,5643
4099,5644
658,5645
4100,5646
4101,5647
95,5648
95,5649
4102,5650
4103,5651
4104,5652
2761,5653
3577,5654
4105,5655
4106,5656
4107,5657
4108,5658
3096,5659
4109,5660
4110,5661
1992,5662
1992,5663
679,5664
679,5665
4111,5666
2771,5667
4112,5668
1476,5669
4113,5670
4114,5671
2775,5672
4115,5673
4116,5674
4116,5675
2510,5676
2779,5677
4117,5678
4118,5679
4119,5680
4120,5681
4121,5682
4122,5683
3108,5684
4123,5685
4124,5686
4124,5687
4125,5688
4126,5689
4127,5690
4128,5691
705,5692
4129,5693
2941,5694
2787,5695
2787,5696
2789,5697
1864,5698
1865,5699
4130,5700
4131,5701
3757,5702
4132,5703
4133,5704
4134,5705
4134,5706
4135,5707
4136,5708
726,5709
2479,5710
1112,5711
727,5712
224,5713
4137,5714
4138,5715
1874,5716
4139,5717
3123,5718
4140,5719
4141,5720
4142,5721
4143,5722
229,5723
4144,5724
752,5725
4145,5726
753,5727
4146,5728
4147,5729
2299,5730
111,5731
4148,5732
1159,5733
4149,5734
768,5735
2813,5736
4150,5737
4151,5738
4152,5739
4153,5740
2308,5741
1997,5742
4154,5743
4155,5744
4156,5745
2315,5746
4157,5747
4158,5748
4159,5749
4160,5750
4161,5751
4162,5752
4163,5753
4164,5754
803,5755
4165,5756
4166,5757
4167,5758
4168,5759
2831,5760
3776,5761
3397,5762
4169,5763
4170,5764
4170,5765
1891,5766
4171,5767
4172,5768
4172,5769
2841,5770
4173,5771
4174,5772
4175,5773
2335,5774
4176,5775
832,5776
2001,5777
4177,5778
4178,5779
1894,5780
4179,5781
2485,5782
2485,5783
4180,5784
3601,5785
4181,5786
4182,5787
2516,5788
4183,5789
4184,5790
841,5791
4185,5792
4186,5793
4187,5794
4188,5795
4189,5796
4190,5797
4190,5798
4191,5799
4192,5800
4192,5801
3407,5802
4193,5803
4194,5804
1166,5805
4195,5806
4196,5807
4197,5808
4198,5809
4199,5810
2851,5811
3154,5812
4200,5813
4201,5814
4202,5815
4203,5816
4204,5817
4205,5818
3612,5819
4206,5820
878,5821
880,5822
1565,5823
884,5824
885,5825
4207,5826
4208,5827
4209,5828
4210,5829
2860,5830
4211,5831
4212,5832
2012,5833
4213,5834
4214,5835
4215,5836
4216,5837
4217,5838
2372,5839
4218,5840
1249,5841
2558,5842
2374,5843
4219,5844
4220,5845
4221,5846
4222,5847
916,5848
4223,5849
4224,5850
4225,5851
4226,5852
4227,5853
4228,5854
919,5855
4229,5856
920,5857
920,5858
1922,5859
3623,5860
4230,5861
925,5862
4231,5863
4232,5864
4233,5865
4234,5866
4235,5867
2868,5868
3173,5869
1929,5870
937,5871
937,5872
4236,5873
4237,5874
4238,5875
3174,5876
4239,5877
4240,5878
4241,5879
1591,5880
952,5881
3429,5882
4242,5883
4243,5884
4244,5885
4244,5886
4245,5887
979,5888
984,5889
4246,5890
4247,5891
4248,5892
4249,5893
990,5894
4250,5895
4250,5896
991,5897
4251,5898
3635,5899
999,5900
4252,5901
4253,5902
4253,5903
4254,5904
4255,5905
4256,5906
4257,5907
4258,5908
4259,5909
4260,5910
4261,5911
4262,5912
4263,5913
3194,5914
4264,5915
4264,5916
1036,5917
1038,5918
4265,5919
1622,5920
4266,5921
3199,5922
1044,5923
1046,5924
1046,5925
2900,5926
4267,5927
4268,5928
4269,5929
4270,5930
4271,5931
4272,5932
2441,5933
4273,5934
4274,5935
1058,5936
4275,5937
4276,5938
4277,5939
4278,5940
3824,5941
4279,5942
4280,5943
4281,5944
4282,5945
2453,5946
2456,5947
3829,5948
168,5949
4283,5950
4284,5951
4285,5952
169,5953
4286,5954
4286,5955
3210,5956
3831,5957
1948,5958
2918,5959
2918,5960
2918,5961
2920,5962
4287,5963
4288,5964
4289,5965
4290,5966
4291,5967
4292,5968
28,5969
4293,5970
4294,5971
1773,5972
4295,5973
4296,5974
3718,5975
4297,5976
4298,5977
4299,5978
4300,5979
662,5980
4301,5981
743,5982
2316,5983
4302,5984
4201,5985
4303,5986
4304,5987
4305,5988
4306,5989
4307,5990
4308,5991
3,5992
4309,5993
4310,5994
4311,5995
4312,5996
1125,5997
4313,5998
4313,5999
4314,6000
3882,6001
4315,6002
4316,6003
4316,6004
2578,6005
4317,6006
4318,6007
4319,6008
1188,6009
4320,6010
4321,6011
299,6012
4322,6013
2060,6014
1296,6015
4323,6016
321,6017
4324,6018
4325,6019
4326,6020
4327,6021
337,6022
337,6023
3911,6024
1128,6025
3244,6026
4328,6027
3246,6028
25,6029
4329,6030
2081,6031
4330,6032
4331,6033
1326,6034
4332,6035
1963,6036
4333,6037
2979,6038
4334,6039
366,6040
4335,6041
4336,6042
1336,6043
4337,6044
28,6045
1722,6046
3674,6047
2635,6048
4338,6049
4339,6050
4340,6051
4341,6052
2117,6053
4342,6054
3678,6055
33,6056
4343,6057
4344,6058
4345,6059
413,6060
4346,6061
416,6062
2994,6063
4347,6064
4347,6065
417,6066
3687,6067
4348,6068
4349,6069
4350,6070
4351,6071
4352,6072
3970,6073
4353,6074
3274,6075
4354,6076
4355,6077
4356,6078
3977,6079
448,6080
4357,6081
450,6082
4358,6083
3278,6084
4359,6085
4360,6086
4361,6087
457,6088
4362,6089
1385,6090
3012,6091
1764,6092
1387,6093
1765,6094
2660,6095
2660,6096
472,6097
472,6098
4363,6099
52,6100
4364,6101
1392,6102
3519,6103
3701,6104
4365,6105
3289,6106
2668,6107
56,6108
4366,6109
2669,6110
4367,6111
500,6112
4368,6113
4369,6114
4370,6115
2501,6116
3035,6117
4371,6118
4372,6119
4373,6120
4374,6121
4375,6122
4376,6123
4377,6124
4378,6125
4379,6126
4380,6127
4381,6128
4382,6129
2688,6130
519,6131
520,6132
1418,6133
1419,6134
4383,6135
4384,6136
4385,6137
4386,6138
4387,6139
4388,6140
4388,6141
4389,6142
4390,6143
4391,6144
4392,6145
4393,6146
1424,6147
4394,6148
1794,6149
1794,6150
544,6151
205,6152
2197,6153
4395,6154
4026,6155
4396,6156
4397,6157
4397,6158
207,6159
4398,6160
4399,6161
1144,6162
2202,6163
2704,6164
4400,6165
567,6166
580,6167
4401,6168
591,6169
4402,6170
4403,6171
4404,6172
4405,6173
594,6174
4406,6175
3064,6176
4407,6177
4408,6178
3068,6179
4409,6180
599,6181
84,6182
4410,6183
213,6184
4411,6185
4412,6186
615,6187
4413,6188
4414,6189
4415,6190
4416,6191
4068,6192
4417,6193
4418,6194
3731,6195
4419,6196
3735,6197
4420,6198
4421,6199
4422,6200
4423,6201
3738,6202
2755,6203
1465,6204
1465,6205
218,6206
2250,6207
3745,6208
4424,6209
1856,6210
4425,6211
4426,6212
4427,6213
2770,6214
4428,6215
4429,6216
4430,6217
1150,6218
4431,6219
4432,6220
3752,6221
4433,6222
4434,6223
1484,6224
103,6225
2787,6226
4435,6227
4435,6228
4436,6229
4437,6230
2477,6231
4438,6232
4439,6233
3117,6234
4131,6235
4131,6236
4440,6237
721,6238
1871,6239
4441,6240
4442,6241
4443,6242
4444,6243
743,6244
4445,6245
4446,6246
4145,6247
4447,6248
4448,6249
756,6250
4449,6251
2299,6252
4450,6253
4451,6254
1232,6255
765,6256
4452,6257
771,6258
773,6259
4453,6260
1508,6261
4152,6262
4454,6263
4455,6264
4456,6265
4457,6266
3390,6267
4458,6268
4459,6269
2514,6270
4460,6271
4461,6272
4462,6273
4463,6274
4464,6275
4465,6276
3147,6277
4466,6278
127,6279
4467,6280
4468,6281
2516,6282
1546,6283
1548,6284
4469,6285
4470,6286
4471,6287
4472,6288
4473,6289
4474,6290
4475,6291
1558,6292
4476,6293
4477,6294
4478,6295
1904,6296
2354,6297
4479,6298
4480,6299
4481,6300
2362,6301
4482,6302
4483,6303
889,6304
4484,6305
2366,6306
3163,6307
891,6308
4485,6309
4486,6310
4487,6311
4488,6312
4489,6313
4490,6314
4491,6315
4492,6316
4493,6317
4494,6318
3168,6319
4495,6320
920,6321
4496,6322
4497,6323
1926,6324
2560,6325
937,6326
4498,6327
4499,6328
4500,6329
4501,6330
4502,6331
4503,6332
4504,6333
4505,6334
4506,6335
4506,6336
4507,6337
4508,6338
4509,6339
4510,6340
4511,6341
4512,6342
4513,6343
4514,6344
4515,6345
4516,6346
996,6347
4517,6348
4518,6349
4519,6350
4519,6351
4520,6352
4521,6353
4522,6354
4523,6355
4524,6356
3193,6357
4525,6358
3195,6359
4526,6360
4527,6361
4528,6362
4529,6363
4530,6364
4531,6365
4532,6366
1946,6367
4533,6368
4534,6369
4535,6370
4536,6371
4537,6372
4538,6373
4539,6374
2457,6375
4540,6376
4541,6377
1178,6378
4542,6379
3833,6380
2460,6381
4543,6382
4544,6383
1677,6384
1681,6385
1682,6386
4545,6387
4546,6388
4547,6389
3497,6390
2104,6391
4548,6392
4549,6393
4550,6394
1392,6395
4551,6396
4552,6397
4553,6398
2167,6399
4554,6400
4555,6401
4556,6402
3080,6403
664,6404
2510,6405
4557,6406
4558,6407
4156,6408
2321,6409
4559,6410
4560,6411
4222,6412
4561,6413
4562,6414
4563,6415
4534,6416
4564,6417
4565,6418
4566,6419
4567,6420
2951,6421
4568,6422
4569,6423
6,6424
4570,6425
4571,6426
275,6427
4572,6428
2575,6429
4573,6430
4574,6431
4575,6432
4576,6433
4577,6434
4578,6435
4578,6436
4578,6437
295,6438
4579,6439
3485,6440
4580,6441
13,6442
15,6443
4581,6444
4582,6445
1306,6446
2527,6447
2971,6448
1708,6449
337,6450
24,6451
4583,6452
4584,6453
4585,6454
1325,6455
4586,6456
4587,6457
4588,6458
4589,6459
1130,6460
4590,6461
4591,6462
4592,6463
2530,6464
2530,6465
4593,6466
4594,6467
4595,6468
4596,6469
4597,6470
1201,6471
4598,6472
4599,6473
4600,6474
4601,6475
4602,6476
4603,6477
4604,6478
4605,6479
4606,6480
4607,6481
3947,6482
4608,6483
4609,6484
4610,6485
401,6486
4611,6487
4612,6488
4613,6489
4614,6490
4615,6491
4616,6492
2993,6493
1365,6494
4617,6495
1972,6496
2532,6497
4618,6498
4618,6499
3689,6500
4619,6501
432,6502
3965,6503
4620,6504
3970,6505
4621,6506
3976,6507
4622,6508
4623,6509
4624,6510
42,6511
3693,6512
2653,6513
4625,6514
4626,6515
4627,6516
1386,6517
4628,6518
4629,6519
4630,6520
2660,6521
4631,6522
2159,6523
4632,6524
3700,6525
4633,6526
4634,6527
4635,6528
1775,6529
494,6530
3999,6531
1407,6532
4554,6533
2501,6534
4636,6535
4637,6536
4638,6537
3301,6538
4639,6539
515,6540
4640,6541
1783,6542
4641,6543
519,6544
3048,6545
4642,6546
206,6547
2543,6548
2029,6549
4643,6550
4644,6551
3323,6552
3059,6553
563,6554
4645,6555
570,6556
79,6557
4646,6558
4647,6559
580,6560
4648,6561
2216,6562
4649,6563
4650,6564
4650,6565
3063,6566
4651,6567
595,6568
4652,6569
4653,6570
4654,6571
2735,6572
3071,6573
4655,6574
603,6575
4656,6576
4657,6577
2224,6578
4658,6579
4659,6580
4660,6581
4661,6582
4662,6583
4663,6584
4664,6585
3076,6586
4665,6587
217,6588
4666,6589
4667,6590
91,6591
4668,6592
4669,6593
4670,6594
4671,6595
4672,6596
4673,6597
2260,6598
2260,6599
3357,6600
683,6601
4674,6602
4118,6603
3579,6604
4675,6605
4676,6606
4433,6607
4677,6608
4677,6609
1490,6610
4678,6611
713,6612
4679,6613
4680,6614
3761,6615
4681,6616
749,6617
4682,6618
4683,6619
4684,6620
4685,6621
4686,6622
4687,6623
112,6624
112,6625
4688,6626
4689,6627
3594,6628
1508,6629
4690,6630
1509,6631
1233,6632
4691,6633
4692,6634
4693,6635
4694,6636
117,6637
2513,6638
2828,6639
4695,6640
2326,6641
233,6642
233,6643
819,6644
4696,6645
4697,6646
3779,6647
4698,6648
4188,6649
4699,6650
4700,6651
4701,6652
4702,6653
4703,6654
4704,6655
1551,6656
859,6657
2005,6658
4705,6659
4706,6660
4197,6661
863,6662
4707,6663
2008,6664
4708,6665
4709,6666
4710,6667
3796,6668
4711,6669
4712,6670
4713,6671
4714,6672
4715,6673
4716,6674
4717,6675
4718,6676
4719,6677
4720,6678
4721,6679
4721,6680
4722,6681
4219,6682
4723,6683
4724,6684
4724,6685
4725,6686
4494,6687
137,6688
4304,6689
4228,6690
2384,6691
4726,6692
4727,6693
4728,6694
4729,6695
2391,6696
4730,6697
4731,6698
4732,6699
4733,6700
4733,6701
2414,6702
2415,6703
2425,6704
4734,6705
3437,6706
3816,6707
1018,6708
1258,6709
1942,6710
4735,6711
4736,6712
4737,6713
1072,6714
2024,6715
3645,6716
4738,6717
4739,6718
4740,6719
4741,6720
4742,6721
4743,6722
4744,6723
3214,6724
4745,6725
4746,6726
4747,6727
4748,6728
4749,6729
4750,6730
4751,6731
4752,6732
4752,6733
4753,6734
4753,6735
3474,6736
287,6737
4754,6738
4755,6739
177,6740
295,6741
4756,6742
4757,6743
1689,6744
4758,6745
4759,6746
1288,6747
1690,6748
2592,6749
3656,6750
3656,6751
4760,6752
3900,6753
2057,6754
2062,6755
4761,6756
4323,6757
13,6758
13,6759
2602,6760
3241,6761
4762,6762
324,6763
324,6764
1705,6765
4763,6766
2610,6767
4764,6768
2968,6769
4765,6770
4766,6771
328,6772
1314,6773
4767,6774
4768,6775
334,6776
1316,6777
4769,6778
4770,6779
4771,6780
4772,6781
3247,6782
4773,6783
18090,6784
4775,6785
4776,6786
4777,6787
4778,6788
4779,6789
185,6790
2630,6791
363,6792
4780,6793
372,6794
4781,6795
1965,6796
4782,6797
4783,6798
1344,6799
1131,6800
4784,6801
4785,6802
4786,6803
2635,6804
380,6805
1351,6806
4787,6807
2112,6808
2115,6809
4788,6810
1734,6811
403,6812
4789,6813
3681,6814
4344,6815
3508,6816
2125,6817
4790,6818
4791,6819
4792,6820
4793,6821
3846,6822
4794,6823
1369,6824
431,6825
4795,6826
4796,6827
4620,6828
3002,6829
3002,6830
437,6831
3970,6832
4797,6833
4798,6834
2140,6835
1376,6836
445,6837
4799,6838
40,6839
2926,6840
4800,6841
1757,6842
1378,6843
4801,6844
4802,6845
4803,6846
460,6847
4804,6848
49,6849
3015,6850
3015,6851
3016,6852
467,6853
2660,6854
470,6855
1102,6856
3986,6857
478,6858
480,6859
4805,6860
4806,6861
4632,6862
4807,6863
2163,6864
4808,6865
4809,6866
4810,6867
3288,6868
4811,6869
1771,6870
3024,6871
4812,6872
4367,6873
1401,6874
1138,6875
4813,6876
4814,6877
199,6878
4815,6879
4815,6880
4816,6881
4817,6882
3532,6883
4818,6884
4819,6885
2180,6886
513,6887
3535,6888
3535,6889
3536,6890
1783,6891
1783,6892
4820,6893
4821,6894
3538,6895
3543,6896
4822,6897
1790,6898
4823,6899
4824,6900
2193,6901
70,6902
4825,6903
1792,6904
1792,6905
1794,6906
1794,6907
4022,6908
4826,6909
4827,6910
72,6911
4828,6912
2506,6913
4829,6914
4830,6915
4028,6916
4397,6917
4831,6918
4832,6919
1804,6920
4833,6921
4834,6922
4835,6923
2707,6924
3325,6925
4836,6926
4836,6927
4837,6928
4837,6929
4837,6930
1811,6931
1983,6932
4838,6933
2717,6934
579,6935
579,6936
4048,6937
4839,6938
4840,6939
4841,6940
4842,6941
2726,6942
4843,6943
4844,6944
3334,6945
1824,6946
4845,6947
599,6948
2729,6949
84,6950
84,6951
4846,6952
4847,6953
4848,6954
3734,6955
4849,6956
4850,6957
3077,6958
634,6959
4851,6960
4851,6961
635,6962
4080,6963
4080,6964
2239,6965
4852,6966
4853,6967
4854,6968
4855,6969
1460,6970
4856,6971
1462,6972
646,6973
4857,6974
2246,6975
4858,6976
4859,6977
2758,6978
4860,6979
1469,6980
4670,6981
2548,6982
4861,6983
4862,6984
4863,6985
4864,6986
4865,6987
4866,6988
4867,6989
3101,6990
4868,6991
2779,6992
4869,6993
4870,6994
3580,6995
4871,6996
4872,6997
4873,6998
4874,6999
4875,7000
4876,7001
4876,7002
4877,7003
4878,7004
3110,7005
1485,7006
4879,7007
4880,7008
4881,7009
104,7010
4882,7011
4882,7012
3112,7013
4883,7014
2787,7015
4884,7016
4885,7017
4886,7018
4887,7019
3374,7020
4888,7021
4889,7022
4890,7023
4890,7024
2479,7025
4891,7026
4891,7027
4892,7028
3119,7029
4893,7030
4894,7031
4895,7032
4896,7033
4442,7034
3123,7035
4140,7036
108,7037
3376,7038
737,7039
737,7040
4141,7041
4897,7042
4143,7043
4898,7044
4899,7045
4900,7046
4900,7047
4901,7048
4902,7049
4902,7050
3127,7051
3377,7052
3128,7053
1876,7054
1876,7055
111,7056
4450,7057
4903,7058
2301,7059
4904,7060
4905,7061
4906,7062
4907,7063
4908,7064
4908,7065
4151,7066
4909,7067
4910,7068
4911,7069
171,7070
1509,7071
4912,7072
2311,7073
4913,7074
4914,7075
4915,7076
4916,7077
4917,7078
114,7079
1512,7080
3135,7081
4918,7082
4919,7083
4920,7084
2314,7085
4921,7086
4922,7087
789,7088
4923,7089
4924,7090
4925,7091
2321,7092
4926,7093
799,7094
802,7095
4927,7096
4928,7097
4929,7098
4930,7099
4931,7100
4932,7101
4933,7102
125,7103
3143,7104
4934,7105
814,7106
819,7107
819,7108
4935,7109
2841,7110
2335,7111
4696,7112
2337,7113
4936,7114
837,7115
837,7116
4937,7117
4938,7118
4939,7119
4699,7120
4192,7121
4940,7122
4941,7123
1550,7124
130,7125
130,7126
4942,7127
4196,7128
4705,7129
4943,7130
4197,7131
4944,7132
862,7133
1665,7134
4945,7135
3154,7136
3154,7137
4946,7138
4947,7139
4948,7140
878,7141
2361,7142
244,7143
4949,7144
4950,7145
4951,7146
3162,7147
4952,7148
2366,7149
2557,7150
4953,7151
3798,7152
4954,7153
4955,7154
3800,7155
4956,7156
4957,7157
4958,7158
4958,7159
4959,7160
4960,7161
4961,7162
4962,7163
4963,7164
4964,7165
3807,7166
2866,7167
4965,7168
4966,7169
4967,7170
4968,7171
920,7172
3623,7173
3623,7174
4969,7175
4970,7176
4231,7177
1927,7178
4971,7179
4972,7180
4973,7181
937,7182
4974,7183
939,7184
939,7185
4975,7186
4976,7187
4977,7188
4503,7189
4978,7190
144,7191
1591,7192
2874,7193
4979,7194
1592,7195
4980,7196
4981,7197
1932,7198
4982,7199
1595,7200
4983,7201
3630,7202
1934,7203
4984,7204
4985,7205
4986,7206
4987,7207
977,7208
4988,7209
4989,7210
4990,7211
4250,7212
4250,7213
1254,7214
1255,7215
4991,7216
4992,7217
4993,7218
4994,7219
4995,7220
2425,7221
4996,7222
4996,7223
1610,7224
4997,7225
1012,7226
4998,7227
4999,7228
5000,7229
5000,7230
3862,7231
5001,7232
5001,7233
5002,7234
5003,7235
5004,7236
5005,7237
5006,7238
5007,7239
1038,7240
4265,7241
5008,7242
2522,7243
2435,7244
1044,7245
1044,7246
3201,7247
5009,7248
1054,7249
5010,7250
5011,7251
5012,7252
5013,7253
5014,7254
5015,7255
162,7256
5016,7257
5017,7258
1635,7259
1945,7260
5018,7261
5019,7262
2452,7263
1642,7264
4534,7265
2453,7266
1947,7267
1264,7268
1264,7269
3831,7270
2920,7271
1093,7272
1949,7273
5020,7274
3247,7275
5021,7276
5022,7277
3975,7278
467,7279
3289,7280
5023,7281
591,7282
2223,7283
5024,7284
5025,7285
3088,7286
655,7287
722,7288
1228,7289
5026,7290
4908,7291
1165,7292
5027,7293
4731,7294
3876,7295
5028,7296
1682,7297
2931,7298
5029,7299
5030,7300
5031,7301
5032,7302
5033,7303
5034,7304
5035,7305
5036,7306
5037,7307
5038,7308
324,7309
337,7310
2078,7311
5039,7312
5040,7313
349,7314
5041,7315
2085,7316
5042,7317
1330,7318
2630,7319
365,7320
5043,7321
1340,7322
28,7323
372,7324
5044,7325
3933,7326
1131,7327
5045,7328
5046,7329
5047,7330
5048,7331
419,7332
5049,7333
3687,7334
5050,7335
5051,7336
5052,7337
5053,7338
5054,7339
444,7340
5055,7341
5056,7342
5057,7343
5058,7344
1386,7345
464,7346
51,7347
2667,7348
1769,7349
5059,7350
1780,7351
5060,7352
5061,7353
4639,7354
515,7355
2937,7356
5062,7357
5063,7358
3543,7359
4020,7360
5064,7361
5065,7362
5066,7363
1795,7364
2702,7365
1804,7366
2706,7367
1217,7368
3062,7369
2939,7370
592,7371
1824,7372
5067,7373
5068,7374
2729,7375
84,7376
5069,7377
5070,7378
5071,7379
625,7380
5072,7381
5073,7382
642,7383
5074,7384
5075,7385
5076,7386
656,7387
5077,7388
5078,7389
4866,7390
5079,7391
5080,7392
707,7393
1865,7394
5081,7395
5082,7396
5083,7397
5084,7398
5085,7399
5086,7400
2512,7401
4908,7402
1885,7403
4159,7404
4159,7405
5087,7406
5088,7407
5089,7408
4193,7409
3408,7410
2005,7411
5090,7412
4197,7413
3410,7414
5091,7415
876,7416
5092,7417
5093,7418
5094,7419
1169,7420
4956,7421
5095,7422
5096,7423
5097,7424
5097,7425
1579,7426
4961,7427
135,7428
918,7429
4304,7430
4304,7431
5098,7432
5099,7433
3626,7434
5100,7435
2872,7436
5101,7437
5102,7438
5103,7439
1935,7440
5104,7441
991,7442
5105,7443
3193,7444
5106,7445
3819,7446
5107,7447
5108,7448
5109,7449
5110,7450
3821,7451
2563,7452
256,7453
5111,7454
5112,7455
5113,7456
5114,7457
4320,7458
2959,7459
2046,7460
2046,7461
4757,7462
303,7463
2057,7464
3491,7465
1127,7466
5021,7467
1342,7468
5115,7469
5116,7470
5117,7471
5118,7472
5119,7473
1656,7474
2670,7475
5120,7476
3301,7477
517,7478
3709,7479
5121,7480
5122,7481
3315,7482
1797,7483
1800,7484
5123,7485
4049,7486
3335,7487
4657,7488
4060,7489
2739,7490
5124,7491
5125,7492
5125,7493
5125,7494
5126,7495
5127,7496
5128,7497
5129,7498
4882,7499
3756,7500
3373,7501
5130,7502
4156,7503
4156,7504
5131,7505
5132,7506
5133,7507
2327,7508
5134,7509
5135,7510
5136,7511
5137,7512
5138,7513
878,7514
5139,7515
5140,7516
5141,7517
3172,7518
1591,7519
5142,7520
1600,7521
5143,7522
5144,7523
5145,7524
5146,7525
5147,7526
206,7527
5148,7528
2953,7529
1125,7530
1187,7531
5149,7532
5150,7533
3225,7534
2053,7535
2595,7536
309,7537
1711,7538
5151,7539
1327,7540
3917,7541
5152,7542
5153,7543
28,7544
28,7545
3940,7546
5154,7547
5155,7548
5156,7549
5157,7550
2998,7551
1743,7552
2134,7553
5158,7554
3289,7555
60,7556
5159,7557
5159,7558
5160,7559
5161,7560
206,7561
600,7562
3075,7563
5162,7564
5163,7565
5164,7566
5165,7567
1476,7568
3581,7569
5166,7570
5167,7571
1509,7572
5168,7573
2329,7574
3399,7575
5169,7576
5170,7577
5171,7578
5172,7579
889,7580
889,7581
894,7582
4222,7583
5173,7584
5173,7585
5174,7586
5175,7587
5176,7588
5177,7589
5178,7590
1255,7591
5179,7592
2427,7593
5180,7594
5181,7595
5182,7596
5183,7597
5184,7598
2576,7599
1281,7600
179,7601
5185,7602
3488,7603
3659,7604
2065,7605
324,7606
324,7607
5186,7608
2079,7609
5187,7610
5188,7611
1327,7612
3920,7613
2980,7614
5189,7615
4336,7616
1342,7617
1728,7618
5190,7619
5191,7620
3944,7621
2117,7622
1733,7623
5192,7624
403,7625
5193,7626
5194,7627
5195,7628
439,7629
444,7630
41,7631
1382,7632
5196,7633
3285,7634
4364,7635
1767,7636
5197,7637
5198,7638
5199,7639
5200,7640
5200,7641
5201,7642
5202,7643
5203,7644
3035,7645
5204,7646
2686,7647
2181,7648
5205,7649
5063,7650
5206,7651
4823,7652
70,7653
1792,7654
3313,7655
5207,7656
5208,7657
5209,7658
4831,7659
1433,7660
2711,7661
5210,7662
577,7663
5211,7664
5212,7665
581,7666
582,7667
3333,7668
2726,7669
3334,7670
3335,7671
4056,7672
3072,7673
5213,7674
5214,7675
3075,7676
4415,7677
622,7678
2229,7679
631,7680
1457,7681
636,7682
637,7683
5215,7684
5216,7685
1474,7686
3098,7687
5217,7688
3107,7689
5218,7690
5219,7691
1484,7692
5220,7693
2789,7694
4130,7695
5221,7696
2799,7697
2297,7698
5222,7699
1503,7700
3125,7701
5223,7702
3127,7703
2301,7704
2512,7705
1159,7706
5224,7707
4558,7708
5225,7709
5226,7710
5227,7711
5228,7712
5229,7713
5230,7714
124,7715
5231,7716
814,7717
5232,7718
824,7719
2336,7720
5233,7721
5234,7722
5235,7723
5236,7724
5237,7725
1555,7726
3153,7727
5238,7728
241,7729
4202,7730
5239,7731
5240,7732
5241,7733
4482,7734
5242,7735
5243,7736
895,7737
5244,7738
5245,7739
5246,7740
4222,7741
5247,7742
5248,7743
5099,7744
5249,7745
5250,7746
5251,7747
3626,7748
5252,7749
5253,7750
3187,7751
5254,7752
5255,7753
3862,7754
1016,7755
5256,7756
1038,7757
1038,7758
5257,7759
5258,7760
5259,7761
5260,7762
5261,7763
1065,7764
5262,7765
5263,7766
5264,7767
5265,7768
5266,7769
5267,7770
168,7771
169,7772
2459,7773
5268,7774
3646,7775
5269,7776
5270,7777
1365,7778
5271,7779
206,7780
2706,7781
5272,7782
754,7783
827,7784
5273,7785
4306,7786
5274,7787
3216,7788
5275,7789
4753,7790
1188,7791
5276,7792
5277,7793
2069,7794
349,7795
5278,7796
5279,7797
2130,7798
5280,7799
5281,7800
1206,7801
5282,7802
5283,7803
3523,7804
5284,7805
5285,7806
4820,7807
5286,7808
5287,7809
5287,7810
1802,7811
1144,7812
78,7813
1444,7814
594,7815
5288,7816
5289,7817
5290,7818
2480,7819
5291,7820
5292,7821
5293,7822
5294,7823
5295,7824
5296,7825
1900,7826
5297,7827
2374,7828
2865,7829
5298,7830
3623,7831
1927,7832
4977,7833
1932,7834
5299,7835
5300,7836
2902,7837
1631,7838
2223,7839
706,7840
269,7841
5301,7842
2038,7843
2038,7844
5302,7845
5303,7846
5304,7847
5305,7848
324,7849
3242,7850
5306,7851
334,7852
5307,7853
2078,7854
2078,7855
5308,7856
3929,7857
5309,7858
5310,7859
5311,7860
1349,7861
2119,7862
2125,7863
5312,7864
5313,7865
5314,7866
5315,7867
5316,7868
5052,7869
5317,7870
5318,7871
4294,7872
5319,7873
5320,7874
5321,7875
5322,7876
48,7877
3016,7878
5323,7879
5324,7880
5325,7881
4632,7882
4808,7883
5326,7884
4000,7885
1409,7886
3300,7887
3300,7888
4374,7889
4004,7890
5327,7891
5328,7892
5329,7893
5330,7894
5331,7895
5332,7896
5333,7897
4827,7898
5334,7899
2699,7900
1800,7901
5335,7902
1433,7903
5336,7904
5337,7905
5338,7906
3330,7907
4407,7908
599,7909
2727,7910
3070,7911
1838,7912
5024,7913
5339,7914
1460,7915
5340,7916
5341,7917
5342,7918
3090,7919
5343,7920
5344,7921
5345,7922
5346,7923
2822,7924
5347,7925
3143,7926
817,7927
5348,7928
5349,7929
859,7930
5350,7931
5351,7932
878,7933
5352,7934
5353,7935
5354,7936
5355,7937
3418,7938
4485,7939
1571,7940
5356,7941
5357,7942
5358,7943
5359,7944
137,7945
3621,7946
3168,7947
4229,7948
5360,7949
5361,7950
3811,7951
5362,7952
5363,7953
5364,7954
2879,7955
5365,7956
5366,7957
4511,7958
977,7959
1001,7960
1003,7961
5367,7962
5368,7963
158,7964
1070,7965
5369,7966
5370,7967
5371,7968
5372,7969
2916,7970
5373,7971
5374,7972
5375,7973
5376,7974
5377,7975
5378,7976
3467,7977
3673,7978
5379,7979
2165,7980
3312,7981
5380,7982
5381,7983
4906,7984
4162,7985
5243,7986
5382,7987
5383,7988
5384,7989
12,7990
5385,7991
5386,7992
2632,7993
4596,7994
5387,7995
5388,7996
2119,7997
5389,7998
193,7999
5390,8000
2657,8001
5391,8002
5392,8003
1410,8004
1802,8005
207,8006
557,8007
5393,8008
568,8009
580,8010
582,8011
3557,8012
2726,8013
5394,8014
4411,8015
5395,8016
5396,8017
5397,8018
5398,8019
5399,8020
4438,8021
3124,8022
1159,8023
5400,8024
2308,8025
4928,8026
119,8027
5401,8028
2831,8029
5402,8030
5403,8031
5170,8032
5404,8033
5405,8034
4960,8035
5406,8036
912,8037
4969,8038
5407,8039
937,8040
1591,8041
952,8042
5408,8043
5409,8044
4994,8045
5410,8046
5411,8047
2441,8048
5412,8049
5413,8050
2457,8051
4289,8052
3387,8053
5414,8054
878,8055
5243,8056
5415,8057
3885,8058
1281,8059
5416,8060
5417,8061
5418,8062
5419,8063
5420,8064
5421,8065
1969,8066
5422,8067
5423,8068
5424,8069
5425,8070
5426,8071
5427,8072
1379,8073
5428,8074
2166,8075
63,8076
5429,8077
5430,8078
3547,8079
2201,8080
4048,8081
84,8082
5431,8083
5432,8084
5433,8085
5434,8086
3110,8087
5435,8088
1154,8089
5436,8090
5437,8091
5438,8092
1233,8093
1512,8094
3773,8095
5439,8096
5440,8097
817,8098
2484,8099
5441,8100
5442,8101
5443,8102
5444,8103
3405,8104
859,8105
4197,8106
5445,8107
5243,8108
5243,8109
5446,8110
4223,8111
5447,8112
937,8113
5448,8114
4248,8115
1059,8116
5449,8117
5450,8118
5451,8119
5452,8120
5452,8121
170,8122
5453,8123
3470,8124
2034,8125
5454,8126
5455,8127
5456,8128
5457,8129
3237,8130
324,8131
4326,8132
3668,8133
5458,8134
5459,8135
2117,8136
3682,8137
3506,8138
5460,8139
5461,8140
1369,8141
3512,8142
5055,8143
5462,8144
5463,8145
5464,8146
57,8147
2168,8148
3527,8149
5465,8150
5466,8151
5062,8152
1794,8153
76,8154
5467,8155
5468,8156
1804,8157
5469,8158
5470,8159
5471,8160
5472,8161
3078,8162
4080,8163
5473,8164
5474,8165
687,8166
5475,8167
5476,8168
5082,8169
2298,8170
5477,8171
1232,8172
5478,8173
5479,8174
5480,8175
5481,8176
5482,8177
819,8178
5483,8179
127,8180
5484,8181
5485,8182
3783,8183
5486,8184
5487,8185
4714,8186
5488,8187
5298,8188
4725,8189
5489,8190
5490,8191
5491,8192
5492,8193
5493,8194
5494,8195
5495,8196
5496,8197
5497,8198
171,8199
4525,8200
5498,8201
4566,8202
5499,8203
5500,8204
5501,8205
5502,8206
5503,8207
5504,8208
2592,8209
3898,8210
3234,8211
5505,8212
5506,8213
313,8214
2063,8215
1700,8216
321,8217
324,8218
5507,8219
1323,8220
5508,8221
1326,8222
4778,8223
5419,8224
2981,8225
5509,8226
5510,8227
5044,8228
382,8229
5511,8230
5512,8231
3258,8232
5513,8233
3687,8234
5514,8235
5515,8236
3275,8237
5516,8238
5517,8239
1405,8240
5518,8241
1413,8242
2694,8243
4822,8244
1794,8245
5519,8246
5520,8247
5521,8248
207,8249
5522,8250
568,8251
4048,8252
1814,8253
5523,8254
5524,8255
587,8256
594,8257
5525,8258
2508,8259
5526,8260
1988,8261
4419,8262
5527,8263
5528,8264
1467,8265
1859,8266
2783,8267
5529,8268
2799,8269
5530,8270
5531,8271
3769,8272
5532,8273
5533,8274
5534,8275
5225,8276
5535,8277
1885,8278
3774,8279
5536,8280
5537,8281
5538,8282
5539,8283
5540,8284
5541,8285
2335,8286
5542,8287
5543,8288
2339,8289
3405,8290
5544,8291
4193,8292
5545,8293
859,8294
1555,8295
5546,8296
2854,8297
5547,8298
5548,8299
885,8300
5549,8301
5242,8302
5550,8303
5551,8304
5552,8305
5553,8306
5554,8307
5555,8308
5555,8309
4971,8310
4504,8311
4506,8312
5556,8313
5557,8314
5558,8315
5559,8316
5560,8317
5561,8318
5562,8319
5005,8320
5256,8321
5259,8322
5563,8323
5564,8324
2441,8325
5565,8326
2452,8327
1080,8328
5566,8329
5498,8330
5567,8331
206,8332
5568,8333
5569,8334
3216,8335
5570,8336
5571,8337
5572,8338
7,8339
5573,8340
5574,8341
3896,8342
5575,8343
5576,8344
2595,8345
5577,8346
5578,8347
5579,8348
3844,8349
2978,8350
3496,8351
3496,8352
1199,8353
1336,8354
28,8355
5580,8356
5581,8357
5582,8358
5583,8359
5584,8360
411,8361
3969,8362
5585,8363
5585,8364
5586,8365
5587,8366
5588,8367
5589,8368
5590,8369
5591,8370
1407,8371
5592,8372
5592,8373
5593,8374
5594,8375
5595,8376
3304,8377
535,8378
2696,8379
5596,8380
545,8381
545,8382
5597,8383
5598,8384
5599,8385
2705,8386
1433,8387
567,8388
5600,8389
5601,8390
5602,8391
5603,8392
5604,8393
5605,8394
5606,8395
5607,8396
2751,8397
4082,8398
5608,8399
5609,8400
5610,8401
5611,8402
5612,8403
2770,8404
3751,8405
5613,8406
5614,8407
5615,8408
749,8409
749,8410
5616,8411
5617,8412
1237,8413
5618,8414
5619,8415
5620,8416
4181,8417
1540,8418
5089,8419
5621,8420
5622,8421
5623,8422
5624,8423
5625,8424
5626,8425
878,8426
5627,8427
888,8428
5445,8429
5628,8430
5629,8431
5630,8432
5631,8433
5632,8434
4237,8435
5633,8436
5634,8437
5635,8438
5636,8439
1670,8440
5637,8441
5638,8442
5639,8443
5640,8444
1038,8445
5641,8446
5453,8447
2032,8448
4310,8449
5642,8450
5643,8451
5644,8452
2575,8453
4753,8454
5645,8455
284,8456
2042,8457
3476,8458
3889,8459
5646,8460
5647,8461
5648,8462
5649,8463
5650,8464
2046,8465
5651,8466
4759,8467
5652,8468
5653,8469
5654,8470
5654,8471
1690,8472
5655,8473
3486,8474
2595,8475
3234,8476
3487,8477
3487,8478
2058,8479
3488,8480
5656,8481
5657,8482
5658,8483
5659,8484
2601,8485
13,8486
13,8487
15,8488
318,8489
5660,8490
1704,8491
1704,8492
324,8493
5661,8494
5662,8495
5662,8496
2613,8497
2969,8498
5663,8499
330,8500
5664,8501
5665,8502
5666,8503
3663,8504
5667,8505
339,8506
5668,8507
5669,8508
5670,8509
5671,8510
356,8511
2628,8512
360,8513
2980,8514
366,8515
366,8516
2090,8517
367,8518
28,8519
3930,8520
372,8521
372,8522
5672,8523
5673,8524
5674,8525
5675,8526
5676,8527
377,8528
377,8529
5677,8530
5678,8531
5679,8532
5679,8533
5680,8534
5681,8535
1727,8536
3675,8537
5682,8538
5683,8539
186,8540
5684,8541
3939,8542
4604,8543
5192,8544
5685,8545
1734,8546
5686,8547
3263,8548
5687,8549
2122,8550
5688,8551
1739,8552
5689,8553
5690,8554
425,8555
428,8556
5691,8557
446,8558
5692,8559
5693,8560
40,8561
4355,8562
5694,8563
5695,8564
5696,8565
4359,8566
5697,8567
4625,8568
44,8569
2154,8570
48,8571
5698,8572
472,8573
5699,8574
3018,8575
5700,8576
2534,8577
5701,8578
5702,8579
5703,8580
3523,8581
5704,8582
5705,8583
56,8584
5706,8585
5707,8586
5708,8587
5709,8588
494,8589
3032,8590
3032,8591
5710,8592
5711,8593
505,8594
1780,8595
2681,8596
5060,8597
5712,8598
5713,8599
4818,8600
4818,8601
3042,8602
515,8603
2181,8604
5714,8605
5329,8606
2694,8607
2185,8608
3712,8609
5715,8610
5716,8611
5717,8612
1423,8613
5718,8614
1792,8615
5719,8616
5720,8617
4024,8618
5721,8619
5722,8620
5723,8621
1800,8622
4031,8623
262,8624
549,8625
4398,8626
2703,8627
2704,8628
1433,8629
5724,8630
5725,8631
564,8632
5726,8633
5727,8634
5728,8635
5729,8636
1218,8637
1813,8638
4053,8639
4054,8640
1819,8641
5730,8642
1820,8643
1820,8644
2726,8645
5731,8646
1822,8647
5732,8648
599,8649
599,8650
599,8651
5733,8652
84,8653
5734,8654
4298,8655
2734,8656
600,8657
1828,8658
5735,8659
611,8660
2224,8661
4060,8662
615,8663
5736,8664
5737,8665
5738,8666
619,8667
619,8668
2744,8669
5739,8670
1838,8671
1454,8672
1454,8673
5740,8674
622,8675
622,8676
625,8677
5741,8678
628,8679
2749,8680
5742,8681
5743,8682
5744,8683
5744,8684
88,8685
635,8686
5745,8687
642,8688
4856,8689
1147,8690
5746,8691
3347,8692
2247,8693
5747,8694
5748,8695
652,8696
2758,8697
2758,8698
1469,8699
5749,8700
663,8701
5750,8702
4863,8703
5751,8704
5752,8705
2766,8706
2264,8707
3096,8708
3097,8709
3098,8710
678,8711
5753,8712
5754,8713
683,8714
5755,8715
5756,8716
2510,8717
5757,8718
5758,8719
691,8720
5759,8721
5760,8722
1151,8723
3110,8724
5761,8725
1659,8726
5762,8727
5763,8728
104,8729
105,8730
2787,8731
5764,8732
716,8733
5765,8734
4132,8735
5766,8736
1994,8737
1112,8738
5767,8739
5768,8740
746,8741
5769,8742
5770,8743
5771,8744
1231,8745
4148,8746
1506,8747
5772,8748
5773,8749
5774,8750
5775,8751
4915,8752
5776,8753
788,8754
4924,8755
5777,8756
3597,8757
801,8758
4459,8759
119,8760
5778,8761
123,8762
5779,8763
2331,8764
5780,8765
5618,8766
817,8767
819,8768
5781,8769
824,8770
826,8771
828,8772
5782,8773
5783,8774
5784,8775
5785,8776
5484,8777
4181,8778
4181,8779
5786,8780
5787,8781
5788,8782
5789,8783
5790,8784
859,8785
1552,8786
5791,8787
5792,8788
5793,8789
5794,8790
5795,8791
5796,8792
5797,8793
5798,8794
878,8795
5799,8796
2361,8797
5800,8798
2365,8799
889,8800
5801,8801
3418,8802
5802,8803
5803,8804
1911,8805
4489,8806
4490,8807
5097,8808
5804,8809
5805,8810
5806,8811
5141,8812
5807,8813
5808,8814
5630,8815
5809,8816
5810,8817
5811,8818
5811,8819
4968,8820
5812,8821
5813,8822
5814,8823
5815,8824
5816,8825
1252,8826
1931,8827
1591,8828
1591,8829
1591,8830
952,8831
952,8832
5817,8833
5818,8834
4249,8835
991,8836
3635,8837
5819,8838
5819,8839
4996,8840
5820,8841
2562,8842
4257,8843
3192,8844
5145,8845
5821,8846
1613,8847
1613,8848
1613,8849
1614,8850
5822,8851
2433,8852
1038,8853
1038,8854
5823,8855
1629,8856
5824,8857
5825,8858
1633,8859
5015,8860
1261,8861
3641,8862
5826,8863
5018,8864
1946,8865
1072,8866
5450,8867
5827,8868
5828,8869
5829,8870
5830,8871
5831,8872
1094,8873
4830,8874
5363,8875
5832,8876
5833,8877
5834,8878
3216,8879
1677,8880
5835,8881
5836,8882
1276,8883
5837,8884
5838,8885
5839,8886
5840,8887
5841,8888
1189,8889
5842,8890
2046,8891
1688,8892
5843,8893
5844,8894
2587,8895
5653,8896
1690,8897
5185,8898
5845,8899
5846,8900
1292,8901
1692,8902
5847,8903
2055,8904
2055,8905
5848,8906
2057,8907
2057,8908
12,8909
12,8910
2598,8911
5849,8912
5849,8913
2062,8914
5850,8915
2063,8916
2063,8917
13,8918
13,8919
5660,8920
5851,8921
5852,8922
2069,8923
2070,8924
5853,8925
5854,8926
4768,8927
5855,8928
22,8929
337,8930
5856,8931
5857,8932
3467,8933
5858,8934
5859,8935
5860,8936
5861,8937
5862,8938
5862,8939
5863,8940
185,8941
185,8942
2628,8943
365,8944
366,8945
2093,8946
28,8947
2100,8948
1344,8949
1344,8950
5864,8951
379,8952
5865,8953
5866,8954
5867,8955
2639,8956
5868,8957
5869,8958
5870,8959
5871,8960
5872,8961
5873,8962
5874,8963
5875,8964
5876,8965
2125,8966
35,8967
5877,8968
1367,8969
420,8970
3687,8971
5878,8972
5879,8973
5880,8974
1372,8975
5881,8976
5882,8977
1653,8978
5883,8979
5884,8980
5884,8981
2651,8982
5885,8983
5885,8984
42,8985
50,8986
50,8987
2660,8988
3017,8989
470,8990
5886,8991
471,8992
473,8993
3018,8994
5887,8995
3520,8996
5888,8997
5889,8998
5890,8999
5891,9000
5892,9001
5201,9002
488,9003
1771,9004
1771,9005
5893,9006
60,9007
5894,9008
1104,9009
5895,9010
5896,9011
198,9012
5897,9013
5898,9014
5899,9015
2682,9016
4379,9017
5900,9018
513,9019
5901,9020
5902,9021
3046,9022
5903,9023
5904,9024
5905,9025
526,9026
5906,9027
2185,9028
2185,9029
5907,9030
531,9031
66,9032
2695,9033
2695,9034
5908,9035
538,9036
5909,9037
1794,9038
5910,9039
3547,9040
5911,9041
5912,9042
5913,9043
2197,9044
1797,9045
2699,9046
1143,9047
2544,9048
5914,9049
5522,9050
79,9051
79,9052
79,9053
5915,9054
3329,9055
5916,9056
5917,9057
4053,9058
5918,9059
5919,9060
5920,9061
5921,9062
2219,9063
3334,9064
1824,9065
2729,9066
84,9067
5922,9068
2508,9069
600,9070
2738,9071
5923,9072
2223,9073
4658,9074
5924,9075
5924,9076
5925,9077
5926,9078
5927,9079
2745,9080
5928,9081
630,9082
2233,9083
1845,9084
5929,9085
2751,9086
5930,9087
640,9088
2243,9089
5931,9090
5932,9091
5933,9092
5933,9093
5934,9094
5935,9095
5124,9096
5936,9097
5937,9098
2758,9099
1467,9100
3091,9101
3091,9102
5938,9103
4672,9104
5939,9105
5940,9106
5753,9107
5756,9108
5756,9109
2476,9110
5941,9111
3108,9112
5942,9113
1150,9114
5943,9115
5944,9116
5945,9117
2282,9118
5946,9119
5290,9120
5290,9121
5947,9122
104,9123
4882,9124
5948,9125
5949,9126
5950,9127
5951,9128
5952,9129
5953,9130
5954,9131
5955,9132
726,9133
5956,9134
5956,9135
5957,9136
5958,9137
4442,9138
5959,9139
5960,9140
2942,9141
5961,9142
5962,9143
3590,9144
754,9145
5963,9146
3128,9147
761,9148
5616,9149
5964,9150
5965,9151
3592,9152
5966,9153
5966,9154
5967,9155
1998,9156
5968,9157
5969,9158
5970,9159
794,9160
5971,9161
798,9162
798,9163
5131,9164
5972,9165
5973,9166
802,9167
2323,9168
5229,9169
5974,9170
1887,9171
5975,9172
5976,9173
5977,9174
5618,9175
5978,9176
5979,9177
3778,9178
4174,9179
2337,9180
835,9181
5980,9182
1163,9183
5981,9184
5982,9185
4181,9186
5983,9187
2846,9188
4699,9189
3405,9190
5984,9191
5985,9192
848,9193
5986,9194
5137,9195
5789,9196
2848,9197
241,9198
5987,9199
5988,9200
3793,9201
3793,9202
5989,9203
5990,9204
5991,9205
5992,9206
5993,9207
5994,9208
4958,9209
5995,9210
5996,9211
5997,9212
3621,9213
5998,9214
5999,9215
4496,9216
6000,9217
6001,9218
6002,9219
5101,9220
952,9221
3428,9222
6003,9223
2400,9224
6004,9225
2876,9226
2876,9227
957,9228
6005,9229
6006,9230
6007,9231
147,9232
6008,9233
2411,9234
6009,9235
977,9236
6010,9237
4250,9238
6011,9239
996,9240
4993,9241
6012,9242
1003,9243
6013,9244
6014,9245
1015,9246
5821,9247
1017,9248
5822,9249
6015,9250
6016,9251
5258,9252
6017,9253
6018,9254
6019,9255
6020,9256
3821,9257
161,9258
162,9259
1066,9260
6021,9261
6022,9262
6023,9263
6024,9264
6024,9265
6025,9266
2450,9267
5267,9268
6026,9269
6027,9270
6028,9271
6029,9272
6030,9273
4738,9274
6031,9275
1092,9276
1093,9277
1097,9278
6032,9279
6033,9280
6034,9281
6035,9282
6036,9283
6037,9284
582,9285
1442,9286
6038,9287
5952,9288
6039,9289
6040,9290
116,9291
5803,9292
6041,9293
6042,9294
6043,9295
6044,9296
6045,9297
6046,9298
6047,9299
2567,9300
6048,9301
4745,9302
6049,9303
6050,9304
6051,9305
6052,9306
6053,9307
3889,9308
4754,9309
6054,9310
1188,9311
6055,9312
6056,9313
6057,9314
6058,9315
6059,9316
1292,9317
6060,9318
1294,9319
3235,9320
309,9321
2059,9322
12,9323
12,9324
1696,9325
3488,9326
6061,9327
6062,9328
6063,9329
13,9330
321,9331
6064,9332
326,9333
2969,9334
6065,9335
181,9336
2973,9337
1709,9338
6066,9339
349,9340
6067,9341
3915,9342
6068,9343
6069,9344
6070,9345
2096,9346
3934,9347
6071,9348
377,9349
377,9350
6072,9351
6073,9352
6074,9353
6075,9354
2641,9355
6076,9356
3503,9357
5156,9358
5686,9359
412,9360
6077,9361
2532,9362
1743,9363
2647,9364
1751,9365
4802,9366
458,9367
5322,9368
1764,9369
6078,9370
1387,9371
6079,9372
2163,9373
6080,9374
1772,9375
3996,9376
6081,9377
6082,9378
6083,9379
6084,9380
6085,9381
3301,9382
6086,9383
1412,9384
64,9385
64,9386
64,9387
517,9388
6087,9389
4018,9390
3312,9391
6088,9392
1792,9393
1794,9394
5913,9395
6089,9396
6090,9397
6091,9398
74,9399
75,9400
6092,9401
1214,9402
6093,9403
5467,9404
2704,9405
6094,9406
6095,9407
567,9408
6096,9409
1440,9410
4839,9411
6097,9412
4840,9413
594,9414
6098,9415
6099,9416
5733,9417
84,9418
6100,9419
600,9420
2223,9421
609,9422
1453,9423
5924,9424
616,9425
616,9426
6101,9427
6102,9428
6103,9429
6104,9430
3081,9431
4423,9432
6105,9433
646,9434
6106,9435
6107,9436
4857,9437
649,9438
6108,9439
2249,9440
6109,9441
653,9442
6110,9443
6111,9444
6112,9445
95,9446
3095,9447
6113,9448
5217,9449
6114,9450
6115,9451
6116,9452
6117,9453
6118,9454
706,9455
706,9456
6119,9457
6120,9458
6121,9459
723,9460
730,9461
6122,9462
6123,9463
2801,9464
6124,9465
5084,9466
737,9467
6125,9468
6126,9469
761,9470
4903,9471
5616,9472
1507,9473
6127,9474
6128,9475
6129,9476
6130,9477
786,9478
6131,9479
6132,9480
2824,9481
791,9482
1885,9483
795,9484
6133,9485
6134,9486
1521,9487
2328,9488
6135,9489
6136,9490
6137,9491
3145,9492
824,9493
824,9494
2335,9495
6138,9496
6139,9497
5982,9498
839,9499
6140,9500
6141,9501
5136,9502
6142,9503
3786,9504
4704,9505
6143,9506
6144,9507
4475,9508
1564,9509
878,9510
5405,9511
4952,9512
3618,9513
6145,9514
2557,9515
4489,9516
6146,9517
6147,9518
6147,9519
6148,9520
4978,9521
6149,9522
6150,9523
6151,9524
962,9525
6152,9526
6153,9527
1936,9528
6154,9529
6155,9530
6156,9531
991,9532
1002,9533
3437,9534
3862,9535
6157,9536
5822,9537
1035,9538
5367,9539
6158,9540
5368,9541
6159,9542
6160,9543
162,9544
256,9545
6161,9546
2025,9547
6162,9548
2918,9549
2460,9550
6163,9551
4863,9552
5082,9553
6164,9554
6165,9555
6166,9556
1705,9557
21,9558
1325,9559
1327,9560
5419,9561
6167,9562
3933,9563
377,9564
6168,9565
1367,9566
1972,9567
6169,9568
6170,9569
5204,9570
4660,9571
6171,9572
6172,9573
6173,9574
5959,9575
6174,9576
3133,9577
3133,9578
6175,9579
3137,9580
6176,9581
6177,9582
6178,9583
4705,9584
6179,9585
5242,9586
3168,9587
990,9588
1945,9589
6180,9590
3865,9591
2564,9592
6181,9593
6182,9594
3838,9595
2034,9596
6183,9597
6184,9598
1123,9599
6185,9600
4313,9601
6186,9602
2594,9603
310,9604
2599,9605
3489,9606
328,9607
6187,9608
6188,9609
5187,9610
6189,9611
6190,9612
1333,9613
6191,9614
1343,9615
6192,9616
6193,9617
6194,9618
3942,9619
1354,9620
6195,9621
6196,9622
38,9623
5317,9624
6197,9625
444,9626
6198,9627
6199,9628
6200,9629
3983,9630
6201,9631
6202,9632
4808,9633
6203,9634
6204,9635
501,9636
6205,9637
6206,9638
1419,9639
6207,9640
6208,9641
3048,9642
6209,9643
6210,9644
6211,9645
557,9646
1811,9647
6212,9648
6213,9649
6214,9650
6215,9651
84,9652
6216,9653
2224,9654
3075,9655
6217,9656
89,9657
4423,9658
6218,9659
4089,9660
5937,9661
4097,9662
5939,9663
2261,9664
6219,9665
3096,9666
6220,9667
6221,9668
6222,9669
6223,9670
6224,9671
6225,9672
735,9673
6226,9674
6227,9675
6228,9676
6229,9677
1231,9678
5534,9679
6230,9680
6231,9681
6232,9682
6233,9683
6234,9684
6235,9685
6236,9686
2943,9687
1999,9688
1524,9689
5231,9690
3402,9691
6237,9692
6238,9693
4467,9694
837,9695
6239,9696
2851,9697
4947,9698
878,9699
6240,9700
4488,9701
2371,9702
6241,9703
6242,9704
6243,9705
6244,9706
6245,9707
6246,9708
6247,9709
6248,9710
6249,9711
6249,9712
6250,9713
6250,9714
3449,9715
6251,9716
3826,9717
6252,9718
6253,9719
6254,9720
206,9721
4880,9722
3442,9723
3442,9724
6255,9725
6256,9726
300,9727
4757,9728
6257,9729
6258,9730
312,9731
6259,9732
13,9733
6260,9734
341,9735
3915,9736
3496,9737
6261,9738
1965,9739
382,9740
6262,9741
6263,9742
407,9743
434,9744
5881,9745
6264,9746
3512,9747
6265,9748
3975,9749
2650,9750
4357,9751
6266,9752
6267,9753
48,9754
54,9755
5704,9756
6268,9757
6269,9758
6270,9759
4819,9760
2688,9761
530,9762
6271,9763
6271,9764
6272,9765
6273,9766
1211,9767
1211,9768
2705,9769
1436,9770
6274,9771
6275,9772
1983,9773
6276,9774
577,9775
580,9776
588,9777
4840,9778
3557,9779
6277,9780
1827,9781
5214,9782
6278,9783
4062,9784
6279,9785
3566,9786
6280,9787
631,9788
631,9789
6281,9790
2754,9791
3087,9792
6282,9793
6283,9794
3090,9795
2257,9796
6284,9797
6285,9798
5078,9799
2764,9800
6286,9801
6287,9802
685,9803
6288,9804
6289,9805
2786,9806
6290,9807
6291,9808
1993,9809
6292,9810
722,9811
726,9812
6293,9813
2299,9814
6294,9815
6295,9816
4916,9817
4916,9818
6296,9819
6297,9820
6298,9821
6299,9822
2516,9823
2516,9824
3406,9825
6300,9826
6301,9827
5793,9828
6302,9829
6303,9830
6304,9831
6305,9832
4204,9833
4205,9834
6306,9835
5548,9836
3616,9837
885,9838
6307,9839
5356,9840
6308,9841
4962,9842
6148,9843
929,9844
3173,9845
1252,9846
1590,9847
6309,9848
6310,9849
987,9850
6311,9851
6312,9852
999,9853
6313,9854
5254,9855
6314,9856
4258,9857
6315,9858
2433,9859
6316,9860
6317,9861
6318,9862
1078,9863
169,9864
5373,9865
6319,9866
40,9867
6099,9868
109,9869
1585,9870
6320,9871
311,9872
3237,9873
6321,9874
3660,9875
1705,9876
3242,9877
1128,9878
6322,9879
342,9880
5151,9881
6323,9882
356,9883
365,9884
365,9885
1336,9886
28,9887
3930,9888
3942,9889
395,9890
6324,9891
39,9892
5515,9893
6325,9894
2500,9895
6326,9896
4808,9897
3993,9898
1105,9899
1407,9900
1412,9901
3307,9902
1794,9903
6327,9904
582,9905
583,9906
6328,9907
6329,9908
1987,9909
2225,9910
6330,9911
6331,9912
6332,9913
6333,9914
6334,9915
1866,9916
6335,9917
6336,9918
3590,9919
1996,9920
6337,9921
1159,9922
6338,9923
2823,9924
6339,9925
6340,9926
6341,9927
6342,9928
6342,9929
6343,9930
6344,9931
2554,9932
2517,9933
846,9934
4190,9935
5545,9936
6345,9937
6346,9938
6347,9939
4955,9940
6348,9941
4729,9942
6349,9943
6350,9944
6351,9945
5363,9946
250,9947
2427,9948
5144,9949
6352,9950
1025,9951
6353,9952
6354,9953
6355,9954
3460,9955
6253,9956
6356,9957
6356,9958
2923,9959
17,9960
6357,9961
5453,9962
6358,9963
3,9964
6359,9965
5645,9966
2588,9967
179,9968
5456,9969
6360,9970
1292,9971
305,9972
1693,9973
2057,9974
6361,9975
315,9976
6362,9977
316,9978
6363,9979
1306,9980
324,9981
2966,9982
1705,9983
6364,9984
2610,9985
2073,9986
6365,9987
5667,9988
6366,9989
6367,9990
1710,9991
3246,9992
6368,9993
6369,9994
1326,9995
1326,9996
6370,9997
6371,9998
6372,9999
6373,10000
4587,10001
6374,10002
365,10003
365,10004
6375,10005
6376,10006
6377,10007
4336,10008
2093,10009
6378,10010
6378,10011
6379,10012
28,10013
3254,10014
6380,10015
6381,10016
6382,10017
6383,10018
377,10019
2105,10020
6193,10021
6193,10022
6384,10023
6385,10024
2990,10025
6386,10026
5684,10027
6387,10028
6388,10029
389,10030
6389,10031
6390,10032
3944,10033
4788,10034
2642,10035
1734,10036
399,10037
1360,10038
1737,10039
3508,10040
412,10041
2645,10042
3269,10043
5052,10044
2139,10045
5515,10046
441,10047
4294,10048
6391,10049
2926,10050
6392,10051
6393,10052
4361,10053
3981,10054
2500,10055
1386,10056
6394,10057
6078,10058
48,10059
6395,10060
51,10061
6396,10062
6397,10063
3849,10064
6398,10065
2162,10066
1394,10067
6399,10068
1771,10069
1977,10070
6400,10071
504,10072
6401,10073
6402,10074
6402,10075
6403,10076
6404,10077
6405,10078
6406,10079
6407,10080
513,10081
5901,10082
515,10083
515,10084
515,10085
516,10086
6408,10087
6409,10088
6410,10089
6411,10090
6412,10091
3711,10092
534,10093
2187,10094
4018,10095
4018,10096
6413,10097
6414,10098
6415,10099
2194,10100
1794,10101
3316,10102
1798,10103
4830,10104
6416,10105
6417,10106
6418,10107
6419,10108
2707,10109
6420,10110
2927,10111
2927,10112
6421,10113
6422,10114
587,10115
3330,10116
6423,10117
594,10118
6424,10119
6329,10120
5733,10121
84,10122
84,10123
2508,10124
6425,10125
6426,10126
6427,10127
2224,10128
617,10129
6428,10130
3570,10131
6429,10132
6430,10133
1847,10134
3343,10135
6431,10136
6432,10137
5339,10138
5930,10139
6433,10140
4854,10141
6434,10142
6435,10143
6282,10144
6436,10145
6437,10146
6109,10147
6438,10148
1469,10149
1853,10150
6439,10151
6440,10152
3353,10153
4110,10154
6441,10155
1861,10156
6442,10157
6443,10158
6444,10159
6445,10160
5950,10161
2790,10162
2790,10163
3371,10164
1865,10165
2285,10166
6446,10167
3376,10168
6447,10169
741,10170
6448,10171
5292,10172
5477,10173
755,10174
5130,10175
6449,10176
5026,10177
6450,10178
768,10179
2813,10180
6451,10181
6452,10182
6128,10183
6453,10184
1511,10185
6454,10186
4156,10187
6455,10188
6456,10189
6132,10190
6132,10191
790,10192
6457,10193
4158,10194
6458,10195
6459,10196
116,10197
6460,10198
6461,10199
6461,10200
4159,10201
6462,10202
6463,10203
4460,10204
6464,10205
6465,10206
6466,10207
6467,10208
6467,10209
6468,10210
3468,10211
2842,10212
6469,10213
6470,10214
1533,10215
5982,10216
6471,10217
3404,10218
5786,10219
3783,10220
6472,10221
4199,10222
1558,10223
1558,10224
6473,10225
6474,10226
5797,10227
878,10228
6475,10229
2518,10230
2862,10231
2862,10232
3420,10233
5551,10234
5998,10235
4228,10236
6476,10237
6477,10238
6478,10239
6479,10240
6480,10241
6481,10242
6482,10243
929,10244
930,10245
931,10246
6483,10247
6484,10248
6485,10249
6486,10250
6486,10251
6487,10252
2876,10253
6488,10254
6489,10255
6490,10256
6491,10257
6492,10258
4517,10259
6493,10260
1609,10261
1609,10262
6494,10263
4521,10264
2426,10265
4258,10266
4260,10267
6495,10268
6045,10269
6496,10270
5002,10271
6497,10272
6498,10273
6499,10274
6500,10275
1633,10276
157,10277
6501,10278
158,10279
6502,10280
3642,10281
6503,10282
6021,10283
6504,10284
6505,10285
6506,10286
6507,10287
3644,10288
6508,10289
3832,10290
3464,10291
6509,10292
6510,10293
6511,10294
6512,10295
6513,10296
6514,10297
1014,10298
6515,10299
3471,10300
6516,10301
6517,10302
4754,10303
6518,10304
6519,10305
6520,10306
1688,10307
179,10308
6521,10309
5036,10310
313,10311
13,10312
13,10313
6522,10314
1704,10315
6523,10316
6524,10317
339,10318
3914,10319
6525,10320
352,10321
352,10322
2090,10323
6526,10324
5189,10325
3929,10326
28,10327
6191,10328
372,10329
6071,10330
5679,10331
2104,10332
6527,10333
6384,10334
6194,10335
6528,10336
5192,10337
6529,10338
6530,10339
2125,10340
1365,10341
413,10342
6531,10343
1368,10344
6532,10345
6533,10346
6533,10347
6534,10348
6535,10349
6536,10350
1206,10351
6537,10352
464,10353
50,10354
472,10355
6538,10356
5197,10357
4632,10358
6539,10359
6540,10360
3024,10361
3027,10362
6541,10363
6542,10364
494,10365
6543,10366
3296,10367
6544,10368
6545,10369
516,10370
3540,10371
6546,10372
2185,10373
6411,10374
530,10375
2187,10376
2187,10377
2695,10378
2695,10379
5206,10380
6547,10381
3053,10382
3543,10383
3310,10384
6548,10385
5717,10386
541,10387
6549,10388
6549,10389
6550,10390
6551,10391
4030,10392
6552,10393
1657,10394
2705,10395
6553,10396
6554,10397
6555,10398
582,10399
3722,10400
6556,10401
4051,10402
593,10403
6557,10404
6558,10405
6559,10406
597,10407
2727,10408
1826,10409
84,10410
4056,10411
601,10412
6560,10413
6561,10414
6562,10415
4058,10416
613,10417
618,10418
6563,10419
5743,10420
1460,10421
2242,10422
1462,10423
6564,10424
1852,10425
6565,10426
6566,10427
4109,10428
3749,10429
6441,10430
6567,10431
1476,10432
3362,10433
1478,10434
2274,10435
6568,10436
6569,10437
6570,10438
6571,10439
4436,10440
4436,10441
6572,10442
6573,10443
6574,10444
718,10445
6575,10446
719,10447
719,10448
2292,10449
6576,10450
3122,10451
3376,10452
6577,10453
6578,10454
1229,10455
6579,10456
2299,10457
6580,10458
2813,10459
3592,10460
6128,10461
230,10462
6581,10463
4456,10464
791,10465
6582,10466
6583,10467
802,10468
4930,10469
5976,10470
123,10471
123,10472
814,10473
6584,10474
6584,10475
6585,10476
5484,10477
6586,10478
5235,10479
2342,10480
6587,10481
2848,10482
1551,10483
5487,10484
860,10485
6588,10486
6589,10487
239,10488
4199,10489
2851,10490
3154,10491
871,10492
6590,10493
6591,10494
6592,10495
4709,10496
244,10497
2010,10498
1667,10499
1667,10500
2366,10501
1248,10502
6593,10503
6241,10504
2375,10505
2375,10506
137,10507
6594,10508
2384,10509
6595,10510
937,10511
937,10512
937,10513
6596,10514
2871,10515
5408,10516
6597,10517
6598,10518
6599,10519
1602,10520
1606,10521
6600,10522
1610,10523
6601,10524
1036,10525
1038,10526
6602,10527
6603,10528
6499,10529
6604,10530
6604,10531
6605,10532
6605,10533
3445,10534
1261,10535
6502,10536
1068,10537
6606,10538
6607,10539
6022,10540
1176,10541
5267,10542
5369,10543
6608,10544
1083,10545
1083,10546
1644,10547
1949,10548
4290,10549
6609,10550
6610,10551
3016,10552
3711,10553
6611,10554
236,10555
5266,10556
6612,10557
6613,10558
3225,10559
6614,10560
300,10561
2589,10562
6615,10563
2609,10564
4767,10565
6616,10566
5666,10567
366,10568
3252,10569
368,10570
6617,10571
6618,10572
1349,10573
6619,10574
6620,10575
4344,10576
6621,10577
49,10578
2163,10579
2163,10580
2163,10581
2163,10582
2163,10583
2163,10584
2163,10585
2163,10586
2163,10587
2163,10588
2163,10589
2163,10590
2163,10591
2163,10592
2163,10593
2163,10594
2163,10595
2163,10596
2163,10597
2163,10598
2163,10599
2163,10600
2163,10601
2163,10602
2163,10603
2163,10604
2163,10605
2163,10606
2163,10607
513,10608
6622,10609
6623,10610
6412,10611
2198,10612
6624,10613
4831,10614
553,10615
553,10616
5724,10617
6329,10618
5731,10619
6625,10620
5930,10621
644,10622
6626,10623
680,10624
6120,10625
6627,10626
6628,10627
2295,10628
6228,10629
6629,10630
6630,10631
119,10632
1891,10633
1900,10634
5136,10635
859,10636
6631,10637
887,10638
6632,10639
6633,10640
6633,10641
6634,10642
5098,10643
2382,10644
6478,10645
6635,10646
4729,10647
1592,10648
6636,10649
958,10650
1118,10651
6637,10652
6637,10653
6637,10654
4993,10655
6638,10656
6639,10657
6640,10658
6641,10659
5369,10660
6642,10661
6643,10662
6644,10663
6645,10664
6646,10665
4363,10666
2163,10667
5620,10668
937,10669
6647,10670
4311,10671
1274,10672
1682,10673
6648,10674
3225,10675
6649,10676
6650,10677
6651,10678
11,10679
3480,10680
5456,10681
5185,10682
6652,10683
6653,10684
6654,10685
2057,10686
2060,10687
3238,10688
6655,10689
6656,10690
6657,10691
3241,10692
6658,10693
324,10694
2966,10695
1307,10696
6659,10697
6660,10698
6661,10699
6662,10700
6663,10701
6664,10702
345,10703
6665,10704
2976,10705
2976,10706
6666,10707
6666,10708
6667,10709
5861,10710
3920,10711
6668,10712
363,10713
4590,10714
1337,10715
28,10716
6669,10717
1342,10718
372,10719
6670,10720
376,10721
6671,10722
6672,10723
5681,10724
6673,10725
387,10726
6674,10727
6675,10728
33,10729
5686,10730
6676,10731
3505,10732
406,10733
407,10734
6677,10735
5194,10736
6678,10737
1367,10738
1972,10739
2532,10740
6679,10741
5879,10742
429,10743
6680,10744
4620,10745
2139,10746
1652,10747
6681,10748
6682,10749
6265,10750
2936,10751
5056,10752
4357,10753
1206,10754
1206,10755
1382,10756
2152,10757
6683,10758
1386,10759
6684,10760
48,10761
4363,10762
6685,10763
6686,10764
6687,10765
6688,10766
1399,10767
4812,10768
1400,10769
6689,10770
493,10771
4636,10772
6690,10773
6691,10774
6692,10775
200,10776
4377,10777
63,10778
6693,10779
6694,10780
518,10781
6695,10782
4388,10783
2185,10784
6696,10785
6697,10786
6698,10787
66,10788
5715,10789
5430,10790
6699,10791
6700,10792
546,10793
6701,10794
4396,10795
262,10796
556,10797
5469,10798
1806,10799
1808,10800
564,10801
3554,10802
6702,10803
571,10804
2717,10805
6097,10806
6703,10807
3063,10808
6704,10809
6705,10810
593,10811
6706,10812
2217,10813
2726,10814
6707,10815
1824,10816
6708,10817
1986,10818
3335,10819
2729,10820
6709,10821
4056,10822
600,10823
6710,10824
6711,10825
6712,10826
6713,10827
4418,10828
626,10829
6714,10830
6715,10831
2231,10832
1845,10833
6716,10834
6717,10835
3080,10836
3080,10837
6718,10838
6105,10839
6719,10840
4854,10841
6720,10842
4855,10843
642,10844
646,10845
5397,10846
6721,10847
2249,10848
2249,10849
1852,10850
663,10851
6284,10852
6722,10853
2260,10854
4108,10855
4109,10856
3097,10857
3097,10858
2768,10859
6723,10860
2267,10861
5756,10862
3362,10863
4871,10864
6724,10865
3367,10866
2280,10867
4127,10868
4880,10869
105,10870
6725,10871
706,10872
6119,10873
6726,10874
6727,10875
6728,10876
727,10877
6729,10878
735,10879
737,10880
6730,10881
2805,10882
6731,10883
6732,10884
6733,10885
3767,10886
1231,10887
764,10888
5026,10889
774,10890
6734,10891
113,10892
6735,10893
6736,10894
6737,10895
6737,10896
6738,10897
6739,10898
6740,10899
6741,10900
6742,10901
6743,10902
6744,10903
1894,10904
6745,10905
6746,10906
6747,10907
6748,10908
3404,10909
3405,10910
6749,10911
5621,10912
1549,10913
859,10914
6750,10915
867,10916
6751,10917
6752,10918
6347,10919
2366,10920
1907,10921
6753,10922
6753,10923
6754,10924
6755,10925
3620,10926
6756,10927
6757,10928
1911,10929
6758,10930
1575,10931
3420,10932
3420,10933
6759,10934
6760,10935
2865,10936
6761,10937
4494,10938
5099,10939
6762,10940
1584,10941
6763,10942
4970,10943
6764,10944
6765,10945
6766,10946
6767,10947
1117,10948
3179,10949
6768,10950
1255,10951
152,10952
6769,10953
6770,10954
6771,10955
6016,10956
1941,10957
1941,10958
5823,10959
1047,10960
6772,10961
6773,10962
6774,10963
6775,10964
5263,10965
6776,10966
6777,10967
6022,10968
1072,10969
6778,10970
6318,10971
6779,10972
257,10973
1094,10974
1098,10975
1288,10976
3275,10977
6780,10978
6781,10979
6782,10980
610,10981
4666,10982
6783,10983
6784,10984
275,10985
2959,10986
1323,10987
1197,10988
6785,10989
3499,10990
6786,10991
6787,10992
5209,10993
6788,10994
4090,10995
6789,10996
6790,10997
4890,10998
6791,10999
797,11000
1161,11001
6792,11002
6793,11003
6794,11004
2854,11005
1920,11006
2882,11007
6795,11008
161,11009
2565,11010
6796,11011
6797,11012
6798,11013
6799,11014
6800,11015
1187,11016
6801,11017
6802,11018
2046,11019
6803,11020
5038,11021
6804,11022
6805,11023
6806,11024
4543,11025
6807,11026
6808,11027
2497,11028
6809,11029
3687,11030
3026,11031
1138,11032
6810,11033
6811,11034
5907,11035
6812,11036
573,11037
6813,11038
2718,11039
6814,11040
1820,11041
6815,11042
1952,11043
6282,11044
6816,11045
6817,11046
3115,11047
6229,11048
4167,11049
4934,11050
6818,11051
2854,11052
3794,11053
4710,11054
6819,11055
6820,11056
6483,11057
6821,11058
5261,11059
6822,11060
6823,11061
5958,11062
6824,11063
6516,11064
6825,11065
4321,11066
6826,11067
6361,11068
2598,11069
14,11070
2612,11071
6827,11072
337,11073
6828,11074
5189,11075
367,11076
28,11077
372,11078
6829,11079
6807,11080
6830,11081
3278,11082
6831,11083
6832,11084
47,11085
477,11086
6833,11087
1771,11088
3290,11089
2679,11090
3046,11091
3710,11092
6834,11093
6097,11094
1813,11095
6835,11096
6836,11097
6837,11098
6838,11099
4077,11100
6839,11101
4085,11102
6840,11103
6841,11104
6842,11105
6843,11106
6844,11107
6845,11108
6846,11109
4880,11110
2793,11111
1228,11112
6847,11113
4151,11114
113,11115
6848,11116
1516,11117
797,11118
2000,11119
5779,11120
6849,11121
6850,11122
1894,11123
840,11124
6851,11125
6852,11126
6853,11127
2374,11128
3169,11129
6854,11130
6855,11131
1615,11132
6856,11133
6857,11134
159,11135
1068,11136
6858,11137
4540,11138
5180,11139
259,11140
6859,11141
6860,11142
4306,11143
1,11144
6861,11145
6862,11146
6863,11147
6864,11148
4312,11149
6865,11150
1125,11151
6866,11152
6867,11153
6868,11154
280,11155
5500,11156
6801,11157
284,11158
5838,11159
2494,11160
1281,11161
6869,11162
6869,11163
6649,11164
6870,11165
6871,11166
6872,11167
6872,11168
6256,11169
2959,11170
178,11171
3839,11172
297,11173
5303,11174
6873,11175
5185,11176
1289,11177
6874,11178
2594,11179
3900,11180
5036,11181
2595,11182
2595,11183
2056,11184
6875,11185
6875,11186
2061,11187
316,11188
2964,11189
6876,11190
6876,11191
6064,11192
4582,11193
3490,11194
324,11195
324,11196
6877,11197
6878,11198
326,11199
2611,11200
1310,11201
1310,11202
6879,11203
2076,11204
6880,11205
341,11206
1320,11207
6881,11208
346,11209
6665,11210
3914,11211
3247,11212
6643,11213
1326,11214
5861,11215
2086,11216
6882,11217
357,11218
2627,11219
6883,11220
2980,11221
2980,11222
366,11223
2090,11224
2633,11225
6378,11226
2094,11227
2094,11228
28,11229
28,11230
3930,11231
3930,11232
6884,11233
6885,11234
377,11235
6886,11236
3673,11237
3673,11238
5045,11239
6887,11240
6888,11241
6889,11242
5682,11243
6890,11244
3940,11245
3942,11246
394,11247
6891,11248
4609,11249
6892,11250
6893,11251
6894,11252
6895,11253
6896,11254
1738,11255
1204,11256
6897,11257
6898,11258
1367,11259
419,11260
6899,11261
6900,11262
6533,11263
5195,11264
6901,11265
6902,11266
6264,11267
1136,11268
6903,11269
6904,11270
6905,11271
6906,11272
6907,11273
1754,11274
6908,11275
2145,11276
1378,11277
6909,11278
6909,11279
451,11280
43,11281
6910,11282
1383,11283
6537,11284
2655,11285
48,11286
49,11287
1387,11288
467,11289
470,11290
1975,11291
3984,11292
475,11293
6911,11294
6912,11295
6913,11296
6914,11297
6915,11298
486,11299
3288,11300
3288,11301
6833,11302
487,11303
6916,11304
5893,11305
5893,11306
4635,11307
1403,11308
496,11309
496,11310
3032,11311
6917,11312
6918,11313
6919,11314
6920,11315
6921,11316
6922,11317
4372,11318
6923,11319
3533,11320
6924,11321
1783,11322
516,11323
1980,11324
6925,11325
6925,11326
3303,11327
1419,11328
6926,11329
6927,11330
526,11331
2187,11332
6928,11333
4018,11334
2697,11335
1787,11336
5333,11337
1794,11338
1794,11339
6929,11340
4826,11341
4023,11342
6930,11343
5912,11344
6931,11345
5913,11346
2198,11347
1797,11348
3551,11349
1429,11350
6932,11351
6932,11352
3058,11353
2704,11354
6933,11355
6934,11356
2708,11357
6935,11358
6936,11359
6937,11360
6938,11361
571,11362
571,11363
6212,11364
572,11365
1983,11366
578,11367
6939,11368
6940,11369
6941,11370
6942,11371
581,11372
6943,11373
6944,11374
6945,11375
6214,11376
4840,11377
4840,11378
593,11379
4054,11380
595,11381
6946,11382
5525,11383
5733,11384
4653,11385
84,11386
6947,11387
6100,11388
6948,11389
4655,11390
600,11391
601,11392
601,11393
601,11394
6949,11395
6950,11396
2223,11397
6951,11398
6562,11399
613,11400
4060,11401
3726,11402
6952,11403
6953,11404
6954,11405
6955,11406
6956,11407
6956,11408
6957,11409
1845,11410
6958,11411
1847,11412
2751,11413
2751,11414
635,11415
6959,11416
6960,11417
6961,11418
6720,11419
642,11420
642,11421
6962,11422
1462,11423
1462,11424
6963,11425
5396,11426
6964,11427
6965,11428
6966,11429
6967,11430
6108,11431
218,11432
6968,11433
6969,11434
6109,11435
2758,11436
3742,11437
6970,11438
6110,11439
3091,11440
2254,11441
6971,11442
1469,11443
1469,11444
660,11445
6972,11446
6973,11447
6974,11448
4103,11449
6284,11450
2762,11451
4105,11452
6975,11453
6976,11454
6977,11455
6978,11456
671,11457
6979,11458
6979,11459
680,11460
6980,11461
6512,11462
2770,11463
683,11464
2775,11465
6981,11466
3361,11467
3362,11468
688,11469
4119,11470
6982,11471
4429,11472
1861,11473
691,11474
6983,11475
6984,11476
6984,11477
1150,11478
2280,11479
6985,11480
6986,11481
4434,11482
6987,11483
3110,11484
6988,11485
6989,11486
5950,11487
706,11488
707,11489
2793,11490
3374,11491
6990,11492
4888,11493
3584,11494
6628,11495
722,11496
723,11497
6611,11498
6991,11499
6992,11500
6993,11501
3588,11502
734,11503
6994,11504
6335,11505
4443,11506
3763,11507
6995,11508
6996,11509
6997,11510
5961,11511
6998,11512
4902,11513
3767,11514
3377,11515
761,11516
6999,11517
4907,11518
4907,11519
3131,11520
7000,11521
5224,11522
6734,11523
7001,11524
7002,11525
7003,11526
7003,11527
5966,11528
6128,11529
2308,11530
4558,11531
1509,11532
1512,11533
7004,11534
7005,11535
788,11536
788,11537
6457,11538
7006,11539
7007,11540
6462,11541
6177,11542
7008,11543
7009,11544
807,11545
2000,11546
7010,11547
2831,11548
2831,11549
3858,11550
820,11551
7011,11552
3144,11553
821,11554
7012,11555
7013,11556
1890,11557
1890,11558
2837,11559
7014,11560
7015,11561
3146,11562
3146,11563
7016,11564
7017,11565
7018,11566
7019,11567
841,11568
6748,11569
7020,11570
7021,11571
7022,11572
6749,11573
7023,11574
6142,11575
857,11576
4472,11577
7024,11578
7025,11579
7026,11580
239,11581
7027,11582
5350,11583
5350,11584
3789,11585
240,11586
6304,11587
7028,11588
7029,11589
7030,11590
7031,11591
878,11592
884,11593
244,11594
3161,11595
3417,11596
7032,11597
2363,11598
4951,11599
133,11600
7033,11601
7034,11602
1247,11603
7035,11604
6633,11605
7036,11606
7037,11607
4214,11608
4303,11609
7038,11610
7039,11611
4959,11612
4959,11613
1249,11614
7040,11615
4219,11616
135,11617
908,11618
1916,11619
2378,11620
7041,11621
7042,11622
3622,11623
1920,11624
6634,11625
7043,11626
7044,11627
7045,11628
6042,11629
7046,11630
7047,11631
7048,11632
7049,11633
7049,11634
6000,11635
7050,11636
4234,11637
1585,11638
7051,11639
6595,11640
7052,11641
7053,11642
937,11643
938,11644
7054,11645
3626,11646
7055,11647
7056,11648
7057,11649
7058,11650
2396,11651
7059,11652
1591,11653
952,11654
7060,11655
7061,11656
6487,11657
6005,11658
958,11659
249,11660
2402,11661
6488,11662
7062,11663
7062,11664
980,11665
7063,11666
4249,11667
7064,11668
7065,11669
2424,11670
1003,11671
1004,11672
7066,11673
2427,11674
1012,11675
3638,11676
7067,11677
1618,11678
6248,11679
7068,11680
2895,11681
7069,11682
1623,11683
2902,11684
7070,11685
7071,11686
7072,11687
7073,11688
6250,11689
7074,11690
7075,11691
1072,11692
7076,11693
7077,11694
7077,11695
3826,11696
7078,11697
7079,11698
5828,11699
5182,11700
7080,11701
7081,11702
7081,11703
1093,11704
7082,11705
4566,11706
1689,11707
7083,11708
7084,11709
3246,11710
7085,11711
12962,11712
496,11713
7087,11714
7088,11715
5930,11716
7089,11717
5129,11718
3757,11719
3760,11720
7090,11721
3380,11722
775,11723
7091,11724
828,11725
1900,11726
7092,11727
131,11728
7093,11729
7094,11730
7095,11731
1622,11732
3199,11733
7078,11734
7096,11735
6869,11736
7097,11737
7098,11738
7099,11739
7100,11740
7101,11741
1369,11742
472,11743
7102,11744
7103,11745
573,11746
7104,11747
7105,11748
7106,11749
1843,11750
7107,11751
3572,11752
3572,11753
7108,11754
7109,11755
7110,11756
7111,11757
7112,11758
101,11759
2794,11760
7113,11761
746,11762
4915,11763
6175,11764
7114,11765
6793,11766
7115,11767
885,11768
895,11769
932,11770
4728,11771
7116,11772
7117,11773
1261,11774
6251,11775
7118,11776
3216,11777
5571,11778
7119,11779
2575,11780
1690,11781
7120,11782
7121,11783
3505,11784
3978,11785
7122,11786
1656,11787
6914,11788
7123,11789
1413,11790
7124,11791
7125,11792
7126,11793
5340,11794
4861,11795
7127,11796
3376,11797
7128,11798
7128,11799
7129,11800
7130,11801
7131,11802
3800,11803
3620,11804
5999,11805
4496,11806
7132,11807
6027,11808
1092,11809
2299,11810
2964,11811
323,11812
6377,11813
7133,11814
38,11815
7134,11816
7135,11817
4810,11818
1413,11819
2197,11820
206,11821
7136,11822
7137,11823
7138,11824
7139,11825
7140,11826
2508,11827
603,11828
7141,11829
5952,11830
3128,11831
7142,11832
7143,11833
2840,11834
871,11835
2366,11836
937,11837
943,11838
7144,11839
5178,11840
7145,11841
7146,11842
1259,11843
6162,11844
7147,11845
4311,11846
7148,11847
5030,11848
7149,11849
7150,11850
7150,11851
1131,11852
7151,11853
3950,11854
1750,11855
40,11856
4355,11857
7152,11858
7135,11859
3695,11860
5197,11861
483,11862
7153,11863
7154,11864
60,11865
7155,11866
7156,11867
7157,11868
7158,11869
2729,11870
2730,11871
7159,11872
7160,11873
1953,11874
3567,11875
7161,11876
4076,11877
89,11878
2250,11879
2250,11880
657,11881
7162,11882
662,11883
7163,11884
5752,11885
674,11886
220,11887
7164,11888
713,11889
7165,11890
7165,11891
1502,11892
7166,11893
5026,11894
7167,11895
1509,11896
7168,11897
6230,11898
799,11899
7169,11900
7170,11901
2554,11902
4473,11903
7171,11904
872,11905
1667,11906
7172,11907
1577,11908
7173,11909
4968,11910
3623,11911
7174,11912
7175,11913
7176,11914
6772,11915
6024,11916
7076,11917
7177,11918
6317,11919
5827,11920
7178,11921
7179,11922
7180,11923
7181,11924
4305,11925
5373,11926
5373,11927
7182,11928
1558,11929
5354,11930
5276,11931
3228,11932
7183,11933
179,11934
3241,11935
3465,11936
1311,11937
2091,11938
7184,11939
6386,11940
3954,11941
7185,11942
6621,11943
7186,11944
7187,11945
2168,11946
497,11947
2181,11948
7188,11949
7189,11950
1211,11951
7190,11952
7191,11953
7192,11954
7193,11955
2477,11956
6990,11957
749,11958
7194,11959
1518,11960
7195,11961
125,11962
7196,11963
7197,11964
7198,11965
7199,11966
7200,11967
7201,11968
4983,11969
6153,11970
7202,11971
7203,11972
7204,11973
7205,11974
1049,11975
7206,11976
4276,11977
273,11978
10,11979
2046,11980
3482,11981
7207,11982
7208,11983
1764,11984
7209,11985
6540,11986
7210,11987
7211,11988
7212,11989
7213,11990
5342,11991
7214,11992
4107,11993
7215,11994
5959,11995
7216,11996
2353,11997
2854,11998
7217,11999
878,12000
7218,12001
7219,12002
7220,12003
1083,12004
7221,12005
1671,12006
4565,12007
7222,12008
2038,12009
7223,12010
1689,12011
1292,12012
2055,12013
3903,12014
3913,12015
7224,12016
6370,12017
360,12018
2092,12019
7225,12020
7226,12021
7227,12022
3500,12023
7228,12024
6077,12025
7229,12026
7230,12027
444,12028
40,12029
7231,12030
7232,12031
1207,12032
7233,12033
7234,12034
7234,12035
2500,12036
1386,12037
7235,12038
7236,12039
3517,12040
4366,12041
1104,12042
7237,12043
7238,12044
7239,12045
1783,12046
2691,12047
7240,12048
7241,12049
5430,12050
7242,12051
2197,12052
7243,12053
209,12054
570,12055
7244,12056
1820,12057
2726,12058
3068,12059
4653,12060
7245,12061
7246,12062
3080,12063
7247,12064
2246,12065
7248,12066
2758,12067
7249,12068
7250,12069
7251,12070
4882,12071
2941,12072
716,12073
6292,12074
7252,12075
3763,12076
736,12077
7253,12078
4151,12079
7003,12080
7254,12081
6176,12082
117,12083
5439,12084
7169,12085
7255,12086
7256,12087
7257,12088
7258,12089
7259,12090
7260,12091
7261,12092
5484,12093
7262,12094
7263,12095
7264,12096
7265,12097
7266,12098
7267,12099
878,12100
885,12101
886,12102
7268,12103
7269,12104
7270,12105
3802,12106
4959,12107
7271,12108
7272,12109
5998,12110
7273,12111
7274,12112
7275,12113
7276,12114
4994,12115
7277,12116
7278,12117
7279,12118
7280,12119
1670,12120
7281,12121
1060,12122
7282,12123
7283,12124
7179,12125
1083,12126
1177,12127
3870,12128
3,12129
7284,12130
2956,12131
287,12132
7285,12133
1281,12134
7286,12135
7287,12136
7288,12137
5185,12138
7289,12139
1693,12140
7290,12141
1699,12142
5304,12143
1304,12144
3490,12145
324,12146
325,12147
325,12148
325,12149
6659,12150
1312,12151
4765,12152
2071,12153
330,12154
1127,12155
7291,12156
7292,12157
7293,12158
2084,12159
7294,12160
2086,12161
357,12162
7295,12163
2630,12164
2630,12165
2087,12166
363,12167
365,12168
365,12169
6526,12170
6377,12171
1130,12172
1336,12173
7296,12174
7297,12175
1342,12176
7298,12177
7299,12178
1344,12179
1727,12180
6386,12181
389,12182
390,12183
5154,12184
1733,12185
1362,12186
1362,12187
1362,12188
3263,12189
5876,12190
3508,12191
3508,12192
7300,12193
7301,12194
1741,12195
416,12196
7302,12197
1367,12198
1367,12199
1368,12200
421,12201
6680,12202
5694,12203
3980,12204
451,12205
6393,12206
7303,12207
4361,12208
7304,12209
465,12210
51,12211
3018,12212
7305,12213
1768,12214
4632,12215
7306,12216
3021,12217
2165,12218
7307,12219
4812,12220
3993,12221
1400,12222
1104,12223
1138,12224
7308,12225
7123,12226
7309,12227
513,12228
513,12229
7310,12230
1784,12231
521,12232
3540,12233
527,12234
528,12235
4390,12236
2695,12237
7311,12238
3309,12239
7312,12240
1423,12241
1792,12242
7313,12243
5209,12244
7314,12245
3318,12246
7315,12247
4830,12248
4830,12249
7316,12250
7317,12251
7317,12252
7318,12253
3550,12254
207,12255
6092,12256
7319,12257
5469,12258
7320,12259
2706,12260
4037,12261
2717,12262
7321,12263
582,12264
587,12265
4054,12266
6559,12267
7322,12268
604,12269
7323,12270
7324,12271
7324,12272
1265,12273
4059,12274
1836,12275
2226,12276
1838,12277
7325,12278
7326,12279
7327,12280
7328,12281
641,12282
646,12283
7329,12284
7330,12285
6968,12286
653,12287
4098,12288
659,12289
7331,12290
7332,12291
3099,12292
2778,12293
687,12294
220,12295
7333,12296
7334,12297
2789,12298
3757,12299
3375,12300
4134,12301
1112,12302
5613,12303
7335,12304
7336,12305
4148,12306
4148,12307
5293,12308
7001,12309
7337,12310
3135,12311
3135,12312
1998,12313
7338,12314
7339,12315
7340,12316
1161,12317
7341,12318
125,12319
3397,12320
1162,12321
7342,12322
7343,12323
7344,12324
3406,12325
1242,12326
1548,12327
7345,12328
5237,12329
4197,12330
7346,12331
7346,12332
7347,12333
3410,12334
7348,12335
6794,12336
7349,12337
7350,12338
3154,12339
1904,12340
1904,12341
1561,12342
1565,12343
7351,12344
7352,12345
2361,12346
4484,12347
7353,12348
7354,12349
4956,12350
902,12351
904,12352
7355,12353
7356,12354
7357,12355
7358,12356
4227,12357
5249,12358
7359,12359
2397,12360
4731,12361
7060,12362
7360,12363
7361,12364
7362,12365
3630,12366
7363,12367
7364,12368
7365,12369
7366,12370
2018,12371
4250,12372
7367,12373
1173,12374
7368,12375
5822,12376
7369,12377
2897,12378
5492,12379
7370,12380
7371,12381
1632,12382
4736,12383
7372,12384
7373,12385
6504,12386
1072,12387
2450,12388
4282,12389
4282,12390
6181,12391
2912,12392
7374,12393
3832,12394
7375,12395
7376,12396
2150,12397
6723,12398
7377,12399
7378,12400
7379,12401
7380,12402
3470,12403
3215,12404
7381,12405
7382,12406
7383,12407
2046,12408
2046,12409
1688,12410
7384,12411
4756,12412
7385,12413
7386,12414
5652,12415
7387,12416
5456,12417
7388,12418
7389,12419
7389,12420
7390,12421
3486,12422
7391,12423
7392,12424
7393,12425
2965,12426
3660,12427
324,12428
6878,12429
326,12430
2610,12431
7394,12432
4765,12433
4766,12434
1127,12435
337,12436
1324,12437
3247,12438
7395,12439
7396,12440
1326,12441
7397,12442
7398,12443
7398,12444
2630,12445
362,12446
4590,12447
1336,12448
7399,12449
28,12450
28,12451
28,12452
28,12453
28,12454
7400,12455
7400,12456
372,12457
1343,12458
375,12459
379,12460
5045,12461
5680,12462
2637,12463
390,12464
7401,12465
7402,12466
1363,12467
7403,12468
7404,12469
5048,12470
7405,12471
7406,12472
1367,12473
6077,12474
37,12475
4550,12476
6680,12477
5052,12478
5427,12479
6264,12480
40,12481
7231,12482
7152,12483
1378,12484
49,12485
467,12486
7407,12487
1391,12488
7408,12489
6916,12490
1400,12491
1403,12492
495,12493
7409,12494
7410,12495
513,12496
515,12497
7411,12498
1419,12499
4018,12500
3309,12501
6547,12502
541,12503
5912,12504
4024,12505
76,12506
6092,12507
551,12508
7412,12509
7413,12510
559,12511
7157,12512
611,12513
6860,12514
7414,12515
5738,12516
7415,12517
7416,12518
3341,12519
7417,12520
630,12521
7418,12522
2752,12523
89,12524
644,12525
7419,12526
646,12527
6842,12528
7420,12529
2758,12530
653,12531
4860,12532
1853,12533
2762,12534
99,12535
3352,12536
2258,12537
4866,12538
686,12539
693,12540
7421,12541
6221,12542
2786,12543
2787,12544
4436,12545
7422,12546
6357,12547
2799,12548
5568,12549
3123,12550
3124,12551
3376,12552
6229,12553
7423,12554
3377,12555
112,12556
5224,12557
7424,12558
4153,12559
7425,12560
6454,12561
6454,12562
785,12563
7426,12564
7427,12565
125,12566
7428,12567
827,12568
7429,12569
7430,12570
3150,12571
5403,12572
7431,12573
857,12574
237,12575
3608,12576
7432,12577
7433,12578
862,12579
3153,12580
2008,12581
871,12582
7434,12583
4709,12584
1906,12585
884,12586
7435,12587
5092,12588
7353,12589
7436,12590
4487,12591
1578,12592
245,12593
7437,12594
7438,12595
1252,12596
4975,12597
5360,12598
5360,12599
7439,12600
2400,12601
6004,12602
7440,12603
5177,12604
2889,12605
7441,12606
4520,12607
1172,12608
6014,12609
7442,12610
1023,12611
7443,12612
6498,12613
7444,12614
7445,12615
5009,12616
1260,12617
7446,12618
7373,12619
7447,12620
4281,12621
5638,12622
4540,12623
7448,12624
1086,12625
1947,12626
7449,12627
7450,12628
7451,12629
7452,12630
2745,12631
7453,12632
7454,12633
5435,12634
7455,12635
7368,12636
1124,12637
1124,12638
7456,12639
177,12640
7457,12641
1127,12642
7458,12643
7459,12644
5425,12645
7460,12646
5516,12647
6683,12648
7461,12649
1420,12650
2185,12651
3545,12652
3545,12653
7462,12654
7463,12655
5123,12656
2712,12657
7464,12658
3573,12659
6626,12660
2784,12661
732,12662
7465,12663
761,12664
7003,12665
7466,12666
7467,12667
7468,12668
7469,12669
7470,12670
7471,12671
6633,12672
7472,12673
7473,12674
2560,12675
7474,12676
4260,12677
4260,12678
7475,12679
4274,12680
2443,12681
7476,12682
6908,12683
3224,12684
7477,12685
7478,12686
7479,12687
7480,12688
3246,12689
3497,12690
403,12691
2145,12692
1760,12693
2500,12694
51,12695
4363,12696
7481,12697
1209,12698
539,12699
7482,12700
6095,12701
3329,12702
4054,12703
1823,12704
1454,12705
6625,12706
6441,12707
2271,12708
3107,12709
6117,12710
737,12711
751,12712
7483,12713
7484,12714
7485,12715
859,12716
7486,12717
7487,12718
883,12719
7488,12720
5812,12721
7489,12722
7490,12723
3179,12724
5562,12725
1258,12726
5259,12727
7491,12728
5827,12729
7492,12730
7493,12731
2916,12732
1094,12733
7494,12734
7495,12735
7496,12736
2569,12737
1673,12738
1185,12739
4292,12740
4320,12741
1299,12742
3491,12743
2071,12744
2074,12745
7497,12746
7498,12747
7499,12748
6374,12749
7500,12750
2990,12751
7501,12752
3276,12753
7502,12754
1379,12755
7503,12756
1382,12757
7504,12758
1105,12759
521,12760
2185,12761
1802,12762
4398,12763
4398,12764
2938,12765
7505,12766
4652,12767
3342,12768
7506,12769
663,12770
7507,12771
4882,12772
1155,12773
7508,12774
3376,12775
7509,12776
7509,12777
7509,12778
7509,12779
7509,12780
7509,12781
7510,12782
1999,12783
3143,12784
7511,12785
6851,12786
7512,12787
7513,12788
243,12789
2558,12790
7514,12791
1591,12792
5409,12793
5363,12794
2415,12795
5019,12796
7515,12797
7516,12798
1382,12799
5711,12800
4882,12801
4306,12802
4306,12803
7517,12804
1281,12805
7518,12806
5495,12807
7519,12808
300,12809
7520,12810
7387,12811
6186,12812
7521,12813
7522,12814
3490,12815
4762,12816
2608,12817
7523,12818
7524,12819
7525,12820
3916,12821
7526,12822
367,12823
7527,12824
1342,12825
4600,12826
7528,12827
6077,12828
7529,12829
4794,12830
5052,12831
7530,12832
7531,12833
7532,12834
7533,12835
2650,12836
7534,12837
7535,12838
1206,12839
3693,12840
2149,12841
4802,12842
7536,12843
469,12844
470,12845
5699,12846
475,12847
7537,12848
1395,12849
7182,12850
1776,12851
1794,12852
71,12853
5066,12854
546,12855
7538,12856
7538,12857
207,12858
7539,12859
2201,12860
1983,12861
7540,12862
7541,12863
7542,12864
7543,12865
1452,12866
5071,12867
7544,12868
653,12869
7545,12870
6286,12871
1859,12872
2776,12873
687,12874
2789,12875
3376,12876
7546,12877
171,12878
7547,12879
7548,12880
2322,12881
7549,12882
7428,12883
2335,12884
5982,12885
1546,12886
7550,12887
7551,12888
7350,12889
7552,12890
6304,12891
878,12892
886,12893
920,12894
7553,12895
7554,12896
3171,12897
1591,12898
7555,12899
7556,12900
7557,12901
7557,12902
2901,12903
3445,12904
7558,12905
3642,12906
7179,12907
7559,12908
7560,12909
2064,12910
7297,12911
3673,12912
4931,12913
3868,12914
275,12915
7561,12916
7562,12917
7563,12918
5028,12919
2038,12920
1682,12921
10,12922
7564,12923
7565,12924
7565,12925
7565,12926
5035,12927
7566,12928
5655,12929
5416,12930
7567,12931
7568,12932
3488,12933
2600,12934
7569,12935
15,12936
6321,12937
7570,12938
323,12939
324,12940
5661,12941
5662,12942
7571,12943
7572,12944
7524,12945
7573,12946
7574,12947
5857,12948
25,12949
2976,12950
1330,12951
7575,12952
365,12953
7184,12954
28,12955
28,12956
7576,12957
7577,12958
7578,12959
7579,12960
7580,12961
7581,12962
7582,12963
2639,12964
7583,12965
31,12966
5192,12967
400,12968
34,12969
7584,12970
1745,12971
7585,12972
7586,12973
7587,12974
7587,12975
7588,12976
7235,12977
1765,12978
6201,12979
1388,12980
6397,12981
1656,12982
7589,12983
3290,12984
6921,12985
7590,12986
4544,12987
7591,12988
524,12989
7592,12990
7593,12991
4016,12992
3713,12993
7594,12994
1211,12995
6210,12996
4027,12997
7595,12998
3550,12999
3550,13000
7596,13001
209,13002
7597,13003
7597,13004
7597,13005
7597,13006
2544,13007
2544,13008
3322,13009
1804,13010
3323,13011
6097,13012
7598,13013
5917,13014
7599,13015
4405,13016
4406,13017
7600,13018
6215,13019
3068,13020
7601,13021
1987,13022
1987,13023
216,13024
7602,13025
1462,13026
7603,13027
7604,13028
3357,13029
3357,13030
7605,13031
7112,13032
5290,13033
2787,13034
7606,13035
7607,13036
7608,13037
7608,13038
720,13039
722,13040
6225,13041
6293,13042
7609,13043
2803,13044
7610,13045
7611,13046
5130,13047
7612,13048
6999,13049
4907,13050
7613,13051
2305,13052
7614,13053
4908,13054
7615,13055
7616,13056
7617,13057
7618,13058
5971,13059
7619,13060
5347,13061
7620,13062
7621,13063
7622,13064
7623,13065
7428,13066
7624,13067
7625,13068
1554,13069
866,13070
4477,13071
242,13072
4204,13073
878,13074
7034,13075
7034,13076
5243,13077
5243,13078
7626,13079
3801,13080
7627,13081
7628,13082
7629,13083
7630,13084
7631,13085
7632,13086
3422,13087
7633,13088
2386,13089
7634,13090
7635,13091
4502,13092
2397,13093
4504,13094
7636,13095
7637,13096
7638,13097
7638,13098
7639,13099
7640,13100
7641,13101
7642,13102
7643,13103
7644,13104
4253,13105
7645,13106
7368,13107
7646,13108
7647,13109
7648,13110
7649,13111
7650,13112
1617,13113
1617,13114
2433,13115
6498,13116
4265,13117
7279,13118
7651,13119
3201,13120
7652,13121
3446,13122
7653,13123
7654,13124
2324,13125
7655,13126
7656,13127
1270,13128
7657,13129
1675,13130
7658,13131
7659,13132
260,13133
7660,13134
7661,13135
275,13136
7662,13137
7663,13138
7664,13139
7665,13140
7666,13141
284,13142
7667,13143
2578,13144
7668,13145
7669,13146
6650,13147
7670,13148
2046,13149
2046,13150
2046,13151
2046,13152
2046,13153
1688,13154
3841,13155
7671,13156
3897,13157
3231,13158
7672,13159
7673,13160
6826,13161
2595,13162
2055,13163
1294,13164
1295,13165
2058,13166
7674,13167
7675,13168
5579,13169
13,13170
323,13171
325,13172
5851,13173
2609,13174
7676,13175
5662,13176
7677,13177
7678,13178
4767,13179
1127,13180
1127,13181
7679,13182
7680,13183
1316,13184
7681,13185
341,13186
6367,13187
1321,13188
7682,13189
7683,13190
7684,13191
5860,13192
7685,13193
7686,13194
2086,13195
7687,13196
7688,13197
362,13198
1333,13199
366,13200
366,13201
4780,13202
3497,13203
1338,13204
7689,13205
7690,13206
28,13207
28,13208
28,13209
28,13210
371,13211
2096,13212
7691,13213
7692,13214
7693,13215
377,13216
7581,13217
2988,13218
3256,13219
7694,13220
6262,13221
3259,13222
7695,13223
7696,13224
7697,13225
191,13226
403,13227
3952,13228
3955,13229
2498,13230
7698,13231
3264,13232
7699,13233
5194,13234
2130,13235
7700,13236
5314,13237
1744,13238
3966,13239
7701,13240
3691,13241
7702,13242
7703,13243
7704,13244
7705,13245
7706,13246
6681,13247
3977,13248
3277,13249
2652,13250
42,13251
7503,13252
7707,13253
7708,13254
1386,13255
1386,13256
464,13257
6395,13258
7709,13259
1387,13260
472,13261
3018,13262
7710,13263
7711,13264
7712,13265
7712,13266
3521,13267
4810,13268
5893,13269
7154,13270
492,13271
7713,13272
494,13273
7714,13274
502,13275
504,13276
7715,13277
4372,13278
6404,13279
7716,13280
7717,13281
7461,13282
7718,13283
513,13284
513,13285
514,13286
515,13287
7719,13288
6622,13289
7720,13290
3540,13291
7721,13292
7592,13293
3542,13294
7722,13295
4387,13296
7723,13297
7724,13298
7725,13299
7726,13300
2187,13301
7727,13302
4824,13303
7728,13304
3056,13305
75,13306
2699,13307
4028,13308
4397,13309
2542,13310
7729,13311
7730,13312
262,13313
3057,13314
4398,13315
2543,13316
7103,13317
7731,13318
7732,13319
3322,13320
1804,13321
5469,13322
1807,13323
7156,13324
4835,13325
7733,13326
79,13327
7734,13328
7735,13329
4646,13330
4043,13331
7736,13332
578,13333
11716,13334
6940,13335
1814,13336
7737,13337
7738,13338
1442,13339
4840,13340
7739,13341
593,13342
594,13343
595,13344
7740,13345
6215,13346
7741,13347
1822,13348
7742,13349
7743,13350
1951,13351
84,13352
2731,13353
3069,13354
3070,13355
600,13356
7213,13357
2223,13358
7744,13359
3726,13360
6278,13361
5071,13362
7745,13363
7746,13364
7747,13365
622,13366
7748,13367
7749,13368
7750,13369
7751,13370
6715,13371
4850,13372
5744,13373
7752,13374
7753,13375
636,13376
636,13377
4080,13378
2241,13379
642,13380
642,13381
1462,13382
2755,13383
5931,13384
7754,13385
7755,13386
7756,13387
7757,13388
2245,13389
3089,13390
7758,13391
6511,13392
6286,13393
7759,13394
7760,13395
3359,13396
2779,13397
7761,13398
7762,13399
7763,13400
4433,13401
7764,13402
5290,13403
2787,13404
3583,13405
7765,13406
7766,13407
7767,13408
6627,13409
5529,13410
2793,13411
7768,13412
223,13413
7113,13414
7769,13415
727,13416
727,13417
7770,13418
7771,13419
7772,13420
5083,13421
7773,13422
3123,13423
3376,13424
737,13425
3589,13426
7774,13427
7775,13428
7776,13429
7777,13430
756,13431
7778,13432
6174,13433
3128,13434
3128,13435
7779,13436
5532,13437
7780,13438
4908,13439
7781,13440
778,13441
4153,13442
2308,13443
6130,13444
2311,13445
4916,13446
4917,13447
6454,13448
3384,13449
7782,13450
7783,13451
6232,13452
7784,13453
123,13454
2329,13455
3396,13456
7785,13457
7786,13458
7787,13459
7788,13460
6743,13461
7789,13462
6238,13463
837,13464
2554,13465
7019,13466
7262,13467
4187,13468
7790,13469
7791,13470
2847,13471
7792,13472
7793,13473
4706,13474
6144,13475
7794,13476
7795,13477
5351,13478
7796,13479
3156,13480
7797,13481
7798,13482
4206,13483
878,13484
7799,13485
244,13486
7800,13487
7801,13488
7802,13489
7803,13490
5445,13491
7804,13492
3798,13493
7805,13494
7806,13495
7807,13496
7808,13497
898,13498
5446,13499
4960,13500
7809,13501
7810,13502
5551,13503
6041,13504
908,13505
7811,13506
4223,13507
7812,13508
5812,13509
7813,13510
7047,13511
925,13512
6594,13513
937,13514
937,13515
7814,13516
7815,13517
7816,13518
3424,13519
946,13520
7817,13521
7818,13522
3811,13523
5102,13524
1117,13525
2876,13526
957,13527
958,13528
7819,13529
7820,13530
971,13531
2885,13532
7821,13533
7822,13534
979,13535
1605,13536
2415,13537
4247,13538
7823,13539
7824,13540
7824,13541
989,13542
7825,13543
3635,13544
999,13545
3436,13546
7826,13547
4522,13548
1017,13549
1017,13550
7827,13551
7828,13552
1617,13553
2433,13554
4526,13555
7829,13556
7830,13557
7831,13558
1629,13559
4270,13560
2441,13561
1632,13562
7832,13563
2493,13564
7833,13565
7834,13566
4533,13567
7835,13568
7836,13569
7837,13570
7838,13571
169,13572
7839,13573
7840,13574
1092,13575
7841,13576
4542,13577
7842,13578
2460,13579
4740,13580
7843,13581
7844,13582
7845,13583
7845,13584
7846,13585
4206,13586
3867,13587
7847,13588
3649,13589
6862,13590
4308,13591
7848,13592
7849,13593
7850,13594
2034,13595
7561,13596
2953,13597
1123,13598
7851,13599
3223,13600
7852,13601
2036,13602
2576,13603
7853,13604
3224,13605
3224,13606
5150,13607
2038,13608
6801,13609
1682,13610
3881,13611
3882,13612
1683,13613
284,13614
7854,13615
5030,13616
7855,13617
287,13618
1281,13619
7856,13620
5502,13621
1686,13622
7857,13623
7858,13624
5574,13625
7456,13626
7859,13627
5276,13628
5503,13629
3895,13630
7860,13631
2046,13632
7861,13633
7862,13634
7862,13635
1286,13636
1286,13637
2960,13638
1689,13639
7863,13640
7864,13641
7865,13642
2588,13643
179,13644
7387,13645
7866,13646
7867,13647
5846,13648
3656,13649
2053,13650
6615,13651
3900,13652
3233,13653
5036,13654
2595,13655
2595,13656
2595,13657
2595,13658
2055,13659
2055,13660
7868,13661
1695,13662
7869,13663
7870,13664
1295,13665
310,13666
310,13667
310,13668
310,13669
310,13670
2058,13671
3236,13672
2060,13673
7871,13674
313,13675
4546,13676
7872,13677
4580,13678
7873,13679
1699,13680
13,13681
13,13682
13,13683
7874,13684
7874,13685
6657,13686
7875,13687
7875,13688
324,13689
324,13690
324,13691
7876,13692
3905,13693
2611,13694
2611,13695
7676,13696
1193,13697
7677,13698
7877,13699
2070,13700
328,13701
330,13702
7878,13703
4325,13704
7572,13705
1127,13706
1127,13707
2971,13708
2076,13709
7879,13710
7524,13711
6187,13712
1709,13713
7880,13714
6367,13715
2617,13716
7881,13717
7882,13718
7883,13719
345,13720
345,13721
7884,13722
1324,13723
3247,13724
5508,13725
5508,13726
7885,13727
7886,13728
7887,13729
7888,13730
7889,13731
3917,13732
3494,13733
2978,13734
7890,13735
7891,13736
7892,13737
7893,13738
7894,13739
7895,13740
2628,13741
3923,13742
362,13743
362,13744
362,13745
2980,13746
2980,13747
2980,13748
2633,13749
2633,13750
1130,13751
7896,13752
3497,13753
6378,13754
367,13755
367,13756
367,13757
367,13758
367,13759
1338,13760
7897,13761
7898,13762
7898,13763
7898,13764
28,13765
28,13766
28,13767
28,13768
28,13769
28,13770
3254,13771
1342,13772
7899,13773
3932,13774
7900,13775
1965,13776
376,13777
5675,13778
6381,13779
7580,13780
377,13781
3674,13782
7901,13783
1201,13784
5680,13785
7581,13786
7581,13787
5115,13788
7902,13789
2988,13790
3256,13791
7903,13792
386,13793
7904,13794
7905,13795
7906,13796
7907,13797
5190,13798
5190,13799
2114,13800
6823,13801
7908,13802
3944,13803
1734,13804
6195,13805
7909,13806
7910,13807
4612,13808
1363,13809
7911,13810
2498,13811
3263,13812
6676,13813
5687,13814
6530,13815
7912,13816
411,13817
3508,13818
7913,13819
7914,13820
7915,13821
7916,13822
7917,13823
35,13824
7918,13825
7919,13826
2645,13827
7920,13828
7921,13829
7922,13830
7923,13831
7924,13832
5426,13833
7925,13834
1743,13835
7926,13836
3511,13837
6254,13838
3968,13839
7927,13840
7928,13841
4798,13842
7230,13843
1652,13844
444,13845
7929,13846
7929,13847
7930,13848
5883,13849
5516,13850
448,13851
7931,13852
7932,13853
7933,13854
1378,13855
1378,13856
41,13857
42,13858
2147,13859
2147,13860
7934,13861
7935,13862
451,13863
3005,13864
1206,13865
7232,13866
7936,13867
2150,13868
1382,13869
1762,13870
7937,13871
7938,13872
4802,13873
44,13874
44,13875
1101,13876
6683,13877
6683,13878
2500,13879
2500,13880
3009,13881
3698,13882
7939,13883
3013,13884
7940,13885
7941,13886
48,13887
6395,13888
2658,13889
2658,13890
3016,13891
3016,13892
3016,13893
3016,13894
3016,13895
3282,13896
1387,13897
467,13898
50,13899
1765,13900
7942,13901
5698,13902
7943,13903
7944,13904
472,13905
474,13906
1975,13907
3984,13908
7945,13909
1389,13910
6686,13911
7481,13912
7946,13913
7947,13914
3523,13915
7948,13916
3525,13917
489,13918
7949,13919
2669,13920
2168,13921
3528,13922
7950,13923
1403,13924
60,13925
3703,13926
7951,13927
1209,13928
3032,13929
3999,13930
7238,13931
7238,13932
7238,13933
5059,13934
3035,13935
506,13936
1780,13937
5897,13938
7952,13939
7953,13940
7954,13941
509,13942
4006,13943
7955,13944
2178,13945
7716,13946
7956,13947
3040,13948
7957,13949
3041,13950
7958,13951
7959,13952
4639,13953
4639,13954
1783,13955
1783,13956
516,13957
516,13958
2181,13959
519,13960
1418,13961
2937,13962
2691,13963
1784,13964
2692,13965
2470,13966
3542,13967
4384,13968
7960,13969
7961,13970
2184,13971
2184,13972
4387,13973
527,13974
7962,13975
2694,13976
7963,13977
7964,13978
7965,13979
7966,13980
4018,13981
4018,13982
4018,13983
7967,13984
7968,13985
3543,13986
5715,13987
3310,13988
3713,13989
7969,13990
7970,13991
3714,13992
7971,13993
7972,13994
7973,13995
5065,13996
5065,13997
7974,13998
1794,13999
1794,14000
3313,14001
5910,14002
7975,14003
7728,14004
2540,14005
2540,14006
7976,14007
4025,14008
1795,14009
1797,14010
7977,14011
6091,14012
3318,14013
3318,14014
7978,14015
1142,14016
7979,14017
7980,14018
7981,14019
7732,14020
7982,14021
1804,14022
1804,14023
7983,14024
7984,14025
7985,14026
558,14027
7986,14028
1215,14029
7987,14030
7988,14031
1216,14032
4038,14033
4836,14034
7989,14035
6935,14036
2927,14037
2927,14038
2711,14039
2712,14040
572,14041
1983,14042
2717,14043
2717,14044
7736,14045
577,14046
2213,14047
2215,14048
582,14049
7990,14050
1442,14051
1442,14052
7991,14053
7992,14054
7993,14055
7994,14056
7995,14057
2939,14058
7996,14059
2722,14060
7997,14061
593,14062
7998,14063
7999,14064
6328,14065
8000,14066
1821,14067
2726,14068
2726,14069
6558,14070
8001,14071
3334,14072
1985,14073
8002,14074
1824,14075
2221,14076
84,14077
4298,14078
4056,14079
3070,14080
600,14081
8003,14082
8004,14083
8005,14084
8006,14085
6860,14086
8007,14087
5925,14088
618,14089
8008,14090
8009,14091
8010,14092
4660,14093
8011,14094
7161,14095
4070,14096
8012,14097
8013,14098
8014,14099
5272,14100
3078,14101
3079,14102
2751,14103
2751,14104
5339,14105
8015,14106
8016,14107
8017,14108
6719,14109
4084,14110
91,14111
1460,14112
8018,14113
642,14114
4086,14115
8019,14116
7419,14117
646,14118
2244,14119
8020,14120
3574,14121
8021,14122
1464,14123
4857,14124
4857,14125
2247,14126
8022,14127
3348,14128
8023,14129
5937,14130
2252,14131
656,14132
8024,14133
6843,14134
8025,14135
1469,14136
1469,14137
8026,14138
660,14139
8027,14140
4103,14141
1472,14142
3354,14143
8028,14144
5610,14145
672,14146
674,14147
8029,14148
8030,14149
5753,14150
5753,14151
2267,14152
4674,14153
4674,14154
3359,14155
4114,14156
8031,14157
4115,14158
4116,14159
8032,14160
8033,14161
8034,14162
8035,14163
2779,14164
8036,14165
7112,14166
4118,14167
1149,14168
8037,14169
1478,14170
8038,14171
8038,14172
101,14173
8039,14174
699,14175
8040,14176
8041,14177
8042,14178
6989,14179
8043,14180
8044,14181
5949,14182
2787,14183
2787,14184
2787,14185
1864,14186
8045,14187
8046,14188
717,14189
8047,14190
8048,14191
719,14192
8049,14193
5766,14194
5766,14195
8050,14196
723,14197
1497,14198
8051,14199
8052,14200
225,14201
8053,14202
226,14203
3121,14204
8054,14205
5958,14206
3123,14207
3124,14208
4140,14209
108,14210
3376,14211
3376,14212
6447,14213
1228,14214
1228,14215
8055,14216
4144,14217
8056,14218
7253,14219
7776,14220
1996,14221
8057,14222
8058,14223
8059,14224
756,14225
8060,14226
3128,14227
2299,14228
761,14229
8061,14230
2303,14231
7510,14232
5772,14233
2813,14234
773,14235
8062,14236
1881,14237
8063,14238
6128,14239
6128,14240
6128,14241
2308,14242
4558,14243
1509,14244
4912,14245
782,14246
3382,14247
1511,14248
8064,14249
8065,14250
8065,14251
5776,14252
8066,14253
786,14254
6581,14255
1515,14256
1515,14257
1998,14258
2314,14259
8067,14260
8068,14261
791,14262
1519,14263
3596,14264
8069,14265
1885,14266
1885,14267
6629,14268
7339,14269
7618,14270
7618,14271
8070,14272
8071,14273
3387,14274
4162,14275
801,14276
3389,14277
8072,14278
8072,14279
4459,14280
804,14281
8073,14282
8074,14283
8075,14284
8076,14285
2831,14286
2831,14287
125,14288
5441,14289
5441,14290
8077,14291
1240,14292
1240,14293
7014,14294
6742,14295
4170,14296
827,14297
827,14298
6743,14299
828,14300
2335,14301
6138,14302
8078,14303
5619,14304
833,14305
8079,14306
5088,14307
837,14308
1897,14309
8080,14310
5982,14311
4181,14312
8081,14313
1899,14314
6748,14315
8082,14316
7430,14317
1900,14318
2517,14319
8083,14320
8084,14321
8085,14322
7469,14323
846,14324
8086,14325
8087,14326
3605,14327
4192,14328
6587,14329
1550,14330
237,14331
4471,14332
6301,14333
859,14334
859,14335
2346,14336
8088,14337
8089,14338
2005,14339
5791,14340
2347,14341
6302,14342
862,14343
8090,14344
7346,14345
8091,14346
3410,14347
8092,14348
4199,14349
6794,14350
5350,14351
1903,14352
7794,14353
8093,14354
7552,14355
4476,14356
8094,14357
8095,14358
3611,14359
8096,14360
8097,14361
871,14362
8098,14363
8099,14364
1563,14365
8100,14366
8100,14367
8101,14368
6591,14369
8102,14370
3159,14371
885,14372
887,14373
8103,14374
1909,14375
8104,14376
7034,14377
3799,14378
8105,14379
8106,14380
5355,14381
7805,14382
8107,14383
8108,14384
2370,14385
2370,14386
4486,14387
1570,14388
5095,14389
8109,14390
898,14391
4489,14392
901,14393
1573,14394
8110,14395
8110,14396
8111,14397
8112,14398
2374,14399
8113,14400
4962,14401
2376,14402
135,14403
135,14404
8114,14405
8115,14406
4493,14407
8116,14408
912,14409
1919,14410
918,14411
8117,14412
5811,14413
8118,14414
1921,14415
8119,14416
8120,14417
2380,14418
4968,14419
4968,14420
920,14421
8121,14422
5999,14423
4230,14424
8122,14425
4232,14426
7049,14427
7050,14428
4233,14429
8123,14430
937,14431
937,14432
937,14433
1116,14434
3424,14435
8124,14436
6483,14437
8125,14438
8126,14439
4504,14440
954,14441
8127,14442
248,14443
3177,14444
5408,14445
145,14446
7144,14447
8128,14448
958,14449
958,14450
5363,14451
8129,14452
8130,14453
7275,14454
8131,14455
7440,14456
8132,14457
8133,14458
8134,14459
6599,14460
7364,14461
5177,14462
5177,14463
5177,14464
8135,14465
8136,14466
2887,14467
4989,14468
8137,14469
8137,14470
987,14471
4513,14472
4250,14473
8138,14474
7064,14475
993,14476
1255,14477
8139,14478
8140,14479
8141,14480
2423,14481
5560,14482
5560,14483
1608,14484
8142,14485
8143,14486
5255,14487
1173,14488
8144,14489
2427,14490
8145,14491
8146,14492
8147,14493
8148,14494
2431,14495
1017,14496
1021,14497
8149,14498
3194,14499
8150,14500
5562,14501
1038,14502
1038,14503
6498,14504
8151,14505
2897,14506
1043,14507
1046,14508
2437,14509
2901,14510
2902,14511
7831,14512
3444,14513
8152,14514
3202,14515
8153,14516
2442,14517
8154,14518
8155,14519
1261,14520
1261,14521
8156,14522
8157,14523
7373,14524
8158,14525
3824,14526
6353,14527
256,14528
1072,14529
4281,14530
2910,14531
8159,14532
8160,14533
8161,14534
8162,14535
8163,14536
8164,14537
1644,14538
8165,14539
8166,14540
170,14541
3210,14542
3461,14543
1948,14544
1948,14545
3834,14546
2461,14547
3842,14548
6659,14549
6661,14550
8167,14551
8168,14552
2982,14553
6610,14554
6378,14555
401,14556
1386,14557
6395,14558
7154,14559
7182,14560
6692,14561
4380,14562
2687,14563
2693,14564
1211,14565
8169,14566
2029,14567
6215,14568
8170,14569
1146,14570
2264,14571
8171,14572
4893,14573
7546,14574
8172,14575
2310,14576
782,14577
6175,14578
8173,14579
8174,14580
8175,14581
8176,14582
3777,14583
8177,14584
824,14585
828,14586
838,14587
8178,14588
8179,14589
8180,14590
8104,14591
4729,14592
2412,14593
1002,14594
3190,14595
2899,14596
8181,14597
8182,14598
6861,14599
8183,14600
2576,14601
8184,14602
8185,14603
8186,14604
3896,14605
2046,14606
2591,14607
3491,14608
2527,14609
3661,14610
8187,14611
8188,14612
1336,14613
28,14614
8189,14615
8190,14616
2115,14617
1362,14618
4615,14619
8191,14620
8192,14621
8193,14622
6254,14623
7704,14624
3980,14625
464,14626
1975,14627
1767,14628
1769,14629
8194,14630
488,14631
4367,14632
1776,14633
8195,14634
8196,14635
8197,14636
3053,14637
8198,14638
8199,14639
8200,14640
8201,14641
595,14642
8202,14643
1986,14644
8203,14645
600,14646
2223,14647
8204,14648
8205,14649
8206,14650
8207,14651
3086,14652
8208,14653
1221,14654
2256,14655
8209,14656
679,14657
4112,14658
3105,14659
8210,14660
1479,14661
8211,14662
2787,14663
8212,14664
8213,14665
8214,14666
4895,14667
737,14668
737,14669
2303,14670
8215,14671
782,14672
2311,14673
8216,14674
8217,14675
7142,14676
5168,14677
8218,14678
232,14679
2329,14680
814,14681
819,14682
8219,14683
827,14684
8220,14685
5543,14686
837,14687
8221,14688
8222,14689
8223,14690
8224,14691
8225,14692
4703,14693
1167,14694
8226,14695
7350,14696
8227,14697
243,14698
8228,14699
5812,14700
4994,14701
8229,14702
1007,14703
3440,14704
1260,14705
1059,14706
8230,14707
7373,14708
6504,14709
6504,14710
8231,14711
170,14712
1179,14713
8232,14714
1097,14715
4375,14716
878,14717
1271,14718
5274,14719
8233,14720
275,14721
8234,14722
2038,14723
1682,14724
1683,14725
2932,14726
8235,14727
1281,14728
8236,14729
3477,14730
1188,14731
8237,14732
6056,14733
8238,14734
178,14735
2586,14736
7566,14737
3231,14738
8239,14739
8240,14740
8241,14741
8242,14742
2054,14743
2055,14744
13,14745
8243,14746
8244,14747
3660,14748
4324,14749
5662,14750
7394,14751
2070,14752
8245,14753
331,14754
8246,14755
5187,14756
3467,14757
8247,14758
8248,14759
5669,14760
8249,14761
2980,14762
366,14763
367,14764
367,14765
5676,14766
8250,14767
3944,14768
8251,14769
404,14770
6893,14771
5686,14772
2498,14773
4614,14774
8252,14775
8253,14776
7403,14777
8254,14778
8255,14779
8256,14780
8257,14781
5049,14782
8258,14783
8259,14784
1743,14785
8260,14786
4620,14787
4620,14788
6901,14789
5317,14790
5317,14791
261,14792
3273,14793
1374,14794
6908,14795
5516,14796
5516,14797
2650,14798
2650,14799
7535,14800
1206,14801
4801,14802
8261,14803
2660,14804
472,14805
3284,14806
3984,14807
3986,14808
8262,14809
8263,14810
3990,14811
8264,14812
6540,14813
6916,14814
3292,14815
1209,14816
8265,14817
8266,14818
8267,14819
7952,14820
8268,14821
5899,14822
8269,14823
515,14824
8270,14825
531,14826
2695,14827
2695,14828
4018,14829
8271,14830
1140,14831
1140,14832
4823,14833
544,14834
3548,14835
8272,14836
8273,14837
4395,14838
8274,14839
3317,14840
1797,14841
207,14842
6092,14843
2543,14844
7319,14845
1213,14846
6932,14847
8275,14848
5469,14849
560,14850
3060,14851
2716,14852
4045,14853
5212,14854
5212,14855
6943,14856
8276,14857
8277,14858
593,14859
4054,14860
595,14861
8278,14862
3558,14863
1446,14864
4844,14865
599,14866
84,14867
84,14868
3337,14869
600,14870
600,14871
8279,14872
6562,14873
8280,14874
8281,14875
4061,14876
4067,14877
4069,14878
1454,14879
1454,14880
7749,14881
8282,14882
8283,14883
8284,14884
89,14885
8285,14886
8285,14887
8018,14888
5609,14889
218,14890
3090,14891
8286,14892
2758,14893
8287,14894
8288,14895
8289,14896
4673,14897
5752,14898
8290,14899
8291,14900
3098,14901
2769,14902
8292,14903
3100,14904
686,14905
2510,14906
3579,14907
8293,14908
8294,14909
8295,14910
3753,14911
705,14912
5952,14913
8296,14914
8297,14915
4887,14916
3757,14917
8298,14918
2293,14919
8299,14920
7335,14921
756,14922
6449,14923
3128,14924
2299,14925
112,14926
2301,14927
2813,14928
3770,14929
7000,14930
2818,14931
8300,14932
114,14933
4455,14934
6581,14935
6581,14936
8301,14937
8302,14938
789,14939
8303,14940
8304,14941
8305,14942
6461,14943
8306,14944
1523,14945
123,14946
3142,14947
125,14948
8307,14949
8308,14950
8309,14951
8310,14952
4174,14953
7016,14954
8311,14955
2340,14956
4937,14957
8084,14958
4189,14959
7469,14960
4700,14961
4192,14962
2005,14963
7432,14964
6345,14965
8312,14966
8313,14967
8314,14968
868,14969
1564,14970
4205,14971
8315,14972
7031,14973
877,14974
4709,14975
244,14976
4951,14977
8316,14978
8317,14979
8317,14980
1248,14981
4489,14982
5628,14983
7038,14984
1913,14985
1913,14986
8111,14987
8318,14988
6041,14989
6041,14990
6634,14991
6634,14992
4227,14993
4227,14994
7044,14995
6042,14996
7553,14997
7046,14998
1927,14999
3172,15000
8319,15001
8320,15002
937,15003
937,15004
8321,15005
8322,15006
7060,15007
8323,15008
957,15009
5366,15010
8324,15011
8325,15012
5104,15013
8326,15014
8137,15015
8327,15016
4517,15017
8328,15018
8329,15019
6313,15020
5179,15021
8330,15022
3437,15023
5820,15024
8331,15025
8332,15026
8333,15027
6773,15028
8334,15029
1629,15030
1629,15031
8335,15032
8336,15033
8337,15034
8338,15035
8339,15036
8340,15037
7446,15038
256,15039
5452,15040
1080,15041
1083,15042
8341,15043
2918,15044
4290,15045
8342,15046
5952,15047
8343,15048
862,15049
8344,15050
8345,15051
885,15052
8346,15053
8346,15054
268,15055
8347,15056
4565,15057
4566,15058
7847,15059
3216,15060
8348,15061
8349,15062
5275,15063
8350,15064
3471,15065
2570,15066
8351,15067
8352,15068
3838,15069
7850,15070
8353,15071
8354,15072
7660,15073
8355,15074
8356,15075
8357,15076
8358,15077
1678,15078
4292,15079
8359,15080
8360,15081
8361,15082
8361,15083
6800,15084
1275,15085
8362,15086
8363,15087
8364,15088
8365,15089
1187,15090
280,15091
3880,15092
1680,15093
5500,15094
5500,15095
2038,15096
2038,15097
8366,15098
1682,15099
3881,15100
3881,15101
8367,15102
5645,15103
2955,15104
4545,15105
4545,15106
284,15107
284,15108
3885,15109
3885,15110
7667,15111
286,15112
8368,15113
2578,15114
8369,15115
8369,15116
3475,15117
1281,15118
1281,15119
6166,15120
8,15121
8370,15122
8371,15123
7518,15124
8372,15125
4319,15126
8373,15127
5840,15128
9,15129
6614,15130
8374,15131
8374,15132
1188,15133
8375,15134
8376,15135
5276,15136
3651,15137
3894,15138
3894,15139
8377,15140
8378,15141
8379,15142
295,15143
10,15144
10,15145
2046,15146
1688,15147
8380,15148
8381,15149
8382,15150
8383,15151
3841,15152
8384,15153
1689,15154
4758,15155
7863,15156
7865,15157
2588,15158
1288,15159
179,15160
179,15161
7566,15162
1690,15163
5655,15164
8385,15165
8386,15166
8387,15167
8388,15168
6826,15169
5384,15170
8389,15171
1293,15172
8390,15173
8391,15174
5416,15175
2055,15176
306,15177
3234,15178
1693,15179
2057,15180
2057,15181
1695,15182
8392,15183
3487,15184
6361,15185
310,15186
310,15187
8393,15188
8394,15189
311,15190
313,15191
2600,15192
5385,15193
7872,15194
2062,15195
8395,15196
1697,15197
1697,15198
7674,15199
1297,15200
8396,15201
8396,15202
316,15203
2962,15204
13,15205
2963,15206
8397,15207
320,15208
2065,15209
2065,15210
8398,15211
8399,15212
5305,15213
5305,15214
8244,15215
324,15216
324,15217
324,15218
324,15219
324,15220
324,15221
324,15222
324,15223
325,15224
2966,15225
1705,15226
1705,15227
1308,15228
5851,15229
2609,15230
2609,15231
8400,15232
2610,15233
6659,15234
6659,15235
5661,15236
7676,15237
8401,15238
1193,15239
8402,15240
1311,15241
8403,15242
2527,15243
2969,15244
329,15245
329,15246
329,15247
329,15248
329,15249
330,15250
330,15251
1127,15252
1127,15253
8404,15254
3662,15255
5855,15256
2074,15257
2074,15258
2074,15259
334,15260
334,15261
8405,15262
1316,15263
7291,15264
8406,15265
7524,15266
8407,15267
8407,15268
6880,15269
3663,15270
337,15271
2615,15272
2615,15273
2615,15274
8408,15275
8409,15276
4770,15277
6828,15278
8410,15279
341,15280
341,15281
341,15282
8411,15283
1320,15284
2618,15285
2079,15286
2079,15287
342,15288
8412,15289
344,15290
4584,15291
4584,15292
345,15293
8413,15294
8413,15295
3246,15296
8414,15297
1323,15298
3467,15299
3467,15300
1324,15301
1324,15302
349,15303
3247,15304
6368,15305
8415,15306
8416,15307
351,15308
2621,15309
5669,15310
7885,15311
7224,15312
1326,15313
8417,15314
1327,15315
6189,15316
3494,15317
5861,15318
5861,15319
8418,15320
8419,15321
8420,15322
5863,15323
2086,15324
185,15325
185,15326
2628,15327
1331,15328
8421,15329
6883,15330
1332,15331
8422,15332
362,15333
1333,15334
3250,15335
8423,15336
2980,15337
8424,15338
365,15339
27,15340
8425,15341
366,15342
366,15343
3925,15344
8426,15345
3253,15346
6610,15347
4336,15348
2093,15349
6378,15350
367,15351
367,15352
1336,15353
1336,15354
1099,15355
8427,15356
8428,15357
7527,15358
2094,15359
28,15360
28,15361
28,15362
28,15363
28,15364
28,15365
28,15366
3930,15367
8429,15368
373,15369
4782,15370
7691,15371
7578,15372
3498,15373
8430,15374
8431,15375
6381,15376
6381,15377
5676,15378
377,15379
1131,15380
1131,15381
1131,15382
8432,15383
4784,15384
2101,15385
5679,15386
8433,15387
8434,15388
2637,15389
1202,15390
8435,15391
5865,15392
8436,15393
8437,15394
8438,15395
8439,15396
3936,15397
1728,15398
8440,15399
8441,15400
8442,15401
8443,15402
8444,15403
8445,15404
2639,15405
2639,15406
3676,15407
3676,15408
8446,15409
8447,15410
8448,15411
8449,15412
8450,15413
5868,15414
3258,15415
390,15416
6074,15417
8451,15418
3941,15419
5154,15420
3260,15421
8452,15422
7099,15423
3679,15424
6892,15425
6892,15426
399,15427
3502,15428
3502,15429
400,15430
1360,15431
402,15432
8453,15433
8453,15434
405,15435
1361,15436
8454,15437
8455,15438
5156,15439
1735,15440
8456,15441
4612,15442
8457,15443
1363,15444
8458,15445
8459,15446
4614,15447
407,15448
8460,15449
8460,15450
8461,15451
8462,15452
8463,15453
411,15454
7913,15455
8464,15456
6163,15457
1204,15458
1204,15459
1204,15460
1204,15461
1204,15462
5047,15463
6897,15464
2644,15465
2644,15466
8192,15467
8192,15468
8465,15469
3267,15470
8254,15471
8466,15472
415,15473
5271,15474
7917,15475
3268,15476
8467,15477
2645,15478
2995,15479
1366,15480
7450,15481
7920,15482
418,15483
8468,15484
8469,15485
7922,15486
7922,15487
194,15488
3689,15489
3689,15490
3689,15491
8470,15492
8471,15493
427,15494
1369,15495
1369,15496
5314,15497
8472,15498
8472,15499
5879,15500
8259,15501
1135,15502
1743,15503
3965,15504
38,15505
8473,15506
8473,15507
1745,15508
1372,15509
435,15510
436,15511
3271,15512
440,15513
8474,15514
8474,15515
3971,15516
3273,15517
8475,15518
8476,15519
8476,15520
444,15521
2140,15522
6903,15523
6905,15524
8477,15525
3973,15526
1752,15527
8478,15528
40,15529
40,15530
8479,15531
5056,15532
3692,15533
5057,15534
8480,15535
1756,15536
8481,15537
4357,15538
1378,15539
1378,15540
42,15541
8482,15542
8482,15543
8482,15544
8482,15545
6199,15546
8483,15547
3005,15548
8484,15549
2148,15550
2148,15551
7936,15552
43,15553
8485,15554
8486,15555
3848,15556
1382,15557
1762,15558
1762,15559
456,15560
3006,15561
8487,15562
44,15563
44,15564
6832,15565
2500,15566
2500,15567
1386,15568
46,15569
8488,15570
5586,15571
49,15572
49,15573
3016,15574
467,15575
50,15576
50,15577
50,15578
50,15579
1765,15580
2660,15581
2660,15582
470,15583
470,15584
8489,15585
8490,15586
472,15587
472,15588
1102,15589
6396,15590
473,15591
3284,15592
4363,15593
6201,15594
3285,15595
8491,15596
8492,15597
478,15598
8493,15599
1767,15600
1767,15601
1392,15602
55,15603
55,15604
3520,15605
1656,15606
1656,15607
8494,15608
8495,15609
8496,15610
8497,15611
5463,15612
1396,15613
6914,15614
8498,15615
4808,15616
5891,15617
5891,15618
1398,15619
1398,15620
5464,15621
486,15622
6833,15623
487,15624
6540,15625
1771,15626
7154,15627
2669,15628
8499,15629
1401,15630
1773,15631
8500,15632
60,15633
60,15634
6268,15635
3294,15636
3294,15637
7182,15638
1104,15639
1138,15640
494,15641
496,15642
496,15643
3998,15644
8501,15645
8501,15646
8502,15647
8503,15648
2171,15649
8504,15650
8505,15651
8506,15652
8507,15653
6543,15654
8508,15655
8509,15656
199,15657
8510,15658
8511,15659
8512,15660
8513,15661
8514,15662
8515,15663
8516,15664
5592,15665
8517,15666
8518,15667
8519,15668
8519,15669
6403,15670
1781,15671
3297,15672
8268,15673
1409,15674
3037,15675
8520,15676
8521,15677
8522,15678
8523,15679
4378,15680
1412,15681
1139,15682
8524,15683
8525,15684
7461,15685
4009,15686
8526,15687
512,15688
512,15689
4819,15690
65,15691
8527,15692
8528,15693
514,15694
3536,15695
3044,15696
3044,15697
1783,15698
1783,15699
8529,15700
5714,15701
6410,15702
2937,15703
3539,15704
3539,15705
3540,15706
8530,15707
8530,15708
4384,15709
526,15710
8531,15711
7962,15712
8532,15713
2185,15714
2185,15715
2185,15716
2185,15717
8533,15718
4642,15719
4018,15720
1786,15721
3053,15722
3543,15723
3543,15724
8534,15725
3310,15726
1789,15727
8535,15728
8535,15729
8535,15730
6414,15731
8536,15732
5909,15733
4822,15734
8537,15735
8538,15736
4020,15737
6812,15738
5430,15739
4394,15740
8539,15741
1794,15742
8540,15743
5519,15744
8541,15745
8542,15746
6549,15747
6549,15748
3716,15749
3716,15750
3548,15751
4829,15752
3717,15753
6931,15754
6931,15755
4025,15756
1795,15757
8543,15758
546,15759
546,15760
8544,15761
8545,15762
8546,15763
8547,15764
1797,15765
206,15766
75,15767
75,15768
2199,15769
8548,15770
8549,15771
4028,15772
4028,15773
8550,15774
8551,15775
8552,15776
8553,15777
4030,15778
7730,15779
6092,15780
4831,15781
3720,15782
551,15783
551,15784
7539,15785
4399,15786
2700,15787
6211,15788
8554,15789
6932,15790
8555,15791
2704,15792
2704,15793
2704,15794
1804,15795
1804,15796
1804,15797
1804,15798
5469,15799
5469,15800
5469,15801
5469,15802
5469,15803
5469,15804
5469,15805
7320,15806
3323,15807
2706,15808
1807,15809
1807,15810
8556,15811
8557,15812
8558,15813
559,15814
560,15815
3324,15816
562,15817
3553,15818
564,15819
8559,15820
565,15821
8560,15822
1437,15823
2707,15824
8561,15825
8562,15826
8563,15827
8564,15828
8565,15829
8566,15830
2710,15831
2711,15832
2711,15833
2711,15834
2711,15835
2712,15836
2712,15837
7734,15838
6555,15839
8567,15840
6212,15841
6212,15842
572,15843
573,15844
2714,15845
8568,15846
5728,15847
4044,15848
2212,15849
8569,15850
5600,15851
211,15852
7138,15853
6940,15854
580,15855
580,15856
580,15857
5212,15858
1812,15859
4648,15860
3062,15861
3062,15862
5336,15863
581,15864
1218,15865
8570,15866
1814,15867
7157,15868
585,15869
8571,15870
589,15871
591,15872
8572,15873
8573,15874
8573,15875
8574,15876
8575,15877
592,15878
8576,15879
4405,15880
595,15881
595,15882
595,15883
595,15884
8577,15885
3332,15886
1821,15887
8578,15888
2726,15889
2726,15890
2726,15891
2726,15892
4843,15893
6329,15894
8001,15895
6707,15896
1822,15897
4844,15898
4844,15899
3334,15900
8579,15901
1448,15902
1824,15903
1824,15904
1824,15905
6708,15906
6559,15907
1986,15908
8580,15909
8581,15910
3068,15911
3068,15912
8582,15913
8583,15914
599,15915
2221,15916
8584,15917
4653,15918
2729,15919
8585,15920
84,15921
84,15922
84,15923
84,15924
8586,15925
3336,15926
8587,15927
8588,15928
6948,15929
6948,15930
2508,15931
600,15932
600,15933
601,15934
8589,15935
6426,15936
5069,15937
8590,15938
603,15939
1987,15940
8591,15941
5735,15942
8005,15943
1265,15944
2223,15945
4058,15946
8592,15947
8593,15948
8006,15949
8594,15950
1452,15951
1453,15952
8595,15953
2741,15954
8596,15955
619,15956
619,15957
3075,15958
2226,15959
8597,15960
8598,15961
8599,15962
8599,15963
8600,15964
8601,15965
8601,15966
4067,15967
8602,15968
4068,15969
8603,15970
8604,15971
6279,15972
8605,15973
3734,15974
8606,15975
8607,15976
8607,15977
4070,15978
1842,15979
8608,15980
628,15981
8609,15982
4665,15983
629,15984
86,15985
8610,15986
7326,15987
7327,15988
8611,15989
6172,15990
1845,15991
5272,15992
8612,15993
632,15994
87,15995
8613,15996
7418,15997
2751,15998
2751,15999
8614,16000
1849,16001
89,16002
89,16003
3081,16004
8615,16005
8616,16006
90,16007
90,16008
8617,16009
5930,16010
8618,16011
8618,16012
91,16013
91,16014
91,16015
8619,16016
1460,16017
1460,16018
2754,16019
8018,16020
5165,16021
8620,16022
646,16023
8621,16024
5215,16025
1465,16026
8622,16027
5936,16028
7506,16029
8623,16030
5937,16031
8624,16032
8208,16033
6109,16034
656,16035
4098,16036
660,16037
660,16038
3745,16039
8625,16040
8625,16041
8626,16042
8627,16043
3852,16044
8628,16045
8209,16046
8629,16047
2261,16048
7249,16049
2264,16050
100,16051
8630,16052
8631,16053
5398,16054
3098,16055
3098,16056
679,16057
2768,16058
3356,16059
8632,16060
8633,16061
5753,16062
8292,16063
2269,16064
8634,16065
8635,16066
8636,16067
1477,16068
1477,16069
3364,16070
220,16071
8637,16072
2274,16073
5476,16074
8638,16075
1150,16076
1150,16077
8639,16078
8640,16079
8641,16080
6444,16081
1482,16082
8642,16083
8643,16084
8644,16085
3582,16086
3110,16087
8645,16088
8646,16089
8647,16090
6989,16091
8648,16092
8649,16093
8650,16094
705,16095
4882,16096
8651,16097
3112,16098
4557,16099
8652,16100
8653,16101
8653,16102
2787,16103
2787,16104
2787,16105
8654,16106
4436,16107
8655,16108
706,16109
706,16110
709,16111
3372,16112
1865,16113
1865,16114
2791,16115
4439,16116
8656,16117
4887,16118
4131,16119
4888,16120
8298,16121
8657,16122
7768,16123
719,16124
8658,16125
8659,16126
8660,16127
720,16128
4133,16129
5766,16130
8050,16131
4135,16132
2797,16133
5166,16134
723,16135
1112,16136
8661,16137
8662,16138
3586,16139
3586,16140
8663,16141
8052,16142
8052,16143
4138,16144
4138,16145
225,16146
225,16147
732,16148
226,16149
3121,16150
4896,16151
2295,16152
8664,16153
3123,16154
3123,16155
3124,16156
3124,16157
3762,16158
8665,16159
8665,16160
8666,16161
8667,16162
108,16163
3376,16164
3376,16165
109,16166
8668,16167
737,16168
2297,16169
8669,16170
8670,16171
1228,16172
1228,16173
1875,16174
741,16175
741,16176
8671,16177
8672,16178
8673,16179
8674,16180
8675,16181
6336,16182
4445,16183
4446,16184
1229,16185
4900,16186
2809,16187
8676,16188
8676,16189
8677,16190
5771,16191
8678,16192
6998,16193
4686,16194
8679,16195
1231,16196
5346,16197
8680,16198
4907,16199
1159,16200
1159,16201
1879,16202
8681,16203
8682,16204
8682,16205
8215,16206
7000,16207
778,16208
8683,16209
4153,16210
8684,16211
6127,16212
6128,16213
6128,16214
8685,16215
1997,16216
8686,16217
4912,16218
4912,16219
3382,16220
2311,16221
6338,16222
8687,16223
8687,16224
8688,16225
3135,16226
8689,16227
8690,16228
6456,16229
787,16230
8691,16231
1516,16232
2314,16233
2314,16234
8692,16235
8693,16236
2824,16237
8694,16238
791,16239
7617,16240
4924,16241
7618,16242
794,16243
6133,16244
8695,16245
1886,16246
8696,16247
8697,16248
8698,16249
8699,16250
8700,16251
4694,16252
8701,16253
8702,16254
5482,16255
7548,16256
4159,16257
8703,16258
8704,16259
8306,16260
8705,16261
4161,16262
4161,16263
801,16264
3389,16265
3390,16266
8218,16267
8072,16268
5133,16269
8706,16270
4459,16271
3598,16272
8707,16273
8708,16274
119,16275
4930,16276
1999,16277
4168,16278
8709,16279
8710,16280
8711,16281
8711,16282
8712,16283
2553,16284
5779,16285
3395,16286
125,16287
5441,16288
819,16289
8713,16290
8713,16291
8077,16292
1240,16293
1890,16294
1890,16295
2837,16296
8714,16297
823,16298
7014,16299
824,16300
1891,16301
4172,16302
3146,16303
827,16304
2335,16305
7789,16306
8715,16307
832,16308
6470,16309
8716,16310
8717,16311
5783,16312
835,16313
8718,16314
2844,16315
8719,16316
8720,16317
8081,16318
8721,16319
235,16320
8722,16321
8723,16322
8083,16323
844,16324
8724,16325
3405,16326
3406,16327
1543,16328
8725,16329
8726,16330
8727,16331
8728,16332
7431,16333
3606,16334
8729,16335
5788,16336
8730,16337
5545,16338
8731,16339
4703,16340
130,16341
859,16342
2345,16343
8732,16344
6750,16345
1167,16346
3608,16347
8733,16348
8734,16349
861,16350
239,16351
862,16352
8735,16353
2850,16354
7027,16355
2853,16356
7794,16357
8736,16358
8737,16359
3154,16360
3154,16361
5238,16362
8738,16363
8738,16364
8739,16365
8740,16366
8741,16367
8742,16368
8743,16369
2854,16370
1244,16371
8744,16372
8744,16373
1561,16374
1561,16375
8745,16376
8746,16377
8098,16378
6591,16379
6346,16380
6346,16381
3413,16382
242,16383
4205,16384
2360,16385
8747,16386
878,16387
5240,16388
8748,16389
5241,16390
1565,16391
883,16392
883,16393
1906,16394
884,16395
884,16396
885,16397
885,16398
1566,16399
8749,16400
3417,16401
5092,16402
8750,16403
8751,16404
8752,16405
4952,16406
2366,16407
8753,16408
2367,16409
8754,16410
8755,16411
8756,16412
8108,16413
8757,16414
7808,16415
4487,16416
8758,16417
1911,16418
4490,16419
8759,16420
5805,16421
5628,16422
7038,16423
1577,16424
8760,16425
8761,16426
1915,16427
2374,16428
245,16429
6041,16430
8762,16431
8763,16432
8764,16433
8765,16434
8766,16435
4494,16436
8767,16437
8768,16438
8769,16439
8769,16440
3621,16441
8770,16442
2866,16443
8771,16444
918,16445
8772,16446
8773,16447
8774,16448
6634,16449
8775,16450
919,16451
8776,16452
3169,16453
3169,16454
8777,16455
3170,16456
5812,16457
6042,16458
6042,16459
8778,16460
8779,16461
7046,16462
8780,16463
1925,16464
1925,16465
8781,16466
4233,16467
8782,16468
8783,16469
8784,16470
8785,16471
8786,16472
8787,16473
3625,16474
2386,16475
8788,16476
8789,16477
937,16478
937,16479
937,16480
937,16481
937,16482
937,16483
8790,16484
8791,16485
8792,16486
7490,16487
3424,16488
8793,16489
6483,16490
6483,16491
8794,16492
8795,16493
7057,16494
8796,16495
2397,16496
2397,16497
7059,16498
8797,16499
4504,16500
7060,16501
5253,16502
5253,16503
7360,16504
8798,16505
8799,16506
3429,16507
8800,16508
958,16509
958,16510
958,16511
958,16512
8801,16513
5363,16514
8802,16515
8803,16516
7362,16517
8804,16518
8805,16519
1934,16520
7820,16521
250,16522
8806,16523
8807,16524
8808,16525
2885,16526
2885,16527
5176,16528
8809,16529
975,16530
2411,16531
3182,16532
8810,16533
977,16534
7365,16535
6310,16536
8811,16537
4513,16538
989,16539
7202,16540
7276,16541
8812,16542
2419,16543
7825,16544
3185,16545
6312,16546
992,16547
3432,16548
4516,16549
8813,16550
5300,16551
3187,16552
3187,16553
3433,16554
3635,16555
997,16556
3434,16557
3434,16558
8814,16559
8815,16560
8816,16561
8816,16562
4519,16563
8817,16564
3815,16565
5560,16566
5819,16567
4995,16568
8818,16569
1007,16570
1007,16571
3437,16572
8819,16573
8819,16574
8820,16575
4257,16576
1173,16577
3817,16578
3192,16579
8821,16580
8822,16581
8823,16582
4260,16583
5145,16584
8824,16585
8825,16586
8826,16587
8827,16588
3194,16589
3194,16590
1613,16591
8828,16592
8829,16593
8829,16594
8829,16595
8829,16596
8830,16597
5001,16598
5001,16599
5001,16600
5001,16601
5001,16602
7175,16603
8831,16604
6856,16605
8832,16606
5822,16607
8833,16608
8833,16609
6248,16610
8834,16611
1033,16612
1033,16613
8835,16614
1039,16615
2435,16616
8836,16617
6158,16618
8837,16619
1046,16620
8838,16621
8838,16622
4531,16623
8839,16624
1121,16625
8840,16626
1054,16627
8841,16628
8842,16629
8843,16630
8844,16631
5108,16632
5108,16633
1059,16634
7832,16635
8339,16636
8339,16637
8845,16638
8154,16639
8154,16640
8846,16641
8847,16642
8848,16643
8849,16644
8850,16645
1945,16646
8851,16647
8852,16648
6022,16649
3205,16650
7076,16651
3450,16652
6180,16653
5019,16654
8853,16655
7077,16656
6858,16657
2452,16658
8854,16659
6318,16660
3826,16661
8855,16662
8856,16663
8857,16664
7835,16665
8160,16666
8858,16667
8858,16668
8161,16669
8859,16670
8860,16671
2025,16672
2025,16673
8861,16674
4283,16675
5639,16676
8862,16677
8863,16678
7493,16679
1086,16680
1086,16681
8864,16682
8864,16683
6031,16684
1092,16685
8865,16686
1948,16687
7080,16688
8866,16689
3646,16690
8867,16691
5567,16692
7844,16693
8868,16694
5494,16695
8869,16696
1281,16697
6259,16698
324,16699
3242,16700
339,16701
3920,16702
8870,16703
365,16704
2114,16705
1360,16706
4612,16707
5424,16708
5885,16709
488,16710
8871,16711
8872,16712
7413,16713
1437,16714
8873,16715
8874,16716
2740,16717
8875,16718
8876,16719
4107,16720
8877,16721
8878,16722
7511,16723
8745,16724
1564,16725
1564,16726
5092,16727
8879,16728
8880,16729
8881,16730
1019,16731
5641,16732
8882,16733
4744,16734
5415,16735
8883,16736
7657,16737
8884,16738
7660,16739
8885,16740
8886,16741
8887,16742
3222,16743
8888,16744
2036,16745
3881,16746
1281,16747
8889,16748
8890,16749
1686,16750
1686,16751
3893,16752
7382,16753
6614,16754
8891,16755
8891,16756
8892,16757
8893,16758
8894,16759
8895,16760
2046,16761
1688,16762
7862,16763
5384,16764
1691,16765
8896,16766
1292,16767
8241,16768
2057,16769
310,16770
2058,16771
313,16772
4546,16773
5850,16774
5850,16775
8897,16776
3237,16777
13,16778
8898,16779
7522,16780
8899,16781
8900,16782
324,16783
325,16784
2924,16785
328,16786
329,16787
8901,16788
8902,16789
2971,16790
6880,16791
4771,16792
1711,16793
8903,16794
8413,16795
349,16796
6643,16797
2620,16798
8904,16799
2085,16800
8905,16801
28,16802
28,16803
2096,16804
1965,16805
4593,16806
5672,16807
7692,16808
6618,16809
2635,16810
1201,16811
6807,16812
8906,16813
8907,16814
2638,16815
3676,16816
8908,16817
3944,16818
3944,16819
8909,16820
8910,16821
8911,16822
3502,16823
1360,16824
1735,16825
1735,16826
33,16827
1651,16828
409,16829
8912,16830
8913,16831
2466,16832
8914,16833
1367,16834
7922,16835
8915,16836
2997,16837
8916,16838
2999,16839
1135,16840
1743,16841
6533,16842
8917,16843
8918,16844
8193,16845
8919,16846
8920,16847
5054,16848
436,16849
443,16850
4621,16851
444,16852
6906,16853
1378,16854
1378,16855
6909,16856
451,16857
2148,16858
1762,16859
456,16860
8921,16861
7233,16862
7939,16863
7939,16864
463,16865
8922,16866
470,16867
3284,16868
5323,16869
5699,16870
6201,16871
6201,16872
196,16873
8923,16874
1976,16875
3849,16876
483,16877
8924,16878
1656,16879
8925,16880
2163,16881
2163,16882
8926,16883
8927,16884
1771,16885
3525,16886
3525,16887
8500,16888
3292,16889
8928,16890
1977,16891
1104,16892
1138,16893
8929,16894
494,16895
496,16896
1209,16897
1209,16898
8930,16899
8931,16900
8932,16901
8933,16902
2504,16903
7958,16904
8934,16905
8935,16906
8936,16907
3708,16908
516,16909
2181,16910
8937,16911
3538,16912
523,16913
8531,16914
8938,16915
2187,16916
5331,16917
7241,16918
7241,16919
3544,16920
70,16921
2194,16922
1792,16923
1794,16924
5122,16925
2198,16926
1797,16927
8939,16928
8940,16929
6550,16930
1801,16931
5286,16932
557,16933
8941,16934
8942,16935
2707,16936
6420,16937
2712,16938
3062,16939
8943,16940
5380,16941
594,16942
2726,16943
3334,16944
599,16945
8874,16946
8944,16947
2508,16948
603,16949
603,16950
8945,16951
2223,16952
2224,16953
8946,16954
4413,16955
8947,16956
8948,16957
8949,16958
8950,16959
3731,16960
8951,16961
2747,16962
8952,16963
2748,16964
5272,16965
8953,16966
8954,16967
6961,16968
8955,16969
4085,16970
8956,16971
1462,16972
7190,16973
2474,16974
7756,16975
8957,16976
6969,16977
653,16978
1852,16979
657,16980
8958,16981
3351,16982
1223,16983
663,16984
8959,16985
8960,16986
668,16987
4105,16988
8961,16989
8289,16990
8289,16991
4426,16992
100,16993
8962,16994
2768,16995
8963,16996
8964,16997
1859,16998
1476,16999
3103,17000
8965,17001
2280,17002
3752,17003
8966,17004
8967,17005
1659,17006
8968,17007
8969,17008
706,17009
8970,17010
8971,17011
719,17012
8972,17013
1994,17014
4136,17015
7113,17016
1494,17017
2290,17018
3118,17019
8973,17020
8974,17021
3123,17022
6335,17023
4142,17024
8975,17025
741,17026
2298,17027
8976,17028
753,17029
6998,17030
3767,17031
763,17032
8977,17033
8978,17034
4906,17035
8979,17036
5532,17037
2813,17038
4908,17039
7615,17040
8980,17041
4909,17042
8981,17043
2310,17044
8982,17045
8983,17046
5225,17047
8689,17048
1515,17049
8984,17050
3596,17051
6629,17052
8985,17053
8986,17054
6740,17055
8709,17056
824,17057
7789,17058
8987,17059
8988,17060
5784,17061
1894,17062
8989,17063
6344,17064
8990,17065
6747,17066
8991,17067
4192,17068
4192,17069
4193,17070
5170,17071
8992,17072
858,17073
8993,17074
8994,17075
6750,17076
8995,17077
1554,17078
2851,17079
2852,17080
2853,17081
8996,17082
7794,17083
8180,17084
4202,17085
1561,17086
8997,17087
8998,17088
2361,17089
8999,17090
9000,17091
9001,17092
9002,17093
9002,17094
5097,17095
9003,17096
9003,17097
9003,17098
5628,17099
134,17100
9004,17101
3420,17102
5245,17103
5551,17104
9005,17105
2865,17106
9006,17107
9007,17108
9008,17109
6634,17110
8775,17111
8775,17112
9009,17113
9010,17114
4230,17115
7437,17116
1926,17117
7049,17118
1927,17119
7095,17120
4234,17121
9011,17122
9011,17123
9012,17124
9013,17125
9014,17126
942,17127
943,17128
946,17129
8124,17130
9015,17131
1590,17132
3428,17133
9016,17134
2404,17135
964,17136
7638,17137
983,17138
983,17139
9017,17140
3635,17141
6770,17142
9018,17143
7827,17144
2894,17145
1028,17146
9019,17147
8834,17148
6498,17149
6498,17150
9020,17151
1622,17152
4266,17153
9021,17154
2900,17155
9022,17156
4270,17157
7280,17158
1058,17159
1261,17160
7372,17161
9023,17162
6024,17163
9024,17164
6026,17165
9025,17166
9026,17167
7837,17168
2920,17169
2920,17170
7449,17171
9027,17172
6032,17173
1686,17174
9028,17175
9029,17176
2057,17177
7569,17178
9030,17179
341,17180
9031,17181
6374,17182
378,17183
5681,17184
9032,17185
9033,17186
4612,17187
9034,17188
1100,17189
48,17190
9035,17191
9036,17192
9037,17193
9038,17194
9039,17195
9040,17196
4388,17197
9041,17198
6624,17199
568,17200
2717,17201
4054,17202
4054,17203
6706,17204
9042,17205
3334,17206
9043,17207
599,17208
4060,17209
1838,17210
9044,17211
9045,17212
9046,17213
3128,17214
9047,17215
788,17216
9048,17217
2831,17218
2831,17219
9049,17220
9050,17221
2948,17222
5406,17223
9051,17224
9052,17225
9053,17226
4306,17227
4745,17228
3649,17229
9054,17230
9055,17231
4,17232
9056,17233
8356,17234
6516,17235
9057,17236
9057,17237
9058,17238
9058,17239
9059,17240
1187,17241
5149,17242
3222,17243
2575,17244
5500,17245
5500,17246
9060,17247
7665,17248
176,17249
9061,17250
9062,17251
9063,17252
2056,17253
2061,17254
5577,17255
9064,17256
1704,17257
9065,17258
7876,17259
2611,17260
9066,17261
2526,17262
9067,17263
8407,17264
341,17265
345,17266
9068,17267
9069,17268
2628,17269
1332,17270
366,17271
8426,17272
367,17273
2096,17274
9070,17275
6192,17276
9071,17277
9072,17278
2635,17279
383,17280
9073,17281
8441,17282
5867,17283
9074,17284
9075,17285
2112,17286
31,17287
9076,17288
9077,17289
3953,17290
3505,17291
7300,17292
9078,17293
9079,17294
438,17295
2141,17296
3973,17297
3974,17298
9080,17299
9081,17300
2499,17301
1206,17302
9082,17303
453,17304
1384,17305
9083,17306
5700,17307
4632,17308
4632,17309
9084,17310
4808,17311
2167,17312
3291,17313
3993,17314
1400,17315
2675,17316
1209,17317
9085,17318
9086,17319
9087,17320
9088,17321
9089,17322
9090,17323
8527,17324
513,17325
5594,17326
9091,17327
526,17328
7967,17329
3543,17330
3543,17331
8538,17332
7188,17333
5430,17334
1794,17335
4831,17336
9092,17337
9092,17338
7320,17339
560,17340
2715,17341
577,17342
579,17343
2720,17344
581,17345
9093,17346
9094,17347
9095,17348
9096,17349
2737,17350
6425,17351
9097,17352
603,17353
9098,17354
609,17355
9099,17356
622,17357
2230,17358
9100,17359
9101,17360
2751,17361
635,17362
6432,17363
1459,17364
9102,17365
1850,17366
9103,17367
9103,17368
7756,17369
9104,17370
9105,17371
4670,17372
664,17373
9106,17374
6440,17375
9107,17376
8037,17377
4121,17378
5476,17379
9108,17380
8967,17381
5952,17382
9109,17383
9110,17384
4133,17385
9111,17386
9112,17387
2294,17388
6335,17389
9113,17390
752,17391
9114,17392
9115,17393
4147,17394
3767,17395
9116,17396
5293,17397
3130,17398
3592,17399
3594,17400
9117,17401
8981,17402
780,17403
3382,17404
4154,17405
2823,17406
2315,17407
796,17408
9118,17409
8072,17410
803,17411
5779,17412
9119,17413
817,17414
822,17415
3780,17416
4186,17417
4191,17418
4192,17419
9120,17420
9121,17421
7196,17422
3413,17423
9122,17424
884,17425
2362,17426
1667,17427
9123,17428
2368,17429
9124,17430
9125,17431
4720,17432
6041,17433
6634,17434
9126,17435
8879,17436
9127,17437
937,17438
937,17439
9128,17440
4978,17441
144,17442
7061,17443
8127,17444
9129,17445
4506,17446
9130,17447
9131,17448
9132,17449
9016,17450
9133,17451
7825,17452
7064,17453
9134,17454
9135,17455
9136,17456
3440,17457
9137,17458
4522,17459
1939,17460
6045,17461
9138,17462
1039,17463
1045,17464
9139,17465
9140,17466
2899,17467
9141,17468
4279,17469
1637,17470
1638,17471
1638,17472
9142,17473
9143,17474
9144,17475
3540,17476
9145,17477
9146,17478
9147,17479
3377,17480
2810,17481
4239,17482
9148,17483
9148,17484
3469,17485
9149,17486
9150,17487
1284,17488
7384,17489
2062,17490
24,17491
7895,17492
28,17493
1726,17494
9151,17495
9152,17496
9153,17497
3267,17498
1369,17499
7924,17500
9154,17501
9155,17502
1378,17503
467,17504
4813,17505
8932,17506
503,17507
7409,17508
9156,17509
9157,17510
9158,17511
8272,17512
9159,17513
207,17514
9160,17515
9161,17516
9162,17517
6425,17518
5927,17519
9163,17520
9164,17521
2233,17522
9165,17523
2241,17524
9166,17525
644,17526
1853,17527
9167,17528
9168,17529
8291,17530
2777,17531
9169,17532
5614,17533
9170,17534
2311,17535
9171,17536
1527,17537
8714,17538
3146,17539
837,17540
9172,17541
5792,17542
3789,17543
9173,17544
6240,17545
9174,17546
1917,17547
9175,17548
9176,17549
4968,17550
4496,17551
9177,17552
9178,17553
9179,17554
6596,17555
9180,17556
6483,17557
2872,17558
7059,17559
7059,17560
1603,17561
9181,17562
9182,17563
1027,17564
1033,17565
1037,17566
2435,17567
6773,17568
2902,17569
1631,17570
2441,17571
8339,17572
9183,17573
9184,17574
5,17575
9185,17576
9185,17577
3228,17578
8379,17579
9186,17580
9187,17581
2086,17582
362,17583
366,17584
2529,17585
9188,17586
3933,17587
8432,17588
5681,17589
8442,17590
9189,17591
9190,17592
9191,17593
9192,17594
9193,17595
2141,17596
9194,17597
9195,17598
475,17599
4805,17600
7481,17601
1769,17602
9196,17603
2538,17604
7725,17605
1211,17606
206,17607
7320,17608
570,17609
9197,17610
9198,17611
605,17612
610,17613
8875,17614
9199,17615
9200,17616
9201,17617
5610,17618
9202,17619
4875,17620
9203,17621
763,17622
12739,17623
9205,17624
2831,17625
9206,17626
9207,17627
1165,17628
9208,17629
8745,17630
872,17631
9209,17632
9210,17633
6753,17634
9211,17635
9212,17636
9213,17637
1622,17638
7851,17639
9214,17640
2580,17641
9215,17642
3894,17643
2065,17644
8246,17645
8188,17646
9216,17647
2630,17648
9217,17649
366,17650
28,17651
5680,17652
1728,17653
1969,17654
409,17655
9218,17656
9218,17657
6901,17658
2144,17659
7939,17660
9219,17661
1655,17662
9220,17663
9221,17664
4000,17665
3705,17666
9222,17667
2695,17668
6414,17669
9223,17670
9224,17671
9225,17672
9225,17673
9226,17674
9227,17675
579,17676
3062,17677
9228,17678
7416,17679
9229,17680
5074,17681
4102,17682
9230,17683
663,17684
3754,17685
2789,17686
9231,17687
1660,17688
9232,17689
9233,17690
9234,17691
5545,17692
9235,17693
9236,17694
9237,17695
9238,17696
9239,17697
6479,17698
8789,17699
6003,17700
9240,17701
4271,17702
158,17703
4278,17704
5265,17705
9241,17706
9242,17707
9243,17708
2918,17709
260,17710
2037,17711
9244,17712
9245,17713
9246,17714
5579,17715
9247,17716
9067,17717
9248,17718
6664,17719
2087,17720
3495,17721
365,17722
1338,17723
8442,17724
9249,17725
1730,17726
9250,17727
1360,17728
9251,17729
9252,17730
9253,17731
9254,17732
3273,17733
9255,17734
9256,17735
9257,17736
9258,17737
9258,17738
9082,17739
44,17740
1975,17741
3986,17742
6399,17743
9259,17744
7716,17745
3044,17746
8938,17747
9260,17748
3548,17749
9224,17750
3718,17751
556,17752
9261,17753
2717,17754
9262,17755
9263,17756
3064,17757
9264,17758
611,17759
6562,17760
6278,17761
9265,17762
5071,17763
7416,17764
626,17765
9266,17766
1459,17767
1462,17768
3088,17769
3091,17770
4300,17771
9267,17772
4426,17773
9268,17774
5127,17775
9269,17776
2787,17777
9270,17778
9271,17779
9272,17780
6995,17781
9273,17782
2810,17783
7612,17784
4908,17785
2309,17786
3135,17787
9274,17788
9275,17789
1515,17790
5968,17791
9276,17792
9277,17793
7341,17794
9278,17795
9279,17796
2335,17797
2855,17798
1565,17799
9280,17800
9281,17801
8773,17802
8773,17803
6762,17804
9282,17805
8779,17806
9283,17807
1585,17808
6491,17809
9284,17810
9285,17811
9286,17812
9286,17813
1071,17814
1946,17815
1072,17816
9287,17817
9288,17818
8159,17819
9289,17820
1083,17821
9290,17822
7838,17823
2457,17824
268,17825
9291,17826
3218,17827
1677,17828
9292,17829
9293,17830
9294,17831
5276,17832
5031,17833
9295,17834
1688,17835
9296,17836
9297,17837
12,17838
3239,17839
2065,17840
3465,17841
7676,17842
2924,17843
5664,17844
9298,17845
24,17846
341,17847
9299,17848
1326,17849
1326,17850
1326,17851
1326,17852
185,17853
2630,17854
9300,17855
2099,17856
4595,17857
9301,17858
9302,17859
8190,17860
9303,17861
6390,17862
9304,17863
9305,17864
1742,17865
3962,17866
3277,17867
5057,17868
1758,17869
1206,17870
46,17871
5888,17872
6687,17873
9306,17874
9306,17875
59,17876
9307,17877
63,17878
1783,17879
9308,17880
2695,17881
4018,17882
9309,17883
9310,17884
2506,17885
5721,17886
1797,17887
547,17888
9311,17889
7729,17890
1804,17891
580,17892
3062,17893
9312,17894
9313,17895
611,17896
9314,17897
9315,17898
5527,17899
1845,17900
9316,17901
4080,17902
89,17903
5747,17904
2248,17905
5074,17906
1853,17907
663,17908
9317,17909
679,17910
8295,17911
8042,17912
6222,17913
9318,17914
1867,17915
108,17916
741,17917
4446,17918
4911,17919
9319,17920
8699,17921
2829,17922
7169,17923
7169,17924
7169,17925
7169,17926
7169,17927
3598,17928
819,17929
823,17930
5541,17931
9320,17932
9321,17933
9322,17934
4192,17935
5170,17936
9323,17937
3790,17938
9324,17939
876,17940
9325,17941
9326,17942
5998,17943
2380,17944
9327,17945
3836,17946
9328,17947
941,17948
9329,17949
5361,17950
6008,17951
9330,17952
9331,17953
4989,17954
1255,17955
9332,17956
9333,17957
9334,17958
9335,17959
7837,17960
2935,17961
1131,17962
3957,17963
3268,17964
9336,17965
9337,17966
574,17967
9338,17968
9339,17969
1040,17970
7657,17971
9291,17972
9340,17973
1961,17974
2524,17975
2603,17976
9341,17977
7294,17978
2086,17979
365,17980
3499,17981
9342,17982
9343,17983
8435,17984
9344,17985
5190,17986
5869,17987
9250,17988
4616,17989
5047,17990
5047,17991
9345,17992
1369,17993
1369,17994
9346,17995
7122,17996
9347,17997
49,17998
4809,17999
488,18000
5591,18001
2175,18002
9348,18003
509,18004
1140,18005
9349,18006
553,18007
9350,18008
4415,18009
86,18010
9351,18011
9352,18012
5752,18013
1991,18014
4886,18015
741,18016
8673,18017
3380,18018
8683,18019
9353,18020
1517,18021
4165,18022
7342,18023
5296,18024
9354,18025
9355,18026
2486,18027
3161,18028
2364,18029
5139,18030
7631,18031
9356,18032
9357,18033
7060,18034
2400,18035
2400,18036
9331,18037
1600,18038
2414,18039
7218,18040
1029,18041
9358,18042
9359,18043
2902,18044
9360,18045
6363,18046
6526,18047
5515,18048
1429,18049
4835,18050
9043,18051
9361,18052
4060,18053
9362,18054
791,18055
9363,18056
7289,18057
7098,18058
6367,18059
8188,18060
5311,18061
4600,18062
9364,18063
5869,18064
397,18065
3951,18066
1369,18067
3691,18068
9365,18069
456,18070
6686,18071
9259,18072
9348,18073
9366,18074
9367,18075
7958,18076
7958,18077
8934,18078
4018,18079
9368,18080
1804,18081
7413,18082
580,18083
1824,18084
3336,18085
6425,18086
4663,18087
6432,18088
4102,18089
8211,18090
9369,18091
2801,18092
6124,18093
2317,18094
4159,18095
4168,18096
9370,18097
9371,18098
9372,18099
9373,18100
9374,18101
9375,18102
4192,18103
9376,18104
5623,18105
8099,18106
9377,18107
9378,18108
9379,18109
135,18110
1250,18111
4227,18112
9380,18113
9381,18114
7059,18115
952,18116
4984,18117
8139,18118
9382,18119
9383,18120
4275,18121
9384,18122
9385,18123
9386,18124
3645,18125
4751,18126
5879,18127
9387,18128
9388,18129
5617,18130
9148,18131
9389,18132
9053,18133
8346,18134
9390,18135
1,18136
1,18137
7379,18138
269,18139
4744,18140
9391,18141
9391,18142
9392,18143
9393,18144
8182,18145
6647,18146
9149,18147
9394,18148
273,18149
3649,18150
3216,18151
8348,18152
8349,18153
6861,18154
2950,18155
9395,18156
9396,18157
3471,18158
3471,18159
9397,18160
9291,18161
9291,18162
8352,18163
6612,18164
9398,18165
9399,18166
6032,18167
9400,18168
9401,18169
3873,18170
2034,18171
2034,18172
275,18173
5571,18174
2953,18175
9402,18176
9403,18177
4751,18178
3222,18179
5150,18180
282,18181
282,18182
9404,18183
9405,18184
6053,18185
1682,18186
4753,18187
283,18188
3882,18189
1279,18190
3886,18191
3886,18192
9406,18193
9406,18194
2040,18195
4316,18196
9407,18197
9408,18198
3475,18199
7285,18200
9409,18201
1281,18202
1281,18203
8,18204
9410,18205
9411,18206
3891,18207
9412,18208
8186,18209
9413,18210
3477,18211
8237,18212
8237,18213
9414,18214
9415,18215
3228,18216
3228,18217
7383,18218
295,18219
9416,18220
9416,18221
8238,18222
8382,18223
9417,18224
9417,18225
7519,18226
7862,18227
9418,18228
3839,18229
7564,18230
7671,18231
300,18232
4757,18233
3480,18234
4758,18235
4758,18236
1287,18237
5651,18238
7520,18239
179,18240
179,18241
7866,18242
3898,18243
9419,18244
9419,18245
2593,18246
3484,18247
9420,18248
8242,18249
8242,18250
4322,18251
2053,18252
9421,18253
6060,18254
6615,18255
9422,18256
9423,18257
3486,18258
2055,18259
9424,18260
6257,18261
3234,18262
9029,18263
2057,18264
3235,18265
7870,18266
9425,18267
311,18268
314,18269
7872,18270
5849,18271
2061,18272
2062,18273
5656,18274
5656,18275
5417,18276
1701,18277
321,18278
321,18279
5660,18280
6064,18281
1703,18282
9426,18283
323,18284
3660,18285
324,18286
324,18287
324,18288
1705,18289
1308,18290
9427,18291
1706,18292
2525,18293
9428,18294
2611,18295
2611,18296
8402,18297
2968,18298
8403,18299
9429,18300
9429,18301
18,18302
1313,18303
1313,18304
1313,18305
328,18306
328,18307
9430,18308
9431,18309
2971,18310
334,18311
8246,18312
7523,18313
2615,18314
2615,18315
9432,18316
339,18317
339,18318
9433,18319
24,18320
4769,18321
4769,18322
4583,18323
8410,18324
8410,18325
341,18326
341,18327
6367,18328
6642,18329
8903,18330
342,18331
6188,18332
6665,18333
9434,18334
9435,18335
348,18336
348,18337
348,18338
9436,18339
18090,18340
4585,18341
9437,18342
9438,18343
7886,18344
7888,18345
7888,18346
9439,18347
6189,18348
6189,18349
9440,18350
2978,18351
8418,18352
7895,18353
9441,18354
9442,18355
2628,18356
3923,18357
6374,18358
9443,18359
365,18360
365,18361
9444,18362
6526,18363
4335,18364
2093,18365
2633,18366
367,18367
367,18368
367,18369
9445,18370
1336,18371
1336,18372
7527,18373
2983,18374
3672,18375
9446,18376
9447,18377
9448,18378
28,18379
28,18380
9449,18381
372,18382
5672,18383
5459,18384
2097,18385
2097,18386
4783,18387
9450,18388
3498,18389
376,18390
376,18391
6381,18392
4595,18393
9451,18394
9451,18395
3499,18396
3499,18397
3499,18398
1344,18399
1344,18400
1131,18401
1131,18402
1131,18403
1345,18404
9452,18405
5311,18406
5311,18407
4784,18408
9453,18409
2101,18410
2101,18411
5678,18412
9454,18413
9454,18414
5679,18415
5679,18416
5680,18417
9455,18418
9455,18419
384,18420
9456,18421
2105,18422
9457,18423
1347,18424
3256,18425
8442,18426
7905,18427
1966,18428
1203,18429
9458,18430
9459,18431
2639,18432
2639,18433
387,18434
6386,18435
6386,18436
9460,18437
3939,18438
5190,18439
4604,18440
9461,18441
3940,18442
9462,18443
3501,18444
9463,18445
394,18446
2642,18447
1734,18448
400,18449
402,18450
403,18451
5156,18452
1651,18453
1363,18454
3504,18455
5513,18456
4614,18457
9464,18458
6677,18459
409,18460
8462,18461
2122,18462
2124,18463
3508,18464
3508,18465
3508,18466
9253,18467
9465,18468
1739,18469
9466,18470
7404,18471
9467,18472
6897,18473
6897,18474
6897,18475
9468,18476
9468,18477
8254,18478
34,18479
34,18480
34,18481
7917,18482
7917,18483
7917,18484
9469,18485
9470,18486
9471,18487
5389,18488
9472,18489
9473,18490
1367,18491
5460,18492
5313,18493
5313,18494
9474,18495
8258,18496
1369,18497
9475,18498
9475,18499
5314,18500
9476,18501
9477,18502
8259,18503
6680,18504
1743,18505
9478,18506
5514,18507
9479,18508
9480,18509
9481,18510
9154,18511
9482,18512
5052,18513
9483,18514
9484,18515
9484,18516
6901,18517
9485,18518
1747,18519
6902,18520
442,18521
7703,18522
7703,18523
7230,18524
444,18525
6904,18526
6169,18527
9486,18528
2533,18529
447,18530
9487,18531
9258,18532
9258,18533
2650,18534
2650,18535
9488,18536
9489,18537
1378,18538
1378,18539
9490,18540
9491,18541
451,18542
3005,18543
9492,18544
43,18545
6831,18546
9493,18547
9494,18548
1382,18549
1382,18550
1762,18551
455,18552
4625,18553
8261,18554
7536,18555
3010,18556
9495,18557
9496,18558
9497,18559
46,18560
46,18561
6684,18562
3011,18563
9498,18564
8488,18565
462,18566
1764,18567
8922,18568
5586,18569
48,18570
48,18571
3014,18572
3282,18573
50,18574
50,18575
469,18576
469,18577
9499,18578
5698,18579
7943,18580
9500,18581
9501,18582
5699,18583
6201,18584
3285,18585
3285,18586
3986,18587
9502,18588
9503,18589
9504,18590
7209,18591
1391,18592
9505,18593
9506,18594
9506,18595
5887,18596
3517,18597
9507,18598
9508,18599
6912,18600
7153,18601
4632,18602
4632,18603
4632,18604
3520,18605
8494,18606
9509,18607
2667,18608
9510,18609
1396,18610
3522,18611
8498,18612
9511,18613
4808,18614
9512,18615
3701,18616
8263,18617
9513,18618
3990,18619
8926,18620
9514,18621
3524,18622
486,18623
7589,18624
6833,18625
4553,18626
2668,18627
1770,18628
1771,18629
1771,18630
3024,18631
489,18632
7154,18633
4366,18634
4366,18635
4366,18636
57,18637
57,18638
3026,18639
2168,18640
4812,18641
3528,18642
9515,18643
9516,18644
9517,18645
9517,18646
9518,18647
492,18648
1404,18649
1404,18650
5709,18651
5709,18652
7182,18653
494,18654
1209,18655
1209,18656
9519,18657
9519,18658
8507,18659
8507,18660
8507,18661
9520,18662
198,18663
9521,18664
8508,18665
8508,18666
501,18667
5710,18668
8509,18669
9522,18670
9523,18671
9524,18672
8512,18673
2679,18674
5204,18675
9525,18676
9526,18677
9527,18678
9528,18679
9529,18680
4637,18681
9530,18682
201,18683
5160,18684
1410,18685
1410,18686
9531,18687
9532,18688
510,18689
9533,18690
63,18691
63,18692
9039,18693
9367,18694
9534,18695
65,18696
5900,18697
3043,18698
6924,18699
6924,18700
513,18701
513,18702
9535,18703
9536,18704
516,18705
2181,18706
6408,18707
3537,18708
3538,18709
3304,18710
3542,18711
9537,18712
8531,18713
4388,18714
9538,18715
9539,18716
4015,18717
6411,18718
3050,18719
3711,18720
9540,18721
534,18722
6698,18723
5206,18724
4018,18725
9541,18726
7967,18727
3712,18728
3712,18729
9542,18730
1788,18731
8535,18732
8536,18733
538,18734
8271,18735
9543,18736
8537,18737
9309,18738
539,18739
539,18740
539,18741
3544,18742
9544,18743
2193,18744
9310,18745
9310,18746
6273,18747
203,18748
9545,18749
1792,18750
7974,18751
7974,18752
1794,18753
1794,18754
9546,18755
9547,18756
72,18757
9548,18758
9548,18759
9549,18760
9550,18761
9551,18762
204,18763
4025,18764
4025,18765
5721,18766
546,18767
6701,18768
9552,18769
8545,18770
8546,18771
8547,18772
1797,18773
1797,18774
9553,18775
8940,18776
7538,18777
2698,18778
2698,18779
2698,18780
4027,18781
74,18782
9554,18783
9555,18784
9556,18785
9557,18786
8548,18787
9558,18788
9225,18789
6551,18790
2542,18791
2542,18792
9559,18793
5286,18794
9560,18795
4031,18796
4031,18797
9561,18798
207,18799
207,18800
207,18801
549,18802
551,18803
9562,18804
9562,18805
9563,18806
6552,18807
6093,18808
9564,18809
553,18810
553,18811
2206,18812
2206,18813
2704,18814
2704,18815
1804,18816
1432,18817
1433,18818
7413,18819
1434,18820
9565,18821
1808,18822
9566,18823
9567,18824
564,18825
564,18826
9568,18827
2210,18828
9569,18829
567,18830
567,18831
8200,18832
78,18833
2711,18834
2711,18835
5915,18836
6555,18837
5210,18838
9570,18839
571,18840
1811,18841
573,18842
2211,18843
9571,18844
5728,18845
9572,18846
2717,18847
7321,18848
2718,18849
2718,18850
9350,18851
9227,18852
6941,18853
580,18854
580,18855
7541,18856
7541,18857
4648,18858
4648,18859
3062,18860
581,18861
2216,18862
8277,18863
583,18864
9573,18865
7992,18866
3329,18867
9574,18868
2721,18869
6038,18870
8573,18871
8573,18872
9575,18873
4840,18874
9576,18875
4054,18876
595,18877
9577,18878
6098,18879
5730,18880
1820,18881
3332,18882
9578,18883
2726,18884
4844,18885
1448,18886
9579,18887
9580,18888
9581,18889
9581,18890
1824,18891
9582,18892
9582,18893
6099,18894
6099,18895
9583,18896
9584,18897
599,18898
2727,18899
2727,18900
3335,18901
2221,18902
84,18903
84,18904
84,18905
3336,18906
2734,18907
9585,18908
2737,18909
3071,18910
9586,18911
6426,18912
9587,18913
6427,18914
2738,18915
9588,18916
4656,18917
9589,18918
2223,18919
2223,18920
2223,18921
7744,18922
9590,18923
2224,18924
6712,18925
9591,18926
2739,18927
1829,18928
1829,18929
3727,18930
9592,18931
616,18932
9593,18933
4061,18934
5737,18935
9594,18936
1836,18937
5395,18938
5395,18939
619,18940
619,18941
9595,18942
9596,18943
9597,18944
7745,18945
2226,18946
9598,18947
9598,18948
7746,18949
9599,18950
9600,18951
9601,18952
9602,18953
8011,18954
9603,18955
9604,18956
7415,18957
3566,18958
3566,18959
4418,18960
622,18961
622,18962
1840,18963
625,18964
4070,18965
6714,18966
9605,18967
9606,18968
9607,18969
9608,18970
9609,18971
2749,18972
5742,18973
6103,18974
1843,18975
9610,18976
1844,18977
7246,18978
9611,18979
9612,18980
9613,18981
1845,18982
1845,18983
9614,18984
5744,18985
2237,18986
1849,18987
9615,18988
637,18989
3080,18990
3080,18991
6718,18992
2940,18993
638,18994
5930,18995
9616,18996
91,18997
1146,18998
1146,18999
9617,19000
2755,19001
6963,19002
2244,19003
9618,19004
9619,19005
8621,19006
5933,19007
3088,19008
7756,19009
9620,19010
4092,19011
9621,19012
3741,19013
9622,19014
9623,19015
9624,19016
6969,19017
94,19018
6438,19019
1852,19020
9625,19021
658,19022
4300,19023
7162,19024
9626,19025
661,19026
3351,19027
3351,19028
3351,19029
3351,19030
9627,19031
2760,19032
9628,19033
9629,19034
668,19035
4106,19036
8028,19037
5751,19038
4425,19039
9630,19040
674,19041
675,19042
9631,19043
8962,19044
5398,19045
1992,19046
1992,19047
3853,19048
6980,19049
9632,19050
683,19051
684,19052
3359,19053
2774,19054
4115,19055
9633,19056
1224,19057
6220,19058
9634,19059
7193,19060
2277,19061
9635,19062
9635,19063
1150,19064
9636,19065
4123,19066
6986,19067
9637,19068
9638,19069
9639,19070
9640,19071
705,19072
105,19073
6571,19074
2941,19075
9641,19076
4883,19077
2787,19078
9318,19079
8655,19080
706,19081
6119,19082
9642,19083
9643,19084
8048,19085
9644,19086
7768,19087
2288,19088
4680,19089
9645,19090
8660,19091
720,19092
9646,19093
9647,19094
2290,19095
6611,19096
727,19097
1497,19098
4138,19099
3118,19100
9648,19101
6729,19102
2292,19103
4894,19104
1225,19105
2293,19106
4895,19107
4896,19108
9649,19109
3123,19110
3123,19111
3124,19112
3124,19113
6335,19114
6335,19115
8665,19116
3376,19117
3376,19118
736,19119
739,19120
739,19121
1227,19122
1227,19123
741,19124
741,19125
743,19126
743,19127
6126,19128
9650,19129
2298,19130
2298,19131
1158,19132
229,19133
4144,19134
9114,19135
9651,19136
1996,19137
8677,19138
3767,19139
9652,19140
3128,19141
2299,19142
9653,19143
9654,19144
9655,19145
9656,19146
2814,19147
4908,19148
775,19149
3594,19150
777,19151
9657,19152
9658,19153
4153,19154
2308,19155
1997,19156
1997,19157
1997,19158
780,19159
6130,19160
4558,19161
171,19162
2310,19163
9659,19164
9660,19165
9661,19166
9662,19167
8691,19168
1515,19169
9663,19170
9664,19171
3596,19172
8069,19173
9665,19174
7547,19175
9666,19176
9666,19177
7618,19178
8304,19179
2826,19180
2318,19181
9667,19182
9668,19183
116,19184
116,19185
116,19186
5482,19187
9669,19188
3597,19189
5347,19190
5973,19191
802,19192
5229,19193
9670,19194
2829,19195
9671,19196
2324,19197
2324,19198
2324,19199
4459,19200
9672,19201
4166,19202
9673,19203
806,19204
2331,19205
810,19206
3396,19207
9674,19208
3397,19209
9675,19210
9676,19211
5540,19212
9677,19213
9677,19214
9678,19215
9679,19216
828,19217
6298,19218
6138,19219
9680,19220
2001,19221
7344,19222
9681,19223
835,19224
835,19225
5088,19226
9682,19227
9683,19228
3602,19229
9684,19230
9685,19231
8991,19232
9686,19233
1900,19234
2846,19235
4699,19236
9687,19237
7469,19238
9688,19239
8725,19240
9689,19241
848,19242
9690,19243
4191,19244
4192,19245
4192,19246
9691,19247
9692,19248
9693,19249
9694,19250
9694,19251
9694,19252
9695,19253
9695,19254
9696,19255
9697,19256
9698,19257
8731,19258
4941,19259
4941,19260
4941,19261
237,19262
8993,19263
6301,19264
9699,19265
859,19266
9700,19267
9701,19268
6750,19269
9702,19270
9703,19271
2348,19272
9704,19273
2849,19274
6345,19275
9705,19276
9706,19277
9707,19278
239,19279
8090,19280
4198,19281
9708,19282
9709,19283
9710,19284
9711,19285
865,19286
9712,19287
9713,19288
9714,19289
9715,19290
8094,19291
1904,19292
7197,19293
9716,19294
5987,19295
9717,19296
9173,19297
9718,19298
9719,19299
1564,19300
2357,19301
9720,19302
9721,19303
878,19304
9722,19305
9723,19306
883,19307
2361,19308
244,19309
7801,19310
5405,19311
5405,19312
5405,19313
3617,19314
886,19315
3161,19316
9724,19317
9725,19318
3417,19319
3417,19320
7488,19321
9726,19322
9727,19323
9728,19324
5445,19325
8103,19326
9729,19327
2367,19328
9730,19329
9731,19330
7806,19331
1169,19332
9732,19333
894,19334
3164,19335
9733,19336
9734,19337
9735,19338
7037,19339
9736,19340
2489,19341
1573,19342
9737,19343
3419,19344
9004,19345
9738,19346
7357,19347
9739,19348
9739,19349
5807,19350
5808,19351
908,19352
8114,19353
5629,19354
9740,19355
8766,19356
3166,19357
9741,19358
9742,19359
3621,19360
3621,19361
139,19362
2866,19363
917,19364
917,19365
8773,19366
4304,19367
9743,19368
4224,19369
4224,19370
9744,19371
9744,19372
9745,19373
8774,19374
1920,19375
1920,19376
6634,19377
8118,19378
7044,19379
7044,19380
8776,19381
3169,19382
3169,19383
3169,19384
4967,19385
1922,19386
1922,19387
9327,19388
8121,19389
9746,19390
9747,19391
5250,19392
8779,19393
7437,19394
925,19395
9748,19396
6000,19397
926,19398
9749,19399
9750,19400
9751,19401
9751,19402
9752,19403
9753,19404
9754,19405
9755,19406
930,19407
6001,19408
9756,19409
9756,19410
9757,19411
9757,19412
9758,19413
9759,19414
8789,19415
937,19416
937,19417
937,19418
937,19419
937,19420
937,19421
9760,19422
9760,19423
9761,19424
9762,19425
7815,19426
9763,19427
2391,19428
9764,19429
946,19430
946,19431
9765,19432
9765,19433
9766,19434
9766,19435
6244,19436
2872,19437
4503,19438
7057,19439
8796,19440
9767,19441
1931,19442
9768,19443
9769,19444
7059,19445
9770,19446
1590,19447
4241,19448
9771,19449
9772,19450
1591,19451
1591,19452
1591,19453
952,19454
7060,19455
7061,19456
3428,19457
9773,19458
9129,19459
9774,19460
6487,19461
955,19462
5408,19463
9775,19464
9776,19465
9777,19466
9778,19467
9132,19468
6043,19469
2876,19470
2876,19471
9779,19472
9780,19473
6637,19474
2878,19475
9781,19476
8802,19477
5365,19478
9782,19479
5175,19480
9783,19481
9784,19482
4508,19483
9785,19484
2884,19485
9786,19486
1599,19487
5176,19488
149,19489
9787,19490
9788,19491
9331,19492
9789,19493
6154,19494
9790,19495
983,19496
3814,19497
9791,19498
9792,19499
986,19500
2418,19501
9793,19502
4249,19503
4249,19504
4249,19505
990,19506
4250,19507
3184,19508
9794,19509
9794,19510
991,19511
1254,19512
1255,19513
3187,19514
3187,19515
3433,19516
996,19517
9795,19518
8329,19519
8141,19520
5179,19521
9796,19522
3815,19523
6012,19524
9797,19525
9798,19526
9799,19527
3190,19528
1120,19529
7826,19530
3438,19531
9213,19532
9800,19533
1173,19534
7368,19535
3440,19536
3440,19537
3862,19538
9801,19539
9802,19540
9803,19541
5821,19542
3442,19543
3193,19544
1017,19545
1017,19546
1017,19547
4262,19548
4262,19549
1613,19550
9804,19551
5001,19552
1025,19553
9805,19554
9806,19555
9807,19556
5562,19557
1030,19558
5003,19559
5005,19560
5005,19561
1034,19562
1036,19563
9808,19564
9809,19565
6498,19566
4265,19567
9810,19568
1258,19569
9811,19570
2435,19571
7279,19572
4530,19573
9812,19574
9813,19575
5259,19576
8838,19577
6772,19578
9814,19579
2901,19580
9815,19581
1049,19582
9816,19583
1050,19584
9817,19585
5563,19586
9818,19587
6857,19588
9819,19589
9820,19590
9821,19591
9822,19592
7280,19593
9823,19594
9824,19595
1060,19596
1943,19597
9825,19598
9826,19599
9827,19600
2445,19601
9828,19602
3821,19603
3821,19604
9829,19605
9830,19606
9831,19607
1069,19608
2450,19609
9832,19610
3450,19611
9833,19612
1638,19613
9834,19614
2023,19615
2453,19616
2455,19617
8159,19618
6029,19619
7836,19620
4537,19621
3459,19622
9835,19623
8165,19624
9836,19625
4738,19626
8864,19627
1948,19628
2567,19629
2918,19630
2461,19631
7449,19632
4740,19633
9837,19634
9838,19635
284,19636
9839,19637
2598,19638
7876,19639
9840,19640
8404,19641
9841,19642
9842,19643
341,19644
9031,19645
9843,19646
349,19647
3247,19648
9844,19649
2980,19650
9845,19651
9846,19652
4602,19653
9847,19654
3950,19655
400,19656
400,19657
400,19658
1360,19659
1360,19660
401,19661
9848,19662
5687,19663
407,19664
9849,19665
9850,19666
9193,19667
9851,19668
9852,19669
9853,19670
9853,19671
1384,19672
9854,19673
7536,19674
1392,19675
2193,19676
4825,19677
9855,19678
9856,19679
4022,19680
3547,19681
7976,19682
5913,19683
7538,19684
9857,19685
1106,19686
9261,19687
1432,19688
7986,19689
560,19690
9858,19691
9859,19692
2210,19693
6558,19694
9198,19695
8581,19696
9860,19697
3098,19698
8632,19699
9861,19700
9862,19701
9863,19702
8049,19703
5766,19704
5766,19705
8663,19706
6128,19707
3133,19708
1515,19709
828,19710
9864,19711
9865,19712
4201,19713
242,19714
9866,19715
1919,19716
9867,19717
8789,19718
1017,19719
2432,19720
9868,19721
8161,19722
3215,19723
9869,19724
7562,19725
9870,19726
9870,19727
3654,19728
179,19729
2058,19730
9871,19731
8188,19732
9846,19733
9872,19734
9873,19735
1386,19736
3294,19737
201,19738
9874,19739
4394,19740
9875,19741
9876,19742
2711,19743
6097,19744
9877,19745
1836,19746
8036,19747
726,19748
6611,19749
9878,19750
1233,19751
3602,19752
9879,19753
1564,19754
5097,19755
9880,19756
9327,19757
142,19758
9881,19759
986,19760
9882,19761
9828,19762
9883,19763
2451,19764
1642,19765
3462,19766
6794,19767
9884,19768
8346,19769
266,19770
9885,19771
270,19772
9886,19773
3214,19774
3215,19775
9887,19776
4745,19777
5570,19778
9888,19779
9889,19780
6798,19781
9291,19782
274,19783
6612,19784
9890,19785
9891,19786
6032,19787
8356,19788
9892,19789
275,19790
6800,19791
8886,19792
9893,19793
9894,19794
7853,19795
2037,19796
2037,19797
9895,19798
9896,19799
2038,19800
2038,19801
1682,19802
3881,19803
283,19804
5645,19805
9897,19806
3883,19807
7665,19808
284,19809
7381,19810
6033,19811
9898,19812
2040,19813
9899,19814
9900,19815
3888,19816
9901,19817
1281,19818
1281,19819
1281,19820
1281,19821
8,19822
9410,19823
3891,19824
7857,19825
9902,19826
9903,19827
9904,19828
9905,19829
1189,19830
9414,19831
5842,19832
9906,19833
9907,19834
9908,19835
10,19836
7520,19837
179,19838
3655,19839
2050,19840
9909,19841
303,19842
9910,19843
5384,19844
6653,19845
2052,19846
2053,19847
9911,19848
2594,19849
3485,19850
3486,19851
3486,19852
2055,19853
306,19854
9912,19855
9913,19856
2057,19857
2057,19858
2057,19859
2057,19860
2597,19861
2058,19862
1650,19863
12,19864
12,19865
9425,19866
6259,19867
2062,19868
2062,19869
9914,19870
9915,19871
2064,19872
5579,19873
9916,19874
13,19875
9917,19876
1302,19877
9918,19878
323,19879
324,19880
324,19881
324,19882
325,19883
2608,19884
1307,19885
5851,19886
9919,19887
2610,19888
5661,19889
2924,19890
4764,19891
9920,19892
2968,19893
2968,19894
1311,19895
7677,19896
7877,19897
6510,19898
2070,19899
7457,19900
6523,19901
1314,19902
1314,19903
330,19904
5854,19905
4767,19906
9921,19907
1127,19908
9922,19909
7879,19910
9923,19911
2972,19912
2972,19913
337,19914
339,19915
339,19916
9924,19917
8167,19918
2618,19919
342,19920
9925,19921
4584,19922
9926,19923
9927,19924
3467,19925
9928,19926
9929,19927
6666,19928
9930,19929
6370,19930
6667,19931
354,19932
3494,19933
9068,19934
9931,19935
9932,19936
2628,19937
9933,19938
361,19939
9443,19940
9934,19941
362,19942
362,19943
9935,19944
364,19945
365,19946
365,19947
365,19948
9936,19949
2633,19950
3497,19951
9937,19952
367,19953
367,19954
9938,19955
1339,19956
5420,19957
9446,19958
28,19959
28,19960
28,19961
28,19962
1342,19963
1342,19964
1342,19965
1965,19966
4783,19967
9939,19968
9940,19969
6381,19970
9941,19971
9941,19972
1725,19973
5045,19974
5679,19975
5679,19976
5679,19977
2637,19978
1202,19979
1347,19980
9942,19981
8440,19982
6385,19983
8442,19984
5683,19985
9943,19986
9944,19987
8445,19988
9945,19989
9946,19990
9947,19991
9460,19992
3939,19993
2640,19994
188,19995
6263,19996
9948,19997
9949,19998
395,19999
9950,20000
9951,20001
9952,20002
9953,20003
403,20004
405,20005
7909,20006
3261,20007
3261,20008
7101,20009
408,20010
9954,20011
3508,20012
7913,20013
9955,20014
9956,20015
1204,20016
4346,20017
9957,20018
415,20019
2994,20020
3268,20021
3268,20022
9958,20023
417,20024
9471,20025
2645,20026
36,20027
9959,20028
3961,20029
1367,20030
1367,20031
1367,20032
1742,20033
9960,20034
419,20035
5313,20036
2130,20037
37,20038
5049,20039
5049,20040
9961,20041
9962,20042
9963,20043
9964,20044
421,20045
9965,20046
424,20047
9966,20048
5157,20049
428,20050
2997,20051
6900,20052
1369,20053
9967,20054
9967,20055
1743,20056
1743,20057
5514,20058
5880,20059
9968,20060
3965,20061
5195,20062
9969,20063
2135,20064
2135,20065
2136,20066
434,20067
9193,20068
438,20069
1100,20070
6902,20071
442,20072
444,20073
444,20074
1751,20075
9970,20076
1752,20077
8479,20078
8479,20079
9971,20080
3977,20081
2144,20082
9257,20083
9257,20084
448,20085
9488,20086
7585,20087
8480,20088
9972,20089
1378,20090
1378,20091
9973,20092
7934,20093
452,20094
9974,20095
7936,20096
7936,20097
9975,20098
9082,20099
1383,20100
3006,20101
3011,20102
2657,20103
3982,20104
9976,20105
7940,20106
8922,20107
464,20108
47,20109
47,20110
5586,20111
5586,20112
465,20113
49,20114
3016,20115
1387,20116
50,20117
2660,20118
3017,20119
470,20120
2661,20121
6396,20122
475,20123
475,20124
3018,20125
3018,20126
196,20127
196,20128
12962,20129
477,20130
6685,20131
9977,20132
9978,20133
9505,20134
9979,20135
9979,20136
9979,20137
7408,20138
2163,20139
9980,20140
3701,20141
9981,20142
4553,20143
5705,20144
6916,20145
6916,20146
5590,20147
5590,20148
9982,20149
492,20150
3294,20151
1104,20152
7238,20153
9983,20154
9522,20155
8516,20156
9984,20157
9985,20158
5285,20159
6405,20160
9986,20161
9038,20162
9987,20163
63,20164
9988,20165
9989,20166
4639,20167
515,20168
1783,20169
516,20170
2181,20171
517,20172
519,20173
6695,20174
520,20175
520,20176
6410,20177
3538,20178
9990,20179
9991,20180
9992,20181
527,20182
8938,20183
9993,20184
2185,20185
2185,20186
2187,20187
2695,20188
9994,20189
536,20190
9995,20191
1422,20192
9996,20193
3543,20194
8535,20195
539,20196
4823,20197
6273,20198
70,20199
2194,20200
2194,20201
2194,20202
9997,20203
1792,20204
1792,20205
9998,20206
3313,20207
2505,20208
6549,20209
3716,20210
3548,20211
3314,20212
4024,20213
205,20214
5913,20215
5209,20216
9349,20217
4396,20218
206,20219
9999,20220
10000,20221
2199,20222
10001,20223
4397,20224
5286,20225
5521,20226
5598,20227
262,20228
262,20229
76,20230
76,20231
4398,20232
4831,20233
2029,20234
7103,20235
1803,20236
3058,20237
10002,20238
3322,20239
1804,20240
10003,20241
5469,20242
9261,20243
7320,20244
1805,20245
1658,20246
2706,20247
10004,20248
10005,20249
1436,20250
2209,20251
6418,20252
6934,20253
10006,20254
10007,20255
6420,20256
79,20257
79,20258
79,20259
10008,20260
10009,20261
6212,20262
4043,20263
572,20264
572,20265
1983,20266
575,20267
2212,20268
2717,20269
577,20270
10010,20271
4048,20272
4839,20273
1812,20274
3062,20275
3062,20276
2216,20277
8277,20278
583,20279
5380,20280
5524,20281
10011,20282
8571,20283
3063,20284
591,20285
591,20286
10012,20287
7543,20288
6214,20289
10013,20290
10014,20291
7997,20292
595,20293
10015,20294
10016,20295
10016,20296
6098,20297
1820,20298
10017,20299
3332,20300
9578,20301
5921,20302
2726,20303
2726,20304
2726,20305
10018,20306
10019,20307
10020,20308
1823,20309
4844,20310
9579,20311
1824,20312
5732,20313
1951,20314
10021,20315
10022,20316
599,20317
599,20318
599,20319
599,20320
3335,20321
8944,20322
84,20323
84,20324
84,20325
2730,20326
10023,20327
4298,20328
4298,20329
10024,20330
2734,20331
5922,20332
2737,20333
10025,20334
10026,20335
10027,20336
5526,20337
608,20338
6711,20339
2223,20340
2223,20341
8204,20342
612,20343
613,20344
8006,20345
2739,20346
618,20347
618,20348
3074,20349
10028,20350
10028,20351
5071,20352
5738,20353
9595,20354
4063,20355
1953,20356
10029,20357
10030,20358
10031,20359
10032,20360
625,20361
10033,20362
626,20363
10034,20364
10035,20365
10036,20366
6957,20367
10037,20368
10038,20369
632,20370
635,20371
3080,20372
4666,20373
5930,20374
10040,20375
7126,20376
8618,20377
1460,20378
642,20379
642,20380
10041,20381
3087,20382
10042,20383
646,20384
646,20385
10043,20386
7110,20387
10044,20388
10045,20389
93,20390
8023,20391
10046,20392
10047,20393
10048,20394
10049,20395
3091,20396
656,20397
7603,20398
10050,20399
10051,20400
8625,20401
4102,20402
7331,20403
219,20404
10052,20405
10053,20406
10054,20407
10055,20408
10056,20409
10056,20410
6976,20411
6511,20412
3746,20413
3746,20414
671,20415
10057,20416
3097,20417
3098,20418
677,20419
4110,20420
679,20421
5474,20422
8633,20423
5399,20424
1476,20425
3578,20426
6981,20427
10058,20428
5128,20429
10059,20430
7193,20431
699,20432
3752,20433
10060,20434
10061,20435
10062,20436
4127,20437
8044,20438
705,20439
105,20440
2787,20441
3113,20442
4436,20443
1154,20444
9109,20445
9109,20446
7767,20447
10063,20448
8971,20449
2552,20450
731,20451
3119,20452
3119,20453
10064,20454
2292,20455
3123,20456
3124,20457
3376,20458
109,20459
741,20460
4898,20461
8674,20462
10065,20463
6847,20464
8057,20465
756,20466
4449,20467
7778,20468
10066,20469
3128,20470
3128,20471
3128,20472
760,20473
760,20474
10067,20475
4904,20476
5616,20477
1505,20478
1506,20479
8681,20480
8681,20481
10068,20482
778,20483
4153,20484
5966,20485
113,20486
10069,20487
6130,20488
2818,20489
171,20490
7466,20491
4917,20492
6454,20493
2312,20494
10070,20495
788,20496
10071,20497
1516,20498
8174,20499
6738,20500
8693,20501
10072,20502
10073,20503
10074,20504
6582,20505
794,20506
2826,20507
6133,20508
10075,20509
4693,20510
10076,20511
4159,20512
3141,20513
802,20514
802,20515
10077,20516
10077,20517
5974,20518
7621,20519
803,20520
8707,20521
10078,20522
10079,20523
10080,20524
10081,20525
8076,20526
10082,20527
10082,20528
10083,20529
10084,20530
10085,20531
4931,20532
4464,20533
125,20534
2331,20535
9674,20536
2834,20537
2834,20538
814,20539
819,20540
10086,20541
10087,20542
10088,20543
6742,20544
3401,20545
10089,20546
4170,20547
4171,20548
3146,20549
7259,20550
828,20551
828,20552
10090,20553
10090,20554
2335,20555
2335,20556
2842,20557
5619,20558
10091,20559
10091,20560
10091,20561
5785,20562
5484,20563
10092,20564
1895,20565
2554,20566
10093,20567
5983,20568
10094,20569
842,20570
10095,20571
10096,20572
8084,20573
3604,20574
4699,20575
844,20576
10097,20577
3406,20578
3406,20579
7263,20580
1543,20581
1543,20582
5787,20583
10098,20584
10099,20585
10100,20586
8223,20587
4192,20588
10101,20589
7431,20590
10102,20591
5623,20592
10103,20593
4941,20594
10104,20595
4471,20596
10105,20597
10106,20598
10107,20599
3608,20600
8089,20601
9704,20602
10108,20603
10109,20604
10110,20605
10111,20606
861,20607
10112,20608
7346,20609
1665,20610
2852,20611
10113,20612
8180,20613
2351,20614
9714,20615
241,20616
10114,20617
871,20618
871,20619
10115,20620
6591,20621
10116,20622
10117,20623
10118,20624
9720,20625
4708,20626
10119,20627
10119,20628
878,20629
5240,20630
7352,20631
1906,20632
884,20633
243,20634
885,20635
10120,20636
10121,20637
4208,20638
10122,20639
2860,20640
7354,20641
6307,20642
6307,20643
4486,20644
10123,20645
10124,20646
10125,20647
10125,20648
10126,20649
897,20650
10127,20651
5446,20652
2012,20653
10128,20654
1913,20655
9174,20656
1249,20657
1249,20658
2863,20659
2558,20660
2864,20661
2374,20662
2375,20663
2865,20664
6041,20665
910,20666
8769,20667
139,20668
4304,20669
5811,20670
6634,20671
6762,20672
4229,20673
920,20674
5812,20675
5812,20676
6476,20677
6476,20678
7047,20679
10129,20680
7437,20681
10130,20682
6595,20683
6595,20684
937,20685
4499,20686
5632,20687
943,20688
6483,20689
4976,20690
4502,20691
6244,20692
4977,20693
3175,20694
10131,20695
10132,20696
10133,20697
144,20698
144,20699
9770,20700
954,20701
7361,20702
10134,20703
956,20704
956,20705
958,20706
958,20707
1118,20708
5363,20709
6598,20710
10135,20711
150,20712
10136,20713
7364,20714
7364,20715
8136,20716
983,20717
987,20718
7276,20719
2419,20720
253,20721
991,20722
7064,20723
8813,20724
8139,20725
4992,20726
10137,20727
10138,20728
4254,20729
10139,20730
10140,20731
8821,20732
8821,20733
1017,20734
1017,20735
7277,20736
5001,20737
8333,20738
7649,20739
2433,20740
8834,20741
8834,20742
5005,20743
10141,20744
9138,20745
10142,20746
3199,20747
10143,20748
1046,20749
1942,20750
2492,20751
6773,20752
10144,20753
10145,20754
2441,20755
1633,20756
10146,20757
157,20758
9825,20759
10147,20760
1068,20761
10148,20762
10149,20763
10150,20764
6023,20765
6024,20766
10151,20767
5369,20768
5369,20769
8855,20770
8855,20771
10152,20772
1081,20773
3827,20774
3644,20775
10153,20776
8856,20777
2024,20778
8160,20779
10154,20780
10155,20781
10155,20782
1083,20783
10156,20784
10157,20785
8165,20786
10158,20787
10159,20788
4541,20789
7839,20790
7374,20791
5373,20792
9243,20793
10160,20794
10161,20795
2461,20796
2920,20797
10162,20798
1677,20799
6800,20800
2576,20801
2591,20802
10163,20803
3933,20804
3676,20805
407,20806
6530,20807
2124,20808
7403,20809
10164,20810
6678,20811
3266,20812
8254,20813
5379,20814
10165,20815
10166,20816
10167,20817
10168,20818
6533,20819
10169,20820
10170,20821
42,20822
7938,20823
10171,20824
10172,20825
48,20826
9195,20827
1765,20828
470,20829
2662,20830
8929,20831
8929,20832
10173,20833
198,20834
4368,20835
516,20836
10174,20837
529,20838
10175,20839
536,20840
10176,20841
70,20842
70,20843
2194,20844
9997,20845
1792,20846
4829,20847
10177,20848
2540,20849
7976,20850
4024,20851
204,20852
204,20853
5913,20854
550,20855
10178,20856
10179,20857
8556,20858
562,20859
2717,20860
2717,20861
2717,20862
2215,20863
8943,20864
3330,20865
10180,20866
7997,20867
10181,20868
10182,20869
5920,20870
10183,20871
6329,20872
599,20873
599,20874
599,20875
10184,20876
10185,20877
9589,20878
10186,20879
4058,20880
4058,20881
613,20882
10187,20883
4060,20884
10188,20885
2741,20886
10189,20887
8604,20888
625,20889
2229,20890
2231,20891
5165,20892
10190,20893
656,20894
10191,20895
10192,20896
6512,20897
6512,20898
10193,20899
10194,20900
4557,20901
4436,20902
4436,20903
10195,20904
4886,20905
10196,20906
8972,20907
10197,20908
10198,20909
4901,20910
4901,20911
10199,20912
2309,20913
3135,20914
8693,20915
8693,20916
7143,20917
10200,20918
7039,20919
5807,20920
10201,20921
4229,20922
10202,20923
10203,20924
8121,20925
5812,20926
7045,20927
6042,20928
5631,20929
10204,20930
144,20931
144,20932
10205,20933
983,20934
9792,20935
1254,20936
4260,20937
9285,20938
1629,20939
10206,20940
8845,20941
4564,20942
1271,20943
3649,20944
10207,20945
10208,20946
10208,20947
1956,20948
10209,20949
10210,20950
2053,20951
2055,20952
22,20953
10211,20954
1195,20955
7693,20956
8190,20957
10212,20958
10213,20959
1738,20960
7916,20961
10214,20962
10215,20963
10216,20964
10217,20965
9258,20966
2149,20967
3015,20968
467,20969
9522,20970
10218,20971
2184,20972
66,20973
10219,20974
10220,20975
6781,20976
9349,20977
4832,20978
579,20979
10221,20980
10222,20981
2223,20982
2223,20983
611,20984
1453,20985
10223,20986
3570,20987
3741,20988
97,20989
4673,20990
10224,20991
10225,20992
690,20993
10226,20994
10226,20995
1868,20996
10227,20997
746,20998
3380,20999
10228,21000
2321,21001
10229,21002
3394,21003
10230,21004
10231,21005
836,21006
10232,21007
7027,21008
10233,21009
878,21010
883,21011
1920,21012
6763,21013
10234,21014
1268,21015
10235,21016
2879,21017
1598,21018
5176,21019
8141,21020
8833,21021
1036,21022
10236,21023
10237,21024
4267,21025
1633,21026
1068,21027
10238,21028
5450,21029
1080,21030
10239,21031
2930,21032
2496,21033
4294,21034
3975,21035
1387,21036
3998,21037
3323,21038
10240,21039
1442,21040
10241,21041
10242,21042
10243,21043
10244,21044
10245,21045
10246,21046
1083,21047
9053,21048
10247,21049
4306,21050
1270,21051
1270,21052
10248,21053
10249,21054
10250,21055
1960,21056
3897,21057
2058,21058
12,21059
10251,21060
4762,21061
7394,21062
4767,21063
1326,21064
1130,21065
391,21066
5873,21067
5873,21068
5873,21069
1360,21070
10252,21071
6898,21072
430,21073
10253,21074
5885,21075
1378,21076
1137,21077
4374,21078
5285,21079
10254,21080
10255,21081
10256,21082
2927,21083
10257,21084
3061,21085
3062,21086
5926,21087
7325,21088
3081,21089
5930,21090
219,21091
9317,21092
3746,21093
673,21094
3361,21095
10258,21096
3123,21097
7510,21098
10259,21099
10259,21100
4151,21101
2315,21102
4157,21103
4935,21104
5981,21105
10260,21106
7092,21107
4939,21108
10261,21109
857,21110
4472,21111
861,21112
7795,21113
10262,21114
2854,21115
878,21116
886,21117
10263,21118
10264,21119
10265,21120
2489,21121
5488,21122
7809,21123
10266,21124
10267,21125
10268,21126
958,21127
7823,21128
3635,21129
10269,21130
7441,21131
8151,21132
8837,21133
9359,21134
9359,21135
8338,21136
10270,21137
10271,21138
303,21139
3905,21140
8411,21141
10272,21142
8188,21143
7692,21144
10273,21145
7528,21146
9470,21147
1369,21148
1369,21149
1369,21150
9497,21151
4003,21152
10274,21153
1787,21154
10275,21155
1182,21156
10178,21157
10276,21158
572,21159
10277,21160
622,21161
10278,21162
3091,21163
663,21164
663,21165
3366,21166
10279,21167
10280,21168
6115,21169
10281,21170
10282,21171
10283,21172
10284,21173
6224,21174
10285,21175
1877,21176
10286,21177
10287,21178
2334,21179
10288,21180
7260,21181
1531,21182
1531,21183
4192,21184
4192,21185
10289,21186
7026,21187
10290,21188
10291,21189
10291,21190
6475,21191
2012,21192
10292,21193
10129,21194
1929,21195
7200,21196
937,21197
10293,21198
10294,21199
2401,21200
1033,21201
5823,21202
1046,21203
10295,21204
10296,21205
7075,21206
5266,21207
1642,21208
10297,21209
10155,21210
7560,21211
7560,21212
7082,21213
3885,21214
10298,21215
10299,21216
3679,21217
3262,21218
6530,21219
2994,21220
7134,21221
1767,21222
7187,21223
1772,21224
10300,21225
3049,21226
10301,21227
7991,21228
10302,21229
10303,21230
599,21231
8615,21232
4875,21233
10304,21234
10305,21235
10306,21236
802,21237
3777,21238
4204,21239
5995,21240
10307,21241
7657,21242
9291,21243
10308,21244
10309,21245
1682,21246
10310,21247
2957,21248
1189,21249
10311,21250
10311,21251
10312,21252
10313,21253
11,21254
10314,21255
6615,21256
10315,21257
310,21258
9915,21259
3904,21260
2602,21261
2065,21262
10316,21263
10317,21264
3919,21265
185,21266
10318,21267
3249,21268
1338,21269
8438,21270
9151,21271
3676,21272
6387,21273
8451,21274
10319,21275
1735,21276
2122,21277
10320,21278
2532,21279
10321,21280
3688,21281
1369,21282
7133,21283
10322,21284
5514,21285
5514,21286
8473,21287
2144,21288
10323,21289
41,21290
1381,21291
7234,21292
46,21293
467,21294
9500,21295
9500,21296
10324,21297
2163,21298
2164,21299
8500,21300
9982,21301
10325,21302
6402,21303
5159,21304
10326,21305
65,21306
10327,21307
9993,21308
5065,21309
10328,21310
3549,21311
10329,21312
4031,21313
10330,21314
553,21315
2704,21316
1805,21317
580,21318
3062,21319
9312,21320
5730,21321
4056,21322
1987,21323
6561,21324
10331,21325
8597,21326
4065,21327
10332,21328
3566,21329
10333,21330
10334,21331
8618,21332
10335,21333
10336,21334
1470,21335
6286,21336
3098,21337
10337,21338
3102,21339
8639,21340
10338,21341
10339,21342
5968,21343
6232,21344
10340,21345
10341,21346
10342,21347
6740,21348
2328,21349
10343,21350
124,21351
10344,21352
10345,21353
10346,21354
10347,21355
9695,21356
9695,21357
9695,21358
10348,21359
2005,21360
2350,21361
10349,21362
5798,21363
10350,21364
878,21365
878,21366
5240,21367
6240,21368
10351,21369
10352,21370
3619,21371
10353,21372
10354,21373
4490,21374
10355,21375
10356,21376
10357,21377
10358,21378
10359,21379
965,21380
10360,21381
10361,21382
4249,21383
9134,21384
8139,21385
10362,21386
10363,21387
10364,21388
10365,21389
10366,21390
2899,21391
10367,21392
6773,21393
10368,21394
10369,21395
2460,21396
6800,21397
8403,21398
4327,21399
10370,21400
7225,21401
10371,21402
5049,21403
460,21404
3292,21405
8929,21406
10372,21407
10373,21408
10374,21409
10375,21410
10376,21411
10377,21412
10378,21413
3357,21414
10379,21415
10380,21416
10381,21417
807,21418
10382,21419
7787,21420
10383,21421
10384,21422
10385,21423
884,21424
10386,21425
4260,21426
9360,21427
10387,21428
10388,21429
7853,21430
10389,21431
3883,21432
10390,21433
2580,21434
1686,21435
1686,21436
5574,21437
10391,21438
10392,21439
10311,21440
2959,21441
10393,21442
3839,21443
3839,21444
2586,21445
2588,21446
10394,21447
179,21448
8241,21449
10395,21450
12,21451
4546,21452
10396,21453
2062,21454
1697,21455
15,21456
6260,21457
10397,21458
10398,21459
324,21460
324,21461
9919,21462
2969,21463
10399,21464
10399,21465
2072,21466
4767,21467
10400,21468
334,21469
337,21470
10401,21471
1709,21472
345,21473
349,21474
6371,21475
5861,21476
10402,21477
9934,21478
365,21479
10403,21480
1129,21481
1129,21482
7184,21483
6829,21484
10404,21485
10405,21486
5679,21487
2636,21488
10406,21489
2988,21490
8190,21491
6385,21492
8444,21493
5868,21494
10407,21495
9250,21496
7121,21497
34,21498
8916,21499
10408,21500
7929,21501
9081,21502
7231,21503
9972,21504
10409,21505
10410,21506
3009,21507
3009,21508
9498,21509
466,21510
3016,21511
1765,21512
476,21513
8493,21514
9508,21515
4632,21516
5888,21517
2168,21518
9982,21519
9982,21520
60,21521
1775,21522
9517,21523
1977,21524
7182,21525
6918,21526
10411,21527
7956,21528
63,21529
10412,21530
10413,21531
2187,21532
5333,21533
2194,21534
2506,21535
2198,21536
7538,21537
10414,21538
1804,21539
554,21540
5725,21541
6419,21542
2717,21543
2717,21544
3062,21545
585,21546
3063,21547
10415,21548
8278,21549
1821,21550
2726,21551
2726,21552
3335,21553
3335,21554
1827,21555
10416,21556
10417,21557
10418,21558
10419,21559
10420,21560
5737,21561
1838,21562
6952,21563
10032,21564
3734,21565
9610,21566
2235,21567
6432,21568
1460,21569
9619,21570
679,21571
681,21572
4116,21573
10421,21574
2281,21575
3752,21576
8642,21577
4433,21578
263,21579
10281,21580
10422,21581
4436,21582
3115,21583
6039,21584
10423,21585
9647,21586
10424,21587
5767,21588
10425,21589
7166,21590
2299,21591
6294,21592
4906,21593
10426,21594
5966,21595
2818,21596
10427,21597
8690,21598
10428,21599
8692,21600
10429,21601
793,21602
5536,21603
10430,21604
10341,21605
8696,21606
10431,21607
10432,21608
119,21609
5294,21610
4172,21611
7343,21612
127,21613
9684,21614
2517,21615
844,21616
844,21617
10433,21618
10434,21619
10435,21620
6851,21621
8732,21622
3409,21623
2854,21624
10436,21625
3414,21626
10119,21627
10122,21628
2860,21629
10437,21630
4712,21631
5243,21632
3418,21633
10438,21634
5803,21635
10439,21636
5488,21637
7355,21638
6759,21639
10440,21640
3622,21641
1920,21642
6634,21643
6634,21644
1584,21645
920,21646
9327,21647
5999,21648
9127,21649
10441,21650
929,21651
10442,21652
10443,21653
5634,21654
10444,21655
10445,21656
3814,21657
6011,21658
10446,21659
7203,21660
10447,21661
10448,21662
10449,21663
10450,21664
3440,21665
10451,21666
10452,21667
3193,21668
10453,21669
8832,21670
8834,21671
1038,21672
10454,21673
10455,21674
1046,21675
3444,21676
9360,21677
2439,21678
2439,21679
6605,21680
10369,21681
10456,21682
1641,21683
10457,21684
10457,21685
10458,21686
1083,21687
10459,21688
2025,21689
10460,21690
10461,21691
10461,21692
10462,21693
10463,21694
3832,21695
10464,21696
2027,21697
10465,21698
10466,21699
10467,21700
2953,21701
324,21702
365,21703
5679,21704
429,21705
429,21706
7231,21707
448,21708
2651,21709
10468,21710
10469,21711
470,21712
10470,21713
4807,21714
8195,21715
7967,21716
2198,21717
554,21718
595,21719
10471,21720
4060,21721
1462,21722
4114,21723
7422,21724
10472,21725
10473,21726
10474,21727
4209,21728
7039,21729
10475,21730
9053,21731
3649,21732
1186,21733
10476,21734
10477,21735
1123,21736
2578,21737
5502,21738
2057,21739
310,21740
10478,21741
324,21742
10479,21743
10480,21744
7573,21745
7395,21746
10481,21747
2624,21748
1332,21749
362,21750
5420,21751
373,21752
10482,21753
10483,21754
9153,21755
1133,21756
10484,21757
1735,21758
10485,21759
5879,21760
10486,21761
3275,21762
10487,21763
10488,21764
2500,21765
1764,21766
1655,21767
10489,21768
487,21769
5705,21770
6916,21771
6916,21772
10490,21773
1209,21774
201,21775
8522,21776
539,21777
1792,21778
6210,21779
9311,21780
10491,21781
3718,21782
10492,21783
10004,21784
577,21785
6097,21786
7139,21787
10493,21788
9228,21789
10494,21790
10495,21791
10496,21792
10497,21793
6434,21794
95,21795
3351,21796
10498,21797
2768,21798
4116,21799
5129,21800
3582,21801
3370,21802
706,21803
3759,21804
10258,21805
10499,21806
3376,21807
3376,21808
6226,21809
4906,21810
799,21811
819,21812
819,21813
10087,21814
6742,21815
839,21816
3406,21817
10500,21818
2854,21819
1169,21820
4716,21821
137,21822
937,21823
5363,21824
5176,21825
9332,21826
10501,21827
1044,21828
6773,21829
5493,21830
10502,21831
158,21832
10503,21833
1636,21834
2453,21835
2026,21836
275,21837
3487,21838
10504,21839
6786,21840
10505,21841
2650,21842
3986,21843
10506,21844
4830,21845
262,21846
262,21847
10507,21848
10017,21849
10508,21850
10509,21851
10510,21852
10511,21853
172,21854
2005,21855
5410,21856
10512,21857
8851,21858
3215,21859
10513,21860
2034,21861
10514,21862
10515,21863
7853,21864
7666,21865
9150,21866
7096,21867
2959,21868
1704,21869
7875,21870
323,21871
324,21872
10516,21873
3661,21874
10517,21875
10518,21876
4330,21877
7888,21878
3494,21879
361,21880
2087,21881
2980,21882
10519,21883
10403,21884
367,21885
8427,21886
28,21887
3499,21888
4785,21889
10520,21890
5388,21891
7151,21892
9190,21893
1731,21894
10521,21895
5879,21896
9081,21897
10522,21898
7534,21899
467,21900
470,21901
3018,21902
5889,21903
7182,21904
1105,21905
9522,21906
10523,21907
10524,21908
3047,21909
10525,21910
1788,21911
3544,21912
3547,21913
2198,21914
6624,21915
9225,21916
10526,21917
5469,21918
10527,21919
6418,21920
3062,21921
3062,21922
583,21923
10528,21924
10529,21925
1821,21926
2726,21927
6425,21928
6949,21929
6561,21930
10331,21931
10530,21932
5272,21933
10531,21934
1847,21935
3345,21936
8956,21937
10532,21938
10533,21939
664,21940
10534,21941
6980,21942
8033,21943
3363,21944
10535,21945
3580,21946
5762,21947
10536,21948
10537,21949
4680,21950
2289,21951
9647,21952
8877,21953
10538,21954
770,21955
772,21956
8693,21957
10539,21958
10540,21959
119,21960
4168,21961
10541,21962
1238,21963
819,21964
3399,21965
9677,21966
827,21967
841,21968
6141,21969
3783,21970
6300,21971
4192,21972
10543,21973
2344,21974
9704,21975
8090,21976
7346,21977
10544,21978
9719,21979
10545,21980
10546,21981
878,21982
10547,21983
10548,21984
2863,21985
918,21986
10549,21987
10550,21988
8136,21989
3433,21990
4995,21991
10551,21992
4529,21993
4267,21994
7652,21995
9287,21996
2565,21997
5180,21998
2461,21999
1098,22000
10552,22001
8363,22002
7855,22003
10553,22004
313,22005
6259,22006
10554,22007
341,22008
10555,22009
10556,22010
2090,22011
2091,22012
2114,22013
4549,22014
9077,22015
3686,22016
5317,22017
10557,22018
10558,22019
9258,22020
10559,22021
10560,22022
2149,22023
10561,22024
10562,22025
10563,22026
10564,22027
10565,22028
10566,22029
2501,22030
6083,22031
6694,22032
516,22033
8938,22034
6698,22035
4823,22036
10567,22037
9553,22038
1106,22039
549,22040
4398,22041
551,22042
7986,22043
1442,22044
590,22045
1817,22046
10568,22047
10183,22048
6329,22049
6329,22050
6956,22051
10569,22052
9628,22053
6331,22054
6566,22055
10570,22056
105,22057
10571,22058
761,22059
4148,22060
1998,22061
5968,22062
2824,22063
802,22064
803,22065
10572,22066
2846,22067
5787,22068
858,22069
10573,22070
8095,22071
3159,22072
10574,22073
8760,22074
8773,22075
10575,22076
2394,22077
10576,22078
10577,22079
10578,22080
6021,22081
7075,22082
10579,22083
266,22084
4744,22085
5453,22086
10580,22087
10581,22088
9889,22089
3471,22090
3471,22091
2034,22092
5643,22093
5643,22094
1276,22095
5028,22096
9899,22097
287,22098
10582,22099
8371,22100
7857,22101
8374,22102
1188,22103
6871,22104
2959,22105
1688,22106
2585,22107
3841,22108
10583,22109
8241,22110
10584,22111
10585,22112
2924,22113
7480,22114
329,22115
9841,22116
7682,22117
350,22118
1327,22119
1327,22120
9931,22121
365,22122
366,22123
4592,22124
28,22125
10586,22126
373,22127
10587,22128
2635,22129
4599,22130
8436,22131
9344,22132
8446,22133
10588,22134
10589,22135
8462,22136
9253,22137
10590,22138
10590,22139
5050,22140
1369,22141
431,22142
444,22143
10591,22144
40,22145
7231,22146
10592,22147
2469,22148
1206,22149
10593,22150
10594,22151
10595,22152
2663,22153
9508,22154
3530,22155
494,22156
10596,22157
8519,22158
201,22159
5160,22160
10597,22161
10598,22162
10599,22163
10600,22164
4018,22165
6414,22166
539,22167
2197,22168
8546,22169
2699,22170
9556,22171
10601,22172
6782,22173
10602,22174
4831,22175
1804,22176
10603,22177
1436,22178
5729,22179
3061,22180
10604,22181
10605,22182
7139,22183
9577,22184
4406,22185
10606,22186
8002,22187
4845,22188
6560,22189
1828,22190
10607,22191
10608,22192
9601,22193
7747,22194
8012,22195
10609,22196
636,22197
10610,22198
5074,22199
10611,22200
656,22201
2760,22202
2760,22203
9107,22204
9632,22205
10612,22206
10613,22207
10614,22208
8211,22209
8040,22210
10615,22211
716,22212
2796,22213
10616,22214
5614,22215
741,22216
1231,22217
4908,22218
1516,22219
10617,22220
1887,22221
4168,22222
10618,22223
4169,22224
10619,22225
10620,22226
5484,22227
10621,22228
8222,22229
10622,22230
10623,22231
10624,22232
853,22233
2002,22234
4941,22235
8995,22236
8995,22237
7433,22238
7433,22239
4197,22240
240,22241
3155,22242
3155,22243
10625,22244
5798,22245
10626,22246
3161,22247
8752,22248
10627,22249
904,22250
7630,22251
10628,22252
10629,22253
6479,22254
929,22255
10630,22256
10631,22257
10632,22258
143,22259
3810,22260
5365,22261
6488,22262
10633,22263
8140,22264
10634,22265
4994,22266
10635,22267
10636,22268
10637,22269
8831,22270
10638,22271
1038,22272
6772,22273
6773,22274
6773,22275
6857,22276
3445,22277
10639,22278
10640,22279
4276,22280
10641,22281
10238,22282
10238,22283
10642,22284
10643,22285
10644,22286
8166,22287
2523,22288
3210,22289
1089,22290
10645,22291
5375,22292
5453,22293
10646,22294
3478,22295
2582,22296
10647,22297
314,22298
10648,22299
10649,22300
23,22301
10650,22302
10651,22303
10652,22304
7682,22305
8415,22306
10653,22307
2086,22308
10654,22309
185,22310
3252,22311
404,22312
10655,22313
10656,22314
10657,22315
5116,22316
1100,22317
10658,22318
10659,22319
10660,22320
10661,22321
4802,22322
5391,22323
10662,22324
9507,22325
7947,22326
10663,22327
7716,22328
10664,22329
1783,22330
2692,22331
1420,22332
10665,22333
10666,22334
1430,22335
1433,22336
10667,22337
4053,22338
10668,22339
9578,22340
1823,22341
84,22342
10669,22343
5526,22344
612,22345
10670,22346
1454,22347
626,22348
8012,22349
1849,22350
6218,22351
2263,22352
105,22353
1183,22354
4898,22355
10671,22356
8299,22357
755,22358
2819,22359
2822,22360
5968,22361
8306,22362
801,22363
10380,22364
10672,22365
10673,22366
10674,22367
1532,22368
5983,22369
866,22370
10675,22371
10676,22372
10677,22373
2948,22374
10678,22375
10679,22376
1017,22377
10680,22378
6498,22379
1039,22380
10681,22381
6503,22382
10682,22383
9287,22384
10683,22385
10684,22386
10685,22387
4765,22388
8246,22389
4331,22390
8188,22391
6072,22392
1369,22393
1369,22394
10322,22395
10686,22396
10687,22397
9988,22398
1107,22399
8000,22400
10688,22401
4063,22402
9650,22403
10689,22404
5541,22405
10690,22406
10691,22407
4475,22408
241,22409
7801,22410
957,22411
10692,22412
4997,22413
10693,22414
1646,22415
4306,22416
269,22417
3649,22418
9291,22419
260,22420
10694,22421
2034,22422
4292,22423
280,22424
7665,22425
5837,22426
3889,22427
3889,22428
10695,22429
1188,22430
3228,22431
10696,22432
8377,22433
10697,22434
179,22435
179,22436
8385,22437
3486,22438
1961,22439
2061,22440
2062,22441
315,22442
1697,22443
317,22444
13,22445
13,22446
10698,22447
325,22448
4766,22449
7878,22450
10699,22451
334,22452
23,22453
4770,22454
9924,22455
349,22456
6369,22457
1963,22458
9934,22459
3250,22460
3250,22461
365,22462
3671,22463
7296,22464
10700,22465
10701,22466
3499,22467
3256,22468
3940,22469
1969,22470
7121,22471
1360,22472
8453,22473
8913,22474
10702,22475
1367,22476
10703,22477
2646,22478
10704,22479
10486,22480
10705,22481
10706,22482
10707,22483
9975,22484
3279,22485
10708,22486
10709,22487
7939,22488
4363,22489
10710,22490
8508,22491
8508,22492
3704,22493
10711,22494
10712,22495
5161,22496
529,22497
530,22498
1790,22499
1423,22500
6812,22501
10713,22502
5520,22503
8940,22504
10714,22505
3318,22506
10000,22507
207,22508
8555,22509
8555,22510
553,22511
556,22512
10715,22513
7986,22514
3324,22515
2711,22516
10716,22517
10716,22518
583,22519
10717,22520
6215,22521
10718,22522
1265,22523
1833,22524
4065,22525
3569,22526
9165,22527
10719,22528
10720,22529
6967,22530
6967,22531
93,22532
663,22533
6844,22534
10721,22535
4426,22536
10722,22537
679,22538
3853,22539
10723,22540
694,22541
694,22542
10613,22543
10724,22544
5950,22545
3583,22546
5766,22547
10725,22548
3118,22549
3118,22550
7773,22551
5614,22552
8665,22553
5962,22554
10726,22555
3126,22556
5771,22557
755,22558
10727,22559
10728,22560
10286,22561
4908,22562
2310,22563
10729,22564
3773,22565
1524,22566
7256,22567
4169,22568
4171,22569
4171,22570
2335,22571
8717,22572
10730,22573
2844,22574
1898,22575
10731,22576
10731,22577
8222,22578
5986,22579
10732,22580
10733,22581
8994,22582
1554,22583
2347,22584
6784,22585
10734,22586
10735,22587
10736,22588
2860,22589
10737,22590
3420,22591
908,22592
10738,22593
4229,22594
6854,22595
10739,22596
937,22597
4729,22598
10740,22599
248,22600
3177,22601
10741,22602
8812,22603
991,22604
2421,22605
10742,22606
10743,22607
10744,22608
10745,22609
2441,22610
157,22611
1943,22612
158,22613
7073,22614
10746,22615
10747,22616
10748,22617
10749,22618
4536,22619
1646,22620
8864,22621
270,22622
9294,22623
10750,22624
10751,22625
8411,22626
9300,22627
5867,22628
10752,22629
10753,22630
3508,22631
10754,22632
10755,22633
3686,22634
9965,22635
1743,22636
8473,22637
1745,22638
10756,22639
440,22640
10757,22641
10758,22642
9492,22643
10759,22644
10760,22645
8499,22646
3998,22647
8505,22648
9989,22649
7719,22650
519,22651
2187,22652
4018,22653
4825,22654
1792,22655
10761,22656
10762,22657
10763,22658
4058,22659
4060,22660
3098,22661
7763,22662
4148,22663
10764,22664
7426,22665
1891,22666
8121,22667
10678,22668
10765,22669
2435,22670
9141,22671
8864,22672
3216,22673
1675,22674
2053,22675
2062,22676
10766,22677
4330,22678
3672,22679
28,22680
1730,22681
4548,22682
1204,22683
10767,22684
1369,22685
2144,22686
10768,22687
8931,22688
10769,22689
10770,22690
5204,22691
10771,22692
6692,22693
6692,22694
6692,22695
6692,22696
201,22697
10772,22698
8269,22699
9559,22700
10773,22701
553,22702
7846,22703
3059,22704
6703,22705
10774,22706
10775,22707
6426,22708
4411,22709
6626,22710
4671,22711
4102,22712
10776,22713
6114,22714
10777,22715
8667,22716
741,22717
8675,22718
4900,22719
8681,22720
1997,22721
5131,22722
10778,22723
819,22724
7261,22725
10779,22726
4698,22727
4698,22728
4192,22729
4192,22730
4952,22731
10780,22732
9767,22733
10781,22734
2401,22735
10782,22736
10783,22737
10784,22738
9816,22739
8843,22740
3863,22741
4278,22742
10785,22743
9386,22744
6218,22745
3215,22746
10786,22747
4754,22748
4576,22749
2046,22750
6361,22751
10787,22752
8402,22753
1127,22754
7680,22755
360,22756
28,22757
28,22758
10788,22759
40,22760
3016,22761
467,22762
10789,22763
10790,22764
518,22765
2689,22766
3303,22767
9309,22768
9309,22769
10791,22770
6813,22771
10792,22772
6421,22773
10793,22774
648,22775
732,22776
10794,22777
10795,22778
8065,22779
10796,22780
10797,22781
3858,22782
819,22783
3778,22784
1894,22785
8222,22786
1544,22787
10798,22788
10799,22789
878,22790
10800,22791
7631,22792
10801,22793
10802,22794
7059,22795
10803,22796
6248,22797
10804,22798
264,22799
1071,22800
3450,22801
10805,22802
10806,22803
9386,22804
10807,22805
10808,22806
1644,22807
7374,22808
10462,22809
8866,22810
10809,22811
1704,22812
9077,22813
5690,22814
10810,22815
10811,22816
10812,22817
642,22818
3088,22819
6512,22820
10813,22821
799,22822
10814,22823
2855,22824
7356,22825
937,22826
10815,22827
10816,22828
10817,22829
10817,22830
6612,22831
10818,22832
3876,22833
1682,22834
10819,22835
3478,22836
5455,22837
9418,22838
179,22839
10820,22840
311,22841
5849,22842
5037,22843
10821,22844
324,22845
2971,22846
8406,22847
2615,22848
341,22849
4771,22850
10822,22851
1324,22852
4585,22853
10823,22854
3496,22855
1199,22856
1336,22857
9448,22858
28,22859
3255,22860
6670,22861
9940,22862
6381,22863
10824,22864
380,22865
6387,22866
10825,22867
10826,22868
9961,22869
10827,22870
2134,22871
10828,22872
3969,22873
5281,22874
7706,22875
40,22876
10829,22877
2146,22878
6909,22879
46,22880
464,22881
2662,22882
4807,22883
10830,22884
3997,22885
60,22886
3292,22887
9522,22888
8265,22889
504,22890
10596,22891
10831,22892
7952,22893
10832,22894
3037,22895
201,22896
4004,22897
10833,22898
512,22899
515,22900
2937,22901
9990,22902
10834,22903
5905,22904
6412,22905
10835,22906
10836,22907
8538,22908
10837,22909
1211,22910
4827,22911
8273,22912
2029,22913
7980,22914
10838,22915
10839,22916
7155,22917
4836,22918
3060,22919
4039,22920
571,22921
580,22922
5336,22923
10840,22924
10841,22925
3330,22926
599,22927
2730,22928
603,22929
1987,22930
10842,22931
10843,22932
3075,22933
10844,22934
10845,22935
626,22936
86,22937
10846,22938
1845,22939
2236,22940
8614,22941
6718,22942
3738,22943
5931,22944
5074,22945
5074,22946
661,22947
4102,22948
3351,22949
3351,22950
3351,22951
683,22952
693,22953
221,22954
10847,22955
10848,22956
10849,22957
10850,22958
2789,22959
4435,22960
2292,22961
1874,22962
1874,22963
10198,22964
4147,22965
755,22966
10851,22967
6581,22968
3596,22969
7143,22970
10852,22971
3391,22972
10853,22973
10854,22974
2335,22975
10855,22976
9683,22977
2517,22978
3404,22979
10856,22980
4192,22981
4192,22982
10857,22983
4702,22984
10858,22985
868,22986
2357,22987
7434,22988
10859,22989
10860,22990
4208,22991
2364,22992
1246,22993
7034,22994
9734,22995
10861,22996
10862,22997
10863,22998
4219,22999
10864,23000
916,23001
5098,23002
10865,23003
10866,23004
10867,23005
939,23006
10868,23007
10869,23008
10870,23009
9771,23010
4505,23011
10871,23012
8802,23013
2519,23014
10872,23015
10873,23016
8809,23017
10874,23018
1119,23019
8815,23020
6638,23021
255,23022
9805,23023
10875,23024
10876,23025
2436,23026
5382,23027
2441,23028
1670,23029
10877,23030
2447,23031
162,23032
10878,23033
9834,23034
3865,23035
8856,23036
10879,23037
4566,23038
2954,23039
9895,23040
2038,23041
6360,23042
5416,23043
8394,23044
13,23045
7522,23046
3662,23047
10880,23048
341,23049
9031,23050
9843,23051
10881,23052
1323,23053
10882,23054
365,23055
1717,23056
3252,23057
369,23058
10883,23059
5672,23060
10701,23061
10884,23062
8442,23063
2639,23064
387,23065
10753,23066
401,23067
3955,23068
407,23069
10885,23070
10273,23071
1367,23072
10886,23073
194,23074
8470,23075
10887,23076
2136,23077
9849,23078
9485,23079
9485,23080
3971,23081
10888,23082
10889,23083
4802,23084
10469,23085
464,23086
6201,23087
8929,23088
1783,23089
539,23090
203,23091
10890,23092
4030,23093
262,23094
7596,23095
5469,23096
1434,23097
10891,23098
10375,23099
2711,23100
2717,23101
2717,23102
2717,23103
582,23104
582,23105
1442,23106
7139,23107
10762,23108
599,23109
10025,23110
10494,23111
3570,23112
640,23113
5165,23114
2758,23115
2758,23116
653,23117
8962,23118
8962,23119
10892,23120
6512,23121
10893,23122
10894,23123
10895,23124
10896,23125
7778,23126
4148,23127
5026,23128
10897,23129
3773,23130
1161,23131
10898,23132
2831,23133
10899,23134
827,23135
6138,23136
9206,23137
10900,23138
10901,23139
10902,23140
10903,23141
8092,23142
10573,23143
10904,23144
10905,23145
10906,23146
2489,23147
10907,23148
10908,23149
7049,23150
7049,23151
1591,23152
10909,23153
5564,23154
8165,23155
3469,23156
1,23157
1,23158
1,23159
1,23160
1,23161
1,23162
1,23163
7655,23164
9886,23165
3214,23166
8356,23167
275,23168
10910,23169
10911,23170
4752,23171
4752,23172
4752,23173
2576,23174
3880,23175
3224,23176
10912,23177
10913,23178
10391,23179
2045,23180
10914,23181
8385,23182
2052,23183
9425,23184
4546,23185
2062,23186
2062,23187
2062,23188
2063,23189
1298,23190
3238,23191
6876,23192
7570,23193
324,23194
1705,23195
2526,23196
10915,23197
10916,23198
7573,23199
5668,23200
10917,23201
10918,23202
10919,23203
10920,23204
2092,23205
10921,23206
10922,23207
10922,23208
10922,23209
10922,23210
28,23211
28,23212
10923,23213
10924,23214
10925,23215
3675,23216
10926,23217
6830,23218
6194,23219
6893,23220
1363,23221
1367,23222
5049,23223
10927,23224
10927,23225
5879,23226
1375,23227
1754,23228
10928,23229
10929,23230
10929,23231
1755,23232
2653,23233
46,23234
4363,23235
4363,23236
10930,23237
2163,23238
7504,23239
2165,23240
10931,23241
1401,23242
10932,23243
3029,23244
3530,23245
10933,23246
8508,23247
8508,23248
6690,23249
7715,23250
3705,23251
3302,23252
6925,23253
9091,23254
10934,23255
1786,23256
539,23257
5065,23258
6701,23259
10935,23260
10936,23261
10937,23262
1804,23263
10938,23264
5469,23265
10939,23266
10939,23267
10939,23268
10939,23269
10939,23270
3062,23271
6944,23272
5601,23273
5919,23274
8278,23275
5920,23276
9581,23277
6815,23278
2731,23279
2733,23280
2733,23281
2733,23282
2733,23283
2733,23284
2733,23285
10940,23286
10941,23287
9596,23288
10942,23289
3077,23290
10943,23291
6718,23292
2940,23293
10944,23294
10945,23295
5075,23296
6112,23297
1469,23298
2257,23299
4861,23300
663,23301
664,23302
5939,23303
10946,23304
6977,23305
10947,23306
10948,23307
10949,23308
683,23309
10950,23310
7193,23311
6115,23312
6115,23313
8039,23314
10951,23315
10952,23316
2941,23317
5950,23318
6357,23319
6627,23320
4887,23321
8972,23322
3763,23323
109,23324
744,23325
754,23326
755,23327
757,23328
2299,23329
2299,23330
2299,23331
2299,23332
2299,23333
111,23334
111,23335
4908,23336
5966,23337
4910,23338
10429,23339
789,23340
10953,23341
5227,23342
10954,23343
10954,23344
10079,23345
10955,23346
10955,23347
4462,23348
10956,23349
125,23350
10957,23351
3399,23352
10958,23353
4173,23354
10959,23355
1894,23356
10960,23357
1899,23358
9323,23359
8224,23360
10961,23361
239,23362
10962,23363
10963,23364
2350,23365
7197,23366
1563,23367
10964,23368
7805,23369
4486,23370
9736,23371
10965,23372
5298,23373
4724,23374
5173,23375
918,23376
10966,23377
10967,23378
2396,23379
1591,23380
5361,23381
10968,23382
4983,23383
10969,23384
10970,23385
251,23386
10971,23387
10972,23388
991,23389
7064,23390
10973,23391
1007,23392
2427,23393
1017,23394
1616,23395
1618,23396
8834,23397
10974,23398
10975,23399
2899,23400
2904,23401
1054,23402
2441,23403
7833,23404
10976,23405
10977,23406
6161,23407
10297,23408
10297,23409
10807,23410
10978,23411
1644,23412
10979,23413
10980,23414
6516,23415
10981,23416
10982,23417
2041,23418
10983,23419
1188,23420
310,23421
5277,23422
10698,23423
324,23424
10984,23425
21,23426
21,23427
7879,23428
10985,23429
24,23430
1195,23431
10986,23432
10987,23433
10988,23434
10989,23435
10990,23436
10991,23437
10992,23438
10993,23439
9459,23440
387,23441
31,23442
10994,23443
10995,23444
404,23445
10996,23446
10885,23447
5047,23448
6897,23449
10657,23450
10997,23451
3686,23452
10998,23453
10999,23454
11000,23455
11001,23456
2142,23457
11002,23458
9258,23459
11003,23460
11004,23461
10686,23462
11005,23463
1387,23464
11006,23465
11007,23466
11008,23467
11009,23468
11010,23469
9989,23470
3536,23471
6410,23472
3540,23473
8938,23474
535,23475
11011,23476
1427,23477
10666,23478
9092,23479
2700,23480
11012,23481
11013,23482
3059,23483
3059,23484
562,23485
6418,23486
2711,23487
11014,23488
582,23489
10717,23490
5380,23491
5524,23492
589,23493
3330,23494
3335,23495
2729,23496
11015,23497
11016,23498
7744,23499
1450,23500
9860,23501
3080,23502
3571,23503
6434,23504
6434,23505
11017,23506
2757,23507
11018,23508
11019,23509
10194,23510
11020,23511
4436,23512
4436,23513
5766,23514
11021,23515
11022,23516
11023,23517
3764,23518
11024,23519
1996,23520
8060,23521
5026,23522
9656,23523
4153,23524
11025,23525
7114,23526
11026,23527
6737,23528
11027,23529
10813,23530
10813,23531
3597,23532
10472,23533
802,23534
5620,23535
5484,23536
5623,23537
9121,23538
11028,23539
2855,23540
1564,23541
11029,23542
11030,23543
11031,23544
11032,23545
11033,23546
139,23547
11034,23548
11035,23549
7046,23550
10386,23551
957,23552
11036,23553
11037,23554
1039,23555
11038,23556
2493,23557
11039,23558
11040,23559
11041,23560
266,23561
11042,23562
11043,23563
11044,23564
4744,23565
4565,23566
3214,23567
11045,23568
11046,23569
11047,23570
11048,23571
11049,23572
3,23573
3471,23574
11050,23575
11051,23576
11051,23577
2570,23578
1676,23579
4748,23580
10786,23581
11052,23582
11053,23583
6359,23584
2034,23585
2573,23586
11054,23587
11055,23588
11056,23589
1677,23590
5383,23591
4292,23592
2954,23593
11057,23594
11058,23595
11059,23596
11059,23597
11059,23598
1125,23599
6800,23600
8886,23601
278,23602
11060,23603
11061,23604
2036,23605
2037,23606
3224,23607
11062,23608
10309,23609
7478,23610
7478,23611
11063,23612
1682,23613
1682,23614
11064,23615
5837,23616
4545,23617
284,23618
9150,23619
7667,23620
11065,23621
3474,23622
5647,23623
11066,23624
6509,23625
3478,23626
5276,23627
11067,23628
3228,23629
11068,23630
11068,23631
6872,23632
10,23633
3230,23634
7861,23635
9418,23636
1960,23637
5504,23638
3897,23639
11069,23640
1289,23641
180,23642
3232,23643
10684,23644
1691,23645
9420,23646
1692,23647
11070,23648
3900,23649
3900,23650
7083,23651
3842,23652
5036,23653
11071,23654
2055,23655
11072,23656
6257,23657
1695,23658
3235,23659
3235,23660
11073,23661
11074,23662
5506,23663
1295,23664
310,23665
312,23666
3488,23667
5277,23668
11075,23669
2061,23670
7569,23671
1697,23672
11076,23673
5378,23674
11077,23675
5658,23676
7393,23677
11078,23678
316,23679
3903,23680
11079,23681
13,23682
13,23683
15,23684
1701,23685
11080,23686
6657,23687
8244,23688
11081,23689
1705,23690
2608,23691
2609,23692
10585,23693
11082,23694
5661,23695
5661,23696
3906,23697
8401,23698
2069,23699
9429,23700
7457,23701
6523,23702
11083,23703
11084,23704
4768,23705
331,23706
331,23707
4326,23708
6805,23709
10915,23710
4327,23711
11085,23712
3662,23713
333,23714
11086,23715
22,23716
10479,23717
10479,23718
1708,23719
11087,23720
8407,23721
11088,23722
11089,23723
4769,23724
11090,23725
9871,23726
8410,23727
5668,23728
8167,23729
11091,23730
11092,23731
4771,23732
2079,23733
11093,23734
11094,23735
9299,23736
11095,23737
7458,23738
6881,23739
345,23740
11096,23741
346,23742
3247,23743
6369,23744
9437,23745
3248,23746
1326,23747
1326,23748
4777,23749
352,23750
3493,23751
4778,23752
11097,23753
11098,23754
2086,23755
10920,23756
2628,23757
4333,23758
11099,23759
3670,23760
4334,23761
11100,23762
27,23763
11101,23764
5189,23765
2093,23766
2633,23767
1338,23768
1338,23769
8428,23770
11102,23771
3672,23772
28,23773
28,23774
28,23775
28,23776
28,23777
28,23778
10883,23779
6669,23780
2530,23781
373,23782
11103,23783
6885,23784
4593,23785
374,23786
11104,23787
375,23788
10701,23789
10923,23790
11105,23791
11106,23792
1344,23793
5310,23794
377,23795
377,23796
5677,23797
6886,23798
11107,23799
11108,23800
1132,23801
5679,23802
2637,23803
11109,23804
1202,23805
1202,23806
11110,23807
6807,23808
7902,23809
2105,23810
10406,23811
9073,23812
6193,23813
11111,23814
6384,23815
6168,23816
6168,23817
11112,23818
6073,23819
11113,23820
8441,23821
11114,23822
4339,23823
187,23824
387,23825
9946,23826
2111,23827
11115,23828
11115,23829
389,23830
11116,23831
391,23832
11117,23833
5869,23834
3943,23835
3944,23836
11118,23837
11119,23838
9250,23839
4549,23840
5192,23841
11120,23842
11121,23843
11122,23844
11123,23845
7909,23846
11124,23847
4612,23848
7911,23849
2498,23850
3682,23851
11125,23852
11126,23853
8462,23854
8252,23855
411,23856
11127,23857
10656,23858
7403,23859
7403,23860
11128,23861
9253,23862
11129,23863
11130,23864
7914,23865
2993,23866
8913,23867
8913,23868
11131,23869
11132,23870
4346,23871
4791,23872
11133,23873
11134,23874
11135,23875
416,23876
2995,23877
8257,23878
8257,23879
11136,23880
1367,23881
10165,23882
5460,23883
11137,23884
11138,23885
193,23886
9474,23887
11139,23888
7923,23889
10321,23890
3962,23891
11140,23892
3963,23893
11141,23894
431,23895
8917,23896
9968,23897
11142,23898
11143,23899
435,23900
436,23901
11144,23902
11145,23903
3970,23904
441,23905
441,23906
11146,23907
3512,23908
8475,23909
11147,23910
7704,23911
6681,23912
1752,23913
3514,23914
40,23915
40,23916
7460,23917
7460,23918
3977,23919
11148,23920
3978,23921
4800,23922
11149,23923
11150,23924
11151,23925
4357,23926
1378,23927
10707,23928
11152,23929
1206,23930
2149,23931
2149,23932
6910,23933
3278,23934
4359,23935
11153,23936
11154,23937
11154,23938
6537,23939
7939,23940
7939,23941
4629,23942
11155,23943
9219,23944
3013,23945
3282,23946
3282,23947
1765,23948
470,23949
470,23950
7944,23951
8489,23952
8489,23953
472,23954
472,23955
472,23956
1389,23957
9504,23958
11156,23959
2664,23960
11157,23961
6399,23962
5888,23963
11158,23964
9512,23965
8926,23966
3992,23967
3289,23968
5705,23969
11159,23970
3702,23971
3702,23972
11160,23973
11161,23974
491,23975
491,23976
11162,23977
3530,23978
9085,23979
11163,23980
9519,23981
3999,23982
11164,23983
10566,23984
199,23985
2176,23986
10596,23987
3035,23988
11165,23989
11166,23990
11167,23991
11168,23992
11169,23993
11170,23994
508,23995
11171,23996
2178,23997
11172,23998
11173,23999
11174,24000
8524,24001
9157,24002
9988,24003
8935,24004
11175,24005
11176,24006
11177,24007
10524,24008
3536,24009
3044,24010
1783,24011
1783,24012
516,24013
1417,24014
2181,24015
517,24016
519,24017
520,24018
1418,24019
11178,24020
2183,24021
4388,24022
11179,24023
11179,24024
11180,24025
2186,24026
533,24027
2187,24028
2695,24029
11181,24030
7968,24031
9996,24032
3053,24033
11182,24034
11183,24035
9223,24036
2190,24037
1791,24038
7970,24039
11184,24040
11184,24041
2191,24042
5430,24043
70,24044
70,24045
5065,24046
1792,24047
6210,24048
4022,24049
11185,24050
7728,24051
7728,24052
3547,24053
3716,24054
3548,24055
11186,24056
3056,24057
8547,24058
1797,24059
6091,24060
74,24061
9311,24062
7315,24063
11187,24064
10001,24065
6624,24066
6551,24067
11188,24068
8551,24069
11189,24070
7979,24071
4398,24072
4831,24073
2029,24074
2029,24075
9092,24076
6093,24077
2202,24078
5467,24079
4556,24080
11190,24081
553,24082
4034,24083
2706,24084
2706,24085
1434,24086
1434,24087
5123,24088
560,24089
1436,24090
1436,24091
5023,24092
2209,24093
564,24094
1982,24095
11191,24096
11192,24097
8562,24098
567,24099
569,24100
569,24101
11193,24102
2711,24103
2711,24104
2717,24105
6788,24106
577,24107
577,24108
6940,24109
3062,24110
1441,24111
11194,24112
11195,24113
4401,24114
10774,24115
3063,24116
11196,24117
6038,24118
4840,24119
3331,24120
593,24121
595,24122
595,24123
9577,24124
3557,24125
11197,24126
6706,24127
11198,24128
5470,24129
6558,24130
6815,24131
8581,24132
5603,24133
5603,24134
2221,24135
84,24136
6947,24137
6947,24138
2733,24139
2734,24140
9585,24141
4655,24142
600,24143
601,24144
601,24145
6216,24146
213,24147
11199,24148
11200,24149
6560,24150
3561,24151
11201,24152
5288,24153
604,24154
8945,24155
607,24156
4058,24157
612,24158
11202,24159
4061,24160
9594,24161
10028,24162
10028,24163
11203,24164
5071,24165
3075,24166
11204,24167
10793,24168
9099,24169
11205,24170
11206,24171
3731,24172
5162,24173
624,24174
4070,24175
4419,24176
4419,24177
11207,24178
8013,24179
11208,24180
2749,24181
5742,24182
11209,24183
11210,24184
631,24185
9612,24186
11211,24187
11212,24188
3078,24189
3078,24190
11213,24191
11214,24192
6104,24193
6429,24194
8614,24195
6717,24196
11215,24197
89,24198
8015,24199
3083,24200
1220,24201
3572,24202
11216,24203
1460,24204
11217,24205
642,24206
9617,24207
5396,24208
644,24209
6965,24210
11218,24211
11219,24212
3573,24213
8876,24214
6966,24215
11220,24216
1148,24217
1148,24218
11221,24219
10945,24220
10945,24221
2247,24222
2247,24223
5609,24224
5609,24225
2249,24226
3090,24227
11222,24228
11223,24229
11224,24230
5076,24231
3092,24232
3744,24233
1469,24234
3745,24235
11018,24236
663,24237
664,24238
2760,24239
11225,24240
10776,24241
11226,24242
10225,24243
11227,24244
11228,24245
100,24246
11229,24247
1991,24248
1992,24249
679,24250
11230,24251
8632,24252
8292,24253
11231,24254
11232,24255
4115,24256
4868,24257
4117,24258
6982,24259
4869,24260
11233,24261
4675,24262
4675,24263
2275,24264
11234,24265
1150,24266
1150,24267
4432,24268
4875,24269
2549,24270
1151,24271
1151,24272
11235,24273
6986,24274
11236,24275
1862,24276
1862,24277
8966,24278
11237,24279
103,24280
8967,24281
4127,24282
11238,24283
8648,24284
11239,24285
704,24286
705,24287
11240,24288
11241,24289
11242,24290
4886,24291
4886,24292
11243,24293
6120,24294
8045,24295
8046,24296
11244,24297
11245,24298
4130,24299
9110,24300
11246,24301
8297,24302
8656,24303
3757,24304
716,24305
2794,24306
11247,24307
8050,24308
2798,24309
11248,24310
10424,24311
11249,24312
3119,24313
11250,24314
11250,24315
11251,24316
11252,24317
3121,24318
3376,24319
11253,24320
743,24321
745,24322
8675,24323
6336,24324
6336,24325
11254,24326
11255,24327
11256,24328
11257,24329
1229,24330
752,24331
4900,24332
11258,24333
11259,24334
11259,24335
11260,24336
1996,24337
11261,24338
10538,24339
7335,24340
8059,24341
8059,24342
4902,24343
11262,24344
11263,24345
4449,24346
3767,24347
11264,24348
1231,24349
2810,24350
4450,24351
11265,24352
11266,24353
1159,24354
5532,24355
773,24356
5617,24357
5224,24358
11267,24359
6783,24360
11268,24361
11269,24362
781,24363
5775,24364
2310,24365
11270,24366
3133,24367
3133,24368
1509,24369
230,24370
11271,24371
2311,24372
11272,24373
8216,24374
8065,24375
5776,24376
1512,24377
4455,24378
4156,24379
11273,24380
11274,24381
115,24382
6131,24383
6133,24384
9667,24385
11275,24386
7216,24387
11276,24388
4161,24389
4458,24390
117,24391
802,24392
11277,24393
10432,24394
10342,24395
11278,24396
10540,24397
8986,24398
11279,24399
5778,24400
4167,24401
11280,24402
10243,24403
2326,24404
2831,24405
2328,24406
123,24407
8711,24408
5977,24409
125,24410
125,24411
11281,24412
5441,24413
11282,24414
11283,24415
3399,24416
10958,24417
11284,24418
1890,24419
11285,24420
7624,24421
3401,24422
11286,24423
827,24424
827,24425
11287,24426
11288,24427
2842,24428
6138,24429
6469,24430
5619,24431
5135,24432
11289,24433
4178,24434
11290,24435
8989,24436
11291,24437
8719,24438
11292,24439
11292,24440
1537,24441
839,24442
11293,24443
10094,24444
8991,24445
3148,24446
4698,24447
7092,24448
11294,24449
7790,24450
11295,24451
10101,24452
11296,24453
853,24454
11297,24455
5348,24456
854,24457
11298,24458
11299,24459
11300,24460
11301,24461
4470,24462
5790,24463
6587,24464
11302,24465
4473,24466
8995,24467
5624,24468
2347,24469
2347,24470
11303,24471
11304,24472
6589,24473
11305,24474
862,24475
11306,24476
11307,24477
867,24478
10113,24479
8093,24480
11308,24481
7350,24482
11309,24483
3154,24484
11310,24485
6751,24486
11311,24487
8739,24488
4477,24489
11312,24490
8094,24491
7267,24492
11313,24493
1561,24494
5351,24495
3156,24496
11314,24497
11315,24498
6752,24499
8345,24500
11316,24501
11317,24502
4204,24503
5798,24504
11318,24505
10118,24506
10118,24507
11319,24508
11320,24509
11320,24510
11321,24511
5241,24512
879,24513
1906,24514
11322,24515
11323,24516
6347,24517
11324,24518
7034,24519
9730,24520
11325,24521
11326,24522
4712,24523
4712,24524
4713,24525
11327,24526
10126,24527
4714,24528
897,24529
4716,24530
11328,24531
3861,24532
9003,24533
902,24534
11329,24535
9124,24536
11330,24537
11331,24538
9174,24539
1249,24540
5141,24541
6760,24542
5553,24543
2865,24544
6041,24545
7811,24546
11332,24547
11333,24548
11334,24549
913,24550
246,24551
3168,24552
918,24553
4304,24554
4224,24555
4495,24556
11335,24557
7043,24558
7043,24559
6763,24560
4969,24561
7489,24562
10130,24563
11336,24564
11337,24565
11338,24566
11339,24567
11340,24568
937,24569
1252,24570
11341,24571
947,24572
8125,24573
11342,24574
4241,24575
10444,24576
3177,24577
4732,24578
11343,24579
9131,24580
9131,24581
10765,24582
5174,24583
5363,24584
2879,24585
2404,24586
2404,24587
1934,24588
8131,24589
7820,24590
965,24591
2882,24592
11344,24593
11345,24594
3632,24595
11346,24596
5818,24597
11347,24598
9881,24599
11348,24600
10633,24601
975,24602
975,24603
11349,24604
10874,24605
10874,24606
7364,24607
11350,24608
5177,24609
5104,24610
11351,24611
4989,24612
9017,24613
9792,24614
8326,24615
989,24616
4250,24617
3634,24618
3634,24619
3185,24620
993,24621
11352,24622
6011,24623
11353,24624
995,24625
3187,24626
11354,24627
11354,24628
8816,24629
8817,24630
2423,24631
11355,24632
10446,24633
1002,24634
11356,24635
4521,24636
1120,24637
1120,24638
9182,24639
5820,24640
5820,24641
11357,24642
3194,24643
1023,24644
11358,24645
7145,24646
11359,24647
11360,24648
1035,24649
11361,24650
11361,24651
6498,24652
10141,24653
9382,24654
1940,24655
1040,24656
1040,24657
11362,24658
1622,24659
1622,24660
7279,24661
1044,24662
2901,24663
6774,24664
11363,24665
6795,24666
6159,24667
2440,24668
1632,24669
11364,24670
157,24671
1062,24672
11365,24673
2446,24674
11366,24675
11367,24676
6777,24677
11368,24678
11368,24679
10748,24680
1072,24681
3450,24682
6822,24683
1175,24684
11369,24685
11370,24686
11371,24687
11371,24688
6026,24689
6318,24690
1078,24691
11372,24692
7220,24693
7836,24694
8160,24695
11373,24696
11374,24697
11375,24698
5371,24699
11376,24700
4540,24701
11377,24702
5566,24703
1088,24704
11378,24705
7080,24706
3211,24707
2461,24708
11379,24709
11380,24710
7844,24711
1098,24712
11381,24713
11382,24714
11383,24715
7657,24716
11384,24717
1695,24718
9186,24719
1706,24720
6805,24721
11385,24722
5684,24723
6532,24724
3970,24725
3512,24726
11386,24727
11387,24728
11388,24729
11389,24730
11390,24731
5466,24732
5912,24733
3548,24734
11391,24735
1213,24736
6947,24737
213,24738
3075,24739
10944,24740
4880,24741
11392,24742
11393,24743
7166,24744
1232,24745
119,24746
11394,24747
6748,24748
11395,24749
11396,24750
878,24751
10800,24752
11397,24753
11398,24754
11399,24755
6499,24756
11400,24757
1948,24758
11381,24759
1671,24760
6048,24761
11401,24762
11402,24763
10207,24764
11403,24765
11403,24766
6865,24767
11404,24768
7096,24769
11405,24770
2046,24771
2046,24772
3655,24773
3655,24774
11406,24775
1290,24776
6875,24777
11407,24778
2610,24779
6661,24780
331,24781
6805,24782
11408,24783
11409,24784
5671,24785
1715,24786
11410,24787
365,24788
4335,24789
11411,24790
11412,24791
1202,24792
10406,24793
11413,24794
11117,24795
3678,24796
11414,24797
1359,24798
5194,24799
1367,24800
9034,24801
2999,24802
3963,24803
8477,24804
10409,24805
1766,24806
4632,24807
60,24808
1775,24809
3531,24810
3532,24811
7720,24812
6696,24813
1790,24814
11415,24815
2706,24816
558,24817
7157,24818
4051,24819
11416,24820
11417,24821
11418,24822
3069,24823
11419,24824
10025,24825
11420,24826
11421,24827
11422,24828
2231,24829
8609,24830
629,24831
2232,24832
6960,24833
3741,24834
2250,24835
676,24836
6512,24837
4675,24838
692,24839
11423,24840
11424,24841
11425,24842
712,24843
9271,24844
1228,24845
8055,24846
749,24847
11262,24848
1232,24849
11426,24850
115,24851
11427,24852
4925,24853
3141,24854
7008,24855
818,24856
6470,24857
6237,24858
11296,24859
11428,24860
2854,24861
2945,24862
878,24863
5241,24864
11429,24865
3617,24866
3801,24867
11430,24868
4494,24869
7272,24870
11431,24871
9768,24872
962,24873
4507,24874
7364,24875
11432,24876
10692,24877
2889,24878
9137,24879
11433,24880
1017,24881
11434,24882
11435,24883
6774,24884
10745,24885
4736,24886
9023,24887
2452,24888
11436,24889
5369,24890
11437,24891
11438,24892
11439,24893
2459,24894
11440,24895
275,24896
11441,24897
11117,24898
9961,24899
11442,24900
4436,24901
6137,24902
11443,24903
10351,24904
11444,24905
6758,24906
11445,24907
11446,24908
3831,24909
11447,24910
11448,24911
7847,24912
11449,24913
11450,24914
3874,24915
8361,24916
5837,24917
11451,24918
11452,24919
8237,24920
2046,24921
2046,24922
11453,24923
3655,24924
3231,24925
11454,24926
1694,24927
1295,24928
2061,24929
6062,24930
11455,24931
2602,24932
11407,24933
320,24934
324,24935
1705,24936
11456,24937
11457,24938
11091,24939
11458,24940
2620,24941
1197,24942
357,24943
185,24944
4334,24945
1335,24946
2529,24947
4781,24948
11459,24949
11460,24950
6527,24951
1347,24952
11461,24953
7907,24954
2112,24955
7583,24956
11462,24957
9153,24958
7695,24959
1733,24960
404,24961
6894,24962
3505,24963
1738,24964
6897,24965
6897,24966
1740,24967
11135,24968
1741,24969
9472,24970
11463,24971
11464,24972
11465,24973
2135,24974
11466,24975
11467,24976
11467,24977
11468,24978
7303,24979
9853,24980
11469,24981
467,24982
1765,24983
11470,24984
11471,24985
2666,24986
5463,24987
10789,24988
11472,24989
11473,24990
4810,24991
2168,24992
3294,24993
11474,24994
3297,24995
11475,24996
5120,24997
11476,24998
10664,24999
8269,25000
11477,25001
7240,25002
11478,25003
11479,25004
6209,25005
11480,25006
6782,25007
572,25008
7321,25009
3061,25010
8202,25011
8002,25012
6815,25013
11481,25014
2729,25015
6427,25016
1987,25017
11482,25018
9593,25019
11483,25020
625,25021
11484,25022
11485,25023
11486,25024
11487,25025
3080,25026
8015,25027
3737,25028
11488,25029
10050,25030
11489,25031
5216,25032
11490,25033
10722,25034
10948,25035
8633,25036
8635,25037
6114,25038
11491,25039
6116,25040
3112,25041
708,25042
11492,25043
8974,25044
3124,25045
739,25046
5130,25047
11493,25048
10728,25049
778,25050
11494,25051
11495,25052
8067,25053
8304,25054
11496,25055
11496,25056
5971,25057
800,25058
803,25059
11497,25060
11498,25061
9676,25062
11499,25063
9677,25064
11500,25065
11501,25066
834,25067
11502,25068
4183,25069
8082,25070
11503,25071
4191,25072
11504,25073
11505,25074
237,25075
3787,25076
3152,25077
11506,25078
7348,25079
11507,25080
11508,25081
2854,25082
884,25083
2361,25084
885,25085
11509,25086
4953,25087
11510,25088
11511,25089
11512,25090
902,25091
10907,25092
4962,25093
5807,25094
3165,25095
2378,25096
3167,25097
11513,25098
11514,25099
7043,25100
11515,25101
1251,25102
6479,25103
11516,25104
11517,25105
9767,25106
11518,25107
7638,25108
7440,25109
10135,25110
11519,25111
3812,25112
11520,25113
11521,25114
11522,25115
4519,25116
1003,25117
1006,25118
6246,25119
4998,25120
3862,25121
8830,25122
2433,25123
7278,25124
3199,25125
11523,25126
11524,25127
1064,25128
3821,25129
11525,25130
8850,25131
2906,25132
6250,25133
11526,25134
6606,25135
2450,25136
1175,25137
5266,25138
168,25139
1084,25140
258,25141
258,25142
9836,25143
9836,25144
1091,25145
1091,25146
6031,25147
7526,25148
11527,25149
11528,25150
7577,25151
11529,25152
5877,25153
11530,25154
2177,25155
1784,25156
2699,25157
552,25158
11531,25159
11532,25160
9100,25161
4850,25162
10041,25163
11533,25164
5435,25165
2786,25166
762,25167
11534,25168
11534,25169
1,25170
10162,25171
9394,25172
10209,25173
8886,25174
7,25175
11535,25176
11536,25177
1702,25178
3662,25179
11537,25180
337,25181
7526,25182
11538,25183
9937,25184
3929,25185
387,25186
11539,25187
7406,25188
11540,25189
1100,25190
7932,25191
6395,25192
1209,25193
6692,25194
11541,25195
65,25196
65,25197
7728,25198
551,25199
11542,25200
11543,25201
1844,25202
11544,25203
646,25204
664,25205
11545,25206
2797,25207
11546,25208
3774,25209
11547,25210
6468,25211
819,25212
7017,25213
11548,25214
854,25215
854,25216
10108,25217
7795,25218
4476,25219
8097,25220
878,25221
4969,25222
9014,25223
11549,25224
11550,25225
11551,25226
11552,25227
11552,25228
1049,25229
11553,25230
5187,25231
11554,25232
11555,25233
206,25234
11556,25235
578,25236
11557,25237
11558,25238
8108,25239
11559,25240
11560,25241
11561,25242
1281,25243
2595,25244
3902,25245
11562,25246
5851,25247
9432,25248
8413,25249
11563,25250
357,25251
1332,25252
38,25253
11564,25254
2655,25255
11565,25256
484,25257
11566,25258
4367,25259
4367,25260
530,25261
533,25262
11567,25263
3549,25264
262,25265
1446,25266
2737,25267
677,25268
11568,25269
11569,25270
7761,25271
712,25272
4133,25273
1873,25274
4442,25275
4897,25276
5535,25277
5401,25278
4177,25279
1532,25280
11570,25281
11571,25282
8097,25283
6346,25284
6853,25285
6634,25286
11572,25287
11573,25288
11574,25289
6043,25290
8132,25291
9333,25292
2899,25293
2900,25294
1262,25295
1648,25296
11575,25297
6609,25298
11576,25299
11577,25300
3689,25301
11186,25302
3752,25303
5494,25304
9291,25305
2036,25306
11578,25307
11579,25308
11580,25309
9915,25310
1193,25311
1710,25312
366,25313
10519,25314
1336,25315
28,25316
372,25317
9249,25318
3940,25319
11462,25320
11581,25321
1367,25322
9481,25323
3966,25324
6907,25325
6832,25326
11582,25327
7307,25328
3531,25329
10834,25330
2710,25331
7244,25332
1823,25333
8947,25334
4850,25335
7755,25336
11583,25337
9632,25338
11584,25339
5766,25340
11585,25341
8674,25342
4900,25343
3128,25344
5616,25345
2819,25346
6453,25347
4154,25348
6175,25349
10078,25350
10958,25351
11586,25352
11587,25353
11588,25354
11589,25355
8742,25356
3617,25357
11590,25358
7808,25359
11591,25360
920,25361
11592,25362
1585,25363
1591,25364
10873,25365
10136,25366
8144,25367
8823,25368
11593,25369
10745,25370
7833,25371
7076,25372
1178,25373
11594,25374
5112,25375
7147,25376
3254,25377
2163,25378
7592,25379
11595,25380
1558,25381
11596,25382
8347,25383
4,25384
11597,25385
6051,25386
8371,25387
1685,25388
5842,25389
1961,25390
11598,25391
2602,25392
2065,25393
7524,25394
8416,25395
11599,25396
4601,25397
4341,25398
11600,25399
11116,25400
1733,25401
4351,25402
1369,25403
6903,25404
11601,25405
3698,25406
11602,25407
5198,25408
2163,25409
3703,25410
3031,25411
11603,25412
11604,25413
11605,25414
570,25415
584,25416
6277,25417
6562,25418
11206,25419
622,25420
622,25421
9609,25422
6839,25423
1849,25424
7453,25425
11606,25426
663,25427
219,25428
668,25429
4118,25430
11607,25431
4434,25432
11241,25433
743,25434
3128,25435
11608,25436
11609,25437
11610,25438
10082,25439
807,25440
10541,25441
10541,25442
2554,25443
10901,25444
11611,25445
880,25446
11612,25447
1251,25448
10679,25449
11613,25450
11614,25451
8138,25452
997,25453
4256,25454
6016,25455
1037,25456
7075,25457
6535,25458
11546,25459
11615,25460
3621,25461
11616,25462
11617,25463
3867,25464
11618,25465
11619,25466
11054,25467
9057,25468
5028,25469
11620,25470
5503,25471
11621,25472
9063,25473
12,25474
5656,25475
11622,25476
2065,25477
5851,25478
7572,25479
335,25480
335,25481
3911,25482
9299,25483
2081,25484
11623,25485
11624,25486
2978,25487
11625,25488
11626,25489
2089,25490
6378,25491
2094,25492
1340,25493
2988,25494
11627,25495
11628,25496
3939,25497
1360,25498
3508,25499
11629,25500
11630,25501
11631,25502
3961,25503
11632,25504
1136,25505
446,25506
11633,25507
11149,25508
2469,25509
4361,25510
6394,25511
7709,25512
1392,25513
4806,25514
7950,25515
496,25516
3034,25517
502,25518
502,25519
503,25520
11634,25521
3035,25522
515,25523
11635,25524
11636,25525
6410,25526
2185,25527
2506,25528
11637,25529
550,25530
11190,25531
11638,25532
2707,25533
2716,25534
11639,25535
11542,25536
9589,25537
612,25538
11640,25539
11641,25540
11642,25541
11643,25542
5272,25543
4083,25544
4092,25545
10945,25546
11644,25547
11645,25548
664,25549
8960,25550
11646,25551
9635,25552
11647,25553
2282,25554
11648,25555
3761,25556
6731,25557
11649,25558
8681,25559
6783,25560
11650,25561
7142,25562
784,25563
9274,25564
2318,25565
4457,25566
4161,25567
9670,25568
803,25569
11651,25570
827,25571
11652,25572
8084,25573
6140,25574
7790,25575
1546,25576
867,25577
11653,25578
11314,25579
11654,25580
4206,25581
7352,25582
11655,25583
3167,25584
5407,25585
937,25586
939,25587
3424,25588
5360,25589
11342,25590
3177,25591
9331,25592
4514,25593
6855,25594
1007,25595
7205,25596
3862,25597
9805,25598
5003,25599
11656,25600
2435,25601
11657,25602
10147,25603
11658,25604
163,25605
6504,25606
9023,25607
1072,25608
5266,25609
11659,25610
11660,25611
11661,25612
7220,25613
11376,25614
1088,25615
7082,25616
8384,25617
1133,25618
36,25619
7534,25620
1379,25621
4086,25622
10049,25623
4113,25624
11662,25625
785,25626
4165,25627
11663,25628
6498,25629
4737,25630
11664,25631
9390,25632
11665,25633
5453,25634
11666,25635
6647,25636
3471,25637
11667,25638
7658,25639
2572,25640
11619,25641
10477,25642
11668,25643
8885,25644
275,25645
7284,25646
8886,25647
5500,25648
9896,25649
1682,25650
3886,25651
5838,25652
285,25653
2577,25654
287,25655
3889,25656
11669,25657
6869,25658
3891,25659
289,25660
7858,25661
6614,25662
7383,25663
11670,25664
3841,25665
7863,25666
5652,25667
5653,25668
179,25669
5654,25670
2051,25671
3482,25672
3232,25673
3232,25674
2052,25675
2052,25676
3484,25677
6060,25678
2058,25679
5656,25680
13,25681
4582,25682
324,25683
324,25684
324,25685
1193,25686
8402,25687
2968,25688
2613,25689
6661,25690
8901,25691
3661,25692
3661,25693
4768,25694
331,25695
8405,25696
2075,25697
2615,25698
341,25699
341,25700
11671,25701
2080,25702
349,25703
6067,25704
11672,25705
11673,25706
2978,25707
2978,25708
1331,25709
2630,25710
11674,25711
7898,25712
4782,25713
11675,25714
8430,25715
11676,25716
11677,25717
2103,25718
2103,25719
11678,25720
2987,25721
6527,25722
8436,25723
4600,25724
11679,25725
9459,25726
11680,25727
11115,25728
2112,25729
390,25730
9190,25731
11681,25732
8451,25733
10588,25734
1354,25735
3945,25736
11682,25737
401,25738
11683,25739
8454,25740
1735,25741
3954,25742
192,25743
5686,25744
8462,25745
9253,25746
412,25747
9872,25748
11684,25749
6678,25750
2993,25751
1365,25752
1365,25753
8191,25754
7528,25755
11685,25756
9471,25757
11686,25758
11686,25759
3846,25760
1742,25761
7921,25762
11687,25763
11688,25764
11689,25765
423,25766
11690,25767
11691,25768
11692,25769
3510,25770
10788,25771
11693,25772
11694,25773
1743,25774
1743,25775
4796,25776
5515,25777
9193,25778
11145,25779
6264,25780
3274,25781
6904,25782
6169,25783
1376,25784
11695,25785
40,25786
3977,25787
5885,25788
1378,25789
1206,25790
3515,25791
2148,25792
1207,25793
3278,25794
7303,25795
11154,25796
11696,25797
11697,25798
1764,25799
464,25800
7235,25801
49,25802
49,25803
1975,25804
3018,25805
6685,25806
4805,25807
3517,25808
9507,25809
4632,25810
1396,25811
3522,25812
4808,25813
8926,25814
4633,25815
2167,25816
489,25817
2028,25818
11698,25819
10490,25820
3703,25821
3998,25822
11699,25823
11700,25824
7714,25825
11701,25826
11702,25827
8514,25828
7494,25829
8523,25830
5713,25831
512,25832
512,25833
513,25834
3044,25835
1783,25836
11703,25837
3047,25838
3047,25839
11704,25840
3542,25841
11705,25842
11706,25843
11707,25844
2538,25845
2538,25846
11708,25847
4018,25848
11709,25849
4394,25850
1211,25851
10328,25852
11710,25853
4025,25854
546,25855
9349,25856
9349,25857
11711,25858
2698,25859
2698,25860
11391,25861
75,25862
9311,25863
9560,25864
262,25865
7319,25866
2544,25867
2205,25868
11712,25869
1981,25870
11713,25871
564,25872
11714,25873
11715,25874
573,25875
2211,25876
1983,25877
3555,25878
2717,25879
4647,25880
11716,25881
3062,25882
11717,25883
2939,25884
7543,25885
11197,25886
6098,25887
2726,25888
2726,25889
2726,25890
2726,25891
2726,25892
11718,25893
6329,25894
1824,25895
8585,25896
84,25897
10024,25898
2508,25899
2508,25900
11719,25901
11720,25902
2223,25903
11721,25904
5071,25905
4067,25906
4068,25907
11722,25908
1841,25909
11723,25910
635,25911
11724,25912
3343,25913
5930,25914
11725,25915
11725,25916
3345,25917
1146,25918
11726,25919
11727,25920
6564,25921
7110,25922
7248,25923
2249,25924
11728,25925
2257,25926
1470,25927
663,25928
11729,25929
4863,25930
670,25931
6512,25932
6567,25933
11730,25934
2778,25935
3361,25936
2782,25937
2276,25938
1267,25939
11731,25940
11732,25941
1485,25942
8042,25943
11733,25944
705,25945
104,25946
3112,25947
11734,25948
5950,25949
2787,25950
2787,25951
6222,25952
8212,25953
11735,25954
11736,25955
3116,25956
11737,25957
11738,25958
11739,25959
723,25960
8051,25961
11740,25962
733,25963
3121,25964
3121,25965
3121,25966
734,25967
4895,25968
3761,25969
10065,25970
10065,25971
1229,25972
4900,25973
756,25974
10066,25975
3128,25976
112,25977
5616,25978
5616,25979
5616,25980
1508,25981
8683,25982
5966,25983
2308,25984
10069,25985
11741,25986
11742,25987
11743,25988
8304,25989
7009,25990
11744,25991
824,25992
827,25993
827,25994
10288,25995
6793,25996
1894,25997
11745,25998
11745,25999
11746,26000
11747,26001
6748,26002
11748,26003
11749,26004
11750,26005
2517,26006
4192,26007
4192,26008
11751,26009
4471,26010
4471,26011
1553,26012
4197,26013
11752,26014
8090,26015
7266,26016
7348,26017
1558,26018
11308,26019
6751,26020
11753,26021
4202,26022
9173,26023
878,26024
11754,26025
7352,26026
4207,26027
4710,26028
3617,26029
4951,26030
4208,26031
2557,26032
11755,26033
7172,26034
4489,26035
1913,26036
135,26037
11756,26038
918,26039
918,26040
918,26041
4304,26042
5810,26043
6634,26044
5098,26045
4229,26046
4968,26047
7094,26048
7094,26049
9327,26050
6820,26051
11757,26052
6042,26053
4970,26054
7489,26055
2384,26056
8789,26057
937,26058
11758,26059
11759,26060
6149,26061
4505,26062
7060,26063
6005,26064
11760,26065
962,26066
2884,26067
7822,26068
11761,26069
11762,26070
3434,26071
3434,26072
4992,26073
9797,26074
4994,26075
4994,26076
4521,26077
3191,26078
11763,26079
11764,26080
7828,26081
11765,26082
7443,26083
3819,26084
7830,26085
1626,26086
11766,26087
10143,26088
10367,26089
11767,26090
11768,26091
11769,26092
4270,26093
8156,26094
8156,26095
11770,26096
11771,26097
6024,26098
6505,26099
11772,26100
9832,26101
6822,26102
2909,26103
10642,26104
2453,26105
9026,26106
9026,26107
8161,26108
8859,26109
10459,26110
11773,26111
11375,26112
11774,26113
3830,26114
11775,26115
11775,26116
1089,26117
1948,26118
3211,26119
11776,26120
11777,26121
9919,26122
3905,26123
8188,26124
3670,26125
11778,26126
11779,26127
11780,26128
40,26129
42,26130
7943,26131
11781,26132
4632,26133
11782,26134
756,26135
111,26136
11783,26137
1170,26138
1585,26139
1252,26140
971,26141
170,26142
5415,26143
11784,26144
9431,26145
3950,26146
11785,26147
7236,26148
11786,26149
1412,26150
11787,26151
5907,26152
11788,26153
11789,26154
2707,26155
11716,26156
4648,26157
589,26158
2737,26159
11790,26160
11791,26161
11792,26162
3083,26163
11793,26164
2258,26165
11794,26166
3376,26167
11495,26168
5620,26169
3606,26170
4940,26171
4195,26172
8094,26173
11795,26174
6306,26175
2012,26176
10629,26177
5250,26178
11796,26179
5822,26180
11797,26181
9753,26182
11798,26183
9917,26184
7882,26185
2628,26186
10406,26187
3259,26188
11799,26189
11800,26190
7952,26191
4385,26192
6271,26193
5333,26194
208,26195
11801,26196
7736,26197
577,26198
582,26199
9574,26200
11802,26201
11803,26202
2229,26203
11804,26204
9107,26205
11805,26206
3112,26207
11806,26208
2295,26209
3770,26210
10075,26211
8715,26212
10620,26213
11807,26214
1558,26215
11808,26216
1562,26217
11809,26218
885,26219
7489,26220
998,26221
9135,26222
11810,26223
11359,26224
11811,26225
8843,26226
9287,26227
11665,26228
10162,26229
3470,26230
8357,26231
11812,26232
11813,26233
179,26234
6875,26235
11814,26236
320,26237
324,26238
11815,26239
3662,26240
9841,26241
8167,26242
10556,26243
1716,26244
366,26245
1340,26246
5510,26247
1131,26248
9456,26249
4603,26250
1361,26251
11816,26252
5423,26253
3685,26254
7920,26255
1375,26256
2936,26257
3278,26258
3015,26259
51,26260
9988,26261
11817,26262
7974,26263
11818,26264
3716,26265
4024,26266
3317,26267
5726,26268
10606,26269
9582,26270
2728,26271
2739,26272
1838,26273
1844,26274
11819,26275
9616,26276
11820,26277
5935,26278
5609,26279
11821,26280
8171,26281
8042,26282
5763,26283
8970,26284
4887,26285
3761,26286
4683,26287
4900,26288
7424,26289
11822,26290
11823,26291
11824,26292
11825,26293
8077,26294
4173,26295
8220,26296
11826,26297
9234,26298
130,26299
1553,26300
11827,26301
6308,26302
136,26303
2385,26304
1252,26305
6765,26306
9770,26307
5363,26308
7819,26309
963,26310
11828,26311
2887,26312
9794,26313
3635,26314
11522,26315
1006,26316
7651,26317
11829,26318
11830,26319
1670,26320
11831,26321
3448,26322
10150,26323
6318,26324
11832,26325
2024,26326
7181,26327
6162,26328
11439,26329
2920,26330
459,26331
3214,26332
2950,26333
281,26334
11833,26335
11834,26336
6320,26337
4574,26338
11835,26339
10311,26340
2046,26341
1126,26342
5377,26343
6873,26344
11836,26345
7672,26346
6060,26347
306,26348
306,26349
11837,26350
11837,26351
5656,26352
11838,26353
13,26354
15,26355
6876,26356
8244,26357
4762,26358
324,26359
324,26360
11839,26361
4766,26362
5664,26363
1707,26364
11840,26365
7524,26366
1710,26367
5187,26368
3467,26369
2977,26370
355,26371
7398,26372
5861,26373
10403,26374
11841,26375
375,26376
11842,26377
11843,26378
1201,26379
9846,26380
187,26381
11844,26382
11845,26383
7909,26384
5513,26385
1367,26386
11846,26387
11466,26388
9257,26389
11847,26390
9489,26391
1378,26392
6831,26393
11848,26394
11849,26395
3282,26396
7943,26397
3524,26398
11850,26399
6268,26400
1977,26401
1209,26402
11851,26403
4371,26404
5466,26405
11852,26406
3044,26407
518,26408
1785,26409
9222,26410
536,26411
8538,26412
1791,26413
7970,26414
7970,26415
1423,26416
11853,26417
9548,26418
2540,26419
11854,26420
11855,26421
206,26422
553,26423
554,26424
8941,26425
564,26426
567,26427
578,26428
11856,26429
2723,26430
11857,26431
3066,26432
601,26433
604,26434
7324,26435
11858,26436
8948,26437
8948,26438
619,26439
6101,26440
4063,26441
8598,26442
11859,26443
11860,26444
11861,26445
2547,26446
11862,26447
1844,26448
2233,26449
6839,26450
11863,26451
11864,26452
8620,26453
8876,26454
1148,26455
93,26456
11865,26457
2251,26458
11866,26459
5078,26460
6511,26461
10721,26462
10722,26463
3357,26464
11867,26465
9108,26466
9108,26467
2787,26468
11868,26469
11869,26470
10423,26471
723,26472
11870,26473
11870,26474
11871,26475
11872,26476
11872,26477
11873,26478
6337,26479
8679,26480
4452,26481
4153,26482
113,26483
113,26484
11874,26485
11426,26486
3141,26487
5401,26488
1891,26489
4172,26490
1529,26491
11875,26492
1533,26493
4184,26494
4699,26495
2343,26496
10901,26497
1551,26498
3608,26499
4943,26500
5793,26501
7266,26502
11876,26503
2359,26504
11877,26505
11878,26506
878,26507
11879,26508
11880,26509
11881,26510
3418,26511
11882,26512
6041,26513
3807,26514
7094,26515
5999,26516
6000,26517
6478,26518
6479,26519
11883,26520
937,26521
11884,26522
1930,26523
1930,26524
11885,26525
11886,26526
3178,26527
3178,26528
7638,26529
7638,26530
11887,26531
11888,26532
977,26533
11889,26534
989,26535
11890,26536
6495,26537
3193,26538
6248,26539
2433,26540
1035,26541
1038,26542
11891,26543
7279,26544
6158,26545
2900,26546
11892,26547
1056,26548
11893,26549
157,26550
3821,26551
3822,26552
1068,26553
4279,26554
6024,26555
11894,26556
1085,26557
7839,26558
2567,26559
4306,26560
10786,26561
11895,26562
11896,26563
7860,26564
314,26565
4771,26566
11897,26567
7580,26568
5192,26569
9466,26570
6254,26571
11898,26572
11899,26573
1984,26574
1820,26575
2736,26576
11596,26577
6476,26578
11900,26579
6491,26580
11901,26581
11902,26582
11903,26583
8375,26584
11904,26585
11905,26586
6802,26587
5504,26588
179,26589
7290,26590
11906,26591
2064,26592
2064,26593
13,26594
11907,26595
11407,26596
2609,26597
2967,26598
7574,26599
2617,26600
11908,26601
355,26602
2979,26603
11909,26604
4594,26605
6382,26606
6887,26607
1726,26608
11910,26609
11462,26610
11911,26611
1365,26612
11912,26613
11913,26614
3001,26615
4352,26616
1749,26617
3512,26618
8475,26619
2533,26620
4624,26621
5885,26622
1386,26623
4363,26624
54,26625
4632,26626
5891,26627
11914,26628
11915,26629
11916,26630
5591,26631
494,26632
8521,26633
11917,26634
518,26635
11918,26636
9549,26637
3548,26638
8272,26639
9349,26640
11919,26641
6624,26642
11920,26643
6093,26644
10255,26645
3059,26646
3062,26647
83,26648
6214,26649
3559,26650
1822,26651
2738,26652
1987,26653
10331,26654
11921,26655
11922,26656
11923,26657
11924,26658
4420,26659
9612,26660
1845,26661
636,26662
5930,26663
2756,26664
11925,26665
11926,26666
664,26667
10054,26668
10946,26669
2767,26670
11927,26671
10337,26672
8640,26673
10848,26674
2785,26675
2785,26676
6120,26677
11928,26678
11929,26679
1497,26680
11250,26681
738,26682
11930,26683
4683,26684
11649,26685
9652,26686
4908,26687
1879,26688
1997,26689
1997,26690
8300,26691
5776,26692
4157,26693
5229,26694
5974,26695
803,26696
1999,26697
10243,26698
4931,26699
11931,26700
840,26701
11932,26702
11933,26703
11934,26704
10500,26705
7266,26706
11935,26707
3789,26708
7352,26709
11936,26710
11937,26711
2362,26712
10351,26713
3162,26714
11938,26715
7269,26716
1913,26717
11939,26718
135,26719
11940,26720
7043,26721
11941,26722
1585,26723
9758,26724
9759,26725
11942,26726
11943,26727
11944,26728
11944,26729
5410,26730
2433,26731
4531,26732
11945,26733
11946,26734
5015,26735
162,26736
1264,26737
11947,26738
11948,26739
11948,26740
9837,26741
11949,26742
11950,26743
4768,26744
5316,26745
11951,26746
6698,26747
1438,26748
5752,26749
11952,26750
11930,26751
4905,26752
4969,26753
11953,26754
11954,26755
11594,26756
11955,26757
9390,26758
7655,26759
11956,26760
5301,26761
11957,26762
11958,26763
11959,26764
3214,26765
6048,26766
11960,26767
2569,26768
2569,26769
3,26770
10208,26771
9027,26772
9399,26773
1273,26774
8354,26775
2034,26776
2034,26777
275,26778
11961,26779
8886,26780
11962,26781
4752,26782
2576,26783
3224,26784
2038,26785
1681,26786
11063,26787
1682,26788
1682,26789
9897,26790
11620,26791
7855,26792
4319,26793
11963,26794
1188,26795
7383,26796
7383,26797
11068,26798
11964,26799
2046,26800
1688,26801
11965,26802
10697,26803
11966,26804
2586,26805
11967,26806
300,26807
5651,26808
5654,26809
7566,26810
11968,26811
1690,26812
1690,26813
5655,26814
3898,26815
7867,26816
1292,26817
3484,26818
9422,26819
7390,26820
11969,26821
2595,26822
2055,26823
7289,26824
9912,26825
6257,26826
11970,26827
310,26828
12,26829
2598,26830
2060,26831
2060,26832
4546,26833
5417,26834
11838,26835
11971,26836
11077,26837
1298,26838
11972,26839
11973,26840
13,26841
13,26842
13,26843
7522,26844
7522,26845
7522,26846
11974,26847
1702,26848
2065,26849
2065,26850
1704,26851
3490,26852
324,26853
324,26854
324,26855
324,26856
7876,26857
7876,26858
1705,26859
5851,26860
2610,26861
3242,26862
7676,26863
9920,26864
7677,26865
6804,26866
6523,26867
9430,26868
11975,26869
5418,26870
331,26871
181,26872
334,26873
11976,26874
6880,26875
10916,26876
339,26877
8167,26878
341,26879
11408,26880
1710,26881
6322,26882
345,26883
9927,26884
9927,26885
3467,26886
11977,26887
3247,26888
11978,26889
6643,26890
11979,26891
2624,26892
1197,26893
11980,26894
9931,26895
356,26896
5419,26897
11981,26898
6883,26899
11982,26900
9443,26901
9443,26902
4588,26903
2630,26904
9935,26905
11100,26906
2980,26907
4589,26908
366,26909
2633,26910
1130,26911
367,26912
8427,26913
10700,26914
28,26915
11983,26916
6670,26917
2097,26918
10701,26919
5044,26920
4595,26921
377,26922
11984,26923
10404,26924
11985,26925
1347,26926
9151,26927
9344,26928
8906,26929
11986,26930
8445,26931
11987,26932
389,26933
5190,26934
5190,26935
2114,26936
5869,26937
11988,26938
11989,26939
11990,26940
11991,26941
400,26942
401,26943
403,26944
403,26945
405,26946
1735,26947
1735,26948
11992,26949
3504,26950
7403,26951
1737,26952
3508,26953
6678,26954
1364,26955
5271,26956
3268,26957
11631,26958
6786,26959
6786,26960
10590,26961
11993,26962
11139,26963
10999,26964
11994,26965
429,26966
11995,26967
3000,26968
9154,26969
11996,26970
7701,26971
11997,26972
1745,26973
11998,26974
5054,26975
1100,26976
1100,26977
11999,26978
3273,26979
7230,26980
7704,26981
444,26982
6903,26983
12000,26984
12001,26985
7460,26986
2146,26987
11151,26988
1378,26989
12002,26990
451,26991
3005,26992
1206,26993
12003,26994
12004,26995
1382,26996
1762,26997
455,26998
4361,26999
2500,27000
2500,27001
2657,27002
5586,27003
6395,27004
3014,27005
12005,27006
6396,27007
5699,27008
3984,27009
3986,27010
1390,27011
12006,27012
12007,27013
12008,27014
12009,27015
7153,27016
12010,27017
12011,27018
3021,27019
5463,27020
5496,27021
5890,27022
4808,27023
12012,27024
9514,27025
7589,27026
2166,27027
12013,27028
2168,27029
3702,27030
3528,27031
12014,27032
11566,27033
4635,27034
11850,27035
3029,27036
493,27037
494,27038
494,27039
12015,27040
3031,27041
6269,27042
12016,27043
12017,27044
12018,27045
7238,27046
12019,27047
11164,27048
12020,27049
10566,27050
3034,27051
3034,27052
2174,27053
12021,27054
4000,27055
12022,27056
2502,27057
12023,27058
9984,27059
3037,27060
12024,27061
8521,27062
4004,27063
3040,27064
6206,27065
10599,27066
7958,27067
12025,27068
12026,27069
515,27070
1783,27071
1783,27072
2181,27073
518,27074
521,27075
1980,27076
1419,27077
522,27078
12027,27079
12028,27080
2185,27081
2695,27082
5206,27083
9996,27084
3053,27085
8535,27086
538,27087
2192,27088
12029,27089
203,27090
2194,27091
1792,27092
1794,27093
12030,27094
4023,27095
9550,27096
8272,27097
2198,27098
545,27099
9349,27100
9553,27101
7314,27102
4027,27103
9311,27104
9999,27105
7978,27106
7315,27107
12031,27108
4028,27109
4028,27110
9559,27111
12032,27112
1802,27113
207,27114
207,27115
207,27116
551,27117
208,27118
12033,27119
3322,27120
2704,27121
1804,27122
1804,27123
12034,27124
5469,27125
8941,27126
559,27127
565,27128
2708,27129
566,27130
6554,27131
12035,27132
12036,27133
12037,27134
2717,27135
2717,27136
577,27137
12038,27138
2213,27139
211,27140
2216,27141
1441,27142
1441,27143
583,27144
12039,27145
5524,27146
12040,27147
12041,27148
591,27149
4840,27150
595,27151
12042,27152
8000,27153
1820,27154
12043,27155
2726,27156
2726,27157
12044,27158
6558,27159
12045,27160
599,27161
12046,27162
84,27163
84,27164
5922,27165
600,27166
601,27167
601,27168
601,27169
6427,27170
1987,27171
12047,27172
12048,27173
12049,27174
610,27175
7744,27176
7744,27177
4411,27178
4058,27179
1450,27180
613,27181
618,27182
10331,27183
12050,27184
5071,27185
7452,27186
9601,27187
8603,27188
7325,27189
7325,27190
4070,27191
11207,27192
11207,27193
12051,27194
7750,27195
12052,27196
12053,27197
12054,27198
12055,27199
2749,27200
8014,27201
12056,27202
12057,27203
6172,27204
4850,27205
12058,27206
5272,27207
12059,27208
3570,27209
635,27210
6717,27211
12060,27212
5930,27213
5930,27214
3571,27215
91,27216
12061,27217
4856,27218
2244,27219
9619,27220
12062,27221
12063,27222
2758,27223
6111,27224
3351,27225
664,27226
664,27227
12064,27228
12065,27229
5216,27230
1856,27231
1856,27232
2765,27233
12066,27234
3096,27235
100,27236
2265,27237
1991,27238
678,27239
678,27240
679,27241
679,27242
12067,27243
3748,27244
6512,27245
7760,27246
4113,27247
12068,27248
4114,27249
11730,27250
2779,27251
3750,27252
3364,27253
11233,27254
12069,27255
2476,27256
5128,27257
12070,27258
9634,27259
1479,27260
12071,27261
9635,27262
4875,27263
1482,27264
8642,27265
6987,27266
3582,27267
5945,27268
10281,27269
5290,27270
12072,27271
2787,27272
3113,27273
11241,27274
706,27275
4886,27276
5764,27277
709,27278
12073,27279
5952,27280
5952,27281
11868,27282
2791,27283
4890,27284
2288,27285
720,27286
106,27287
1868,27288
1868,27289
723,27290
723,27291
723,27292
6611,27293
1495,27294
12074,27295
226,27296
12075,27297
2294,27298
3124,27299
4140,27300
12076,27301
3376,27302
737,27303
6577,27304
2297,27305
12077,27306
1227,27307
5963,27308
12078,27309
5026,27310
2303,27311
12079,27312
12080,27313
4906,27314
11266,27315
12081,27316
774,27317
5224,27318
12082,27319
2308,27320
2308,27321
12083,27322
12084,27323
781,27324
8216,27325
6338,27326
9660,27327
12085,27328
3137,27329
788,27330
2315,27331
8693,27332
8694,27333
9664,27334
3596,27335
10074,27336
2826,27337
4158,27338
2827,27339
12086,27340
2321,27341
8176,27342
5133,27343
5439,27344
12087,27345
804,27346
4165,27347
12088,27348
7341,27349
4167,27350
6340,27351
4931,27352
6136,27353
125,27354
6467,27355
810,27356
3396,27357
3396,27358
3143,27359
10853,27360
7257,27361
12089,27362
7785,27363
825,27364
7015,27365
3146,27366
828,27367
12090,27368
4176,27369
4176,27370
1529,27371
10091,27372
4178,27373
11826,27374
840,27375
12091,27376
12092,27377
2341,27378
235,27379
12093,27380
10096,27381
12094,27382
4188,27383
846,27384
12095,27385
3150,27386
12096,27387
4701,27388
12097,27389
10348,27390
12098,27391
856,27392
9121,27393
237,27394
4471,27395
2848,27396
130,27397
9172,27398
8732,27399
8732,27400
860,27401
5792,27402
5792,27403
11506,27404
861,27405
12099,27406
3154,27407
11314,27408
12100,27409
2356,27410
12101,27411
12102,27412
8747,27413
2361,27414
12103,27415
12104,27416
4208,27417
2366,27418
2860,27419
1911,27420
12105,27421
4958,27422
12106,27423
904,27424
8111,27425
12107,27426
9880,27427
4962,27428
12108,27429
12109,27430
3807,27431
12110,27432
2866,27433
5555,27434
12111,27435
1584,27436
4967,27437
12112,27438
5250,27439
10678,27440
7437,27441
12113,27442
7049,27443
12114,27444
12115,27445
8787,27446
6595,27447
12116,27448
12117,27449
4499,27450
7055,27451
7055,27452
3627,27453
12118,27454
12119,27455
11613,27456
12120,27457
4731,27458
9776,27459
9777,27460
2400,27461
10134,27462
1933,27463
6044,27464
12121,27465
8802,27466
6007,27467
962,27468
9782,27469
2882,27470
4508,27471
10550,27472
11445,27473
12122,27474
1936,27475
6154,27476
12123,27477
7642,27478
8326,27479
8137,27480
12124,27481
12124,27482
991,27483
1254,27484
3187,27485
3433,27486
4992,27487
8815,27488
12125,27489
12126,27490
12127,27491
1172,27492
12128,27493
1173,27494
12129,27495
1013,27496
1016,27497
2430,27498
3193,27499
7277,27500
1023,27501
12130,27502
12131,27503
7649,27504
2894,27505
1618,27506
2433,27507
1034,27508
1035,27509
5006,27510
8151,27511
12132,27512
3199,27513
5492,27514
6773,27515
6773,27516
2902,27517
1629,27518
5824,27519
12133,27520
12134,27521
11830,27522
12135,27523
8335,27524
9821,27525
4270,27526
9822,27527
10146,27528
12136,27529
12137,27530
9052,27531
5109,27532
2443,27533
3203,27534
9828,27535
6023,27536
12138,27537
12139,27538
12140,27539
3207,27540
6181,27541
12141,27542
1641,27543
10805,27544
9384,27545
10642,27546
1078,27547
2453,27548
2454,27549
6028,27550
3453,27551
10978,27552
2025,27553
9142,27554
12142,27555
12143,27556
1644,27557
1644,27558
10158,27559
11439,27560
12144,27561
12145,27562
3832,27563
1948,27564
3211,27565
11440,27566
7449,27567
1181,27568
12146,27569
1098,27570
3464,27571
12147,27572
12148,27573
1204,27574
9225,27575
556,27576
4699,27577
9691,27578
12149,27579
2371,27580
1927,27581
12150,27582
4249,27583
12151,27584
1082,27585
12152,27586
1673,27587
9054,27588
12153,27589
9057,27590
11561,27591
12154,27592
7096,27593
1281,27594
12155,27595
12156,27596
11453,27597
179,27598
9419,27599
307,27600
7391,27601
11838,27602
1701,27603
6522,27604
12157,27605
3660,27606
5853,27607
10766,27608
9434,27609
2082,27610
4331,27611
11673,27612
10986,27613
5861,27614
2630,27615
363,27616
3497,27617
12158,27618
2635,27619
6193,27620
1728,27621
12159,27622
11115,27623
12160,27624
9953,27625
403,27626
3508,27627
12161,27628
2532,27629
11690,27630
427,27631
12162,27632
9154,27633
6901,27634
11144,27635
3969,27636
12163,27637
7932,27638
3515,27639
12164,27640
5462,27641
9219,27642
7944,27643
1102,27644
476,27645
9506,27646
55,27647
11387,27648
8927,27649
494,27650
12165,27651
9524,27652
4371,27653
4373,27654
4637,27655
12025,27656
3042,27657
515,27658
12166,27659
6547,27660
10713,27661
2198,27662
1142,27663
7539,27664
1804,27665
12167,27666
2712,27667
2717,27668
4048,27669
4049,27670
590,27671
12168,27672
4405,27673
10606,27674
12169,27675
8591,27676
2224,27677
12170,27678
8599,27679
11206,27680
3732,27681
12171,27682
12172,27683
3570,27684
2751,27685
2238,27686
89,27687
642,27688
5934,27689
2758,27690
664,27691
12173,27692
12174,27693
3746,27694
2260,27695
2766,27696
11228,27697
2264,27698
10722,27699
1992,27700
685,27701
3750,27702
12070,27703
2787,27704
12175,27705
721,27706
3119,27707
11251,27708
8058,27709
8058,27710
7002,27711
781,27712
8300,27713
4156,27714
4928,27715
121,27716
12176,27717
12177,27718
12178,27719
857,27720
858,27721
237,27722
3409,27723
7130,27724
12179,27725
12180,27726
9377,27727
878,27728
243,27729
2364,27730
12181,27731
908,27732
12182,27733
2014,27734
12183,27735
5248,27736
12111,27737
8786,27738
9014,27739
4241,27740
1594,27741
9130,27742
5102,27743
12184,27744
12185,27745
3630,27746
12186,27747
7821,27748
12187,27749
2412,27750
7642,27751
3434,27752
12188,27753
12189,27754
3438,27755
5000,27756
5822,27757
1042,27758
9814,27759
6773,27760
4276,27761
3204,27762
12190,27763
12191,27764
12192,27765
7076,27766
1073,27767
1092,27768
5841,27769
6321,27770
7876,27771
12193,27772
12194,27773
12195,27774
12196,27775
10668,27776
12197,27777
4674,27778
762,27779
1518,27780
12198,27781
12199,27782
12200,27783
9390,27784
12201,27785
12202,27786
6182,27787
8233,27788
12203,27789
12204,27790
12205,27791
12206,27792
12207,27793
2038,27794
2038,27795
1681,27796
5838,27797
11669,27798
3894,27799
9907,27800
10,27801
9870,27802
12208,27803
3231,27804
9420,27805
7083,27806
5036,27807
6609,27808
12209,27809
11622,27810
9916,27811
12210,27812
2065,27813
2065,27814
3489,27815
3489,27816
11081,27817
2609,27818
8403,27819
329,27820
5306,27821
1316,27822
9433,27823
11091,27824
9927,27825
8416,27826
12211,27827
12212,27828
183,27829
7499,27830
3923,27831
11981,27832
8422,27833
362,27834
6610,27835
28,27836
28,27837
6670,27838
1345,27839
2987,27840
1347,27841
12159,27842
9944,27843
12213,27844
2990,27845
1967,27846
395,27847
1733,27848
4609,27849
12214,27850
2995,27851
12215,27852
2997,27853
1369,27854
10215,27855
11994,27856
429,27857
12216,27858
12217,27859
3512,27860
5281,27861
444,27862
12218,27863
12219,27864
12219,27865
9973,27866
12220,27867
12220,27868
10488,27869
1382,27870
1101,27871
7939,27872
46,27873
6396,27874
12221,27875
2534,27876
12222,27877
12223,27878
2669,27879
12224,27880
2675,27881
3033,27882
7238,27883
12225,27884
7952,27885
3037,27886
12226,27887
6692,27888
9157,27889
12227,27890
3044,27891
2690,27892
2185,27893
12228,27894
3712,27895
12229,27896
12230,27897
3714,27898
5430,27899
9547,27900
5913,27901
2507,27902
12231,27903
1432,27904
8556,27905
8558,27906
7987,27907
573,27908
2214,27909
579,27910
3556,27911
12232,27912
2939,27913
10415,27914
595,27915
3557,27916
12233,27917
3332,27918
2726,27919
8586,27920
11641,27921
7746,27922
11924,27923
3569,27924
5742,27925
12234,27926
9613,27927
635,27928
640,27929
2242,27930
5396,27931
8620,27932
12235,27933
12236,27934
2244,27935
11488,27936
654,27937
12237,27938
8289,27939
5610,27940
6286,27941
10722,27942
12238,27943
5755,27944
4115,27945
687,27946
3579,27947
7763,27948
9635,27949
6442,27950
12239,27951
12240,27952
6990,27953
4132,27954
8049,27955
12241,27956
12242,27957
3118,27958
12243,27959
1995,27960
1228,27961
1228,27962
1875,27963
2807,27964
6174,27965
2301,27966
767,27967
4908,27968
12244,27969
2310,27970
3133,27971
1883,27972
7425,27973
1511,27974
5776,27975
12245,27976
8693,27977
789,27978
7426,27979
6176,27980
2321,27981
5972,27982
118,27983
12246,27984
7784,27985
12176,27986
10958,27987
9677,27988
10088,27989
6849,27990
1894,27991
4181,27992
840,27993
3604,27994
9375,27995
6749,27996
12095,27997
4191,27998
852,27999
6142,28000
8993,28001
12247,28002
8735,28003
6784,28004
12248,28005
2854,28006
8101,28007
10349,28008
12249,28009
12250,28010
12250,28011
5798,28012
5241,28013
1906,28014
3798,28015
10353,28016
12251,28017
9732,28018
898,28019
12252,28020
10965,28021
12253,28022
12254,28023
11331,28024
1914,28025
6146,28026
2865,28027
8114,28028
4224,28029
140,28030
2380,28031
8781,28032
12255,28033
3172,28034
1585,28035
937,28036
937,28037
4236,28038
12256,28039
11613,28040
12257,28041
144,28042
6149,28043
3427,28044
2874,28045
9131,28046
12258,28047
12259,28048
150,28049
10633,28050
1600,28051
12260,28052
7062,28053
10972,28054
12261,28055
12262,28056
12263,28057
10973,28058
3434,28059
3434,28060
3434,28061
1000,28062
2423,28063
5819,28064
1003,28065
1007,28066
10635,28067
12264,28068
2020,28069
1618,28070
12265,28071
1040,28072
4529,28073
7176,28074
3863,28075
12266,28076
12267,28077
10877,28078
6502,28079
12268,28080
12269,28081
7075,28082
5018,28083
1072,28084
9834,28085
1176,28086
1176,28087
1080,28088
2455,28089
6029,28090
1177,28091
12270,28092
9835,28093
12271,28094
12272,28095
8165,28096
10159,28097
12273,28098
9243,28099
12274,28100
5831,28101
5831,28102
4740,28103
4289,28104
3900,28105
2982,28106
12275,28107
12276,28108
12277,28109
4898,28110
12078,28111
1889,28112
12278,28113
12279,28114
10860,28115
7268,28116
1944,28117
269,28118
7661,28119
8183,28120
2931,28121
7288,28122
6057,28123
12280,28124
1693,28125
309,28126
12281,28127
9916,28128
7570,28129
3662,28130
6880,28131
6188,28132
5670,28133
12282,28134
1131,28135
2496,28136
2637,28137
5865,28138
12283,28139
3944,28140
12284,28141
8909,28142
12285,28143
12286,28144
3955,28145
406,28146
414,28147
8257,28148
1367,28149
194,28150
8916,28151
1369,28152
444,28153
4361,28154
4361,28155
3008,28156
3009,28157
12287,28158
49,28159
9507,28160
2163,28161
11473,28162
1977,28163
9519,28164
12288,28165
12289,28166
3548,28167
2540,28168
12290,28169
5521,28170
1430,28171
6933,28172
1437,28173
574,28174
6788,28175
579,28176
583,28177
12291,28178
12292,28179
1827,28180
12293,28181
8281,28182
12294,28183
12295,28184
4086,28185
12296,28186
5937,28187
7603,28188
665,28189
10776,28190
8962,28191
2276,28192
6986,28193
104,28194
12297,28195
12298,28196
10283,28197
3757,28198
723,28199
1113,28200
12299,28201
6734,28202
10764,28203
1517,28204
12300,28205
12301,28206
3145,28207
5783,28208
12302,28209
2343,28210
10434,28211
12303,28212
12304,28213
5487,28214
6589,28215
7350,28216
12305,28217
3791,28218
5404,28219
12306,28220
244,28221
12307,28222
2861,28223
5406,28224
12308,28225
4494,28226
12309,28227
12310,28228
8319,28229
3808,28230
938,28231
12311,28232
8124,28233
143,28234
1593,28235
9786,28236
3185,28237
10446,28238
12312,28239
9803,28240
10366,28241
1048,28242
158,28243
12266,28244
3642,28245
2564,28246
12313,28247
9025,28248
4535,28249
12314,28250
8164,28251
12315,28252
12316,28253
12317,28254
9084,28255
2163,28256
7724,28257
12318,28258
566,28259
12319,28260
5234,28261
8120,28262
11597,28263
11058,28264
6653,28265
1694,28266
2057,28267
321,28268
6878,28269
2620,28270
12320,28271
2630,28272
4589,28273
3255,28274
12321,28275
12322,28276
7085,28277
31,28278
3944,28279
10407,28280
3682,28281
1365,28282
12323,28283
5881,28284
12324,28285
1378,28286
8482,28287
5428,28288
3282,28289
12325,28290
5326,28291
4633,28292
1404,28293
1977,28294
5896,28295
4014,28296
3711,28297
5908,28298
12326,28299
12327,28300
7971,28301
206,28302
11187,28303
4035,28304
8557,28305
6274,28306
3325,28307
12328,28308
586,28309
3072,28310
7744,28311
9600,28312
12329,28313
12330,28314
12331,28315
633,28316
3080,28317
12332,28318
12333,28319
12333,28320
4106,28321
6113,28322
682,28323
1150,28324
5945,28325
12334,28326
5613,28327
12335,28328
6997,28329
743,28330
1504,28331
774,28332
12336,28333
6136,28334
125,28335
12337,28336
11289,28337
10543,28338
12338,28339
4197,28340
12339,28341
890,28342
12340,28343
9739,28344
1917,28345
3166,28346
12341,28347
12342,28348
1251,28349
6480,28350
9754,28351
12343,28352
9768,28353
3634,28354
11765,28355
9383,28356
12344,28357
1072,28358
12345,28359
1648,28360
273,28361
277,28362
12346,28363
11804,28364
12347,28365
9632,28366
1894,28367
9686,28368
9282,28369
5415,28370
1185,28371
12348,28372
12349,28373
12350,28374
6648,28375
1281,28376
8186,28377
7287,28378
1960,28379
3898,28380
11580,28381
12351,28382
2604,28383
324,28384
4324,28385
12352,28386
12353,28387
8407,28388
12354,28389
4333,28390
359,28391
12355,28392
12356,28393
384,28394
384,28395
8442,28396
9303,28397
6390,28398
1734,28399
191,28400
3507,28401
11131,28402
3685,28403
12357,28404
1745,28405
12358,28406
7934,28407
11565,28408
3985,28409
10325,28410
9088,28411
7717,28412
63,28413
4641,28414
12359,28415
1420,28416
12360,28417
5332,28418
7539,28419
591,28420
594,28421
6815,28422
2734,28423
12361,28424
12362,28425
12363,28426
12364,28427
12234,28428
5746,28429
12365,28430
7420,28431
10050,28432
9626,28433
12366,28434
219,28435
12367,28436
8342,28437
12368,28438
12369,28439
12370,28440
5967,28441
7143,28442
12371,28443
2326,28444
12372,28445
6469,28446
2485,28447
10572,28448
3601,28449
12373,28450
12374,28451
5403,28452
3606,28453
12375,28454
12376,28455
12377,28456
2860,28457
11338,28458
12378,28459
12379,28460
11828,28461
989,28462
12380,28463
12381,28464
6771,28465
12382,28466
5491,28467
5367,28468
1038,28469
6158,28470
12383,28471
1046,28472
5013,28473
10878,28474
10149,28475
3450,28476
12384,28477
1643,28478
12385,28479
3249,28480
2669,28481
12386,28482
3034,28483
10716,28484
10038,28485
1506,28486
118,28487
4566,28488
4566,28489
12387,28490
3220,28491
12388,28492
12389,28493
7569,28494
324,28495
12390,28496
12391,28497
12392,28498
2088,28499
366,28500
11107,28501
8440,28502
5191,28503
398,28504
5156,28505
6894,28506
12393,28507
43,28508
12394,28509
12395,28510
12396,28511
1656,28512
12397,28513
12398,28514
63,28515
8197,28516
2185,28517
3305,28518
12399,28519
7965,28520
7318,28521
1432,28522
3721,28523
582,28524
9162,28525
2729,28526
10025,28527
12400,28528
8606,28529
2229,28530
5272,28531
6717,28532
6113,28533
2768,28534
4674,28535
1150,28536
12401,28537
12402,28538
8050,28539
6225,28540
12403,28541
6730,28542
755,28543
6174,28544
112,28545
12404,28546
12405,28547
12406,28548
2516,28549
855,28550
10735,28551
871,28552
244,28553
3161,28554
5097,28555
8116,28556
1251,28557
12407,28558
12408,28559
9772,28560
12409,28561
8799,28562
12410,28563
8129,28564
12411,28565
991,28566
991,28567
3187,28568
12412,28569
12413,28570
2894,28571
1618,28572
158,28573
7076,28574
1947,28575
5869,28576
10488,28577
4150,28578
154,28579
12414,28580
12415,28581
12416,28582
6868,28583
12417,28584
12418,28585
2053,28586
1961,28587
12419,28588
2065,28589
10698,28590
2609,28591
12420,28592
3922,28593
3496,28594
366,28595
28,28596
7085,28597
187,28598
390,28599
394,28600
3264,28601
3508,28602
12421,28603
1365,28604
11540,28605
3271,28606
3271,28607
7587,28608
6392,28609
12422,28610
8261,28611
5889,28612
4365,28613
8500,28614
12423,28615
12424,28616
12424,28617
12289,28618
12425,28619
12426,28620
515,28621
11787,28622
10525,28623
12427,28624
7241,28625
73,28626
7462,28627
1107,28628
5335,28629
12428,28630
12429,28631
4048,28632
4410,28633
3070,28634
10025,28635
12047,28636
12430,28637
11214,28638
649,28639
12431,28640
97,28641
10946,28642
6331,28643
8633,28644
8639,28645
10536,28646
12432,28647
5952,28648
12433,28649
8679,28650
3128,28651
12434,28652
114,28653
791,28654
12435,28655
3389,28656
119,28657
125,28658
819,28659
12436,28660
11291,28661
6300,28662
11933,28663
12437,28664
12438,28665
12439,28666
12440,28667
12441,28668
12442,28669
908,28670
12443,28671
12444,28672
9755,28673
6350,28674
1931,28675
1589,28676
1590,28677
3816,28678
5410,28679
12445,28680
1669,28681
11400,28682
1649,28683
1196,28684
2104,28685
12446,28686
4442,28687
12447,28688
4950,28689
12448,28690
6798,28691
9401,28692
2034,28693
277,28694
1124,28695
1281,28696
2044,28697
9416,28698
6257,28699
2057,28700
11081,28701
339,28702
12449,28703
4331,28704
12450,28705
6189,28706
5861,28707
3923,28708
12451,28709
3499,28710
1344,28711
6888,28712
12452,28713
12453,28714
12454,28715
1739,28716
1739,28717
12214,28718
12455,28719
4618,28720
443,28721
3980,28722
2148,28723
2148,28724
3697,28725
3699,28726
462,28727
464,28728
12456,28729
12457,28730
1655,28731
6912,28732
6399,28733
3523,28734
198,28735
8933,28736
8512,28737
3301,28738
3301,28739
12458,28740
528,28741
7965,28742
66,28743
3712,28744
7188,28745
1794,28746
2202,28747
7156,28748
4048,28749
12459,28750
2720,28751
1446,28752
12460,28753
4655,28754
4058,28755
4060,28756
5605,28757
7414,28758
9362,28759
9860,28760
4415,28761
12461,28762
1845,28763
7419,28764
7754,28765
6626,28766
4105,28767
12462,28768
12463,28769
9633,28770
10612,28771
716,28772
2798,28773
12074,28774
2800,28775
12464,28776
1660,28777
5771,28778
5477,28779
8058,28780
8058,28781
8058,28782
12465,28783
12465,28784
8979,28785
1507,28786
6737,28787
12466,28788
12406,28789
12467,28790
1238,28791
6469,28792
7021,28793
12468,28794
8728,28795
12469,28796
12470,28797
857,28798
12471,28799
2350,28800
12472,28801
2361,28802
12473,28803
4212,28804
12474,28805
5628,28806
4491,28807
4219,28808
137,28809
4232,28810
12114,28811
7057,28812
958,28813
12475,28814
12475,28815
1610,28816
7645,28817
1937,28818
8826,28819
1031,28820
1037,28821
5635,28822
9241,28823
12476,28824
2452,28825
12477,28826
3828,28827
1082,28828
12478,28829
12479,28830
5639,28831
12480,28832
12481,28833
2144,28834
539,28835
12167,28836
6706,28837
12482,28838
4292,28839
11812,28840
12388,28841
8887,28842
6867,28843
2494,28844
12483,28845
5573,28846
287,28847
7285,28848
4754,28849
4319,28850
3896,28851
8379,28852
1286,28853
12484,28854
11579,28855
11070,28856
7083,28857
5036,28858
315,28859
5038,28860
3238,28861
13,28862
2065,28863
2065,28864
4325,28865
4768,28866
9433,28867
5307,28868
341,28869
12485,28870
6070,28871
1199,28872
366,28873
1719,28874
1338,28875
28,28876
4594,28877
1344,28878
12486,28879
1724,28880
11985,28881
12487,28882
4786,28883
2635,28884
4598,28885
1726,28886
12488,28887
12489,28888
1728,28889
5867,28890
12490,28891
31,28892
7401,28893
12491,28894
12492,28895
10212,28896
10212,28897
1133,28898
4344,28899
5048,28900
4347,28901
9471,28902
1205,28903
11800,28904
428,28905
11913,28906
12493,28907
1743,28908
1744,28909
3965,28910
3002,28911
12494,28912
7232,28913
6832,28914
462,28915
1764,28916
1974,28917
7407,28918
12495,28919
12496,28920
1656,28921
1656,28922
1656,28923
9259,28924
6916,28925
12423,28926
12497,28927
503,28928
12498,28929
2501,28930
12499,28931
11702,28932
4372,28933
11171,28934
510,28935
7956,28936
12500,28937
10664,28938
513,28939
513,28940
6693,28941
12501,28942
2692,28943
3541,28944
3048,28945
526,28946
12502,28947
1422,28948
12503,28949
7969,28950
539,28951
539,28952
5064,28953
1425,28954
2194,28955
1794,28956
1794,28957
10791,28958
11818,28959
12504,28960
1797,28961
6782,28962
12505,28963
8872,28964
2544,28965
1657,28966
6553,28967
7987,28968
12506,28969
6554,28970
211,28971
580,28972
6421,28973
9577,28974
6098,28975
12507,28976
6711,28977
8281,28978
4063,28979
6330,28980
7751,28981
12508,28982
6217,28983
11723,28984
1845,28985
632,28986
2243,28987
645,28988
10720,28989
12509,28990
12510,28991
653,28992
5343,28993
12511,28994
12512,28995
10053,28996
10946,28997
2766,28998
12513,28999
12513,29000
12514,29001
12514,29002
2267,29003
5941,29004
3753,29005
12515,29006
6570,29007
706,29008
7770,29009
3118,29010
12516,29011
5958,29012
1228,29013
1228,29014
12517,29015
12518,29016
5962,29017
12519,29018
12520,29019
7777,29020
6998,29021
9652,29022
8681,29023
8681,29024
3594,29025
12521,29026
12522,29027
4909,29028
12523,29029
7114,29030
2314,29031
12524,29032
10431,29033
3387,29034
10796,29035
4926,29036
1521,29037
10077,29038
119,29039
5778,29040
12525,29041
12526,29042
819,29043
12527,29044
4696,29045
5783,29046
12528,29047
1536,29048
5982,29049
2554,29050
4699,29051
5787,29052
3785,29053
12529,29054
12530,29055
2347,29056
7266,29057
6144,29058
3610,29059
8180,29060
1559,29061
12531,29062
8094,29063
5091,29064
1244,29065
4206,29066
4708,29067
9721,29068
12532,29069
10964,29070
4710,29071
11323,29072
6347,29073
5242,29074
12533,29075
6753,29076
10627,29077
1248,29078
7354,29079
12105,29080
2375,29081
8768,29082
11663,29083
1170,29084
918,29085
4304,29086
4967,29087
12534,29088
11517,29089
2870,29090
1931,29091
144,29092
1590,29093
12535,29094
3630,29095
8131,29096
12536,29097
4510,29098
5177,29099
1603,29100
1605,29101
2424,29102
12537,29103
11810,29104
8144,29105
4258,29106
12538,29107
12539,29108
7443,29109
1257,29110
1617,29111
12540,29112
1039,29113
9020,29114
12541,29115
3444,29116
156,29117
12542,29118
5493,29119
12543,29120
11553,29121
12544,29122
12545,29123
5266,29124
12546,29125
12547,29126
12548,29127
7220,29128
1644,29129
12549,29130
12047,29131
12550,29132
5930,29133
3752,29134
12551,29135
4156,29136
10247,29137
4566,29138
3235,29139
315,29140
6828,29141
1717,29142
3926,29143
1336,29144
12486,29145
7402,29146
8457,29147
12552,29148
4632,29149
6082,29150
3033,29151
533,29152
12553,29153
4648,29154
3570,29155
646,29156
663,29157
700,29158
12554,29159
763,29160
12555,29161
3397,29162
3604,29163
3612,29164
12556,29165
4714,29166
7061,29167
4506,29168
12557,29169
12558,29170
9148,29171
12559,29172
12560,29173
12561,29174
9391,29175
12562,29176
9886,29177
12563,29178
12564,29179
6861,29180
8233,29181
4746,29182
7657,29183
12565,29184
8353,29185
3873,29186
3873,29187
12566,29188
2572,29189
2034,29190
4311,29191
9057,29192
275,29193
277,29194
8183,29195
1274,29196
12567,29197
2575,29198
5028,29199
5028,29200
2037,29201
3224,29202
2038,29203
5645,29204
12568,29205
12568,29206
6613,29207
12569,29208
12569,29209
12569,29210
3474,29211
9407,29212
1281,29213
2580,29214
2580,29215
12570,29216
12571,29217
12571,29218
2581,29219
8373,29220
1686,29221
5574,29222
5574,29223
12572,29224
3478,29225
6519,29226
3894,29227
1284,29228
1284,29229
9415,29230
3228,29231
7383,29232
12573,29233
12574,29234
12574,29235
177,29236
12575,29237
4579,29238
5034,29239
12576,29240
7183,29241
12577,29242
5303,29243
6873,29244
3480,29245
1689,29246
7520,29247
11069,29248
179,29249
179,29250
12578,29251
1690,29252
12579,29253
303,29254
12580,29255
6521,29256
12581,29257
1292,29258
2053,29259
2053,29260
1692,29261
3485,29262
3485,29263
304,29264
3233,29265
5036,29266
3486,29267
3843,29268
2057,29269
2057,29270
11073,29271
2598,29272
313,29273
313,29274
2600,29275
5385,29276
4546,29277
6259,29278
12582,29279
11838,29280
2063,29281
5578,29282
12583,29283
3238,29284
12584,29285
12585,29286
12585,29287
5579,29288
13,29289
14,29290
15,29291
318,29292
318,29293
12586,29294
2964,29295
12587,29296
12588,29297
323,29298
324,29299
324,29300
324,29301
1705,29302
5851,29303
8400,29304
2610,29305
7676,29306
4764,29307
2069,29308
2968,29309
5662,29310
7877,29311
17,29312
2613,29313
6661,29314
5663,29315
328,29316
5853,29317
3907,29318
11084,29319
12589,29320
7572,29321
7572,29322
4327,29323
12590,29324
12591,29325
9432,29326
6828,29327
341,29328
341,29329
7880,29330
2617,29331
2617,29332
7881,29333
342,29334
3913,29335
12592,29336
347,29337
12593,29338
5151,29339
349,29340
7525,29341
5669,29342
2976,29343
2976,29344
2623,29345
12594,29346
12212,29347
6666,29348
352,29349
12595,29350
10986,29351
12596,29352
9931,29353
8188,29354
8188,29355
2979,29356
361,29357
9443,29358
9934,29359
12597,29360
365,29361
365,29362
365,29363
365,29364
4589,29365
6070,29366
2088,29367
366,29368
4336,29369
1129,29370
1129,29371
2633,29372
367,29373
367,29374
1720,29375
1720,29376
12598,29377
7225,29378
12599,29379
28,29380
28,29381
28,29382
28,29383
12600,29384
12601,29385
1342,29386
373,29387
11983,29388
6670,29389
12602,29390
12603,29391
1344,29392
1344,29393
1131,29394
3673,29395
4785,29396
1200,29397
2637,29398
2104,29399
5681,29400
12604,29401
8436,29402
6384,29403
1347,29404
1728,29405
6073,29406
12159,29407
11385,29408
8907,29409
8442,29410
8442,29411
12605,29412
12605,29413
2989,29414
12606,29415
11114,29416
11114,29417
186,29418
1351,29419
9074,29420
387,29421
11680,29422
5868,29423
389,29424
2114,29425
31,29426
4605,29427
12607,29428
12608,29429
9462,29430
11117,29431
10588,29432
12609,29433
12610,29434
12611,29435
12611,29436
2117,29437
12612,29438
9250,29439
2642,29440
5872,29441
1970,29442
5874,29443
5875,29444
1734,29445
2119,29446
3502,29447
12613,29448
404,29449
1735,29450
3507,29451
3958,29452
11126,29453
6530,29454
2122,29455
4344,29456
10273,29457
2124,29458
3508,29459
4616,29460
8464,29461
6678,29462
12614,29463
3509,29464
3960,29465
10320,29466
1741,29467
12323,29468
417,29469
12615,29470
12616,29471
1367,29472
1367,29473
6077,29474
5460,29475
12617,29476
12618,29477
11463,29478
11463,29479
12619,29480
424,29481
424,29482
426,29483
12620,29484
12620,29485
5314,29486
11694,29487
12621,29488
2646,29489
11143,29490
3691,29491
436,29492
12622,29493
12623,29494
1748,29495
5881,29496
12624,29497
5691,29498
2647,29499
8475,29500
7230,29501
11147,29502
7532,29503
6169,29504
1751,29505
3974,29506
10928,29507
12625,29508
2649,29509
9487,29510
12626,29511
448,29512
8480,29513
12627,29514
1378,29515
1378,29516
1378,29517
1378,29518
6392,29519
7934,29520
2654,29521
3012,29522
12628,29523
1764,29524
12629,29525
12630,29526
48,29527
6395,29528
7709,29529
3016,29530
1387,29531
467,29532
467,29533
467,29534
467,29535
12631,29536
6079,29537
8490,29538
8490,29539
473,29540
12632,29541
4363,29542
5700,29543
2158,29544
3986,29545
3986,29546
9504,29547
1655,29548
3519,29549
6686,29550
6912,29551
12010,29552
9084,29553
5888,29554
8497,29555
12633,29556
10830,29557
5199,29558
5705,29559
11782,29560
3527,29561
3527,29562
12634,29563
2675,29564
492,29565
7182,29566
1138,29567
10173,29568
12635,29569
198,29570
7238,29571
12636,29572
11701,29573
9524,29574
9087,29575
12225,29576
11702,29577
12637,29578
8267,29579
12638,29580
12639,29581
2681,29582
10712,29583
8520,29584
3038,29585
12640,29586
509,29587
12641,29588
12398,29589
12642,29590
12426,29591
12643,29592
11917,29593
7718,29594
5713,29595
9988,29596
3044,29597
12501,29598
12549,29599
8270,29600
11635,29601
1418,29602
8937,29603
7451,29604
12644,29605
3303,29606
9538,29607
7965,29608
4018,29609
1786,29610
1786,29611
12645,29612
9309,29613
1423,29614
2192,29615
11918,29616
4825,29617
10791,29618
6210,29619
2505,29620
12646,29621
204,29622
12647,29623
2198,29624
8547,29625
1797,29626
9553,29627
1798,29628
12648,29629
206,29630
75,29631
3318,29632
12649,29633
7978,29634
12650,29635
12651,29636
2199,29637
9224,29638
4028,29639
12652,29640
2542,29641
4029,29642
9559,29643
12653,29644
207,29645
207,29646
76,29647
1428,29648
550,29649
12654,29650
12655,29651
208,29652
1107,29653
11801,29654
554,29655
5469,29656
12656,29657
2706,29658
1807,29659
558,29660
10004,29661
12657,29662
12658,29663
564,29664
564,29665
10006,29666
10006,29667
12659,29668
2210,29669
9569,29670
567,29671
3060,29672
2927,29673
570,29674
78,29675
79,29676
12036,29677
3326,29678
3326,29679
2717,29680
4045,29681
577,29682
577,29683
4647,29684
12660,29685
12661,29686
12662,29687
579,29688
580,29689
6814,29690
3062,29691
3062,29692
3062,29693
12663,29694
12664,29695
582,29696
582,29697
12665,29698
583,29699
12666,29700
4051,29701
4401,29702
4651,29703
8576,29704
595,29705
595,29706
595,29707
3557,29708
6706,29709
12667,29710
12043,29711
1821,29712
1821,29713
2726,29714
7140,29715
4844,29716
1448,29717
1951,29718
11481,29719
2730,29720
4298,29721
7159,29722
12668,29723
3070,29724
2508,29725
12669,29726
7245,29727
12670,29728
2738,29729
12671,29730
12671,29731
603,29732
1987,29733
12672,29734
12673,29735
8004,29736
12674,29737
609,29738
12675,29739
614,29740
216,29741
5926,29742
618,29743
12676,29744
12677,29745
5738,29746
3075,29747
7745,29748
8009,29749
12678,29750
12679,29751
7106,29752
7106,29753
7106,29754
1837,29755
12680,29756
3566,29757
11860,29758
622,29759
3731,29760
3734,29761
3734,29762
12681,29763
2747,29764
12682,29765
7748,29766
5741,29767
12683,29768
12684,29769
12053,29770
2749,29771
12685,29772
6956,29773
12295,29774
7326,29775
11804,29776
12686,29777
10846,29778
2233,29779
12687,29780
4850,29781
87,29782
634,29783
12059,29784
12688,29785
2751,29786
12689,29787
1849,29788
638,29789
3082,29790
12690,29791
8016,29792
8618,29793
6961,29794
3571,29795
12691,29796
12692,29797
12693,29798
5396,29799
646,29800
12694,29801
6842,29802
12695,29803
3573,29804
5215,29805
12696,29806
12696,29807
12696,29808
12697,29809
10945,29810
650,29811
5609,29812
3089,29813
12698,29814
11224,29815
6109,29816
653,29817
12699,29818
6626,29819
12700,29820
3745,29821
662,29822
12701,29823
664,29824
12702,29825
12703,29826
12065,29827
12065,29828
6285,29829
7163,29830
12704,29831
12705,29832
2259,29833
5752,29834
2766,29835
12706,29836
6286,29837
674,29838
4109,29839
3098,29840
3098,29841
12707,29842
679,29843
679,29844
12708,29845
12709,29846
6512,29847
9632,29848
684,29849
8635,29850
12710,29851
12711,29852
3359,29853
12068,29854
4114,29855
2774,29856
12712,29857
12712,29858
4115,29859
4115,29860
4868,29861
686,29862
10723,29863
4117,29864
1149,29865
7762,29866
5758,29867
12713,29868
11545,29869
12714,29870
1151,29871
699,29872
10951,29873
4124,29874
9108,29875
6986,29876
3582,29877
12715,29878
1485,29879
12716,29880
12717,29881
12718,29882
703,29883
10281,29884
10281,29885
11238,29886
5290,29887
8968,29888
12719,29889
8969,29890
5949,29891
12720,29892
11241,29893
4437,29894
706,29895
12721,29896
4886,29897
12722,29898
12723,29899
9642,29900
4130,29901
2791,29902
4438,29903
6627,29904
3374,29905
12724,29906
2797,29907
723,29908
12725,29909
726,29910
12726,29911
11250,29912
3121,29913
2294,29914
12727,29915
4442,29916
4442,29917
735,29918
8666,29919
3376,29920
109,29921
1995,29922
6447,29923
12728,29924
12729,29925
750,29926
12730,29927
12731,29928
753,29929
4147,29930
4147,29931
5477,29932
754,29933
12732,29934
12733,29935
757,29936
2299,29937
3378,29938
3378,29939
763,29940
2302,29941
12734,29942
12735,29943
12736,29944
10728,29945
2813,29946
8682,29947
5617,29948
8215,29949
12737,29950
6734,29951
12738,29952
4151,29953
12739,29954
4152,29955
4153,29956
5966,29957
8981,29958
2820,29959
11271,29960
114,29961
5776,29962
4918,29963
11273,29964
787,29965
8691,29966
12740,29967
12741,29968
12742,29969
1998,29970
11427,29971
12743,29972
8692,29973
8693,29974
10617,29975
9276,29976
8067,29977
1519,29978
793,29979
6629,29980
6629,29981
7783,29982
10074,29983
12435,29984
8304,29985
6582,29986
796,29987
5228,29988
12744,29989
12745,29990
12746,29991
116,29992
12747,29993
8306,29994
6462,29995
12748,29996
12749,29997
1523,29998
9670,29999
7621,30000
6236,30001
8707,30002
5440,30003
12750,30004
12751,30005
12752,30006
7010,30007
2831,30008
10085,30009
125,30010
12753,30011
12754,30012
811,30013
811,30014
9674,30015
9674,30016
812,30017
12755,30018
10541,30019
814,30020
9171,30021
12526,30022
819,30023
12756,30024
12757,30025
9677,30026
3400,30027
12758,30028
12759,30029
3401,30030
12760,30031
2335,30032
829,30033
1531,30034
5783,30035
6850,30036
835,30037
835,30038
1534,30039
2485,30040
7017,30041
1898,30042
10094,30043
1900,30044
5089,30045
12761,30046
8724,30047
8878,30048
8878,30049
846,30050
846,30051
846,30052
3405,30053
3405,30054
3406,30055
1543,30056
1544,30057
10098,30058
10100,30059
5403,30060
9376,30061
11296,30062
12762,30063
5348,30064
5348,30065
5623,30066
8993,30067
3787,30068
12763,30069
12764,30070
12765,30071
9710,30072
2350,30073
12766,30074
12767,30075
7350,30076
12768,30077
8180,30078
2351,30079
5625,30080
12769,30081
2854,30082
12770,30083
8099,30084
2356,30085
2356,30086
8997,30087
11317,30088
2359,30089
876,30090
5240,30091
4709,30092
884,30093
244,30094
4951,30095
12771,30096
4711,30097
2557,30098
5354,30099
3799,30100
8105,30101
4956,30102
12772,30103
12773,30104
5994,30105
2012,30106
10863,30107
899,30108
7627,30109
4490,30110
5488,30111
12774,30112
12775,30113
1577,30114
4961,30115
2374,30116
12776,30117
12777,30118
12778,30119
1916,30120
12779,30121
3805,30122
12780,30123
12781,30124
12781,30125
11430,30126
137,30127
12782,30128
12783,30129
2866,30130
917,30131
10738,30132
4304,30133
12444,30134
9380,30135
2382,30136
9010,30137
1925,30138
12784,30139
4231,30140
4231,30141
141,30142
4234,30143
9750,30144
2384,30145
12785,30146
12786,30147
9757,30148
12787,30149
2561,30150
9013,30151
937,30152
937,30153
937,30154
937,30155
937,30156
12343,30157
11758,30158
11758,30159
12789,30160
4237,30161
2391,30162
12790,30163
4240,30164
7055,30165
7817,30166
4503,30167
9770,30168
9770,30169
9770,30170
9770,30171
6149,30172
2398,30173
5634,30174
1591,30175
1591,30176
1593,30177
12791,30178
12791,30179
6487,30180
6487,30181
4506,30182
12792,30183
12793,30184
12794,30185
8802,30186
8804,30187
9016,30188
3630,30189
7275,30190
2881,30191
2881,30192
12795,30193
4984,30194
4984,30195
9786,30196
4986,30197
12796,30198
10783,30199
972,30200
4987,30201
5557,30202
4562,30203
12797,30204
12798,30205
983,30206
3814,30207
10692,30208
2520,30209
12799,30210
4249,30211
4514,30212
4991,30213
11352,30214
4251,30215
12800,30216
2889,30217
3434,30218
7218,30219
12801,30220
8816,30221
7644,30222
1007,30223
1007,30224
1611,30225
12802,30226
10140,30227
2891,30228
12803,30229
1017,30230
1017,30231
1022,30232
1022,30233
1613,30234
12804,30235
12804,30236
1028,30237
1618,30238
2433,30239
1031,30240
1036,30241
12805,30242
12805,30243
1037,30244
12806,30245
5257,30246
5257,30247
5257,30248
9382,30249
4266,30250
12807,30251
10876,30252
12808,30253
12809,30254
4531,30255
2901,30256
12810,30257
2902,30258
12811,30259
12811,30260
9022,30261
5493,30262
10145,30263
12812,30264
12813,30265
12814,30266
12815,30267
12816,30268
1056,30269
1056,30270
9824,30271
6641,30272
12817,30273
5109,30274
12818,30275
12819,30276
3447,30277
161,30278
163,30279
1635,30280
12820,30281
4280,30282
11368,30283
6023,30284
12138,30285
1072,30286
12821,30287
12822,30288
12823,30289
10457,30290
6318,30291
5638,30292
12824,30293
6029,30294
1262,30295
10155,30296
8860,30297
11775,30298
170,30299
3461,30300
12825,30301
1948,30302
12826,30303
12827,30304
11947,30305
12828,30306
12829,30307
5832,30308
12830,30309
2034,30310
8359,30311
179,30312
3484,30313
12831,30314
310,30315
3904,30316
4769,30317
9937,30318
6671,30319
12832,30320
5513,30321
12421,30322
5425,30323
12833,30324
11463,30325
12834,30326
2651,30327
1206,30328
2173,30329
6925,30330
2538,30331
12835,30332
6782,30333
12836,30334
8200,30335
2717,30336
12837,30337
3557,30338
12838,30339
9587,30340
6950,30341
5272,30342
12839,30343
12840,30344
6112,30345
1853,30346
699,30347
8648,30348
12551,30349
3124,30350
808,30351
2337,30352
12841,30353
12842,30354
878,30355
6347,30356
12843,30357
2883,30358
12844,30359
6770,30360
1017,30361
4262,30362
12845,30363
12846,30364
12847,30365
1649,30366
12848,30367
12206,30368
6652,30369
9915,30370
7227,30371
8433,30372
12849,30373
12850,30374
5874,30375
1367,30376
4361,30377
8538,30378
6209,30379
12851,30380
6723,30381
12852,30382
6222,30383
3133,30384
3383,30385
12853,30386
826,30387
4185,30388
11807,30389
12854,30390
7130,30391
886,30392
2860,30393
12855,30394
7441,30395
12856,30396
179,30397
13,30398
2602,30399
9426,30400
6913,30401
3991,30402
493,30403
9531,30404
7959,30405
8938,30406
12857,30407
6098,30408
12858,30409
12859,30410
12860,30411
11928,30412
12861,30413
12083,30414
1233,30415
859,30416
1575,30417
12862,30418
12863,30419
3433,30420
12864,30421
5412,30422
12865,30423
1947,30424
12866,30425
11579,30426
12867,30427
5038,30428
9918,30429
1306,30430
325,30431
2609,30432
3249,30433
2096,30434
1344,30435
8438,30436
9249,30437
7099,30438
5192,30439
10707,30440
12868,30441
9498,30442
2657,30443
9502,30444
483,30445
3529,30446
12869,30447
12870,30448
12871,30449
6699,30450
12872,30451
5469,30452
79,30453
12873,30454
591,30455
8591,30456
6102,30457
631,30458
12874,30459
12875,30460
9626,30461
12876,30462
6984,30463
12877,30464
4880,30465
6223,30466
737,30467
5085,30468
2814,30469
12878,30470
789,30471
5131,30472
801,30473
6740,30474
6740,30475
12879,30476
819,30477
2335,30478
1532,30479
5982,30480
10096,30481
4699,30482
12880,30483
8090,30484
2854,30485
12881,30486
12882,30487
890,30488
7269,30489
4488,30490
12883,30491
1584,30492
12884,30493
6854,30494
1585,30495
8786,30496
10131,30497
7059,30498
12794,30499
965,30500
10451,30501
11359,30502
12885,30503
3443,30504
1670,30505
11367,30506
10785,30507
9243,30508
11947,30509
3515,30510
3515,30511
3515,30512
3370,30513
8716,30514
6862,30515
8,30516
4822,30517
11256,30518
4906,30519
12886,30520
12887,30521
12888,30522
12206,30523
12889,30524
12357,30525
12890,30526
12891,30527
2707,30528
12083,30529
12892,30530
6633,30531
12893,30532
9885,30533
268,30534
3867,30535
11956,30536
9391,30537
1270,30538
12894,30539
10248,30540
12564,30541
12202,30542
3,30543
4746,30544
10208,30545
12895,30546
7659,30547
9890,30548
9399,30549
12896,30550
6050,30551
5642,30552
5642,30553
2572,30554
3650,30555
2034,30556
7561,30557
12897,30558
12897,30559
8887,30560
5149,30561
2576,30562
12898,30563
12898,30564
9897,30565
2955,30566
284,30567
284,30568
8235,30569
1281,30570
1281,30571
3889,30572
6166,30573
10582,30574
2957,30575
3891,30576
12899,30577
11384,30578
12900,30579
12901,30580
9215,30581
12902,30582
5648,30583
12903,30584
7860,30585
1687,30586
2046,30587
1688,30588
12575,30589
12904,30590
12905,30591
8381,30592
10313,30593
300,30594
11798,30595
179,30596
179,30597
1690,30598
7866,30599
8386,30600
12906,30601
1293,30602
10685,30603
12907,30604
5847,30605
3485,30606
3899,30607
3899,30608
3899,30609
2595,30610
2055,30611
12908,30612
12909,30613
1961,30614
2057,30615
1695,30616
7391,30617
3235,30618
1295,30619
310,30620
12910,30621
12911,30622
12,30623
12,30624
12,30625
2061,30626
2062,30627
8395,30628
12912,30629
5577,30630
12913,30631
12914,30632
11972,30633
13,30634
13,30635
2602,30636
2963,30637
6260,30638
6260,30639
321,30640
3490,30641
325,30642
12915,30643
6877,30644
2609,30645
2609,30646
1706,30647
12916,30648
1313,30649
8245,30650
328,30651
329,30652
330,30653
10399,30654
20,30655
4768,30656
331,30657
6879,30658
1127,30659
6880,30660
337,30661
12917,30662
11088,30663
1318,30664
12918,30665
6663,30666
4770,30667
7574,30668
6828,30669
341,30670
1321,30671
6188,30672
7682,30673
12919,30674
1322,30675
3914,30676
12920,30677
5188,30678
1323,30679
3467,30680
12593,30681
349,30682
3247,30683
3247,30684
8247,30685
2081,30686
7395,30687
12921,30688
7888,30689
12922,30690
2085,30691
2978,30692
9931,30693
9931,30694
8420,30695
11625,30696
12923,30697
9441,30698
12924,30699
185,30700
360,30701
6883,30702
12925,30703
2980,30704
365,30705
365,30706
365,30707
365,30708
365,30709
365,30710
27,30711
12926,30712
6610,30713
4336,30714
2092,30715
12927,30716
9937,30717
367,30718
367,30719
1337,30720
12928,30721
12599,30722
12929,30723
7690,30724
28,30725
28,30726
28,30727
28,30728
28,30729
28,30730
28,30731
1342,30732
373,30733
7899,30734
6829,30735
1965,30736
6885,30737
7576,30738
10701,30739
3498,30740
5674,30741
6382,30742
12930,30743
6671,30744
7693,30745
1344,30746
1131,30747
10587,30748
1201,30749
5679,30750
5679,30751
5680,30752
5680,30753
1202,30754
6527,30755
10406,30756
11111,30757
6384,30758
6385,30759
386,30760
9845,30761
12931,30762
12932,30763
8445,30764
12933,30765
12934,30766
5512,30767
12935,30768
9945,30769
12936,30770
8450,30771
6386,30772
5684,30773
389,30774
389,30775
3939,30776
2640,30777
5190,30778
2114,30779
12937,30780
12938,30781
393,30782
393,30783
12939,30784
11462,30785
5869,30786
12940,30787
10483,30788
12941,30789
12941,30790
3946,30791
6528,30792
5192,30793
3679,30794
10994,30795
11991,30796
7121,30797
2119,30798
2119,30799
3502,30800
400,30801
405,30802
12942,30803
11785,30804
9252,30805
12943,30806
12944,30807
12945,30808
192,30809
12946,30810
4614,30811
6676,30812
3682,30813
8461,30814
6530,30815
3264,30816
411,30817
3508,30818
12947,30819
12421,30820
12421,30821
6678,30822
6678,30823
7301,30824
2993,30825
8913,30826
1204,30827
6897,30828
2644,30829
8192,30830
415,30831
416,30832
1367,30833
1367,30834
418,30835
6077,30836
6786,30837
12618,30838
9964,30839
2532,30840
12948,30841
6532,30842
12949,30843
12950,30844
431,30845
431,30846
12951,30847
7501,30848
12952,30849
4620,30850
12953,30851
12954,30852
12954,30853
11144,30854
11466,30855
3272,30856
3512,30857
12955,30858
12955,30859
444,30860
3972,30861
1754,30862
2936,30863
7460,30864
5694,30865
11148,30866
11148,30867
9258,30868
9258,30869
12956,30870
10323,30871
1378,30872
450,30873
12957,30874
2148,30875
12958,30876
6267,30877
8261,30878
12959,30879
3008,30880
45,30881
4629,30882
3013,30883
7940,30884
8922,30885
5586,30886
465,30887
11469,30888
48,30889
3015,30890
3015,30891
12960,30892
467,30893
50,30894
12631,30895
12631,30896
12961,30897
3017,30898
4363,30899
52,30900
12962,30901
11781,30902
12963,30903
12964,30904
2663,30905
1768,30906
3519,30907
2534,30908
6912,30909
4632,30910
3700,30911
6913,30912
11582,30913
12965,30914
10830,30915
3525,30916
2168,30917
12966,30918
11566,30919
12967,30920
492,30921
3530,30922
7951,30923
1138,30924
1138,30925
494,30926
494,30927
1209,30928
497,30929
1105,30930
8504,30931
3033,30932
6917,30933
3999,30934
1777,30935
5059,30936
12968,30937
4001,30938
12969,30939
12969,30940
12970,30941
11702,30942
6922,30943
6690,30944
507,30945
12971,30946
9525,30947
12638,30948
12972,30949
2537,30950
6923,30951
12973,30952
513,30953
513,30954
1783,30955
516,30956
12974,30957
518,30958
518,30959
519,30960
12975,30961
2691,30962
3304,30963
3304,30964
3540,30965
2470,30966
12976,30967
527,30968
4389,30969
12977,30970
2694,30971
2185,30972
2185,30973
5907,30974
12978,30975
11180,30976
11180,30977
7725,30978
533,30979
3306,30980
2187,30981
5206,30982
535,30983
9994,30984
4391,30985
1422,30986
11604,30987
6271,30988
3053,30989
9223,30990
1790,30991
8538,30992
539,30993
12979,30994
2191,30995
1794,30996
4022,30997
6699,30998
12980,30999
12981,31000
3548,31001
12982,31002
7976,31003
4024,31004
12983,31005
12984,31006
5721,31007
2197,31008
545,31009
9875,31010
9552,31011
1797,31012
6091,31013
8939,31014
12985,31015
11391,31016
2699,31017
10001,31018
9225,31019
2541,31020
5723,31021
5723,31022
7318,31023
10936,31024
207,31025
1182,31026
551,31027
12986,31028
12987,31029
12988,31030
12988,31031
12989,31032
12990,31033
7982,31034
2704,31035
12991,31036
5469,31037
5469,31038
1657,31039
4035,31040
1805,31041
7155,31042
10527,31043
557,31044
1434,31045
8556,31046
8556,31047
7986,31048
560,31049
560,31050
5023,31051
8199,31052
562,31053
562,31054
12992,31055
2708,31056
567,31057
12993,31058
4041,31059
12994,31060
574,31061
12995,31062
4044,31063
2716,31064
12996,31065
6834,31066
10010,31067
6213,31068
581,31069
12997,31070
1442,31071
7542,31072
586,31073
12998,31074
590,31075
12168,31076
3330,31077
6038,31078
12999,31079
8202,31080
1819,31081
13000,31082
7999,31083
5920,31084
7740,31085
9387,31086
12169,31087
1820,31088
2725,31089
6424,31090
9578,31091
2726,31092
2726,31093
5731,31094
10020,31095
3334,31096
9388,31097
9584,31098
599,31099
84,31100
84,31101
84,31102
84,31103
2730,31104
2731,31105
13001,31106
13002,31107
600,31108
601,31109
8590,31110
11200,31111
5213,31112
604,31113
2223,31114
12675,31115
6562,31116
10418,31117
1453,31118
10331,31119
13003,31120
4063,31121
11205,31122
8011,31123
10030,31124
3342,31125
626,31126
4070,31127
7751,31128
86,31129
631,31130
1458,31131
11792,31132
8206,31133
6960,31134
13004,31135
13004,31136
9616,31137
4084,31138
11217,31139
8018,31140
642,31141
642,31142
12197,31143
643,31144
2755,31145
5931,31146
13005,31147
5396,31148
13006,31149
5342,31150
6218,31151
7109,31152
3088,31153
12874,31154
3741,31155
13007,31156
4095,31157
13008,31158
13009,31159
654,31160
2254,31161
1468,31162
5289,31163
6626,31164
13010,31165
7162,31166
8625,31167
95,31168
13011,31169
13012,31170
3351,31171
4861,31172
7331,31173
664,31174
2760,31175
12173,31176
13013,31177
3353,31178
6219,31179
13014,31180
3096,31181
100,31182
676,31183
3098,31184
10948,31185
11794,31186
6980,31187
10337,31188
9202,31189
13015,31190
5755,31191
13016,31192
8033,31193
3578,31194
686,31195
8210,31196
10058,31197
10279,31198
2273,31199
692,31200
13017,31201
2275,31202
11545,31203
5218,31204
11237,31205
13018,31206
13019,31207
5080,31208
103,31209
703,31210
4882,31211
2941,31212
12239,31213
8652,31214
11734,31215
12720,31216
4436,31217
11242,31218
3756,31219
10196,31220
4677,31221
1865,31222
1491,31223
8047,31224
4890,31225
2552,31226
13020,31227
6727,31228
727,31229
7771,31230
1496,31231
13021,31232
6122,31233
11557,31234
13022,31235
13023,31236
2293,31237
4895,31238
5958,31239
4442,31240
4442,31241
4442,31242
6994,31243
8665,31244
108,31245
3376,31246
3376,31247
3376,31248
109,31249
13024,31250
13025,31251
743,31252
6730,31253
6731,31254
13026,31255
13027,31256
4900,31257
13028,31258
11260,31259
13029,31260
4147,31261
8676,31262
756,31263
3767,31264
3128,31265
3128,31266
13030,31267
2811,31268
13031,31269
5964,31270
5026,31271
1232,31272
7510,31273
4906,31274
768,31275
770,31276
2813,31277
13032,31278
7000,31279
5224,31280
13033,31281
5533,31282
12555,31283
13034,31284
4909,31285
6128,31286
2309,31287
6130,31288
11269,31289
13035,31290
3133,31291
782,31292
13036,31293
2311,31294
1233,31295
4154,31296
4917,31297
13037,31298
13038,31299
13039,31300
8689,31301
9274,31302
11426,31303
3137,31304
3137,31305
3137,31306
13040,31307
1515,31308
11823,31309
788,31310
11783,31311
1518,31312
5968,31313
5168,31314
791,31315
1885,31316
13041,31317
13041,31318
13042,31319
2316,31320
6582,31321
3385,31322
2827,31323
797,31324
13043,31325
13044,31326
3387,31327
5972,31328
8704,31329
1521,31330
13045,31331
2322,31332
5229,31333
5974,31334
4164,31335
118,31336
119,31337
5778,31338
13046,31339
807,31340
4168,31341
4168,31342
10083,31343
13047,31344
8711,31345
2832,31346
8712,31347
234,31348
2331,31349
13048,31350
9674,31351
4934,31352
9119,31353
2835,31354
13049,31355
13050,31356
11651,31357
2333,31358
13051,31359
10089,31360
825,31361
6743,31362
2335,31363
2335,31364
6238,31365
4178,31366
13052,31367
13053,31368
835,31369
5980,31370
836,31371
10572,31372
837,31373
4184,31374
4937,31375
7020,31376
7020,31377
11748,31378
7021,31379
4698,31380
2517,31381
7790,31382
7264,31383
10433,31384
3783,31385
3783,31386
1242,31387
9697,31388
13054,31389
237,31390
859,31391
11534,31392
1553,31393
13055,31394
3609,31395
13056,31396
9712,31397
1558,31398
3153,31399
7794,31400
13057,31401
13058,31402
7552,31403
6179,31404
7197,31405
7028,31406
13059,31407
5404,31408
878,31409
12532,31410
884,31411
2361,31412
885,31413
13060,31414
13061,31415
10121,31416
6632,31417
13062,31418
13063,31419
8103,31420
13064,31421
13065,31422
11938,31423
7199,31424
13066,31425
4210,31426
4210,31427
3799,31428
13067,31429
10438,31430
4212,31431
11655,31432
5096,31433
5096,31434
4716,31435
4716,31436
4489,31437
13068,31438
13069,31439
7628,31440
1577,31441
13070,31442
4219,31443
5808,31444
5358,31445
13071,31446
9175,31447
13072,31448
8766,31449
4494,31450
13073,31451
7272,31452
5998,31453
2381,31454
8121,31455
5812,31456
9282,31457
2383,31458
1251,31459
13074,31460
930,31461
8786,31462
8786,31463
9758,31464
13075,31465
13076,31466
937,31467
13077,31468
939,31469
4729,31470
4499,31471
5100,31472
7490,31473
13078,31474
2391,31475
11398,31476
4240,31477
13079,31478
7056,31479
13080,31480
7059,31481
13081,31482
953,31483
2874,31484
2876,31485
957,31486
1595,31487
964,31488
9784,31489
13082,31490
13083,31491
148,31492
13084,31493
973,31494
975,31495
13085,31496
2887,31497
3814,31498
13086,31499
5273,31500
9133,31501
4249,31502
253,31503
253,31504
12124,31505
7825,31506
991,31507
3432,31508
997,31509
8328,31510
1001,31511
13087,31512
13088,31513
12126,31514
6494,31515
4996,31516
13089,31517
1005,31518
1610,31519
1007,31520
5255,31521
5820,31522
13090,31523
3193,31524
13091,31525
13091,31526
5005,31527
12805,31528
1037,31529
13092,31530
9809,31531
6498,31532
3197,31533
11891,31534
13093,31535
6499,31536
11766,31537
2900,31538
7831,31539
4267,31540
13094,31541
13094,31542
11945,31543
13095,31544
3202,31545
9822,31546
11657,31547
11364,31548
1670,31549
1059,31550
8339,31551
5013,31552
12818,31553
9827,31554
13096,31555
13097,31556
11553,31557
13098,31558
5016,31559
1945,31560
13099,31561
6505,31562
13100,31563
1072,31564
13101,31565
13102,31566
2451,31567
13103,31568
13104,31569
5111,31570
8856,31571
8856,31572
8159,31573
13105,31574
7836,31575
9289,31576
13106,31577
1083,31578
1083,31579
11374,31580
6030,31581
258,31582
13107,31583
8166,31584
13108,31585
5830,31586
11440,31587
13109,31588
2920,31589
2920,31590
1181,31591
13110,31592
18,31593
4770,31594
2529,31595
3497,31596
370,31597
2096,31598
6897,31599
13111,31600
11466,31601
10768,31602
3034,31603
1783,31604
2694,31605
11182,31606
2199,31607
560,31608
5917,31609
593,31610
599,31611
13112,31612
6291,31613
763,31614
13113,31615
13113,31616
13114,31617
13115,31618
5232,31619
13116,31620
13117,31621
11809,31622
5241,31623
884,31624
4488,31625
2863,31626
13118,31627
13119,31628
9818,31629
5636,31630
11832,31631
2460,31632
4307,31633
4566,31634
9394,31635
10513,31636
11962,31637
11962,31638
11962,31639
6185,31640
3877,31641
8887,31642
2586,31643
13120,31644
1294,31645
13121,31646
5858,31647
13122,31648
10823,31649
13123,31650
1338,31651
5869,31652
13124,31653
5278,31654
3950,31655
12323,31656
13125,31657
3969,31658
10486,31659
12004,31660
12004,31661
12004,31662
13126,31663
4627,31664
472,31665
12007,31666
13127,31667
2666,31668
9516,31669
3703,31670
12397,31671
5897,31672
12227,31673
11178,31674
9993,31675
13128,31676
3835,31677
1423,31678
7189,31679
6089,31680
9349,31681
11415,31682
6782,31683
1804,31684
7987,31685
13129,31686
580,31687
13130,31688
6423,31689
8003,31690
8003,31691
8003,31692
8003,31693
8003,31694
8003,31695
8003,31696
8003,31697
8003,31698
12692,31699
4086,31700
8623,31701
4860,31702
8963,31703
13131,31704
8972,31705
8972,31706
8972,31707
8049,31708
2797,31709
7423,31710
5130,31711
5130,31712
13132,31713
6338,31714
10077,31715
817,31716
11289,31717
4466,31718
2554,31719
5983,31720
13133,31721
4473,31722
8090,31723
3612,31724
12439,31725
12439,31726
12439,31727
12439,31728
12439,31729
12439,31730
12439,31731
12439,31732
12439,31733
5241,31734
5241,31735
5241,31736
5241,31737
5241,31738
5241,31739
5241,31740
5241,31741
5241,31742
9123,31743
2366,31744
13134,31745
13135,31746
13136,31747
137,31748
3167,31749
13137,31750
13138,31751
13139,31752
958,31753
958,31754
3182,31755
5177,31756
13140,31757
5000,31758
8827,31759
8830,31760
13141,31761
2446,31762
256,31763
13142,31764
13143,31765
10230,31766
172,31767
13144,31768
8809,31769
12805,31770
13145,31771
265,31772
9394,31773
8348,31774
3,31775
3217,31776
13146,31777
9056,31778
4292,31779
7563,31780
9893,31781
9893,31782
9896,31783
13147,31784
13147,31785
7665,31786
5838,31787
2041,31788
287,31789
287,31790
13148,31791
11066,31792
6614,31793
8374,31794
294,31795
5575,31796
5302,31797
7671,31798
7671,31799
1689,31800
4759,31801
11579,31802
5846,31803
3486,31804
306,31805
1693,31806
7391,31807
11074,31808
310,31809
13149,31810
13149,31811
12,31812
2598,31813
5849,31814
13150,31815
12584,31816
13,31817
2964,31818
7874,31819
2065,31820
323,31821
324,31822
6659,31823
2611,31824
5662,31825
9429,31826
7207,31827
5507,31828
1314,31829
13151,31830
8187,31831
7573,31832
5667,31833
1319,31834
2617,31835
5151,31836
2620,31837
13152,31838
2622,31839
4779,31840
185,31841
9933,31842
2630,31843
366,31844
366,31845
366,31846
4336,31847
28,31848
28,31849
1342,31850
372,31851
3499,31852
10404,31853
2988,31854
1728,31855
13153,31856
187,31857
8445,31858
8445,31859
13154,31860
9250,31861
12453,31862
402,31863
403,31864
12613,31865
13155,31866
13155,31867
7300,31868
3265,31869
4346,31870
7916,31871
13156,31872
1367,31873
2999,31874
10827,31875
12950,31876
431,31877
2135,31878
11146,31879
444,31880
444,31881
7533,31882
2144,31883
7586,31884
13157,31885
7503,31886
467,31887
50,31888
1102,31889
1766,31890
2158,31891
5197,31892
1393,31893
1393,31894
1393,31895
4551,31896
5887,31897
6912,31898
483,31899
5701,31900
2667,31901
13158,31902
13159,31903
5890,31904
13160,31905
6916,31906
3024,31907
3291,31908
2673,31909
1402,31910
3292,31911
2675,31912
3703,31913
1209,31914
12016,31915
2171,31916
501,31917
4368,31918
9522,31919
6692,31920
4004,31921
12640,31922
11603,31923
8196,31924
13161,31925
4819,31926
3044,31927
515,31928
519,31929
9990,31930
9993,31931
4555,31932
1422,31933
1422,31934
13162,31935
8535,31936
7188,31937
5430,31938
203,31939
3313,31940
3547,31941
7730,31942
7319,31943
1804,31944
1437,31945
13163,31946
13164,31947
79,31948
1810,31949
2212,31950
13165,31951
13166,31952
13167,31953
1441,31954
5380,31955
10011,31956
12275,31957
13168,31958
3063,31959
13169,31960
9576,31961
4054,31962
595,31963
8202,31964
12169,31965
2726,31966
5394,31967
13170,31968
6329,31969
3334,31970
9579,31971
1824,31972
13171,31973
3068,31974
3068,31975
9584,31976
2221,31977
2729,31978
84,31979
13172,31980
13173,31981
2737,31982
2508,31983
600,31984
601,31985
13174,31986
1827,31987
6710,31988
6710,31989
13175,31990
13176,31991
12674,31992
8005,31993
10417,31994
13177,31995
9593,31996
13178,31997
2226,31998
8950,31999
13179,32000
622,32001
2230,32002
2230,32003
8608,32004
13180,32005
86,32006
10531,32007
2238,32008
2238,32009
89,32010
3080,32011
13181,32012
10040,32013
5073,32014
13182,32015
13183,32016
11217,32017
642,32018
645,32019
13184,32020
13185,32021
1854,32022
8209,32023
13013,32024
6511,32025
2764,32026
13186,32027
11568,32028
679,32029
6512,32030
1476,32031
12068,32032
2775,32033
4115,32034
1477,32035
11233,32036
13187,32037
13188,32038
13189,32039
13190,32040
13191,32041
718,32042
226,32043
11250,32044
13192,32045
3123,32046
3124,32047
4140,32048
108,32049
3376,32050
6125,32051
13193,32052
2806,32053
13194,32054
6229,32055
755,32056
10066,32057
4450,32058
1232,32059
6295,32060
3130,32061
13195,32062
6456,32063
1234,32064
7483,32065
13196,32066
800,32067
5973,32068
1999,32069
1999,32070
2831,32071
8709,32072
10344,32073
821,32074
7787,32075
7787,32076
13197,32077
830,32078
1532,32079
6744,32080
9682,32081
1896,32082
6748,32083
9687,32084
8726,32085
13199,32086
11299,32087
857,32088
13200,32089
13201,32090
7266,32091
13202,32092
13203,32093
4206,32094
1906,32095
884,32096
2361,32097
13204,32098
4215,32099
9124,32100
7039,32101
13205,32102
2948,32103
4962,32104
12777,32105
13206,32106
1250,32107
13207,32108
7473,32109
13208,32110
13208,32111
11757,32112
3623,32113
7437,32114
6000,32115
13209,32116
937,32117
10802,32118
11614,32119
8130,32120
8805,32121
6598,32122
13210,32123
4510,32124
3814,32125
13211,32126
10972,32127
4990,32128
13212,32129
4249,32130
13213,32131
4514,32132
6011,32133
997,32134
999,32135
9136,32136
10137,32137
4995,32138
2424,32139
1003,32140
13214,32141
4520,32142
3437,32143
5820,32144
1937,32145
1015,32146
9802,32147
13215,32148
1024,32149
8830,32150
13216,32151
2432,32152
1616,32153
8834,32154
13217,32155
13218,32156
13219,32157
13220,32158
7069,32159
7830,32160
1046,32161
2901,32162
13221,32163
13222,32164
6605,32165
13223,32166
13224,32167
1067,32168
1068,32169
1945,32170
1071,32171
1072,32172
1072,32173
6822,32174
1175,32175
13225,32176
13226,32177
13227,32178
5638,32179
2454,32180
7220,32181
168,32182
1083,32183
4284,32184
7492,32185
10159,32186
13228,32187
170,32188
1088,32189
13229,32190
1092,32191
2920,32192
3463,32193
13230,32194
12152,32195
3464,32196
5679,32197
4055,32198
4096,32199
4102,32200
2347,32201
11443,32202
10235,32203
5101,32204
5367,32205
11664,32206
13231,32207
11044,32208
9889,32209
12897,32210
13232,32211
177,32212
10313,32213
5846,32214
6653,32215
12581,32216
6258,32217
6875,32218
5850,32219
9915,32220
11077,32221
12914,32222
15,32223
321,32224
2065,32225
2065,32226
6064,32227
13233,32228
4762,32229
1306,32230
324,32231
324,32232
2611,32233
7677,32234
7877,32235
13234,32236
7572,32237
334,32238
11408,32239
11908,32240
8188,32241
185,32242
6374,32243
362,32244
8429,32245
376,32246
13235,32247
8437,32248
13236,32249
7697,32250
3958,32251
3264,32252
3264,32253
6163,32254
11995,32255
444,32256
13237,32257
7534,32258
13238,32259
10488,32260
1764,32261
9035,32262
51,32263
13239,32264
13240,32265
480,32266
3518,32267
1656,32268
8497,32269
9514,32270
4635,32271
12635,32272
5284,32273
7410,32274
1410,32275
8936,32276
8269,32277
1418,32278
8271,32279
7969,32280
539,32281
13241,32282
206,32283
1143,32284
1143,32285
1428,32286
1433,32287
12659,32288
6277,32289
2217,32290
13242,32291
13243,32292
5605,32293
3340,32294
13244,32295
620,32296
8282,32297
629,32298
642,32299
13245,32300
13246,32301
663,32302
7331,32303
8291,32304
3853,32305
13247,32306
13248,32307
2787,32308
4677,32309
11738,32310
13249,32311
13250,32312
8052,32313
7252,32314
746,32315
5477,32316
4902,32317
3127,32318
5026,32319
1506,32320
779,32321
2819,32322
11272,32323
6175,32324
11273,32325
11273,32326
6581,32327
4161,32328
4464,32329
817,32330
820,32331
2335,32332
7468,32333
11746,32334
3601,32335
13251,32336
13252,32337
1903,32338
7029,32339
9377,32340
876,32341
2010,32342
12441,32343
5628,32344
7356,32345
7042,32346
5249,32347
11592,32348
6479,32349
929,32350
13253,32351
149,32352
3812,32353
2421,32354
11890,32355
13254,32356
3816,32357
1025,32358
13255,32359
4270,32360
11658,32361
9286,32362
11775,32363
13256,32364
8369,32365
9295,32366
5887,32367
1158,32368
7466,32369
1998,32370
1998,32371
13257,32372
13258,32373
8334,32374
266,32375
9390,32376
5301,32377
13259,32378
10513,32379
9291,32380
13260,32381
13260,32382
13261,32383
1956,32384
13262,32385
9054,32386
13263,32387
2034,32388
4311,32389
12206,32390
6825,32391
13264,32392
7561,32393
13265,32394
13265,32395
3875,32396
11060,32397
279,32398
9185,32399
3886,32400
3887,32401
1281,32402
13266,32403
6054,32404
7668,32405
10819,32406
10819,32407
4574,32408
290,32409
8374,32410
11896,32411
6520,32412
7287,32413
2582,32414
2582,32415
2582,32416
3229,32417
13267,32418
13267,32419
9296,32420
7862,32421
13268,32422
13269,32423
299,32424
7288,32425
5456,32426
11836,32427
11406,32428
13270,32429
302,32430
303,32431
13271,32432
13272,32433
13273,32434
3899,32435
1693,32436
307,32437
7870,32438
12910,32439
315,32440
7569,32441
5656,32442
5417,32443
13274,32444
12912,32445
13275,32446
4761,32447
320,32448
321,32449
321,32450
2965,32451
5305,32452
5305,32453
13276,32454
1306,32455
1311,32456
7394,32457
3661,32458
13277,32459
13234,32460
7292,32461
24,32462
2078,32463
9925,32464
345,32465
3246,32466
3246,32467
3492,32468
13278,32469
5863,32470
9441,32471
2628,32472
9935,32473
1129,32474
1720,32475
12451,32476
1342,32477
6884,32478
372,32479
13279,32480
13280,32481
2100,32482
3935,32483
3935,32484
1200,32485
382,32486
383,32487
6193,32488
6073,32489
13153,32490
9344,32491
7905,32492
9943,32493
12490,32494
11115,32495
390,32496
2640,32497
11116,32498
12610,32499
5869,32500
5191,32501
13281,32502
7100,32503
1734,32504
3951,32505
191,32506
5686,32507
6895,32508
13282,32509
13283,32510
11129,32511
6678,32512
413,32513
13284,32514
9345,32515
13285,32516
13286,32517
7450,32518
11690,32519
10927,32520
10215,32521
6533,32522
13287,32523
13288,32524
7586,32525
7502,32526
1756,32527
452,32528
456,32529
8261,32530
3984,32531
13240,32532
13240,32533
9506,32534
2534,32535
1656,32536
1656,32537
2667,32538
11916,32539
2166,32540
2167,32541
3526,32542
12194,32543
11160,32544
3530,32545
3530,32546
1405,32547
1138,32548
9519,32549
8930,32550
13289,32551
6543,32552
8508,32553
13290,32554
6400,32555
12021,32556
8512,32557
13291,32558
8267,32559
13292,32560
13293,32561
1413,32562
13294,32563
4380,32564
13295,32565
10506,32566
1419,32567
10372,32568
529,32569
2538,32570
4018,32571
8534,32572
3054,32573
3544,32574
9544,32575
1424,32576
2192,32577
541,32578
1793,32579
1793,32580
13296,32581
7125,32582
13297,32583
1802,32584
2700,32585
10276,32586
1213,32587
6552,32588
2202,32589
13298,32590
2206,32591
13299,32592
5393,32593
8557,32594
6934,32595
6934,32596
13300,32597
6935,32598
2717,32599
13301,32600
13302,32601
4839,32602
2720,32603
13303,32604
11717,32605
10012,32606
10377,32607
13304,32608
13305,32609
13306,32610
9582,32611
13307,32612
13308,32613
10024,32614
13174,32615
13309,32616
2738,32617
13310,32618
11719,32619
10027,32620
2223,32621
2223,32622
13311,32623
13312,32624
5471,32625
5471,32626
13313,32627
11206,32628
13314,32629
13315,32630
8205,32631
626,32632
13316,32633
629,32634
633,32635
8954,32636
2238,32637
638,32638
638,32639
13317,32640
11819,32641
6433,32642
6435,32643
6282,32644
13318,32645
13319,32646
10945,32647
3348,32648
4094,32649
13320,32650
13321,32651
6974,32652
664,32653
5610,32654
13322,32655
674,32656
10337,32657
6817,32658
5218,32659
1862,32660
8966,32661
4127,32662
4127,32663
13323,32664
2788,32665
5953,32666
8656,32667
8972,32668
4136,32669
723,32670
723,32671
3763,32672
108,32673
737,32674
8669,32675
13324,32676
13324,32677
2942,32678
4146,32679
4447,32680
12465,32681
756,32682
5130,32683
5167,32684
5167,32685
2512,32686
5965,32687
2813,32688
4908,32689
13325,32690
13326,32691
4153,32692
13327,32693
10764,32694
1233,32695
13328,32696
11427,32697
11427,32698
2315,32699
2315,32700
2315,32701
11608,32702
4694,32703
2321,32704
11276,32705
13329,32706
7008,32707
4165,32708
8075,32709
7009,32710
5440,32711
2326,32712
13330,32713
13331,32714
123,32715
10085,32716
13332,32717
13333,32718
817,32719
7785,32720
2335,32721
13334,32722
13335,32723
834,32724
1535,32725
13336,32726
1899,32727
1899,32728
1900,32729
13337,32730
1546,32731
13338,32732
5170,32733
236,32734
4471,32735
8995,32736
4302,32737
10109,32738
12764,32739
8734,32740
2851,32741
10735,32742
4707,32743
4707,32744
7513,32745
8744,32746
11316,32747
3793,32748
11654,32749
13339,32750
6631,32751
13340,32752
883,32753
884,32754
13341,32755
2362,32756
13342,32757
9725,32758
7033,32759
4953,32760
11325,32761
11326,32762
7035,32763
13343,32764
10271,32765
4714,32766
5550,32767
1572,32768
1574,32769
13070,32770
13344,32771
10677,32772
2373,32773
13345,32774
1581,32775
5246,32776
4219,32777
135,32778
4493,32779
8766,32780
13346,32781
4494,32782
13347,32783
3168,32784
13348,32785
9380,32786
11757,32787
6042,32788
1926,32789
6477,32790
13349,32791
13349,32792
13350,32793
7200,32794
10679,32795
1268,32796
9014,32797
942,32798
3174,32799
10235,32800
946,32801
13351,32802
4504,32803
13352,32804
13353,32805
1932,32806
8801,32807
13354,32808
12795,32809
12795,32810
2409,32811
5176,32812
7276,32813
6311,32814
1254,32815
6011,32816
8817,32817
13355,32818
13356,32819
10634,32820
13357,32821
7556,32822
8819,32823
13358,32824
13359,32825
2892,32826
2892,32827
13360,32828
3638,32829
7649,32830
11360,32831
1622,32832
13361,32833
5492,32834
5368,32835
13362,32836
7652,32837
13363,32838
11893,32839
1067,32840
13364,32841
13365,32842
13366,32843
7373,32844
9241,32845
13367,32846
10748,32847
13368,32848
12821,32849
3206,32850
13369,32851
13370,32852
13371,32853
13372,32854
5369,32855
13373,32856
9385,32857
9385,32858
12547,32859
12547,32860
3827,32861
8159,32862
6029,32863
10978,32864
11375,32865
13374,32866
13375,32867
12479,32868
1644,32869
5180,32870
7492,32871
1645,32872
1086,32873
7560,32874
1947,32875
7374,32876
6253,32877
3646,32878
1949,32879
7082,32880
1098,32881
12925,32882
13376,32883
11131,32884
8466,32885
13377,32886
6742,32887
1009,32888
5415,32889
7567,32890
13378,32891
13379,32892
819,32893
13380,32894
2366,32895
13381,32896
6482,32897
13382,32898
6049,32899
4573,32900
11620,32901
9908,32902
11670,32903
11670,32904
2595,32905
2055,32906
3235,32907
13383,32908
13384,32909
13385,32910
6260,32911
11815,32912
13386,32913
9449,32914
11988,32915
5875,32916
5425,32917
12890,32918
3002,32919
8480,32920
1758,32921
2653,32922
3010,32923
8490,32924
3018,32925
2160,32926
9981,32927
8264,32928
9518,32929
13387,32930
13388,32931
13388,32932
13388,32933
11699,32934
13290,32935
12638,32936
7409,32937
7239,32938
9309,32939
13389,32940
7978,32941
13390,32942
13391,32943
13392,32944
582,32945
585,32946
13393,32947
2724,32948
1822,32949
13394,32950
84,32951
13395,32952
12680,32953
13396,32954
2233,32955
13397,32956
2252,32957
12511,32958
13398,32959
6728,32960
726,32961
13399,32962
6293,32963
741,32964
13400,32965
13401,32966
5774,32967
1233,32968
4691,32969
13402,32970
10078,32971
121,32972
4931,32973
13403,32974
13404,32975
13405,32976
13406,32977
12094,32978
3783,32979
7265,32980
13407,32981
13408,32982
7350,32983
2854,32984
2356,32985
8997,32986
6346,32987
7351,32988
885,32989
10860,32990
3161,32991
13409,32992
896,32993
6758,32994
1913,32995
7809,32996
13410,32997
13411,32998
4495,32999
9011,33000
937,33001
937,33002
10868,33003
13412,33004
5364,33005
1934,33006
13413,33007
8817,33008
10448,33009
5003,33010
1035,33011
13414,33012
3200,33013
12383,33014
13415,33015
13416,33016
7515,33017
13417,33018
11660,33019
4534,33020
11372,33021
9026,33022
11374,33023
13418,33024
3832,33025
10464,33026
4289,33027
13419,33028
13420,33029
13421,33030
13422,33031
3045,33032
7746,33033
5431,33034
13423,33035
10722,33036
1508,33037
6742,33038
13424,33039
4966,33040
4966,33041
13425,33042
3173,33043
12789,33044
9531,33045
4404,33046
3427,33047
10747,33048
13426,33049
5641,33050
13427,33051
10552,33052
8360,33053
12898,33054
10389,33055
7854,33056
9407,33057
13428,33058
13429,33059
7668,33060
4576,33061
12574,33062
3234,33063
13430,33064
4546,33065
11906,33066
13,33067
11455,33068
7874,33069
13431,33070
4764,33071
20,33072
8902,33073
8407,33074
8407,33075
25,33076
13432,33077
12392,33078
361,33079
365,33080
3671,33081
5153,33082
28,33083
6670,33084
13433,33085
11106,33086
6886,33087
2105,33088
13434,33089
9076,33090
5192,33091
5584,33092
3504,33093
9464,33094
3506,33095
1365,33096
2127,33097
11138,33098
11464,33099
5879,33100
435,33101
444,33102
3515,33103
43,33104
2657,33105
12496,33106
13435,33107
6914,33108
3991,33109
1771,33110
2669,33111
13436,33112
1209,33113
8504,33114
1776,33115
505,33116
6083,33117
8514,33118
13437,33119
8521,33120
6405,33121
3044,33122
3047,33123
7724,33124
9541,33125
13438,33126
2191,33127
13439,33128
2193,33129
3313,33130
12981,33131
4829,33132
2198,33133
13440,33134
546,33135
1797,33136
548,33137
12553,33138
3550,33139
3718,33140
1106,33141
7412,33142
2704,33143
564,33144
564,33145
8563,33146
13441,33147
3062,33148
12664,33149
1816,33150
8201,33151
11198,33152
6215,33153
1820,33154
13442,33155
1822,33156
13443,33157
11200,33158
2223,33159
13444,33160
9099,33161
10844,33162
13445,33163
1839,33164
11207,33165
628,33166
11211,33167
8614,33168
9200,33169
12197,33170
10532,33171
3091,33172
656,33173
13446,33174
5610,33175
13447,33176
3098,33177
13448,33178
13449,33179
3757,33180
716,33181
1868,33182
7609,33183
1503,33184
7465,33185
3126,33186
6174,33187
3128,33188
6294,33189
764,33190
13450,33191
13451,33192
4558,33193
3382,33194
1233,33195
13452,33196
12742,33197
2314,33198
8692,33199
6460,33200
7195,33201
2326,33202
8709,33203
2832,33204
5977,33205
3397,33206
9680,33207
8987,33208
835,33209
13453,33210
13454,33211
8222,33212
13455,33213
4191,33214
13456,33215
11028,33216
10111,33217
10111,33218
12767,33219
13457,33220
2488,33221
2488,33222
13458,33223
13060,33224
2362,33225
13459,33226
2365,33227
1569,33228
7805,33229
894,33230
13460,33231
13461,33232
7270,33233
10547,33234
13462,33235
1916,33236
13463,33237
5298,33238
4228,33239
4228,33240
8775,33241
4968,33242
1922,33243
13464,33244
9012,33245
13350,33246
12789,33247
13465,33248
7274,33249
13466,33250
143,33251
3810,33252
2395,33253
958,33254
6598,33255
3632,33256
12260,33257
978,33258
13467,33259
12380,33260
4251,33261
9802,33262
8148,33263
8148,33264
5001,33265
2437,33266
11363,33267
13095,33268
13468,33269
13469,33270
1058,33271
13470,33272
1945,33273
1072,33274
13471,33275
6251,33276
9026,33277
13472,33278
7374,33279
7841,33280
2918,33281
5374,33282
4289,33283
13473,33284
10403,33285
1656,33286
1410,33287
7729,33288
3326,33289
13474,33290
7746,33291
4915,33292
4208,33293
13475,33294
13475,33295
9391,33296
9391,33297
13476,33298
6048,33299
2569,33300
13477,33301
9888,33302
3471,33303
13478,33304
3872,33305
12348,33306
260,33307
2034,33308
2034,33309
13479,33310
8886,33311
8886,33312
4752,33313
3223,33314
2038,33315
9294,33316
8367,33317
7665,33318
5837,33319
1281,33320
5574,33321
3893,33322
9902,33323
1188,33324
8237,33325
13480,33326
13481,33327
5503,33328
5503,33329
7860,33330
2046,33331
13482,33332
9870,33333
13483,33334
13483,33335
2960,33336
3479,33337
11,33338
2049,33339
3480,33340
5651,33341
179,33342
13484,33343
13485,33344
7672,33345
13270,33346
303,33347
13486,33348
9420,33349
8241,33350
8241,33351
3485,33352
13487,33353
304,33354
3900,33355
5036,33356
3486,33357
2055,33358
2055,33359
2055,33360
7289,33361
1693,33362
1695,33363
3487,33364
1650,33365
314,33366
2061,33367
2061,33368
315,33369
13488,33370
1296,33371
10584,33372
1699,33373
13489,33374
12586,33375
13490,33376
6522,33377
3241,33378
324,33379
324,33380
324,33381
324,33382
2966,33383
2966,33384
11784,33385
2612,33386
4764,33387
7394,33388
328,33389
1314,33390
1314,33391
330,33392
8901,33393
10399,33394
13491,33395
13234,33396
13492,33397
13492,33398
331,33399
6879,33400
1127,33401
7523,33402
7523,33403
13493,33404
7524,33405
7524,33406
8407,33407
1317,33408
2615,33409
2615,33410
13494,33411
13495,33412
9433,33413
13496,33414
341,33415
1320,33416
11092,33417
11093,33418
1711,33419
9299,33420
344,33421
3914,33422
7498,33423
7525,33424
13497,33425
13498,33426
3248,33427
7886,33428
4331,33429
3492,33430
13499,33431
353,33432
9068,33433
6373,33434
10919,33435
8419,33436
11098,33437
2086,33438
13500,33439
357,33440
357,33441
3922,33442
13501,33443
1331,33444
6883,33445
361,33446
1332,33447
10402,33448
8422,33449
2087,33450
362,33451
362,33452
2980,33453
365,33454
366,33455
366,33456
366,33457
2981,33458
2090,33459
8426,33460
9937,33461
9937,33462
1336,33463
7399,33464
12928,33465
9938,33466
7184,33467
2983,33468
9446,33469
28,33470
28,33471
1342,33472
1342,33473
6884,33474
372,33475
372,33476
373,33477
373,33478
5510,33479
6885,33480
2097,33481
9450,33482
9450,33483
2099,33484
11106,33485
3499,33486
1344,33487
1344,33488
8432,33489
13502,33490
13503,33491
4786,33492
379,33493
8189,33494
1201,33495
5680,33496
8435,33497
8435,33498
1726,33499
8437,33500
2988,33501
13504,33502
5682,33503
1347,33504
1728,33505
5866,33506
11385,33507
6385,33508
13505,33509
8442,33510
8442,33511
8442,33512
12605,33513
186,33514
186,33515
13506,33516
7906,33517
2990,33518
3676,33519
8446,33520
4602,33521
8448,33522
5190,33523
3940,33524
11539,33525
3944,33526
3944,33527
394,33528
12941,33529
4607,33530
12453,33531
2642,33532
190,33533
190,33534
9077,33535
9077,33536
5873,33537
1734,33538
10825,33539
11122,33540
401,33541
401,33542
403,33543
403,33544
12944,33545
1362,33546
3955,33547
11124,33548
1363,33549
6894,33550
6894,33551
3507,33552
13507,33553
13507,33554
3958,33555
406,33556
13155,33557
8460,33558
11126,33559
6530,33560
8462,33561
2122,33562
3264,33563
11128,33564
13508,33565
9466,33566
1204,33567
1365,33568
13509,33569
5048,33570
5048,33571
13510,33572
2127,33573
417,33574
417,33575
6077,33576
13511,33577
11912,33578
11138,33579
7529,33580
5049,33581
13512,33582
9961,33583
7922,33584
7922,33585
11463,33586
5461,33587
2532,33588
6679,33589
11913,33590
11140,33591
13513,33592
7925,33593
13514,33594
1744,33595
13515,33596
9481,33597
13516,33598
13517,33599
12834,33600
11846,33601
3691,33602
3271,33603
9193,33604
7230,33605
6903,33606
6903,33607
6681,33608
6682,33609
2144,33610
11148,33611
1654,33612
1756,33613
1378,33614
13518,33615
6536,33616
13519,33617
6267,33618
1207,33619
6831,33620
1383,33621
2151,33622
1384,33623
10469,33624
1386,33625
7939,33626
461,33627
2657,33628
463,33629
464,33630
50,33631
50,33632
51,33633
51,33634
2660,33635
2660,33636
469,33637
470,33638
3983,33639
1102,33640
7407,33641
473,33642
5323,33643
3986,33644
7209,33645
13520,33646
13521,33647
5282,33648
13522,33649
13523,33650
9507,33651
13524,33652
3520,33653
12010,33654
12325,33655
3989,33656
13525,33657
13525,33658
2666,33659
13526,33660
9084,33661
8498,33662
5890,33663
4808,33664
6539,33665
5704,33666
5704,33667
3991,33668
3991,33669
13527,33670
3023,33671
13528,33672
12013,33673
2167,33674
1771,33675
3525,33676
11159,33677
4812,33678
3027,33679
2669,33680
3527,33681
3527,33682
3291,33683
2671,33684
3995,33685
8499,33686
11160,33687
2673,33688
1772,33689
13529,33690
3028,33691
60,33692
11850,33693
5203,33694
6268,33695
493,33696
7182,33697
494,33698
496,33699
8504,33700
5896,33701
8507,33702
1407,33703
1407,33704
8508,33705
8932,33706
4814,33707
4815,33708
1408,33709
13530,33710
7952,33711
7952,33712
3704,33713
6545,33714
3299,33715
13531,33716
13532,33717
8934,33718
13533,33719
515,33720
515,33721
516,33722
516,33723
517,33724
7451,33725
4821,33726
5329,33727
13534,33728
13535,33729
1421,33730
13536,33731
9993,33732
2185,33733
13537,33734
5063,33735
1786,33736
11182,33737
1788,33738
13538,33739
538,33740
2190,33741
7188,33742
539,33743
13539,33744
5430,33745
5065,33746
7088,33747
1426,33748
4023,33749
2196,33750
12981,33751
8272,33752
2540,33753
13540,33754
6700,33755
4024,33756
4025,33757
2197,33758
11711,33759
10935,33760
1797,33761
9311,33762
2507,33763
2507,33764
2507,33765
12231,33766
12649,33767
12649,33768
7978,33769
7978,33770
7978,33771
7136,33772
1802,33773
1802,33774
1802,33775
1802,33776
207,33777
207,33778
13541,33779
4032,33780
9092,33781
7319,33782
13542,33783
12986,33784
2544,33785
7982,33786
2704,33787
555,33788
7846,33789
7155,33790
557,33791
557,33792
557,33793
1434,33794
1434,33795
1435,33796
7156,33797
13543,33798
13544,33799
13545,33800
13546,33801
4038,33802
2210,33803
13547,33804
570,33805
2711,33806
2711,33807
2711,33808
4043,33809
4044,33810
576,33811
2212,33812
2717,33813
7321,33814
9350,33815
3061,33816
2214,33817
4048,33818
13548,33819
2215,33820
581,33821
582,33822
583,33823
11194,33824
11194,33825
13549,33826
6421,33827
1442,33828
7157,33829
7157,33830
7991,33831
13550,33832
587,33833
10529,33834
12998,33835
590,33836
591,33837
591,33838
5601,33839
6214,33840
13551,33841
1817,33842
4840,33843
6705,33844
6277,33845
3332,33846
13552,33847
2726,33848
2726,33849
13171,33850
599,33851
8874,33852
8944,33853
84,33854
84,33855
84,33856
13553,33857
2734,33858
2736,33859
600,33860
601,33861
601,33862
6426,33863
13175,33864
1265,33865
2223,33866
6951,33867
611,33868
1450,33869
1450,33870
2224,33871
8593,33872
8006,33873
4060,33874
4060,33875
13554,33876
13555,33877
216,33878
9594,33879
8595,33880
13556,33881
13557,33882
1836,33883
1836,33884
1836,33885
619,33886
4065,33887
4066,33888
13558,33889
5606,33890
13559,33891
2745,33892
7544,33893
3568,33894
625,33895
2229,33896
626,33897
4070,33898
6714,33899
3735,33900
12051,33901
12683,33902
2748,33903
13560,33904
8608,33905
4074,33906
2749,33907
2749,33908
2231,33909
3076,33910
3076,33911
11209,33912
1843,33913
13561,33914
13562,33915
86,33916
1456,33917
7246,33918
9612,33919
633,33920
13563,33921
634,33922
8284,33923
635,33924
5745,33925
637,33926
13564,33927
4422,33928
3343,33929
3083,33930
13565,33931
8017,33932
641,33933
1146,33934
1461,33935
2473,33936
642,33937
13566,33938
4856,33939
4856,33940
12197,33941
13245,33942
13567,33943
5396,33944
6964,33945
3573,33946
13568,33947
5936,33948
8023,33949
13008,33950
2758,33951
4101,33952
13569,33953
95,33954
662,33955
13570,33956
11645,33957
4861,33958
664,33959
219,33960
13184,33961
6284,33962
666,33963
3576,33964
2762,33965
1473,33966
13571,33967
13572,33968
5078,33969
2259,33970
3746,33971
7332,33972
13573,33973
673,33974
673,33975
673,33976
10722,33977
3097,33978
3098,33979
6113,33980
1991,33981
13574,33982
13574,33983
13575,33984
679,33985
679,33986
12708,33987
12708,33988
12709,33989
13576,33990
4674,33991
3359,33992
5755,33993
5755,33994
2775,33995
4115,33996
4116,33997
1477,33998
3360,33999
6981,34000
3361,34001
3362,34002
6333,34003
3363,34004
10723,34005
1149,34006
11233,34007
13577,34008
5758,34009
1478,34010
691,34011
4871,34012
5476,34013
5942,34014
5942,34015
13578,34016
13579,34017
2281,34018
8642,34019
13580,34020
1485,34021
9638,34022
5761,34023
13581,34024
10848,34025
12515,34026
105,34027
105,34028
105,34029
12239,34030
6118,34031
13190,34032
12072,34033
8652,34034
4883,34035
2787,34036
2787,34037
4436,34038
7765,34039
13582,34040
707,34041
709,34042
7377,34043
8045,34044
3115,34045
3115,34046
4887,34047
716,34048
716,34049
6575,34050
3375,34051
722,34052
12369,34053
723,34054
7769,34055
726,34056
2479,34057
1112,34058
1156,34059
13583,34060
11250,34061
734,34062
4895,34063
13584,34064
1874,34065
3124,34066
5614,34067
7252,34068
6293,34069
8666,34070
108,34071
3376,34072
7609,34073
737,34074
6995,34075
13585,34076
1227,34077
6040,34078
743,34079
8675,34080
6847,34081
4144,34082
8056,34083
1504,34084
13586,34085
11260,34086
756,34087
7423,34088
1231,34089
13587,34090
4450,34091
5346,34092
13588,34093
5616,34094
13031,34095
12734,34096
5026,34097
7510,34098
13589,34099
1159,34100
13132,34101
13132,34102
9654,34103
9654,34104
3592,34105
1507,34106
773,34107
8682,34108
3594,34109
6452,34110
113,34111
13590,34112
781,34113
5775,34114
8065,34115
2822,34116
13040,34117
1998,34118
2314,34119
8693,34120
1885,34121
793,34122
6629,34123
6629,34124
13591,34125
7618,34126
2316,34127
13592,34128
4159,34129
4161,34130
8176,34131
13593,34132
804,34133
804,34134
2326,34135
6740,34136
122,34137
8709,34138
2553,34139
5779,34140
3396,34141
13594,34142
13595,34143
11744,34144
7624,34145
13596,34146
13596,34147
3600,34148
3600,34149
13597,34150
13197,34151
1531,34152
1531,34153
4177,34154
837,34155
4697,34156
5485,34157
2516,34158
13598,34159
10096,34160
4939,34161
13599,34162
3405,34163
13600,34164
5236,34165
5403,34166
5544,34167
852,34168
857,34169
11751,34170
4703,34171
13408,34172
9172,34173
5487,34174
1901,34175
1553,34176
2347,34177
4705,34178
2349,34179
862,34180
13601,34181
13601,34182
10963,34183
866,34184
1558,34185
13602,34186
2854,34187
2354,34188
5796,34189
1561,34190
5626,34191
10349,34192
2556,34193
8747,34194
878,34195
7799,34196
883,34197
884,34198
885,34199
13603,34200
4710,34201
13604,34202
3161,34203
6347,34204
5627,34205
4208,34206
887,34207
888,34208
13605,34209
1246,34210
11755,34211
2367,34212
13606,34213
1570,34214
7807,34215
10861,34216
898,34217
4488,34218
2489,34219
10965,34220
3803,34221
4958,34222
12774,34223
1915,34224
6146,34225
12199,34226
5996,34227
11756,34228
13607,34229
11615,34230
4493,34231
12443,34232
4724,34233
13608,34234
13609,34235
8767,34236
914,34237
9742,34238
13610,34239
3621,34240
13611,34241
139,34242
2866,34243
918,34244
5998,34245
4304,34246
3622,34247
9745,34248
5098,34249
12444,34250
8119,34251
4968,34252
1922,34253
9127,34254
6042,34255
4496,34256
4970,34257
6478,34258
8782,34259
13612,34260
929,34261
13613,34262
13614,34263
8320,34264
9013,34265
937,34266
12343,34267
11758,34268
9761,34269
13615,34270
13616,34271
11398,34272
13617,34273
3627,34274
143,34275
5252,34276
13618,34277
13619,34278
13619,34279
952,34280
952,34281
952,34282
2874,34283
1594,34284
8798,34285
8798,34286
3429,34287
9131,34288
959,34289
8129,34290
13620,34291
5365,34292
3430,34293
6151,34294
3630,34295
3630,34296
4508,34297
10550,34298
11345,34299
11346,34300
1598,34301
8133,34302
13621,34303
3182,34304
10360,34305
9181,34306
11762,34307
8136,34308
13622,34309
13622,34310
2887,34311
2887,34312
7642,34313
8326,34314
13623,34315
989,34316
8812,34317
4250,34318
13213,34319
9794,34320
2421,34321
3433,34322
3433,34323
13624,34324
998,34325
998,34326
998,34327
2890,34328
10362,34329
152,34330
1609,34331
2424,34332
4253,34333
6494,34334
13625,34335
6855,34336
4256,34337
1006,34338
8143,34339
7645,34340
1009,34341
10449,34342
13140,34343
13626,34344
2429,34345
7827,34346
1613,34347
13627,34348
13627,34349
1025,34350
2432,34351
1618,34352
1030,34353
5367,34354
11361,34355
11361,34356
9138,34357
1940,34358
6602,34359
1258,34360
9020,34361
13628,34362
13629,34363
12132,34364
13630,34365
8836,34366
7830,34367
6821,34368
5823,34369
1046,34370
8838,34371
6773,34372
6159,34373
13631,34374
13632,34375
13633,34376
11769,34377
4270,34378
2441,34379
13634,34380
13223,34381
9052,34382
13635,34383
157,34384
5013,34385
13636,34386
5110,34387
13637,34388
1261,34389
1261,34390
13638,34391
13639,34392
13640,34393
13640,34394
13641,34395
13642,34396
13643,34397
13097,34398
13097,34399
3448,34400
1068,34401
13644,34402
8158,34403
13645,34404
1072,34405
3450,34406
5266,34407
12384,34408
3643,34409
6181,34410
10805,34411
13646,34412
13647,34413
8855,34414
3644,34415
2455,34416
167,34417
168,34418
1083,34419
1083,34420
1083,34421
1083,34422
9835,34423
13648,34424
1644,34425
5180,34426
4305,34427
10462,34428
13649,34429
13650,34430
3212,34431
11440,34432
1094,34433
13651,34434
7082,34435
7844,34436
12152,34437
12203,34438
3872,34439
4569,34440
4310,34441
2038,34442
13652,34443
13653,34444
1295,34445
324,34446
1314,34447
22,34448
8246,34449
13654,34450
371,34451
1342,34452
5676,34453
2104,34454
4608,34455
13655,34456
4620,34457
13656,34458
13657,34459
13658,34460
1387,34461
13659,34462
1418,34463
66,34464
13660,34465
4018,34466
1426,34467
9553,34468
13661,34469
1807,34470
2717,34471
2730,34472
4060,34473
1108,34474
4066,34475
9609,34476
5608,34477
10532,34478
13008,34479
13662,34480
12708,34481
13663,34482
4126,34483
10062,34484
2784,34485
13664,34486
13665,34487
4887,34488
2797,34489
8662,34490
3123,34491
6447,34492
2303,34493
4909,34494
4910,34495
13666,34496
4928,34497
8082,34498
4189,34499
239,34500
13667,34501
13668,34502
2856,34503
13669,34504
13670,34505
9733,34506
13671,34507
13672,34508
8879,34509
13673,34510
8799,34511
3630,34512
13674,34513
6311,34514
11810,34515
13675,34516
12539,34517
6498,34518
13676,34519
11956,34520
13677,34521
8350,34522
9889,34523
13678,34524
13679,34525
11056,34526
13680,34527
13681,34528
13682,34529
13682,34530
13683,34531
8364,34532
9894,34533
7478,34534
13684,34535
2578,34536
287,34537
13685,34538
3897,34539
8241,34540
2599,34541
13686,34542
11971,34543
1699,34544
2602,34545
13687,34546
13688,34547
5305,34548
1703,34549
10585,34550
9920,34551
2527,34552
3909,34553
22,34554
23,34555
23,34556
2528,34557
1317,34558
13689,34559
8410,34560
8167,34561
6322,34562
13690,34563
13691,34564
9439,34565
1326,34566
1327,34567
9931,34568
356,34569
8870,34570
13692,34571
362,34572
362,34573
2980,34574
365,34575
1199,34576
8427,34577
10921,34578
9448,34579
13693,34580
6885,34581
6885,34582
6670,34583
4783,34584
9450,34585
2099,34586
13694,34587
6382,34588
3673,34589
3673,34590
4785,34591
4597,34592
10925,34593
9454,34594
7903,34595
2106,34596
9845,34597
13695,34598
13696,34599
3501,34600
13697,34601
10483,34602
13698,34603
10995,34604
13699,34605
13700,34606
7910,34607
4612,34608
1363,34609
5686,34610
6529,34611
6530,34612
3508,34613
13508,34614
10702,34615
6897,34616
5424,34617
13701,34618
13702,34619
11137,34620
37,34621
13703,34622
10408,34623
1745,34624
8476,34625
9971,34626
5885,34627
7502,34628
8481,34629
1378,34630
1378,34631
1378,34632
451,34633
2655,34634
3008,34635
3012,34636
6395,34637
13704,34638
470,34639
9500,34640
472,34641
3018,34642
4551,34643
8494,34644
13705,34645
2163,34646
13706,34647
4808,34648
486,34649
7949,34650
5894,34651
3032,34652
5284,34653
8195,34654
13707,34655
1979,34656
4637,34657
4637,34658
13292,34659
509,34660
11603,34661
3301,34662
6924,34663
1783,34664
13708,34665
520,34666
8937,34667
13709,34668
13710,34669
2184,34670
5907,34671
2186,34672
4642,34673
10219,34674
4018,34675
2696,34676
12229,34677
5717,34678
1425,34679
6929,34680
3055,34681
13711,34682
3318,34683
7978,34684
2199,34685
1801,34686
6092,34687
6092,34688
4831,34689
13712,34690
13713,34691
558,34692
2209,34693
2709,34694
13714,34695
10009,34696
3555,34697
4045,34698
4045,34699
580,34700
4048,34701
4839,34702
3062,34703
6943,34704
12665,34705
10840,34706
591,34707
7543,34708
8573,34709
1817,34710
8574,34711
13304,34712
4054,34713
8202,34714
7600,34715
13715,34716
6277,34717
12838,34718
9581,34719
8002,34720
2727,34721
2729,34722
84,34723
13001,34724
7601,34725
12669,34726
600,34727
601,34728
2738,34729
603,34730
13716,34731
1829,34732
10941,34733
13178,34734
4068,34735
10030,34736
13717,34737
13718,34738
13719,34739
13720,34740
6960,34741
13721,34742
2244,34743
5933,34744
7110,34745
1148,34746
13722,34747
13012,34748
13723,34749
674,34750
4114,34751
5217,34752
13724,34753
2775,34754
2775,34755
4115,34756
7112,34757
13725,34758
6985,34759
1862,34760
1862,34761
1863,34762
13190,34763
13726,34764
12551,34765
10423,34766
12334,34767
726,34768
13727,34769
6124,34770
8666,34771
108,34772
3376,34773
3376,34774
3376,34775
737,34776
13728,34777
740,34778
1228,34779
9113,34780
13729,34781
1996,34782
6998,34783
6174,34784
3128,34785
760,34786
4151,34787
13730,34788
13731,34789
4917,34790
7143,34791
6582,34792
2317,34793
5971,34794
5971,34795
6297,34796
8306,34797
802,34798
6235,34799
7169,34800
2329,34801
13732,34802
10088,34803
13116,34804
13116,34805
8310,34806
826,34807
10619,34808
13733,34809
4181,34810
2554,34811
839,34812
13734,34813
13735,34814
13736,34815
7092,34816
844,34817
13737,34818
846,34819
10098,34820
11589,34821
2347,34822
13738,34823
3409,34824
7266,34825
13739,34826
4199,34827
7027,34828
13740,34829
6751,34830
8227,34831
13741,34832
13742,34833
13742,34834
7796,34835
13743,34836
6590,34837
6591,34838
12472,34839
873,34840
13744,34841
7029,34842
4481,34843
5798,34844
10119,34845
2361,34846
243,34847
4208,34848
5991,34849
11755,34850
1910,34851
7805,34852
2373,34853
2865,34854
12883,34855
4220,34856
4724,34857
9008,34858
13745,34859
8775,34860
140,34861
5813,34862
3172,34863
13746,34864
12408,34865
13747,34866
937,34867
13119,34868
11398,34869
6349,34870
11885,34871
8796,34872
13748,34873
6149,34874
4504,34875
13749,34876
6351,34877
7361,34878
9781,34879
13620,34880
3630,34881
8805,34882
11345,34883
149,34884
150,34885
3812,34886
8136,34887
13750,34888
991,34889
6312,34890
1255,34891
3635,34892
1002,34893
13751,34894
13751,34895
3190,34896
6770,34897
2562,34898
8144,34899
8825,34900
7132,34901
13752,34902
2893,34903
11359,34904
13753,34905
13754,34906
13755,34907
13756,34908
13757,34909
5367,34910
8151,34911
4265,34912
4527,34913
6773,34914
13758,34915
7831,34916
13759,34917
13760,34918
2444,34919
2444,34920
5017,34921
13761,34922
1068,34923
12544,34924
3450,34925
13762,34926
9026,34927
3645,34928
167,34929
168,34930
1083,34931
12270,34932
11376,34933
4738,34934
13763,34935
5498,34936
2031,34937
8348,34938
260,34939
8236,34940
13764,34941
13653,34942
5378,34943
11814,34944
2965,34945
6195,34946
9476,34947
3977,34948
13765,34949
13766,34950
5723,34951
207,34952
13299,34953
13180,34954
1843,34955
13767,34956
13768,34957
13769,34958
1468,34959
9634,34960
13187,34961
3755,34962
1868,34963
4931,34964
7428,34965
13770,34966
13601,34967
13771,34968
13772,34969
13773,34970
13773,34971
4713,34972
13774,34973
13775,34974
6480,34975
937,34976
12258,34977
983,34978
3184,34979
13776,34980
13777,34981
6354,34982
9335,34983
2920,34984
13779,34985
13259,34986
13780,34987
13780,34988
9886,34989
13476,34990
6048,34991
13781,34992
3470,34993
13782,34994
13783,34995
1185,34996
6862,34997
9291,34998
9291,34999
8351,35000
8352,35001
12866,35002
13784,35003
9057,35004
13785,35005
7561,35006
13786,35007
9059,35008
5644,35009
2574,35010
5149,35011
2036,35012
13787,35013
282,35014
11561,35015
1680,35016
2038,35017
12568,35018
13788,35019
5029,35020
284,35021
3885,35022
5838,35023
3225,35024
13789,35025
2580,35026
10695,35027
5574,35028
9246,35029
1189,35030
5495,35031
5495,35032
5495,35033
13790,35034
13791,35035
13792,35036
1190,35037
7384,35038
2049,35039
7288,35040
3480,35041
179,35042
179,35043
13484,35044
13484,35045
13793,35046
13794,35047
7376,35048
8390,35049
2053,35050
6615,35051
2055,35052
13795,35053
13796,35054
7871,35055
4546,35056
5849,35057
2062,35058
1697,35059
5577,35060
2063,35061
1699,35062
2064,35063
13,35064
318,35065
7522,35066
321,35067
13797,35068
3489,35069
1704,35070
1704,35071
1704,35072
1704,35073
1704,35074
1704,35075
1704,35076
13798,35077
3490,35078
13431,35079
326,35080
6659,35081
1311,35082
4765,35083
5507,35084
7678,35085
328,35086
19,35087
3908,35088
1127,35089
3662,35090
3909,35091
13799,35092
1708,35093
13800,35094
2077,35095
13801,35096
13802,35097
2078,35098
2078,35099
6367,35100
1321,35101
4771,35102
13803,35103
10822,35104
11095,35105
11095,35106
3913,35107
4772,35108
7683,35109
13804,35110
13805,35111
3467,35112
348,35113
1196,35114
4330,35115
8416,35116
1713,35117
9438,35118
5041,35119
1327,35120
2085,35121
11624,35122
3494,35123
3494,35124
10555,35125
1963,35126
7499,35127
9442,35128
185,35129
2628,35130
358,35131
8422,35132
365,35133
6070,35134
9444,35135
1199,35136
366,35137
3925,35138
5189,35139
1130,35140
367,35141
1336,35142
13806,35143
28,35144
28,35145
28,35146
3930,35147
3930,35148
8429,35149
13807,35150
2096,35151
1342,35152
1342,35153
4595,35154
13808,35155
1344,35156
1344,35157
1344,35158
377,35159
1346,35160
1346,35161
11460,35162
11460,35163
11676,35164
2635,35165
5678,35166
13809,35167
10406,35168
11111,35169
2988,35170
3256,35171
1728,35172
9344,35173
385,35174
8441,35175
8442,35176
13810,35177
186,35178
9074,35179
9459,35180
2110,35181
9947,35182
2113,35183
390,35184
390,35185
391,35186
12610,35187
5154,35188
13811,35189
3944,35190
3945,35191
397,35192
10994,35193
10994,35194
1359,35195
1360,35196
404,35197
11785,35198
7909,35199
3955,35200
13812,35201
4613,35202
407,35203
8464,35204
8464,35205
13813,35206
12421,35207
1739,35208
13814,35209
7914,35210
13815,35211
12614,35212
2644,35213
13816,35214
13816,35215
13817,35216
13818,35217
13512,35218
11463,35219
423,35220
13819,35221
13819,35222
10215,35223
13820,35224
7584,35225
13821,35226
13822,35227
11466,35228
3970,35229
6902,35230
3512,35231
444,35232
2140,35233
6903,35234
8477,35235
6682,35236
13823,35237
3977,35238
3977,35239
11847,35240
13824,35241
2650,35242
7931,35243
1378,35244
10707,35245
13238,35246
6909,35247
7232,35248
2148,35249
13825,35250
9493,35251
4359,35252
1382,35253
8487,35254
8261,35255
13826,35256
13658,35257
13658,35258
13658,35259
1385,35260
3009,35261
3009,35262
7939,35263
461,35264
1387,35265
7943,35266
471,35267
472,35268
1388,35269
2662,35270
7305,35271
7305,35272
6397,35273
1391,35274
13521,35275
12963,35276
479,35277
54,35278
9506,35279
6912,35280
8924,35281
3700,35282
10563,35283
12633,35284
1396,35285
1396,35286
1396,35287
13827,35288
4808,35289
3523,35290
13828,35291
1399,35292
13436,35293
7950,35294
5706,35295
13829,35296
2171,35297
13830,35298
8507,35299
13831,35300
13832,35301
2678,35302
502,35303
503,35304
11701,35305
13833,35306
2502,35307
13834,35308
6545,35309
1979,35310
1979,35311
13835,35312
2535,35313
13836,35314
13837,35315
13838,35316
13839,35317
13840,35318
4004,35319
13841,35320
13842,35321
4006,35322
4377,35323
2178,35324
3531,35325
6923,35326
10599,35327
4818,35328
4818,35329
2687,35330
13843,35331
12227,35332
13844,35333
13533,35334
8269,35335
515,35336
12549,35337
3303,35338
7720,35339
11178,35340
11706,35341
12977,35342
8938,35343
9993,35344
2185,35345
529,35346
530,35347
4555,35348
9874,35349
2695,35350
7967,35351
11709,35352
13845,35353
13162,35354
7312,35355
4822,35356
13846,35357
8538,35358
13847,35359
5717,35360
13848,35361
3714,35362
13849,35363
13850,35364
5064,35365
12029,35366
5333,35367
8539,35368
5208,35369
3547,35370
3548,35371
2506,35372
4025,35373
5721,35374
1795,35375
546,35376
5209,35377
5209,35378
6701,35379
3317,35380
9553,35381
9553,35382
548,35383
9311,35384
13851,35385
13852,35386
4028,35387
11189,35388
13853,35389
207,35390
3057,35391
2543,35392
2029,35393
4032,35394
208,35395
1429,35396
3552,35397
13854,35398
553,35399
1804,35400
2207,35401
554,35402
556,35403
5469,35404
13855,35405
557,35406
6274,35407
564,35408
6275,35409
2927,35410
13856,35411
10009,35412
572,35413
13857,35414
2717,35415
13858,35416
12997,35417
8277,35418
11717,35419
586,35420
13859,35421
13859,35422
13860,35423
591,35424
591,35425
6214,35426
7599,35427
7997,35428
1984,35429
3557,35430
3557,35431
13861,35432
12667,35433
1820,35434
4843,35435
6329,35436
1448,35437
13862,35438
9582,35439
9584,35440
11481,35441
11481,35442
599,35443
2221,35444
4654,35445
2508,35446
2738,35447
10026,35448
10026,35449
603,35450
12047,35451
10493,35452
1265,35453
2223,35454
4059,35455
13863,35456
13864,35457
1452,35458
3340,35459
10420,35460
10420,35461
8595,35462
11204,35463
13865,35464
8600,35465
13559,35466
13179,35467
3729,35468
1454,35469
13866,35470
7161,35471
626,35472
4070,35473
4419,35474
13867,35475
13868,35476
9164,35477
13869,35478
13870,35479
5742,35480
6956,35481
13561,35482
13871,35483
8610,35484
7246,35485
12686,35486
2234,35487
7327,35488
1845,35489
217,35490
4077,35491
8613,35492
12059,35493
13872,35494
635,35495
636,35496
4081,35497
9615,35498
89,35499
6431,35500
5433,35501
3571,35502
13721,35503
640,35504
91,35505
91,35506
13873,35507
4086,35508
5931,35509
13874,35510
13875,35511
13876,35512
13877,35513
7757,35514
4093,35515
13878,35516
2249,35517
13879,35518
13880,35519
6437,35520
8208,35521
1469,35522
6973,35523
96,35524
1470,35525
4861,35526
4861,35527
663,35528
4103,35529
2760,35530
2760,35531
6440,35532
668,35533
2259,35534
13881,35535
13881,35536
10776,35537
2264,35538
10722,35539
10722,35540
10947,35541
4109,35542
12707,35543
1991,35544
2266,35545
11730,35546
4115,35547
4868,35548
4868,35549
4675,35550
13882,35551
698,35552
13883,35553
3752,35554
6987,35555
10281,35556
4879,35557
11238,35558
8648,35559
13884,35560
13885,35561
13886,35562
5947,35563
13887,35564
13888,35565
3113,35566
13889,35567
3371,35568
7141,35569
12073,35570
7606,35571
6120,35572
13890,35573
3115,35574
13891,35575
3374,35576
3374,35577
13892,35578
13893,35579
8660,35580
13894,35581
1868,35582
723,35583
11928,35584
726,35585
1869,35586
1869,35587
731,35588
13583,35589
13895,35590
11492,35591
2801,35592
3121,35593
5083,35594
3123,35595
3761,35596
8665,35597
12077,35598
739,35599
6226,35600
13896,35601
4898,35602
4898,35603
13897,35604
11255,35605
4682,35606
6579,35607
13898,35608
11260,35609
6998,35610
3767,35611
3767,35612
3128,35613
3128,35614
2299,35615
7510,35616
4906,35617
3379,35618
768,35619
4908,35620
2815,35621
773,35622
12522,35623
12522,35624
4909,35625
3381,35626
5966,35627
2308,35628
3133,35629
11272,35630
4915,35631
4916,35632
4917,35633
4455,35634
13899,35635
13900,35636
13900,35637
3138,35638
788,35639
788,35640
8694,35641
2825,35642
13901,35643
13902,35644
3774,35645
9666,35646
8704,35647
1523,35648
10955,35649
6740,35650
2831,35651
2329,35652
8711,35653
2331,35654
2331,35655
5780,35656
814,35657
1238,35658
819,35659
819,35660
8219,35661
10087,35662
7014,35663
13903,35664
824,35665
827,35666
10288,35667
2335,35668
13904,35669
13905,35670
8717,35671
1532,35672
1532,35673
8719,35674
3601,35675
8990,35676
13906,35677
13907,35678
841,35679
10346,35680
4189,35681
12761,35682
1543,35683
5786,35684
3782,35685
13908,35686
12095,35687
13909,35688
13133,35689
13910,35690
9696,35691
10102,35692
13911,35693
13912,35694
13913,35695
5138,35696
4470,35697
13408,35698
13408,35699
4474,35700
13914,35701
5487,35702
10799,35703
6345,35704
13915,35705
13916,35706
12764,35707
861,35708
6143,35709
13917,35710
1904,35711
1904,35712
4202,35713
2855,35714
13918,35715
13919,35716
4479,35717
12250,35718
5798,35719
13920,35720
13921,35721
13922,35722
4206,35723
13923,35724
3860,35725
878,35726
884,35727
13924,35728
10351,35729
8749,35730
13925,35731
9724,35732
12882,35733
1667,35734
2366,35735
13926,35736
11755,35737
13927,35738
11325,35739
5243,35740
13928,35741
894,35742
894,35743
5993,35744
3164,35745
5488,35746
134,35747
9737,35748
7039,35749
7631,35750
9738,35751
2558,35752
13929,35753
8318,35754
4493,35755
4222,35756
137,35757
5248,35758
1919,35759
5810,35760
8776,35761
1584,35762
6042,35763
6042,35764
7046,35765
7046,35766
5407,35767
5407,35768
5814,35769
13930,35770
2383,35771
13931,35772
13932,35773
8786,35774
13933,35775
3625,35776
8789,35777
937,35778
937,35779
937,35780
941,35781
1252,35782
4499,35783
11885,35784
10740,35785
13934,35786
7059,35787
7059,35788
6149,35789
6149,35790
3427,35791
1591,35792
7060,35793
9774,35794
13935,35795
11796,35796
962,35797
962,35798
6309,35799
7820,35800
9784,35801
3182,35802
977,35803
6310,35804
2414,35805
9793,35806
3634,35807
6312,35808
4991,35809
8330,35810
13936,35811
5254,35812
12381,35813
13214,35814
4734,35815
1120,35816
13937,35817
13937,35818
7826,35819
3437,35820
7556,35821
5820,35822
13938,35823
8824,35824
1020,35825
2894,35826
2894,35827
13939,35828
13940,35829
1031,35830
1036,35831
1037,35832
1038,35833
1258,35834
5492,35835
5492,35836
8838,35837
3201,35838
6773,35839
13941,35840
1049,35841
12133,35842
7146,35843
13942,35844
5146,35845
13943,35846
5636,35847
13944,35848
12817,35849
8154,35850
13945,35851
13946,35852
13946,35853
1261,35854
10641,35855
13947,35856
13947,35857
13948,35858
10148,35859
8158,35860
11772,35861
2450,35862
13949,35863
6608,35864
13950,35865
1264,35866
3210,35867
3832,35868
2918,35869
2918,35870
2920,35871
13951,35872
12152,35873
8869,35874
8869,35875
13952,35876
9885,35877
12202,35878
6800,35879
284,35880
13953,35881
13954,35882
5495,35883
13955,35884
7670,35885
10392,35886
4763,35887
9921,35888
11976,35889
4595,35890
8449,35891
8910,35892
13956,35893
1735,35894
2125,35895
13957,35896
3686,35897
9482,35898
8475,35899
5321,35900
3515,35901
11565,35902
3022,35903
5704,35904
12398,35905
6923,35906
515,35907
5429,35908
13958,35909
591,35910
2228,35911
663,35912
13959,35913
13960,35914
13961,35915
694,35916
4683,35917
751,35918
2299,35919
6295,35920
1880,35921
10897,35922
13962,35923
6748,35924
5488,35925
4729,35926
13963,35927
13964,35928
1036,35929
13965,35930
5636,35931
13966,35932
5641,35933
1671,35934
11958,35935
10162,35936
3837,35937
5834,35938
6048,35939
3470,35940
11960,35941
11960,35942
9394,35943
8351,35944
13967,35945
13261,35946
13968,35947
8356,35948
13969,35949
13970,35950
2034,35951
13971,35952
10477,35953
12206,35954
8357,35955
275,35956
13972,35957
13972,35958
4749,35959
13973,35960
13974,35961
13975,35962
13976,35963
8183,35964
5644,35965
1187,35966
1187,35967
7662,35968
2575,35969
3224,35970
283,35971
9897,35972
13977,35973
13977,35974
3476,35975
13954,35976
2958,35977
13978,35978
6614,35979
8237,35980
13979,35981
6519,35982
5841,35983
6650,35984
6650,35985
9906,35986
9907,35987
5503,35988
7383,35989
7383,35990
3895,35991
3895,35992
10696,35993
9297,35994
9297,35995
13980,35996
2586,35997
297,35998
7386,35999
300,36000
7288,36001
11069,36002
10394,36003
2050,36004
6057,36005
13981,36006
6059,36007
12906,36008
13270,36009
13982,36010
13983,36011
13984,36012
6521,36013
7389,36014
13985,36015
6874,36016
8241,36017
8390,36018
5416,36019
11070,36020
3233,36021
5036,36022
9424,36023
9424,36024
9029,36025
1693,36026
1961,36027
2057,36028
3235,36029
11074,36030
10647,36031
5506,36032
310,36033
310,36034
1650,36035
10553,36036
2598,36037
312,36038
312,36039
312,36040
312,36041
13986,36042
7871,36043
7871,36044
3488,36045
3657,36046
11075,36047
2062,36048
2062,36049
2062,36050
13488,36051
13987,36052
9914,36053
9915,36054
9915,36055
13988,36056
5378,36057
5578,36058
13150,36059
3902,36060
5038,36061
1299,36062
13989,36063
13,36064
13,36065
2963,36066
319,36067
2964,36068
2604,36069
6656,36070
6260,36071
5660,36072
6876,36073
2065,36074
2065,36075
13990,36076
3489,36077
3491,36078
323,36079
3660,36080
324,36081
324,36082
324,36083
324,36084
324,36085
324,36086
324,36087
325,36088
325,36089
7876,36090
2966,36091
1705,36092
1705,36093
1705,36094
1308,36095
5851,36096
13991,36097
13992,36098
2610,36099
6659,36100
6659,36101
6659,36102
7676,36103
7676,36104
1309,36105
1193,36106
2924,36107
6660,36108
1311,36109
9429,36110
7677,36111
1312,36112
18,36113
7457,36114
6661,36115
328,36116
2495,36117
3907,36118
7572,36119
13993,36120
1194,36121
1127,36122
8187,36123
8404,36124
2074,36125
5386,36126
334,36127
7523,36128
12917,36129
7681,36130
12591,36131
13994,36132
341,36133
13995,36134
13996,36135
13997,36136
13997,36137
3844,36138
1323,36139
12593,36140
349,36141
3247,36142
7395,36143
13998,36144
1714,36145
13999,36146
13999,36147
14000,36148
14001,36149
12212,36150
12212,36151
4331,36152
1327,36153
353,36154
3494,36155
355,36156
1198,36157
14002,36158
11599,36159
10653,36160
1716,36161
10920,36162
10920,36163
8188,36164
185,36165
185,36166
13692,36167
358,36168
11981,36169
360,36170
361,36171
14003,36172
1332,36173
1332,36174
1332,36175
9443,36176
9934,36177
2630,36178
363,36179
2980,36180
2980,36181
365,36182
365,36183
27,36184
6375,36185
11674,36186
367,36187
367,36188
367,36189
1337,36190
14004,36191
3929,36192
2095,36193
14005,36194
3930,36195
2096,36196
10586,36197
6191,36198
9449,36199
14006,36200
372,36201
373,36202
373,36203
373,36204
4781,36205
11103,36206
4782,36207
4783,36208
4783,36209
12603,36210
3933,36211
6381,36212
6071,36213
14007,36214
1344,36215
1344,36216
1344,36217
377,36218
6886,36219
3673,36220
3673,36221
29,36222
2635,36223
5045,36224
9454,36225
5679,36226
5679,36227
5680,36228
2637,36229
2104,36230
9456,36231
4338,36232
4338,36233
14008,36234
8436,36235
12488,36236
14009,36237
6384,36238
12489,36239
4600,36240
4600,36241
8438,36242
9151,36243
14010,36244
1728,36245
1728,36246
6385,36247
1729,36248
13695,36249
7907,36250
14011,36251
389,36252
9847,36253
13811,36254
12284,36255
4788,36256
14012,36257
14013,36258
12285,36259
1359,36260
1360,36261
401,36262
402,36263
403,36264
403,36265
404,36266
10655,36267
14014,36268
2122,36269
3264,36270
2124,36271
7913,36272
7913,36273
14015,36274
412,36275
12421,36276
2993,36277
1204,36278
5047,36279
10521,36280
6897,36281
2644,36282
14016,36283
3267,36284
5271,36285
35,36286
14017,36287
14017,36288
14018,36289
1367,36290
418,36291
418,36292
419,36293
5313,36294
5313,36295
11688,36296
14019,36297
13125,36298
12948,36299
423,36300
10321,36301
11690,36302
194,36303
14020,36304
3510,36305
428,36306
12949,36307
429,36308
1135,36309
1135,36310
2133,36311
2134,36312
6901,36313
11998,36314
5054,36315
14021,36316
3971,36317
3275,36318
7531,36319
444,36320
6903,36321
3972,36322
14022,36323
1973,36324
7930,36325
1753,36326
2936,36327
40,36328
5884,36329
448,36330
448,36331
5056,36332
9488,36333
14023,36334
12219,36335
7586,36336
3979,36337
8481,36338
14024,36339
2468,36340
7587,36341
14025,36342
3693,36343
3693,36344
7232,36345
12957,36346
2149,36347
6910,36348
14026,36349
11153,36350
10488,36351
1382,36352
2151,36353
44,36354
44,36355
457,36356
10469,36357
6832,36358
3008,36359
5158,36360
12287,36361
460,36362
464,36363
5586,36364
6395,36365
49,36366
49,36367
1387,36368
1765,36369
51,36370
7942,36371
469,36372
469,36373
472,36374
7407,36375
473,36376
6201,36377
1975,36378
52,36379
3018,36380
196,36381
14027,36382
6397,36383
3019,36384
6911,36385
14028,36386
14029,36387
5887,36388
9507,36389
2534,36390
7481,36391
7481,36392
483,36393
4632,36394
3520,36395
1394,36396
9084,36397
14030,36398
12965,36399
14031,36400
5889,36401
7187,36402
7589,36403
7589,36404
9221,36405
3024,36406
3291,36407
14032,36408
4635,36409
491,36410
1404,36411
3294,36412
1138,36413
1138,36414
1138,36415
496,36416
1209,36417
1209,36418
10173,36419
9520,36420
198,36421
6400,36422
9522,36423
9522,36424
14033,36425
14034,36426
12397,36427
2175,36428
3035,36429
11009,36430
506,36431
14035,36432
8518,36433
8519,36434
7952,36435
1979,36436
14036,36437
14037,36438
14038,36439
14039,36440
4004,36441
4375,36442
14040,36443
9037,36444
12641,36445
14041,36446
7717,36447
1412,36448
8524,36449
8525,36450
4819,36451
65,36452
3533,36453
12026,36454
4010,36455
14042,36456
4639,36457
4639,36458
4639,36459
5901,36460
515,36461
6694,36462
7719,36463
1783,36464
516,36465
5714,36466
14043,36467
6410,36468
2691,36469
5328,36470
14044,36471
3303,36472
3540,36473
4383,36474
4383,36475
2183,36476
4389,36477
2694,36478
2538,36479
10175,36480
14045,36481
2695,36482
12326,36483
4018,36484
4018,36485
3309,36486
7968,36487
5331,36488
68,36489
5715,36490
14046,36491
14047,36492
8535,36493
7594,36494
8198,36495
5909,36496
4822,36497
539,36498
539,36499
539,36500
1424,36501
2192,36502
6812,36503
2193,36504
5064,36505
1792,36506
4394,36507
4394,36508
1211,36509
5910,36510
9549,36511
12982,36512
2540,36513
2540,36514
204,36515
5721,36516
5913,36517
11854,36518
3056,36519
9875,36520
8546,36521
1797,36522
13296,36523
8939,36524
8939,36525
7538,36526
75,36527
2507,36528
2507,36529
2507,36530
10000,36531
7978,36532
12651,36533
2199,36534
14048,36535
7317,36536
2542,36537
8553,36538
207,36539
1106,36540
13541,36541
6092,36542
4831,36543
2201,36544
3321,36545
1804,36546
556,36547
14049,36548
5469,36549
5469,36550
2706,36551
1807,36552
8557,36553
14050,36554
14050,36555
560,36556
5023,36557
3324,36558
14051,36559
4297,36560
2210,36561
12429,36562
2711,36563
2711,36564
2711,36565
2711,36566
14052,36567
14052,36568
14053,36569
80,36570
6555,36571
6212,36572
1983,36573
13857,36574
14054,36575
1440,36576
14055,36577
2717,36578
2717,36579
3721,36580
3721,36581
578,36582
6939,36583
6939,36584
9227,36585
14056,36586
4049,36587
3062,36588
3062,36589
2720,36590
581,36591
581,36592
582,36593
5524,36594
590,36595
14057,36596
14058,36597
7543,36598
592,36599
6098,36600
12838,36601
8578,36602
2726,36603
6329,36604
6707,36605
3334,36606
5602,36607
1824,36608
6815,36609
9583,36610
5067,36611
3068,36612
1825,36613
599,36614
599,36615
599,36616
13308,36617
2729,36618
8585,36619
84,36620
84,36621
5734,36622
2731,36623
4298,36624
14059,36625
2734,36626
2734,36627
3070,36628
601,36629
6425,36630
1827,36631
11199,36632
14060,36633
5526,36634
2223,36635
2546,36636
609,36637
2224,36638
8593,36639
4060,36640
5604,36641
5604,36642
2740,36643
13312,36644
8281,36645
14061,36646
14062,36647
10509,36648
216,36649
6278,36650
14063,36651
14064,36652
13244,36653
14065,36654
3074,36655
8595,36656
5738,36657
14066,36658
3075,36659
8875,36660
14067,36661
14068,36662
14069,36663
1839,36664
14070,36665
8606,36666
8607,36667
4070,36668
4070,36669
6714,36670
14071,36671
14072,36672
9606,36673
12683,36674
1842,36675
9163,36676
14073,36677
14074,36678
12052,36679
14075,36680
12054,36681
2749,36682
6956,36683
629,36684
8014,36685
11484,36686
8613,36687
12059,36688
8284,36689
12688,36690
6625,36691
8954,36692
89,36693
12060,36694
5930,36695
8016,36696
9616,36697
3345,36698
640,36699
91,36700
641,36701
8619,36702
8619,36703
3086,36704
3087,36705
6964,36706
6965,36707
6965,36708
646,36709
14076,36710
5746,36711
5746,36712
7755,36713
11221,36714
14077,36715
12697,36716
5609,36717
12365,36718
14078,36719
3575,36720
7420,36721
10049,36722
6970,36723
1221,36724
3091,36725
6111,36726
6111,36727
6112,36728
6626,36729
13446,36730
660,36731
4102,36732
4102,36733
9230,36734
664,36735
14079,36736
2760,36737
9317,36738
14080,36739
14081,36740
5750,36741
2761,36742
1473,36743
13959,36744
14082,36745
5216,36746
4107,36747
7545,36748
5752,36749
6331,36750
4865,36751
10721,36752
7249,36753
14083,36754
14084,36755
100,36756
10722,36757
10722,36758
10722,36759
14085,36760
3098,36761
3098,36762
3098,36763
12707,36764
14086,36765
14086,36766
4110,36767
679,36768
680,36769
14087,36770
14087,36771
12709,36772
6512,36773
10337,36774
5127,36775
8635,36776
11231,36777
6332,36778
4674,36779
1476,36780
4113,36781
11867,36782
2774,36783
2775,36784
2776,36785
4115,36786
8032,36787
3362,36788
686,36789
2779,36790
7761,36791
2270,36792
8210,36793
13577,36794
13577,36795
14088,36796
14089,36797
14090,36798
101,36799
8640,36800
14091,36801
6442,36802
2281,36803
2281,36804
3752,36805
6116,36806
14092,36807
10338,36808
10281,36809
2784,36810
14093,36811
8648,36812
704,36813
2941,36814
14094,36815
14095,36816
4883,36817
2787,36818
14096,36819
6223,36820
8212,36821
14097,36822
14098,36823
1154,36824
2791,36825
6573,36826
14099,36827
1866,36828
717,36829
4888,36830
6292,36831
6575,36832
719,36833
12724,36834
4134,36835
1994,36836
5166,36837
7113,36838
1868,36839
723,36840
13020,36841
12725,36842
14100,36843
7769,36844
726,36845
10227,36846
731,36847
14101,36848
4441,36849
2801,36850
3761,36851
12243,36852
3763,36853
3763,36854
108,36855
737,36856
737,36857
738,36858
8669,36859
14102,36860
14103,36861
6227,36862
10198,36863
1875,36864
8672,36865
4898,36866
743,36867
14104,36868
11024,36869
6731,36870
14105,36871
7509,36872
14106,36873
749,36874
14107,36875
7611,36876
752,36877
753,36878
753,36879
4901,36880
7777,36881
14108,36882
5771,36883
7166,36884
8060,36885
9652,36886
6174,36887
3128,36888
3128,36889
2299,36890
1231,36891
1231,36892
2300,36893
7612,36894
763,36895
2302,36896
5616,36897
4148,36898
8061,36899
14109,36900
2512,36901
12736,36902
5532,36903
5772,36904
4908,36905
772,36906
5617,36907
14110,36908
6734,36909
777,36910
6128,36911
6128,36912
2308,36913
2308,36914
12083,36915
11650,36916
2309,36917
6130,36918
2310,36919
1509,36920
782,36921
1511,36922
1233,36923
11874,36924
11874,36925
14111,36926
5225,36927
14112,36928
7142,36929
3135,36930
6456,36931
115,36932
1515,36933
788,36934
791,36935
791,36936
9664,36937
14113,36938
14114,36939
7483,36940
2316,36941
11496,36942
794,36943
8070,36944
14115,36945
8175,36946
2318,36947
7340,36948
14116,36949
1521,36950
8306,36951
801,36952
801,36953
1523,36954
5974,36955
804,36956
804,36957
4930,36958
120,36959
120,36960
14117,36961
807,36962
2326,36963
2000,36964
10343,36965
1237,36966
4464,36967
7485,36968
4933,36969
3142,36970
14118,36971
13048,36972
14119,36973
812,36974
14120,36975
14121,36976
1238,36977
12526,36978
12526,36979
10344,36980
819,36981
3399,36982
6792,36983
14122,36984
7013,36985
14123,36986
3778,36987
6742,36988
1891,36989
827,36990
4173,36991
14124,36992
2335,36993
14125,36994
8717,36995
14126,36996
9682,36997
11931,36998
11931,36999
8718,37000
6344,37001
14127,37002
840,37003
4186,37004
2517,37005
3404,37006
3604,37007
8222,37008
3406,37009
10099,37010
11548,37011
11932,37012
11932,37013
10434,37014
2002,37015
5348,37016
854,37017
855,37018
11299,37019
6142,37020
14128,37021
14128,37022
5545,37023
8992,37024
10901,37025
1550,37026
237,37027
8993,37028
4471,37029
4472,37030
9172,37031
8732,37032
4705,37033
861,37034
862,37035
4198,37036
7266,37037
6144,37038
7346,37039
8091,37040
12765,37041
11443,37042
14129,37043
10734,37044
14130,37045
3410,37046
14131,37047
2350,37048
14132,37049
3788,37050
3788,37051
14133,37052
7130,37053
9235,37054
2854,37055
1904,37056
14134,37057
14135,37058
8745,37059
3156,37060
2855,37061
2855,37062
6590,37063
8997,37064
9377,37065
5548,37066
883,37067
244,37068
12103,37069
14136,37070
886,37071
14137,37072
3162,37073
12843,37074
1667,37075
5445,37076
889,37077
3797,37078
11755,37079
14138,37080
14139,37081
2370,37082
5994,37083
14140,37084
14141,37085
9003,37086
14142,37087
5628,37088
1913,37089
5995,37090
4959,37091
2372,37092
4960,37093
10800,37094
14143,37095
9738,37096
5406,37097
9739,37098
9739,37099
245,37100
5807,37101
5808,37102
908,37103
1916,37104
14144,37105
13463,37106
7811,37107
14145,37108
8763,37109
8766,37110
2378,37111
11334,37112
11334,37113
13346,37114
14146,37115
14147,37116
11940,37117
8770,37118
6634,37119
8118,37120
1921,37121
8775,37122
919,37123
919,37124
7044,37125
140,37126
4968,37127
4968,37128
920,37129
1922,37130
2382,37131
5812,37132
5812,37133
6042,37134
6042,37135
14148,37136
14149,37137
9746,37138
11941,37139
5250,37140
8778,37141
8779,37142
14150,37143
14150,37144
4231,37145
12113,37146
7095,37147
9239,37148
9239,37149
14151,37150
12115,37151
8783,37152
1585,37153
9754,37154
9754,37155
8787,37156
3173,37157
10679,37158
7053,37159
14152,37160
937,37161
937,37162
937,37163
937,37164
939,37165
14153,37166
7815,37167
12200,37168
2391,37169
14154,37170
13615,37171
946,37172
14155,37173
13617,37174
13617,37175
13934,37176
14156,37177
949,37178
11613,37179
3175,37180
3175,37181
14157,37182
13748,37183
13748,37184
13748,37185
13748,37186
14158,37187
144,37188
144,37189
144,37190
7059,37191
1590,37192
14159,37193
4241,37194
1591,37195
952,37196
952,37197
4504,37198
7060,37199
14160,37200
6636,37201
6486,37202
10871,37203
955,37204
8323,37205
14161,37206
1117,37207
7144,37208
958,37209
5362,37210
14162,37211
14162,37212
1595,37213
8805,37214
1934,37215
6598,37216
10872,37217
14163,37218
150,37219
7363,37220
5818,37221
14164,37222
14164,37223
14165,37224
14166,37225
14167,37226
977,37227
11432,37228
14168,37229
2414,37230
9133,37231
13750,37232
8326,37233
6156,37234
6311,37235
991,37236
14169,37237
14170,37238
14171,37239
995,37240
2889,37241
3187,37242
3187,37243
3635,37244
14172,37245
4517,37246
4992,37247
4994,37248
4995,37249
14173,37250
2425,37251
6314,37252
1006,37253
1007,37254
1008,37255
14174,37256
14175,37257
14175,37258
1012,37259
14176,37260
3440,37261
14177,37262
12538,37263
14178,37264
1017,37265
12845,37266
2020,37267
12539,37268
14179,37269
14180,37270
14181,37271
1939,37272
13216,37273
2432,37274
14182,37275
6856,37276
11360,37277
7067,37278
1618,37279
1618,37280
1618,37281
8834,37282
8834,37283
5005,37284
5005,37285
5005,37286
5005,37287
5005,37288
5005,37289
1620,37290
12540,37291
12540,37292
14183,37293
5367,37294
1038,37295
1038,37296
1038,37297
1038,37298
6498,37299
6498,37300
10141,37301
7829,37302
14184,37303
1039,37304
1039,37305
14185,37306
5492,37307
14186,37308
14187,37309
9814,37310
9815,37311
7831,37312
1629,37313
14188,37314
7146,37315
9360,37316
14189,37317
8336,37318
8336,37319
10502,37320
9822,37321
2441,37322
1632,37323
14190,37324
13469,37325
7071,37326
7071,37327
3445,37328
14191,37329
1064,37330
8848,37331
1261,37332
14192,37333
10877,37334
8156,37335
4276,37336
13640,37337
6775,37338
8850,37339
3823,37340
14193,37341
14193,37342
14194,37343
7074,37344
13365,37345
1945,37346
12191,37347
4279,37348
12138,37349
7076,37350
14195,37351
6822,37352
2564,37353
3207,37354
1641,37355
11371,37356
14196,37357
9289,37358
4537,37359
2913,37360
8859,37361
10155,37362
9290,37363
9290,37364
14197,37365
14198,37366
4538,37367
3459,37368
9835,37369
8163,37370
11377,37371
10158,37372
13108,37373
5182,37374
1088,37375
7840,37376
3461,37377
14199,37378
13650,37379
2461,37380
1094,37381
8867,37382
3463,37383
1181,37384
1181,37385
259,37386
12570,37387
9414,37388
9909,37389
11971,37390
1701,37391
14200,37392
14201,37393
341,37394
14202,37395
349,37396
14203,37397
1199,37398
366,37399
2090,37400
9939,37401
11112,37402
14204,37403
1365,37404
14205,37405
13656,37406
14206,37407
14207,37408
50,37409
10595,37410
476,37411
14208,37412
532,37413
14209,37414
4392,37415
11788,37416
207,37417
8566,37418
6425,37419
12171,37420
2749,37421
636,37422
645,37423
93,37424
3094,37425
4103,37426
12704,37427
2798,37428
722,37429
735,37430
736,37431
747,37432
14210,37433
8689,37434
802,37435
7485,37436
14211,37437
5232,37438
8079,37439
3783,37440
11751,37441
130,37442
5624,37443
14212,37444
14213,37445
14214,37446
2854,37447
10114,37448
13458,37449
14215,37450
9736,37451
139,37452
14216,37453
937,37454
937,37455
9769,37456
1601,37457
986,37458
1255,37459
14177,37460
9332,37461
9821,37462
9242,37463
2460,37464
14217,37465
14218,37466
4307,37467
9887,37468
273,37469
8365,37470
14219,37471
14220,37472
10819,37473
14221,37474
14222,37475
1126,37476
297,37477
297,37478
11,37479
3232,37480
9062,37481
310,37482
5849,37483
7674,37484
13,37485
14223,37486
8902,37487
1194,37488
2614,37489
2076,37490
6187,37491
6066,37492
4585,37493
365,37494
367,37495
1099,37496
1342,37497
1342,37498
3931,37499
1722,37500
1344,37501
389,37502
12608,37503
13124,37504
8453,37505
14224,37506
1362,37507
3508,37508
13815,37509
14225,37510
5312,37511
11800,37512
5049,37513
7925,37514
14226,37515
14227,37516
3691,37517
6905,37518
7929,37519
13823,37520
13237,37521
14228,37522
11601,37523
1382,37524
12628,37525
14229,37526
1391,37527
1392,37528
1394,37529
4808,37530
486,37531
2167,37532
2674,37533
14230,37534
14231,37535
200,37536
5466,37537
4008,37538
6408,37539
6410,37540
7967,37541
4396,37542
10936,37543
4836,37544
12459,37545
7541,37546
13551,37547
8944,37548
14232,37549
6949,37550
11016,37551
9314,37552
1108,37553
13003,37554
14233,37555
1838,37556
7325,37557
12294,37558
12685,37559
14234,37560
1847,37561
7453,37562
7190,37563
2257,37564
671,37565
9632,37566
6846,37567
8644,37568
8298,37569
9644,37570
14235,37571
9649,37572
7777,37573
4448,37574
9653,37575
14236,37576
10286,37577
7002,37578
9659,37579
2315,37580
5228,37581
14237,37582
4160,37583
801,37584
8176,37585
8176,37586
8709,37587
3144,37588
7428,37589
11500,37590
6238,37591
14238,37592
841,37593
845,37594
3605,37595
854,37596
4703,37597
4471,37598
12447,37599
14239,37600
863,37601
863,37602
14240,37603
11443,37604
14241,37605
7351,37606
243,37607
7803,37608
3163,37609
5808,37610
13071,37611
4494,37612
8774,37613
14242,37614
925,37615
10865,37616
3172,37617
6482,37618
939,37619
2869,37620
14243,37621
11398,37622
3428,37623
4243,37624
4243,37625
4243,37626
8802,37627
3630,37628
8809,37629
8135,37630
2417,37631
14244,37632
10362,37633
3442,37634
8824,37635
3193,37636
9804,37637
4525,37638
14245,37639
14246,37640
2900,37641
7146,37642
10640,37643
14247,37644
14247,37645
161,37646
9023,37647
10457,37648
13104,37649
12548,37650
10978,37651
14248,37652
4289,37653
11561,37654
6642,37655
14249,37656
5156,37657
3032,37658
14250,37659
2721,37660
2555,37661
8766,37662
1935,37663
12845,37664
14251,37665
9805,37666
14252,37667
14253,37668
1271,37669
3217,37670
14254,37671
275,37672
3874,37673
14255,37674
8886,37675
2036,37676
5500,37677
6053,37678
5645,37679
3886,37680
11404,37681
7668,37682
14221,37683
5276,37684
2045,37685
6055,37686
4579,37687
10393,37688
5504,37689
7386,37690
12208,37691
6826,37692
9423,37693
1294,37694
9424,37695
2057,37696
1650,37697
6258,37698
6258,37699
12,37700
14256,37701
7873,37702
11972,37703
2064,37704
13,37705
6260,37706
14257,37707
1303,37708
324,37709
324,37710
11839,37711
326,37712
13992,37713
6659,37714
2611,37715
4765,37716
4766,37717
6804,37718
5507,37719
330,37720
7571,37721
1127,37722
3664,37723
341,37724
14258,37725
6367,37726
14259,37727
3914,37728
2080,37729
1323,37730
7885,37731
8904,37732
13691,37733
13999,37734
13999,37735
3249,37736
2980,37737
14260,37738
11528,37739
3497,37740
9937,37741
367,37742
9447,37743
28,37744
1965,37745
9939,37746
12158,37747
4784,37748
14261,37749
1200,37750
10925,37751
5680,37752
12356,37753
5115,37754
14262,37755
9456,37756
1347,37757
13153,37758
14263,37759
8441,37760
4787,37761
4787,37762
13506,37763
13506,37764
14264,37765
3946,37766
3947,37767
14265,37768
400,37769
8453,37770
1735,37771
4344,37772
2124,37773
1738,37774
1738,37775
1204,37776
14266,37777
14267,37778
417,37779
11577,37780
14268,37781
5049,37782
14269,37783
9476,37784
12834,37785
8473,37786
6254,37787
2138,37788
436,37789
12622,37790
3970,37791
7531,37792
444,37793
2925,37794
2926,37795
14270,37796
9490,37797
43,37798
14271,37799
3008,37800
46,37801
2657,37802
5428,37803
14272,37804
6395,37805
12960,37806
12960,37807
476,37808
3285,37809
14273,37810
14274,37811
3520,37812
6914,37813
1397,37814
488,37815
1137,37816
2669,37817
14275,37818
10931,37819
491,37820
1209,37821
3998,37822
3298,37823
7239,37824
14276,37825
4380,37826
2179,37827
2181,37828
518,37829
3047,37830
3047,37831
1419,37832
1420,37833
14277,37834
536,37835
14278,37836
14046,37837
11182,37838
14279,37839
1141,37840
5912,37841
2506,37842
2540,37843
14280,37844
1797,37845
1798,37846
7977,37847
8940,37848
8940,37849
4027,37850
14281,37851
9311,37852
14282,37853
207,37854
10937,37855
2704,37856
554,37857
14283,37858
557,37859
4037,37860
3325,37861
10007,37862
14052,37863
14284,37864
3062,37865
9312,37866
5380,37867
5523,37868
14285,37869
3330,37870
14286,37871
8202,37872
5730,37873
2726,37874
14287,37875
10022,37876
3335,37877
84,37878
84,37879
7601,37880
613,37881
14288,37882
14289,37883
4063,37884
10845,37885
13717,37886
12053,37887
1457,37888
14290,37889
4081,37890
3343,37891
8207,37892
8618,37893
9616,37894
4084,37895
2241,37896
7190,37897
6964,37898
11219,37899
13568,37900
14291,37901
4096,37902
7331,37903
6440,37904
8028,37905
3746,37906
1856,37907
12066,37908
5473,37909
3355,37910
10192,37911
14292,37912
5755,37913
4115,37914
14293,37915
5757,37916
1150,37917
3752,37918
14294,37919
14295,37920
2941,37921
2941,37922
14296,37923
717,37924
726,37925
10227,37926
11249,37927
13583,37928
227,37929
14297,37930
7252,37931
3376,37932
14298,37933
14299,37934
6732,37935
14300,37936
11873,37937
3127,37938
3379,37939
14301,37940
4909,37941
11274,37942
9276,37943
13045,37944
8986,37945
4930,37946
3393,37947
123,37948
14302,37949
819,37950
7787,37951
14303,37952
2336,37953
14304,37954
14305,37955
14306,37956
13907,37957
4699,37958
4192,37959
14307,37960
4701,37961
14308,37962
5138,37963
14309,37964
11807,37965
4472,37966
9699,37967
859,37968
859,37969
8995,37970
861,37971
2486,37972
11443,37973
10963,37974
7027,37975
2350,37976
8737,37977
14310,37978
7197,37979
8997,37980
14311,37981
12179,37982
14312,37983
885,37984
14313,37985
888,37986
4209,37987
2013,37988
12775,37989
1913,37990
8114,37991
14314,37992
4494,37993
9741,37994
14315,37995
919,37996
9127,37997
4969,37998
7437,37999
13930,38000
9012,38001
14316,38002
11758,38003
14317,38004
6765,38005
14318,38006
950,38007
3177,38008
958,38009
9781,38010
8802,38011
14319,38012
6007,38013
967,38014
1599,38015
9331,38016
7063,38017
990,38018
3434,38019
14320,38020
10447,38021
1009,38022
13626,38023
14321,38024
8333,38025
10141,38026
9382,38027
2902,38028
5009,38029
4270,38030
1634,38031
1059,38032
157,38033
162,38034
1068,38035
14322,38036
9832,38037
14323,38038
4533,38039
2565,38040
7836,38041
168,38042
3457,38043
14197,38044
8165,38045
6162,38046
14324,38047
1948,38048
1095,38049
3464,38050
14325,38051
12075,38052
14326,38053
14327,38054
13942,38055
14328,38056
1950,38057
7847,38058
14329,38059
14330,38060
5149,38061
4760,38062
2062,38063
1296,38064
14331,38065
13990,38066
12157,38067
1705,38068
1315,38069
6663,38070
349,38071
4775,38072
1717,38073
14332,38074
14333,38075
28,38076
7400,38077
5509,38078
13693,38079
377,38080
14261,38081
6193,38082
9344,38083
11114,38084
7459,38085
11682,38086
3263,38087
8462,38088
7913,38089
7301,38090
1365,38091
14334,38092
9471,38093
1367,38094
5427,38095
4797,38096
1652,38097
13237,38098
11467,38099
9489,38100
2652,38101
1381,38102
7303,38103
1383,38104
4629,38105
3516,38106
479,38107
3025,38108
14335,38109
1413,38110
6410,38111
1419,38112
10834,38113
14336,38114
6546,38115
4389,38116
4642,38117
4018,38118
203,38119
14337,38120
1804,38121
10003,38122
1808,38123
79,38124
572,38125
573,38126
4048,38127
11195,38128
1816,38129
14338,38130
8581,38131
10303,38132
6709,38133
6947,38134
6947,38135
1987,38136
8004,38137
12674,38138
605,38139
11016,38140
2223,38141
4059,38142
8593,38143
8281,38144
618,38145
11641,38146
13445,38147
622,38148
631,38149
5743,38150
13563,38151
12060,38152
5024,38153
5339,38154
642,38155
13768,38156
7110,38157
5124,38158
2776,38159
14339,38160
6114,38161
14340,38162
8646,38163
14341,38164
6628,38165
14342,38166
6225,38167
4443,38168
1500,38169
744,38170
4445,38171
3377,38172
14343,38173
4690,38174
8300,38175
8690,38176
14344,38177
14345,38178
11586,38179
14346,38180
10779,38181
12094,38182
7469,38183
8878,38184
13909,38185
3789,38186
871,38187
14347,38188
7435,38189
4952,38190
14348,38191
4220,38192
14349,38193
4723,38194
14350,38195
4969,38196
9239,38197
7050,38198
6594,38199
12786,38200
4561,38201
4728,38202
3626,38203
13079,38204
1117,38205
9132,38206
9784,38207
6152,38208
2407,38209
2885,38210
149,38211
11349,38212
2412,38213
4989,38214
10138,38215
3440,38216
14351,38217
9333,38218
13627,38219
14352,38220
6045,38221
6821,38222
13942,38223
14189,38224
1058,38225
12818,38226
14353,38227
14354,38228
6505,38229
3450,38230
14323,38231
6779,38232
2565,38233
3453,38234
7179,38235
11374,38236
9290,38237
14355,38238
14356,38239
10159,38240
1264,38241
358,38242
14357,38243
8555,38244
8944,38245
14358,38246
610,38247
625,38248
14359,38249
14360,38250
14361,38251
1249,38252
8848,38253
1635,38254
14362,38255
7660,38256
14363,38257
8889,38258
3235,38259
14364,38260
6666,38261
28,38262
9460,38263
3954,38264
13815,38265
11994,38266
431,38267
9479,38268
14365,38269
5696,38270
9516,38271
12973,38272
14366,38273
3709,38274
10525,38275
11189,38276
10301,38277
591,38278
3070,38279
9109,38280
5083,38281
14367,38282
6743,38283
14368,38284
14369,38285
2849,38286
11327,38287
8758,38288
12308,38289
4251,38290
1641,38291
7374,38292
14370,38293
275,38294
2958,38295
3900,38296
14371,38297
2077,38298
341,38299
14372,38300
1965,38301
11843,38302
5865,38303
14373,38304
11694,38305
14374,38306
14375,38307
1764,38308
14376,38309
472,38310
6201,38311
6201,38312
1388,38313
9503,38314
482,38315
7187,38316
1402,38317
9520,38318
12397,38319
14377,38320
5062,38321
12195,38322
10666,38323
12167,38324
590,38325
7543,38326
1826,38327
2729,38328
10942,38329
1990,38330
14378,38331
4082,38332
8289,38333
11568,38334
14379,38335
14380,38336
14380,38337
14381,38338
12719,38339
3115,38340
14382,38341
14383,38342
13589,38343
14384,38344
13904,38345
11293,38346
8739,38347
12843,38348
14385,38349
12109,38350
1922,38351
12784,38352
10630,38353
966,38354
14386,38355
2889,38356
3188,38357
1002,38358
4998,38359
14387,38360
9358,38361
14388,38362
13366,38363
10149,38364
14389,38365
6094,38366
6935,38367
10277,38368
878,38369
10364,38370
5266,38371
14390,38372
14391,38373
11665,38374
14392,38375
9291,38376
9291,38377
9398,38378
4309,38379
13263,38380
1677,38381
1678,38382
8234,38383
9869,38384
7478,38385
6509,38386
1286,38387
6257,38388
2057,38389
2598,38390
8897,38391
13,38392
15,38393
2610,38394
3661,38395
181,38396
23,38397
10211,38398
337,38399
337,38400
2615,38401
14393,38402
362,38403
27,38404
8425,38405
4335,38406
9446,38407
14394,38408
13502,38409
14395,38410
1348,38411
10992,38412
10504,38413
9190,38414
11117,38415
5582,38416
9153,38417
10995,38418
11630,38419
4791,38420
14396,38421
11138,38422
6169,38423
6169,38424
14397,38425
9155,38426
2649,38427
7502,38428
11150,38429
10708,38430
461,38431
4363,38432
474,38433
14398,38434
5890,38435
486,38436
3026,38437
12634,38438
1405,38439
7182,38440
3034,38441
507,38442
2681,38443
65,38444
4544,38445
12975,38446
3540,38447
14399,38448
2470,38449
2470,38450
2185,38451
7088,38452
5911,38453
73,38454
8546,38455
8940,38456
4033,38457
10937,38458
1436,38459
566,38460
3326,38461
6834,38462
8277,38463
14400,38464
2737,38465
8597,38466
8600,38467
13559,38468
14068,38469
6330,38470
625,38471
12171,38472
4662,38473
7246,38474
8954,38475
14401,38476
644,38477
7329,38478
5289,38479
660,38480
14402,38481
4119,38482
13578,38483
701,38484
3754,38485
4128,38486
4129,38487
7334,38488
14403,38489
9110,38490
5166,38491
726,38492
6578,38493
12519,38494
751,38495
12555,38496
8304,38497
4692,38498
8696,38499
10852,38500
6465,38501
13594,38502
10088,38503
13904,38504
7019,38505
3608,38506
7432,38507
14404,38508
7197,38509
9173,38510
11654,38511
11755,38512
7268,38513
14143,38514
14405,38515
909,38516
4723,38517
1170,38518
8773,38519
3622,38520
8126,38521
13749,38522
3629,38523
14406,38524
14407,38525
14408,38526
14168,38527
14409,38528
11890,38529
14410,38530
7145,38531
14411,38532
6158,38533
5823,38534
1046,38535
5493,38536
14412,38537
1944,38538
14193,38539
10456,38540
13645,38541
1072,38542
5266,38543
14413,38544
14414,38545
13792,38546
6254,38547
11165,38548
8196,38549
6553,38550
14415,38551
1230,38552
2352,38553
14416,38554
14417,38555
14418,38556
2572,38557
14419,38558
10309,38559
2956,38560
5502,38561
14420,38562
4575,38563
2045,38564
14421,38565
13267,38566
11964,38567
3897,38568
2052,38569
3484,38570
2053,38571
14422,38572
12,38573
6321,38574
6321,38575
1306,38576
1705,38577
5851,38578
2069,38579
6365,38580
5667,38581
8904,38582
3919,38583
14423,38584
6526,38585
8426,38586
9451,38587
5679,38588
12488,38589
14424,38590
390,38591
11462,38592
2531,38593
8254,38594
6077,38595
8258,38596
6900,38597
7501,38598
3512,38599
14425,38600
451,38601
14426,38602
8493,38603
14427,38604
9221,38605
6833,38606
14428,38607
496,38608
4375,38609
12398,38610
515,38611
2185,38612
12399,38613
14429,38614
14430,38615
5715,38616
5430,38617
6091,38618
7319,38619
1804,38620
1436,38621
8560,38622
579,38623
13393,38624
9584,38625
84,38626
14431,38627
14432,38628
12363,38629
14433,38630
1953,38631
1953,38632
8598,38633
13315,38634
622,38635
4070,38636
14434,38637
2749,38638
86,38639
14435,38640
4855,38641
1146,38642
644,38643
670,38644
686,38645
7762,38646
14436,38647
2272,38648
5476,38649
2277,38650
14437,38651
10848,38652
1154,38653
11736,38654
9112,38655
8973,38656
3123,38657
108,38658
6336,38659
7166,38660
5616,38661
2818,38662
8300,38663
793,38664
8070,38665
2830,38666
2831,38667
5569,38668
4177,38669
14438,38670
2002,38671
4941,38672
14439,38673
14440,38674
12306,38675
2361,38676
13409,38677
7353,38678
12441,38679
8111,38680
13929,38681
908,38682
13075,38683
14441,38684
14442,38685
2397,38686
2404,38687
7365,38688
14443,38689
980,38690
6492,38691
1254,38692
996,38693
2435,38694
12541,38695
13637,38696
1945,38697
2024,38698
2920,38699
14444,38700
14445,38701
1281,38702
1281,38703
14446,38704
1690,38705
13,38706
324,38707
1706,38708
6660,38709
11975,38710
1317,38711
2078,38712
3247,38713
28,38714
4594,38715
4341,38716
389,38717
12940,38718
2117,38719
2117,38720
14447,38721
14447,38722
14448,38723
9483,38724
3277,38725
6831,38726
467,38727
7711,38728
3518,38729
9084,38730
14449,38731
9221,38732
3994,38733
7182,38734
9085,38735
3033,38736
3704,38737
4387,38738
4018,38739
8274,38740
9160,38741
7981,38742
14450,38743
11789,38744
5469,38745
1823,38746
3068,38747
6949,38748
1828,38749
14451,38750
7326,38751
11219,38752
13112,38753
4300,38754
6844,38755
8631,38756
4128,38757
2787,38758
14452,38759
14453,38760
4909,38761
14454,38762
6737,38763
3139,38764
3387,38765
2554,38766
13598,38767
857,38768
7027,38769
1561,38770
7031,38771
885,38772
10863,38773
12883,38774
4724,38775
5250,38776
1925,38777
4237,38778
9767,38779
10268,38780
13620,38781
4733,38782
4508,38783
3635,38784
6639,38785
1035,38786
14455,38787
6605,38788
1072,38789
7076,38790
10459,38791
2980,38792
11114,38793
11603,38794
8169,38795
2711,38796
6100,38797
108,38798
14298,38799
4456,38800
8303,38801
12824,38802
9390,38803
8348,38804
10207,38805
14456,38806
14457,38807
7858,38808
3478,38809
14458,38810
14459,38811
7288,38812
14460,38813
3842,38814
1298,38815
316,38816
11907,38817
321,38818
1702,38819
1306,38820
13431,38821
14461,38822
2527,38823
4327,38824
7682,38825
6372,38826
1332,38827
4784,38828
9845,38829
3938,38830
14462,38831
393,38832
14463,38833
14464,38834
14464,38835
35,38836
3268,38837
7529,38838
13512,38839
14465,38840
13513,38841
1743,38842
14466,38843
6681,38844
6199,38845
14467,38846
458,38847
467,38848
5698,38849
13525,38850
12014,38851
11160,38852
14468,38853
6925,38854
2184,38855
5332,38856
1423,38857
1794,38858
14469,38859
6036,38860
7978,38861
207,38862
76,38863
9567,38864
582,38865
10774,38866
10774,38867
7158,38868
6815,38869
8593,38870
4658,38871
7414,38872
14470,38873
4849,38874
13719,38875
12685,38876
629,38877
629,38878
630,38879
90,38880
14471,38881
12874,38882
4299,38883
13009,38884
6110,38885
14472,38886
14473,38887
14474,38888
14340,38889
13585,38890
4145,38891
1232,38892
2308,38893
1883,38894
14475,38895
6232,38896
116,38897
5131,38898
7007,38899
3390,38900
8073,38901
2836,38902
814,38903
14476,38904
14477,38905
7129,38906
2342,38907
3605,38908
14478,38909
13909,38910
13909,38911
5623,38912
14479,38913
2853,38914
14480,38915
14481,38916
10113,38917
14482,38918
10676,38919
3161,38920
6632,38921
7033,38922
7033,38923
9125,38924
5628,38925
1577,38926
1578,38927
6513,38928
14483,38929
14483,38930
11515,38931
926,38932
14484,38933
1252,38934
14485,38935
143,38936
958,38937
14486,38938
989,38939
14487,38940
5367,38941
11945,38942
10745,38943
14488,38944
14489,38945
3204,38946
6160,38947
7386,38948
1702,38949
11101,38950
14490,38951
13821,38952
65,38953
7242,38954
7242,38955
6097,38956
14491,38957
1231,38958
884,38959
1585,38960
14492,38961
8811,38962
13145,38963
10159,38964
3471,38965
9291,38966
9,38967
6651,38968
2595,38969
5038,38970
14,38971
2065,38972
2609,38973
3905,38974
5852,38975
14493,38976
2628,38977
28,38978
9301,38979
14494,38980
5867,38981
3944,38982
11989,38983
417,38984
417,38985
194,38986
11846,38987
3693,38988
3012,38989
14034,38990
12026,38991
8270,38992
6925,38993
70,38994
12871,38995
12654,38996
1107,38997
9571,38998
82,38999
611,39000
13863,39001
3726,39002
6278,39003
14495,39004
14496,39005
10334,39006
1842,39007
14497,39008
13181,39009
1471,39010
5755,39011
6220,39012
14498,39013
1484,39014
1863,39015
1865,39016
726,39017
13583,39018
732,39019
3376,39020
13325,39021
3137,39022
3403,39023
5983,39024
10096,39025
14499,39026
2002,39027
14500,39028
2486,39029
3153,39030
10675,39031
14501,39032
878,39033
14502,39034
9880,39035
3805,39036
6634,39037
5099,39038
144,39039
14503,39040
14504,39041
14505,39042
4270,39043
13943,39044
13946,39045
13946,39046
14506,39047
2449,39048
1083,39049
1352,39050
7768,39051
14507,39052
1998,39053
14508,39054
3777,39055
5149,39056
14509,39057
12154,39058
1188,39059
5495,39060
5303,39061
2057,39062
12157,39063
5851,39064
14510,39065
13804,39066
183,39067
9931,39068
11626,39069
9450,39070
8436,39071
8441,39072
11118,39073
14511,39074
6530,39075
417,39076
1378,39077
9493,39078
13525,39079
1769,39080
1769,39081
13827,39082
11916,39083
58,39084
3295,39085
4639,39086
7722,39087
526,39088
8535,39089
14512,39090
262,39091
2207,39092
14513,39093
1436,39094
4054,39095
1819,39096
6709,39097
14514,39098
4667,39099
14515,39100
5747,39101
8023,39102
1467,39103
664,39104
14516,39105
7604,39106
6220,39107
3367,39108
7421,39109
14517,39110
1868,39111
3135,39112
7091,39113
3858,39114
6585,39115
1557,39116
2852,39117
2355,39118
14518,39119
9727,39120
1908,39121
5628,39122
9737,39123
5358,39124
1922,39125
937,39126
962,39127
8133,39128
7276,39129
11890,39130
9018,39131
14519,39132
10144,39133
162,39134
5266,39135
5567,39136
14520,39137
195,39138
14521,39139
9597,39140
14084,39141
12707,39142
8682,39143
3783,39144
4471,39145
2360,39146
2034,39147
9411,39148
14522,39149
14523,39150
12586,39151
13234,39152
6663,39153
4330,39154
7685,39155
2977,39156
27,39157
366,39158
10403,39159
14524,39160
13700,39161
3263,39162
9954,39163
14525,39164
14526,39165
13156,39166
10168,39167
3271,39168
6902,39169
4294,39170
14527,39171
6395,39172
12961,39173
13528,39174
8499,39175
7238,39176
8512,39177
4638,39178
14528,39179
7978,39180
5335,39181
571,39182
579,39183
14529,39184
600,39185
12047,39186
1833,39187
1456,39188
11819,39189
1146,39190
642,39191
6964,39192
10945,39193
9623,39194
2548,39195
705,39196
1864,39197
2291,39198
14530,39199
7610,39200
12434,39201
14531,39202
234,39203
8084,39204
12303,39205
12278,39206
13771,39207
10675,39208
14532,39209
4218,39210
8228,39211
5552,39212
2386,39213
14533,39214
13077,39215
7056,39216
5363,39217
5365,39218
8131,39219
14534,39220
9822,39221
257,39222
14535,39223
5494,39224
3216,39225
4313,39226
14536,39227
337,39228
1654,39229
8933,39230
14537,39231
1805,39232
566,39233
6943,39234
12041,39235
3753,39236
8652,39237
10352,39238
5628,39239
14538,39240
11447,39241
14539,39242
8349,39243
4308,39244
10816,39245
14540,39246
12866,39247
14541,39248
275,39249
14542,39250
7851,39251
14543,39252
12483,39253
4316,39254
3475,39255
3225,39256
5502,39257
10913,39258
14458,39259
1687,39260
1285,39261
3654,39262
12576,39263
4756,39264
14544,39265
299,39266
3897,39267
3480,39268
3480,39269
14545,39270
14546,39271
13984,39272
6521,39273
14547,39274
14548,39275
2055,39276
2055,39277
1693,39278
7391,39279
3487,39280
12,39281
311,39282
7871,39283
13686,39284
14549,39285
5038,39286
3904,39287
5304,39288
15,39289
7522,39290
14550,39291
2067,39292
3489,39293
3241,39294
10398,39295
323,39296
3660,39297
324,39298
324,39299
324,39300
2966,39301
2966,39302
1705,39303
6878,39304
2610,39305
5852,39306
6523,39307
5507,39308
1314,39309
1314,39310
1314,39311
8187,39312
3662,39313
14551,39314
12918,39315
24,39316
14552,39317
14553,39318
341,39319
344,39320
4772,39321
3914,39322
2620,39323
14554,39324
13999,39325
14001,39326
5041,39327
7685,39328
9931,39329
6373,39330
14555,39331
14556,39332
14557,39333
2628,39334
1331,39335
361,39336
10402,39337
11099,39338
365,39339
2089,39340
366,39341
5189,39342
2093,39343
367,39344
14558,39345
14559,39346
12355,39347
14560,39348
28,39349
10586,39350
11983,39351
4593,39352
4594,39353
5044,39354
6382,39355
7227,39356
14561,39357
4786,39358
381,39359
5681,39360
1726,39361
11111,39362
11111,39363
14562,39364
6073,39365
385,39366
14563,39367
2638,39368
5388,39369
3942,39370
5581,39371
5191,39372
14564,39373
10407,39374
12284,39375
3677,39376
1969,39377
7459,39378
7459,39379
7459,39380
5875,39381
5875,39382
14565,39383
3951,39384
399,39385
3502,39386
403,39387
8454,39388
1651,39389
6677,39390
411,39391
9218,39392
14464,39393
14464,39394
14464,39395
14566,39396
6897,39397
3268,39398
13156,39399
2128,39400
418,39401
14465,39402
11689,39403
14567,39404
14568,39405
14569,39406
14569,39407
4796,39408
5052,39409
1749,39410
437,39411
3272,39412
444,39413
5883,39414
5883,39415
9257,39416
12494,39417
14023,39418
7932,39419
1378,39420
3515,39421
14207,39422
4625,39423
3698,39424
14570,39425
2657,39426
1764,39427
48,39428
49,39429
3015,39430
3282,39431
196,39432
13240,39433
7186,39434
14571,39435
4632,39436
6687,39437
13705,39438
2163,39439
14572,39440
6916,39441
14573,39442
3530,39443
1138,39444
494,39445
494,39446
496,39447
14574,39448
11701,39449
8511,39450
14575,39451
11165,39452
7952,39453
11167,39454
2177,39455
14576,39456
2178,39457
9987,39458
14577,39459
513,39460
1417,39461
2182,39462
5714,39463
14578,39464
4012,39465
1419,39466
8530,39467
8531,39468
11706,39469
3306,39470
5715,39471
14579,39472
8535,39473
5332,39474
5332,39475
5332,39476
1211,39477
2505,39478
10373,39479
5209,39480
14580,39481
7977,39482
8940,39483
4027,39484
14581,39485
4028,39486
4028,39487
7462,39488
4030,39489
207,39490
6092,39491
551,39492
9563,39493
4832,39494
2702,39495
14582,39496
12990,39497
553,39498
3322,39499
556,39500
14583,39501
7211,39502
14513,39503
7155,39504
7155,39505
12428,39506
560,39507
1436,39508
562,39509
563,39510
5725,39511
14584,39512
3554,39513
77,39514
8563,39515
8563,39516
79,39517
79,39518
14052,39519
2212,39520
3721,39521
14585,39522
14284,39523
6940,39524
579,39525
4048,39526
4048,39527
2215,39528
581,39529
581,39530
12997,39531
12997,39532
1813,39533
14586,39534
4051,39535
10840,39536
5524,39537
5916,39538
14587,39539
14588,39540
14589,39541
14590,39542
8573,39543
9313,39544
4840,39545
595,39546
14591,39547
7600,39548
2726,39549
11718,39550
6329,39551
13171,39552
84,39553
2508,39554
2508,39555
601,39556
601,39557
1827,39558
6710,39559
14592,39560
11542,39561
10842,39562
8945,39563
2224,39564
1829,39565
1453,39566
14593,39567
14594,39568
8596,39569
619,39570
4847,39571
8009,39572
4068,39573
13396,39574
622,39575
622,39576
7750,39577
9608,39578
5742,39579
11210,39580
1843,39581
2547,39582
5929,39583
8284,39584
13872,39585
14595,39586
12689,39587
8954,39588
2239,39589
638,39590
14596,39591
3345,39592
2241,39593
2241,39594
91,39595
14597,39596
10532,39597
14598,39598
14599,39599
8023,39600
12510,39601
12510,39602
9624,39603
656,39604
14600,39605
6843,39606
3744,39607
6973,39608
12431,39609
14601,39610
664,39611
665,39612
14602,39613
6284,39614
671,39615
100,39616
684,39617
5129,39618
1861,39619
3107,39620
3108,39621
4872,39622
8638,39623
10612,39624
14603,39625
8639,39626
7507,39627
6443,39628
14604,39629
14604,39630
6987,39631
1485,39632
1485,39633
14605,39634
1111,39635
14380,39636
5761,39637
12717,39638
8967,39639
10281,39640
4677,39641
9643,39642
3757,39643
1866,39644
14606,39645
2552,39646
8660,39647
8050,39648
6628,39649
6628,39650
14607,39651
6123,39652
14608,39653
734,39654
14609,39655
11253,39656
8668,39657
1113,39658
6997,39659
8673,39660
1500,39661
749,39662
10066,39663
111,39664
2303,39665
7510,39666
7613,39667
5965,39668
11595,39669
12083,39670
14610,39671
14611,39672
8982,39673
11272,39674
4915,39675
3134,39676
3135,39677
14612,39678
1513,39679
6175,39680
3137,39681
7114,39682
1516,39683
6132,39684
2313,39685
790,39686
792,39687
9665,39688
3774,39689
13196,39690
8070,39691
5971,39692
14613,39693
116,39694
14614,39695
1236,39696
799,39697
14615,39698
803,39699
7341,39700
119,39701
11497,39702
2328,39703
5618,39704
14616,39705
3399,39706
11586,39707
823,39708
826,39709
4172,39710
4173,39711
14617,39712
1530,39713
14618,39714
1896,39715
14619,39716
14306,39717
4468,39718
14620,39719
14621,39720
14622,39721
2846,39722
7469,39723
7790,39724
845,39725
845,39726
847,39727
3783,39728
4191,39729
14623,39730
5348,39731
5790,39732
13408,39733
4473,39734
14479,39735
4195,39736
14624,39737
2005,39738
14625,39739
9704,39740
4302,39741
4302,39742
7551,39743
12764,39744
6302,39745
14626,39746
2850,39747
7348,39748
14627,39749
8744,39750
2856,39751
14628,39752
14629,39753
1168,39754
6853,39755
8102,39756
14630,39757
14631,39758
14631,39759
14632,39760
10546,39761
7352,39762
1906,39763
2010,39764
7131,39765
5991,39766
13773,39767
14633,39768
4484,39769
2366,39770
10437,39771
14634,39772
4485,39773
4211,39774
5994,39775
9734,39776
12474,39777
14635,39778
13069,39779
1575,39780
14636,39781
3419,39782
5995,39783
13070,39784
14637,39785
136,39786
13463,39787
12443,39788
8763,39789
8766,39790
11334,39791
7041,39792
7272,39793
14638,39794
14639,39795
8768,39796
8768,39797
3168,39798
14640,39799
9745,39800
13745,39801
6634,39802
7043,39803
6042,39804
12114,39805
8783,39806
1585,39807
13074,39808
8123,39809
8789,39810
3808,39811
2388,39812
1252,39813
4975,39814
14485,39815
3426,39816
14641,39817
14642,39818
14642,39819
2876,39820
14643,39821
5363,39822
14644,39823
14645,39824
6598,39825
5818,39826
14166,39827
11888,39828
14646,39829
5299,39830
5104,39831
991,39832
991,39833
993,39834
2421,39835
3434,39836
10137,39837
1006,39838
1007,39839
8331,39840
14647,39841
9332,39842
7646,39843
1018,39844
8826,39845
5001,39846
5001,39847
8333,39848
14648,39849
5004,39850
5823,39851
13145,39852
9140,39853
2437,39854
2901,39855
14649,39856
6020,39857
14650,39858
10640,39859
2446,39860
162,39861
3642,39862
1945,39863
7476,39864
14651,39865
6023,39866
12313,39867
2452,39868
2452,39869
5638,39870
3453,39871
3457,39872
12314,39873
8162,39874
10157,39875
9836,39876
5566,39877
1088,39878
11594,39879
8866,39880
4739,39881
2918,39882
1095,39883
5494,39884
8869,39885
14652,39886
5185,39887
13992,39888
330,39889
7682,39890
419,39891
1387,39892
5517,39893
203,39894
1519,39895
1666,39896
5551,39897
7218,39898
14653,39899
4308,39900
6049,39901
14654,39902
3224,39903
9897,39904
7668,39905
14221,39906
7860,39907
8895,39908
2586,39909
14655,39910
2062,39911
316,39912
2065,39913
1305,39914
14656,39915
342,39916
1326,39917
4335,39918
2097,39919
8432,39920
8439,39921
11779,39922
2108,39923
9460,39924
393,39925
5869,39926
4610,39927
14657,39928
9962,39929
1370,39930
3977,39931
449,39932
1207,39933
1387,39934
3990,39935
486,39936
3291,39937
501,39938
8512,39939
4816,39940
14658,39941
13841,39942
63,39943
14659,39944
14429,39945
9223,39946
14660,39947
3547,39948
8273,39949
5287,39950
3321,39951
2212,39952
10840,39953
2726,39954
2734,39955
6712,39956
6712,39957
6712,39958
6712,39959
11643,39960
1465,39961
13723,39962
678,39963
14661,39964
8034,39965
14662,39966
3585,39967
2799,39968
3127,39969
3769,39970
3387,39971
3141,39972
14663,39973
14664,39974
4464,39975
8307,39976
14665,39977
8078,39978
13251,39979
12763,39980
12763,39981
12763,39982
14666,39983
4202,39984
14667,39985
10438,39986
2372,39987
14668,39988
14668,39989
7630,39990
11756,39991
10869,39992
3428,39993
12794,39994
11796,39995
10446,39996
14669,39997
14670,39998
14671,39999
10745,40000
12136,40001
8154,40002
14672,40003
14673,40004
11369,40005
1177,40006
7492,40007
7493,40008
2461,40009
14674,40010
14675,40011
3790,40012
13417,40013
1696,40014
14676,40015
1,40016
269,40017
14362,40018
5453,40019
10162,40020
4307,40021
13476,40022
3215,40023
3215,40024
14677,40025
1185,40026
14329,40027
3872,40028
10513,40029
6049,40030
1186,40031
7850,40032
12888,40033
12349,40034
12349,40035
14678,40036
2573,40037
1123,40038
13976,40039
6800,40040
11575,40041
2574,40042
4751,40043
2576,40044
14679,40045
10982,40046
3224,40047
3224,40048
9895,40049
7477,40050
10309,40051
7478,40052
7663,40053
11063,40054
1682,40055
1682,40056
4753,40057
2955,40058
12569,40059
14680,40060
9214,40061
3887,40062
14681,40063
1281,40064
2580,40065
2580,40066
9410,40067
11669,40068
14682,40069
12417,40070
1282,40071
14683,40072
3892,40073
5502,40074
10819,40075
10646,40076
14684,40077
3228,40078
7383,40079
7383,40080
6871,40081
294,40082
295,40083
2046,40084
1190,40085
8382,40086
9417,40087
9296,40088
14685,40089
14686,40090
5576,40091
3897,40092
3897,40093
10394,40094
180,40095
14687,40096
13983,40097
3482,40098
6826,40099
3656,40100
6874,40101
2055,40102
7289,40103
1693,40104
1693,40105
2057,40106
2057,40107
2057,40108
2057,40109
7391,40110
3235,40111
11074,40112
310,40113
310,40114
310,40115
1650,40116
1696,40117
3659,40118
14688,40119
318,40120
2964,40121
321,40122
14331,40123
14331,40124
1702,40125
2605,40126
2065,40127
2067,40128
324,40129
325,40130
2966,40131
2966,40132
1705,40133
5851,40134
2525,40135
3905,40136
1311,40137
7677,40138
2613,40139
6661,40140
6804,40141
330,40142
8901,40143
3661,40144
1127,40145
6616,40146
334,40147
23,40148
1317,40149
6880,40150
3663,40151
2615,40152
7681,40153
10480,40154
13494,40155
6367,40156
14689,40157
3913,40158
10652,40159
10517,40160
4772,40161
345,40162
345,40163
14690,40164
3467,40165
8247,40166
18090,40167
14691,40168
14001,40169
7887,40170
12212,40171
12212,40172
7888,40173
14393,40174
13499,40175
4776,40176
3918,40177
10823,40178
14692,40179
355,40180
7687,40181
8870,40182
8870,40183
6883,40184
6883,40185
6374,40186
1332,40187
362,40188
4334,40189
27,40190
6070,40191
3496,40192
1199,40193
366,40194
2090,40195
6610,40196
12927,40197
4590,40198
367,40199
1336,40200
1336,40201
3672,40202
14693,40203
14560,40204
28,40205
28,40206
28,40207
28,40208
28,40209
28,40210
28,40211
28,40212
3255,40213
2530,40214
2096,40215
2096,40216
3932,40217
6167,40218
14694,40219
11983,40220
6670,40221
4783,40222
11104,40223
9939,40224
14695,40225
6671,40226
8432,40227
1346,40228
4784,40229
14696,40230
5679,40231
4599,40232
4599,40233
9456,40234
4338,40235
14697,40236
6888,40237
2988,40238
8190,40239
14698,40240
13153,40241
14699,40242
12935,40243
12935,40244
389,40245
12937,40246
12607,40247
3942,40248
11844,40249
11462,40250
14700,40251
9153,40252
9304,40253
14701,40254
14702,40255
1360,40256
402,40257
405,40258
13699,40259
13699,40260
6893,40261
14703,40262
1363,40263
11992,40264
7911,40265
2498,40266
5876,40267
3958,40268
14704,40269
3264,40270
14705,40271
2992,40272
6163,40273
12421,40274
12421,40275
14566,40276
13815,40277
9467,40278
9467,40279
3267,40280
8254,40281
1741,40282
3268,40283
8467,40284
13285,40285
1367,40286
14706,40287
418,40288
10826,40289
8468,40290
5049,40291
14707,40292
9962,40293
14708,40294
14708,40295
6679,40296
14709,40297
14709,40298
14710,40299
3689,40300
12357,40301
427,40302
428,40303
428,40304
1369,40305
1369,40306
7924,40307
10215,40308
14711,40309
14712,40310
14713,40311
8259,40312
11694,40313
1370,40314
2133,40315
2133,40316
12216,40317
9482,40318
2136,40319
1745,40320
1747,40321
12393,40322
5515,40323
437,40324
11466,40325
3272,40326
1100,40327
3971,40328
3512,40329
3512,40330
3512,40331
8475,40332
1652,40333
14714,40334
444,40335
3972,40336
3977,40337
12358,40338
14715,40339
2652,40340
14716,40341
14228,40342
9490,40343
13518,40344
14717,40345
3515,40346
3515,40347
4359,40348
454,40349
456,40350
5058,40351
6537,40352
1386,40353
7235,40354
6395,40355
49,40356
3015,40357
1387,40358
51,40359
470,40360
8490,40361
473,40362
9501,40363
14027,40364
480,40365
12009,40366
7711,40367
7711,40368
7186,40369
5887,40370
3517,40371
2534,40372
12010,40373
12010,40374
12325,40375
1656,40376
2667,40377
14718,40378
13827,40379
4808,40380
4808,40381
4808,40382
11473,40383
3990,40384
9306,40385
4811,40386
1771,40387
3024,40388
7949,40389
3527,40390
2675,40391
3293,40392
1104,40393
1138,40394
12016,40395
14719,40396
7238,40397
5710,40398
2172,40399
14720,40400
9523,40401
9524,40402
504,40403
14721,40404
1978,40405
506,40406
5897,40407
5897,40408
11168,40409
14722,40410
14723,40411
14724,40412
14658,40413
14725,40414
12972,40415
14726,40416
6407,40417
1411,40418
2178,40419
2178,40420
11010,40421
1413,40422
1415,40423
13161,40424
14727,40425
9989,40426
3533,40427
9090,40428
14728,40429
3536,40430
3044,40431
515,40432
515,40433
6694,40434
1783,40435
13708,40436
5902,40437
3537,40438
4012,40439
2692,40440
9990,40441
522,40442
14729,40443
524,40444
2183,40445
14730,40446
2184,40447
9538,40448
1421,40449
2185,40450
529,40451
7124,40452
7124,40453
4016,40454
532,40455
11180,40456
12360,40457
7965,40458
66,40459
3308,40460
536,40461
4018,40462
4018,40463
6547,40464
7967,40465
3053,40466
11182,40467
6548,40468
1789,40469
7312,40470
14047,40471
8271,40472
8538,40473
14279,40474
14731,40475
6273,40476
6273,40477
14660,40478
70,40479
4825,40480
1794,40481
12981,40482
8272,40483
12982,40484
14732,40485
14733,40486
14733,40487
2198,40488
11855,40489
8544,40490
14734,40491
7977,40492
4027,40493
548,40494
12231,40495
7978,40496
2699,40497
11187,40498
5722,40499
14735,40500
6782,40501
7317,40502
4397,40503
7595,40504
7318,40505
207,40506
3057,40507
6092,40508
5599,40509
14736,40510
551,40511
9562,40512
2544,40513
14737,40514
7982,40515
12991,40516
5469,40517
5469,40518
14738,40519
9261,40520
14283,40521
14739,40522
8558,40523
560,40524
13543,40525
564,40526
2707,40527
2707,40528
7989,40529
2713,40530
3326,40531
3326,40532
2717,40533
2717,40534
9572,40535
577,40536
13165,40537
14740,40538
12459,40539
5212,40540
2215,40541
3062,40542
3062,40543
2216,40544
14741,40545
7244,40546
14742,40547
7994,40548
14743,40549
3330,40550
4054,40551
4054,40552
9577,40553
3557,40554
14591,40555
10606,40556
7999,40557
14744,40558
14745,40559
12169,40560
1820,40561
6424,40562
14746,40563
2726,40564
2726,40565
10277,40566
14747,40567
14748,40568
7140,40569
4844,40570
13171,40571
1986,40572
8582,40573
13474,40574
599,40575
2729,40576
14749,40577
84,40578
4410,40579
14358,40580
600,40581
13310,40582
14750,40583
12674,40584
12674,40585
9877,40586
611,40587
6562,40588
3338,40589
9228,40590
2739,40591
11803,40592
8946,40593
5071,40594
8948,40595
619,40596
14289,40597
7747,40598
10032,40599
14751,40600
3076,40601
8609,40602
1845,40603
1845,40604
4076,40605
1457,40606
2751,40607
8206,40608
3080,40609
12060,40610
14752,40611
11819,40612
9616,40613
4083,40614
14753,40615
640,40616
91,40617
14754,40618
642,40619
14755,40620
5165,40621
5931,40622
6963,40623
92,40624
12695,40625
12695,40626
12695,40627
14756,40628
5747,40629
218,40630
93,40631
2249,40632
5075,40633
6968,40634
8023,40635
8023,40636
14757,40637
13008,40638
14758,40639
10048,40640
2758,40641
653,40642
653,40643
3091,40644
2254,40645
1852,40646
4099,40647
11728,40648
12699,40649
660,40650
1853,40651
14759,40652
9629,40653
14760,40654
11225,40655
6511,40656
2261,40657
12367,40658
14084,40659
10722,40660
10947,40661
6512,40662
14761,40663
13576,40664
2774,40665
14762,40666
1860,40667
4868,40668
8034,40669
3103,40670
4118,40671
4118,40672
2270,40673
690,40674
10279,40675
14763,40676
12071,40677
14764,40678
14379,40679
7507,40680
1862,40681
10849,40682
8968,40683
13323,40684
3370,40685
12239,40686
13190,40687
8652,40688
8969,40689
14765,40690
709,40691
5952,40692
6120,40693
6120,40694
6120,40695
9642,40696
5954,40697
14766,40698
716,40699
14767,40700
8047,40701
8971,40702
13892,40703
3584,40704
5766,40705
4135,40706
2797,40707
722,40708
12369,40709
14768,40710
12334,40711
725,40712
6611,40713
14769,40714
5221,40715
7770,40716
7771,40717
6122,40718
731,40719
11740,40720
226,40721
14530,40722
9649,40723
5958,40724
7773,40725
13584,40726
13584,40727
3122,40728
14770,40729
4140,40730
14771,40731
108,40732
13728,40733
12077,40734
1227,40735
4681,40736
13324,40737
14772,40738
6730,40739
14773,40740
5962,40741
7194,40742
1504,40743
751,40744
4145,40745
3125,40746
4901,40747
1996,40748
10538,40749
754,40750
3128,40751
761,40752
14774,40753
4451,40754
14775,40755
764,40756
14776,40757
14776,40758
12434,40759
1662,40760
1662,40761
768,40762
2813,40763
10851,40764
3131,40765
14777,40766
7000,40767
14778,40768
5224,40769
12878,40770
777,40771
777,40772
4151,40773
4151,40774
5966,40775
2308,40776
2308,40777
2308,40778
2818,40779
2482,40780
6338,40781
14111,40782
114,40783
3773,40784
791,40785
1519,40786
7617,40787
12435,40788
14779,40789
1886,40790
1886,40791
14780,40792
5971,40793
8697,40794
8698,40795
13043,40796
13043,40797
14781,40798
6233,40799
116,40800
2321,40801
4159,40802
4159,40803
13045,40804
801,40805
3390,40806
4458,40807
5974,40808
3775,40809
14782,40810
7169,40811
804,40812
119,40813
119,40814
14783,40815
14784,40816
4167,40817
1999,40818
10083,40819
14785,40820
7784,40821
4559,40822
8710,40823
4931,40824
4931,40825
4464,40826
6136,40827
3395,40828
14786,40829
7549,40830
13403,40831
4934,40832
814,40833
9171,40834
6792,40835
5978,40836
11586,40837
14787,40838
12757,40839
826,40840
1891,40841
11287,40842
4173,40843
4174,40844
3468,40845
3468,40846
14788,40847
14789,40848
8078,40849
14790,40850
9680,40851
10620,40852
8717,40853
1894,40854
1896,40855
14791,40856
5982,40857
3602,40858
13454,40859
5485,40860
14792,40861
14793,40862
10347,40863
8722,40864
846,40865
5787,40866
3785,40867
14794,40868
8728,40869
3606,40870
853,40871
14795,40872
5623,40873
5545,40874
13408,40875
13408,40876
13408,40877
9699,40878
12447,40879
14796,40880
14797,40881
2005,40882
12247,40883
7433,40884
7433,40885
861,40886
6784,40887
1665,40888
11935,40889
14798,40890
2350,40891
3411,40892
8095,40893
5796,40894
14135,40895
1666,40896
9717,40897
9718,40898
7028,40899
14799,40900
14800,40901
5239,40902
14801,40903
13458,40904
13458,40905
6306,40906
14347,40907
875,40908
878,40909
879,40910
884,40911
2361,40912
243,40913
12103,40914
885,40915
5405,40916
1566,40917
1566,40918
8749,40919
3160,40920
9725,40921
14802,40922
133,40923
6632,40924
10574,40925
1567,40926
14803,40927
7036,40928
13461,40929
14804,40930
13671,40931
8760,40932
2558,40933
14805,40934
5808,40935
908,40936
14806,40937
14807,40938
13206,40939
14808,40940
14809,40941
14810,40942
915,40943
8772,40944
14811,40945
14812,40946
3422,40947
1922,40948
5249,40949
2382,40950
14813,40951
3623,40952
5999,40953
14814,40954
7095,40955
6147,40956
926,40957
926,40958
926,40959
12114,40960
14815,40961
6480,40962
14816,40963
13349,40964
14817,40965
14818,40966
5816,40967
3625,40968
14819,40969
14820,40970
11516,40971
14485,40972
14485,40973
4236,40974
14821,40975
948,40976
13934,40977
7059,40978
6003,40979
1592,40980
3177,40981
8798,40982
2400,40983
8128,40984
958,40985
5556,40986
12535,40987
6489,40988
973,40989
14822,40990
14823,40991
13085,40992
7365,40993
984,40994
2887,40995
8812,40996
9793,40997
12124,40998
3185,40999
9794,41000
6312,41001
1254,41002
3432,41003
8813,41004
995,41005
998,41006
3434,41007
7065,41008
4995,41009
12125,41010
1003,41011
3190,41012
3190,41013
10450,41014
14824,41015
14825,41016
11764,41017
4260,41018
12130,41019
5001,41020
3638,41021
14245,41022
14245,41023
9019,41024
5005,41025
5006,41026
4526,41027
9382,41028
1039,41029
1258,41030
4563,41031
10876,41032
14826,41033
13414,41034
14827,41035
1629,41036
1050,41037
14828,41038
13416,41039
1121,41040
12814,41041
7371,41042
14190,41043
13223,41044
9823,41045
14829,41046
1061,41047
1064,41048
14830,41049
1261,41050
12266,41051
14831,41052
14247,41053
11553,41054
14370,41055
3448,41056
14832,41057
14833,41058
1946,41059
14834,41060
165,41061
3865,41062
10976,41063
2909,41064
14835,41065
1641,41066
9026,41067
3828,41068
4537,41069
3457,41070
6253,41071
9243,41072
3461,41073
3211,41074
3834,41075
14836,41076
12152,41077
5641,41078
8233,41079
8358,41080
4314,41081
14837,41082
4576,41083
14838,41084
10393,41085
3843,41086
14839,41087
14840,41088
8411,41089
10986,41090
1328,41091
28,41092
10883,41093
10504,41094
1368,41095
7922,41096
5426,41097
2139,41098
14841,41099
12957,41100
456,41101
2151,41102
472,41103
6201,41104
7481,41105
14842,41106
14843,41107
1781,41108
14844,41109
1790,41110
14512,41111
1213,41112
10257,41113
600,41114
12171,41115
6953,41116
8625,41117
6113,41118
6222,41119
1865,41120
4136,41121
3586,41122
11253,41123
739,41124
1228,41125
1996,41126
4917,41127
14845,41128
14846,41129
817,41130
1238,41131
14847,41132
824,41133
5169,41134
9684,41135
6471,41136
14848,41137
1558,41138
4951,41139
11328,41140
5140,41141
14849,41142
6042,41143
14492,41144
14850,41145
14851,41146
958,41147
10360,41148
10137,41149
1610,41150
14852,41151
14853,41152
14854,41153
12819,41154
1944,41155
1068,41156
9834,41157
11371,41158
8160,41159
4541,41160
12201,41161
11959,41162
3217,41163
14855,41164
14855,41165
2034,41166
14856,41167
2953,41168
2575,41169
1681,41170
1682,41171
14857,41172
178,41173
298,41174
303,41175
304,41176
9425,41177
2598,41178
1303,41179
324,41180
324,41181
1308,41182
9299,41183
14858,41184
13501,41185
11909,41186
1720,41187
3254,41188
372,41189
373,41190
1965,41191
2635,41192
2104,41193
186,41194
14859,41195
14860,41196
394,41197
13434,41198
400,41199
11785,41200
12944,41201
8462,41202
3266,41203
14861,41204
418,41205
5314,41206
3963,41207
11466,41208
3273,41209
14862,41210
1752,41211
2936,41212
2651,41213
1378,41214
1380,41215
1207,41216
12004,41217
456,41218
13826,41219
9498,41220
196,41221
3986,41222
3019,41223
14863,41224
14864,41225
3027,41226
4813,41227
14865,41228
8514,41229
7210,41230
2937,41231
10175,41232
14866,41233
5721,41234
1433,41235
14867,41236
572,41237
2215,41238
14868,41239
14286,41240
4840,41241
14869,41242
6558,41243
4409,41244
4409,41245
4056,41246
601,41247
2223,41248
4060,41249
2739,41250
14870,41251
8009,41252
4070,41253
14871,41254
12331,41255
14074,41256
89,41257
12692,41258
644,41259
6842,41260
10945,41261
3743,41262
3743,41263
3350,41264
2767,41265
1991,41266
14086,41267
6723,41268
11237,41269
732,41270
14872,41271
4442,41272
11872,41273
761,41274
5533,41275
4156,41276
5970,41277
1886,41278
804,41279
14873,41280
8711,41281
14874,41282
13904,41283
8715,41284
11289,41285
8718,41286
11745,41287
8084,41288
13912,41289
861,41290
8178,41291
14875,41292
241,41293
5626,41294
878,41295
14876,41296
9124,41297
14877,41298
4975,41299
10442,41300
10443,41301
14878,41302
5634,41303
3427,41304
4241,41305
10871,41306
8802,41307
10969,41308
5103,41309
14879,41310
12797,41311
9792,41312
14880,41313
996,41314
4517,41315
12557,41316
10451,41317
14881,41318
1629,41319
14882,41320
10643,41321
14883,41322
8869,41323
5591,41324
6553,41325
14884,41326
14885,41327
14886,41328
13840,41329
1420,41330
14887,41331
14888,41332
9024,41333
4941,41334
273,41335
14889,41336
3873,41337
7119,41338
11597,41339
1187,41340
11062,41341
14890,41342
2046,41343
1294,41344
6654,41345
2924,41346
14891,41347
22,41348
9298,41349
5151,41350
349,41351
10272,41352
12452,41353
3950,41354
6530,41355
10826,41356
11463,41357
2996,41358
7924,41359
3275,41360
14892,41361
12627,41362
1761,41363
14893,41364
14894,41365
3849,41366
14718,41367
8263,41368
58,41369
3999,41370
9986,41371
14577,41372
4387,41373
7964,41374
14895,41375
203,41376
6782,41377
13856,41378
6942,41379
582,41380
9162,41381
6421,41382
2722,41383
3557,41384
11720,41385
14896,41386
14897,41387
14898,41388
14899,41389
6430,41390
1849,41391
6965,41392
4096,41393
12277,41394
4861,41395
14900,41396
4676,41397
14901,41398
3752,41399
2292,41400
14902,41401
12730,41402
11262,41403
14903,41404
4906,41405
2813,41406
3137,41407
791,41408
6630,41409
1999,41410
14904,41411
11283,41412
824,41413
4172,41414
10620,41415
12436,41416
5981,41417
2515,41418
14128,41419
14625,41420
13058,41421
3790,41422
12250,41423
13070,41424
14905,41425
9008,41426
8771,41427
926,41428
4726,41429
1590,41430
6637,41431
14906,41432
7202,41433
2889,41434
2890,41435
1609,41436
14387,41437
14907,41438
1622,41439
1261,41440
14908,41441
9242,41442
14909,41443
13497,41444
1346,41445
4001,41446
14910,41447
14910,41448
14911,41449
14912,41450
3123,41451
14913,41452
2335,41453
14914,41454
14915,41455
1675,41456
275,41457
1294,41458
10787,41459
2063,41460
2607,41461
6616,41462
181,41463
4333,41464
9188,41465
14916,41466
14520,41467
1344,41468
11677,41469
1357,41470
14917,41471
3952,41472
7913,41473
8913,41474
4350,41475
7924,41476
5515,41477
8486,41478
9506,41479
1103,41480
2534,41481
6687,41482
12965,41483
7947,41484
3999,41485
3039,41486
63,41487
513,41488
516,41489
553,41490
561,41491
1443,41492
14918,41493
589,41494
591,41495
2734,41496
14919,41497
612,41498
2740,41499
642,41500
12695,41501
3573,41502
12431,41503
3097,41504
2797,41505
6728,41506
1874,41507
4142,41508
8056,41509
14920,41510
5478,41511
2309,41512
9669,41513
14921,41514
10288,41515
14922,41516
11746,41517
1542,41518
14923,41519
1548,41520
5623,41521
10500,41522
11303,41523
2856,41524
1565,41525
5095,41526
11596,41527
14315,41528
14924,41529
13746,41530
11758,41531
14925,41532
11759,41533
14926,41534
13083,41535
11351,41536
4514,41537
7116,41538
4997,41539
14927,41540
14928,41541
10639,41542
10148,41543
7515,41544
14929,41545
14929,41546
8394,41547
5869,41548
6823,41549
14930,41550
4648,41551
6567,41552
10876,41553
14931,41554
2949,41555
11042,41556
5641,41557
268,41558
11665,41559
9391,41560
5301,41561
3213,41562
14932,41563
2031,41564
3214,41565
11045,41566
9149,41567
273,41568
11402,41569
3649,41570
3,41571
14933,41572
11903,41573
14934,41574
14935,41575
4747,41576
14936,41577
11053,41578
3873,41579
8884,41580
7660,41581
2034,41582
14456,41583
14937,41584
2953,41585
10552,41586
10515,41587
14938,41588
14938,41589
6866,41590
6800,41591
10910,41592
1278,41593
1187,41594
1187,41595
5149,41596
7,41597
2575,41598
13787,41599
10982,41600
14939,41601
3881,41602
6648,41603
7665,41604
7665,41605
3884,41606
12569,41607
10390,41608
14940,41609
8369,41610
287,41611
1281,41612
2579,41613
14941,41614
14942,41615
14943,41616
6614,41617
290,41618
8375,41619
3478,41620
8376,41621
2045,41622
9415,41623
293,41624
10,41625
2046,41626
2046,41627
1688,41628
4579,41629
4579,41630
14944,41631
3654,41632
14945,41633
11621,41634
7288,41635
4757,41636
7863,41637
2587,41638
14946,41639
2589,41640
7520,41641
5456,41642
5185,41643
1289,41644
3231,41645
14947,41646
11950,41647
7388,41648
1691,41649
13271,41650
8896,41651
1292,41652
3484,41653
3485,41654
1294,41655
2057,41656
7868,41657
5506,41658
12911,41659
9425,41660
4546,41661
6259,41662
7872,41663
5849,41664
2061,41665
2061,41666
13383,41667
8396,41668
3903,41669
14688,41670
2064,41671
2064,41672
13,41673
14948,41674
14948,41675
14949,41676
12210,41677
7874,41678
8900,41679
1305,41680
3241,41681
14950,41682
14951,41683
12157,41684
10398,41685
323,41686
324,41687
325,41688
2966,41689
2966,41690
14952,41691
2610,41692
2610,41693
3906,41694
1193,41695
9920,41696
17,41697
7457,41698
4766,41699
329,41700
330,41701
330,41702
14953,41703
2495,41704
10399,41705
14954,41706
1127,41707
1127,41708
1127,41709
334,41710
334,41711
7680,41712
8246,41713
8246,41714
13800,41715
23,41716
14955,41717
11537,41718
5666,41719
5666,41720
2972,41721
7292,41722
12449,41723
8167,41724
11094,41725
9299,41726
9925,41727
12315,41728
14956,41729
4772,41730
8413,41731
7683,41732
3844,41733
3467,41734
3467,41735
1324,41736
1324,41737
5151,41738
14957,41739
3247,41740
14958,41741
14959,41742
13497,41743
11979,41744
5859,41745
1326,41746
1327,41747
2085,41748
3917,41749
6069,41750
2978,41751
355,41752
14555,41753
14555,41754
14960,41755
11599,41756
7893,41757
2086,41758
185,41759
2979,41760
1331,41761
1331,41762
360,41763
6883,41764
6883,41765
1332,41766
9934,41767
14961,41768
2980,41769
14962,41770
365,41771
366,41772
3925,41773
14963,41774
4335,41775
4336,41776
4336,41777
1130,41778
3927,41779
9937,41780
1336,41781
1338,41782
1338,41783
14004,41784
8428,41785
7399,41786
14558,41787
12355,41788
14964,41789
14964,41790
14964,41791
1340,41792
28,41793
28,41794
28,41795
10883,41796
3930,41797
2530,41798
2096,41799
2096,41800
2096,41801
2096,41802
1342,41803
1342,41804
1342,41805
1342,41806
6191,41807
6191,41808
372,41809
373,41810
14965,41811
1965,41812
1965,41813
6885,41814
5672,41815
2097,41816
2097,41817
1721,41818
3498,41819
5044,41820
6382,41821
6671,41822
1344,41823
1344,41824
5311,41825
5678,41826
8433,41827
14966,41828
6672,41829
2637,41830
2637,41831
2637,41832
5681,41833
14967,41834
14968,41835
2988,41836
2988,41837
2107,41838
8441,41839
14969,41840
1350,41841
186,41842
186,41843
9249,41844
8445,41845
9458,41846
2639,41847
2639,41848
14970,41849
3676,41850
5190,41851
5155,41852
14971,41853
14972,41854
9948,41855
14973,41856
9949,41857
9949,41858
3947,41859
9250,41860
14249,41861
14974,41862
1734,41863
1734,41864
14975,41865
6809,41866
2119,41867
11780,41868
9252,41869
1363,41870
5686,41871
2498,41872
2991,41873
8462,41874
3508,41875
3508,41876
1204,41877
14976,41878
5047,41879
8466,41880
13816,41881
7302,41882
14977,41883
12618,41884
14978,41885
5461,41886
5050,41887
4550,41888
3963,41889
1370,41890
431,41891
5514,41892
2133,41893
2133,41894
9968,41895
2136,41896
14979,41897
5052,41898
3002,41899
11998,41900
3968,41901
3969,41902
13822,41903
11466,41904
9193,41905
3512,41906
444,41907
14980,41908
2141,41909
1973,41910
9080,41911
11695,41912
446,41913
13823,41914
8479,41915
3977,41916
3977,41917
4800,41918
2650,41919
11149,41920
2652,41921
2652,41922
2468,41923
1378,41924
1378,41925
1378,41926
1378,41927
1378,41928
14981,41929
14982,41930
7935,41931
3005,41932
3693,41933
12422,41934
14983,41935
1382,41936
9194,41937
456,41938
5058,41939
14984,41940
3981,41941
3981,41942
7707,41943
7304,41944
3010,41945
458,41946
1386,41947
46,41948
9498,41949
3013,41950
2657,41951
2657,41952
464,41953
48,41954
466,41955
3015,41956
3282,41957
3282,41958
2659,41959
3283,41960
50,41961
1765,41962
1765,41963
12005,41964
469,41965
469,41966
470,41967
470,41968
7943,41969
9500,41970
3983,41971
473,41972
4363,41973
9501,41974
12394,41975
52,41976
3018,41977
3285,41978
3285,41979
11781,41980
11781,41981
3986,41982
4364,41983
4364,41984
14985,41985
14986,41986
14894,41987
14894,41988
1392,41989
3517,41990
13435,41991
14987,41992
2534,41993
14988,41994
14988,41995
1394,41996
14989,41997
3022,41998
1769,41999
5199,42000
4808,42001
4808,42002
3523,42003
5891,42004
9512,42005
3991,42006
11916,42007
14990,42008
6915,42009
2166,42010
2166,42011
6540,42012
5202,42013
5705,42014
2167,42015
5893,42016
5893,42017
7949,42018
7949,42019
14428,42020
2670,42021
4812,42022
14991,42023
3995,42024
1772,42025
11161,42026
1400,42027
4635,42028
59,42029
14992,42030
13529,42031
6689,42032
60,42033
3292,42034
11850,42035
3029,42036
3029,42037
2675,42038
3030,42039
2169,42040
494,42041
496,42042
496,42043
3032,42044
14993,42045
5895,42046
1776,42047
7238,42048
9522,42049
9522,42050
14994,42051
8268,42052
12023,42053
14995,42054
11390,42055
14996,42056
511,42057
14997,42058
63,42059
4819,42060
9090,42061
513,42062
8269,42063
4639,42064
14998,42065
2692,42066
2692,42067
9990,42068
9990,42069
9990,42070
9874,42071
9874,42072
14999,42073
14429,42074
4018,42075
6271,42076
14278,42077
68,42078
13162,42079
5715,42080
5715,42081
1788,42082
15000,42083
8537,42084
7188,42085
15001,42086
12979,42087
9310,42088
5064,42089
15002,42090
1794,42091
9998,42092
6210,42093
3548,42094
2506,42095
2506,42096
4829,42097
204,42098
5913,42099
14733,42100
1795,42101
6781,42102
7538,42103
206,42104
10714,42105
15003,42106
12231,42107
10000,42108
7978,42109
2199,42110
5722,42111
5722,42112
1800,42113
15004,42114
3719,42115
207,42116
1106,42117
13541,42118
4831,42119
12654,42120
2543,42121
7596,42122
9562,42123
9562,42124
208,42125
3321,42126
553,42127
2206,42128
2704,42129
2704,42130
2704,42131
2704,42132
1804,42133
554,42134
13299,42135
13855,42136
3323,42137
1807,42138
557,42139
557,42140
558,42141
1434,42142
15005,42143
559,42144
7986,42145
560,42146
560,42147
1436,42148
1436,42149
3324,42150
12657,42151
564,42152
564,42153
6934,42154
15006,42155
2707,42156
77,42157
8564,42158
79,42159
79,42160
2711,42161
4837,42162
6937,42163
5210,42164
573,42165
13857,42166
3851,42167
3061,42168
15007,42169
580,42170
4048,42171
581,42172
582,42173
582,42174
582,42175
582,42176
1218,42177
15008,42178
12997,42179
1442,42180
10528,42181
7994,42182
6214,42183
13551,42184
4840,42185
4840,42186
593,42187
9577,42188
9577,42189
8202,42190
3557,42191
14591,42192
15009,42193
5730,42194
15010,42195
6277,42196
1820,42197
1821,42198
14747,42199
3334,42200
1985,42201
13862,42202
9581,42203
9583,42204
3068,42205
3068,42206
599,42207
599,42208
2727,42209
8944,42210
2729,42211
2729,42212
8585,42213
84,42214
8586,42215
3069,42216
2734,42217
3070,42218
2736,42219
2736,42220
15011,42221
600,42222
601,42223
601,42224
8589,42225
8003,42226
11199,42227
5735,42228
8945,42229
4058,42230
4058,42231
2739,42232
5604,42233
15012,42234
2740,42235
5924,42236
10420,42237
10420,42238
5071,42239
8596,42240
9596,42241
7745,42242
8950,42243
8597,42244
12678,42245
15013,42246
15014,42247
15015,42248
13396,42249
14470,42250
14470,42251
622,42252
626,42253
4070,42254
6714,42255
15016,42256
8012,42257
14072,42258
14072,42259
15017,42260
2749,42261
1843,42262
11861,42263
86,42264
1844,42265
11484,42266
15018,42267
1845,42268
3078,42269
3079,42270
5745,42271
89,42272
638,42273
5930,42274
15019,42275
3345,42276
2241,42277
91,42278
1146,42279
10532,42280
5931,42281
644,42282
13768,42283
15020,42284
15021,42285
6218,42286
5746,42287
4089,42288
15022,42289
2758,42290
15023,42291
1466,42292
3091,42293
1852,42294
1468,42295
2255,42296
2257,42297
12511,42298
12511,42299
6974,42300
1223,42301
662,42302
4424,42303
9167,42304
664,42305
5939,42306
13185,42307
6284,42308
666,42309
668,42310
10055,42311
10055,42312
669,42313
15024,42314
6790,42315
15025,42316
7163,42317
4864,42318
12851,42319
13723,42320
3746,42321
3095,42322
13322,42323
13573,42324
15026,42325
14084,42326
2264,42327
2264,42328
10722,42329
10722,42330
8342,42331
677,42332
14473,42333
10948,42334
15027,42335
6723,42336
2770,42337
14474,42338
685,42339
2775,42340
686,42341
15028,42342
4428,42343
4869,42344
2271,42345
690,42346
10421,42347
10059,42348
10059,42349
10279,42350
2273,42351
12713,42352
2275,42353
13448,42354
9635,42355
15029,42356
697,42357
15030,42358
15030,42359
15031,42360
4124,42361
6985,42362
8642,42363
15032,42364
6116,42365
14437,42366
15033,42367
5220,42368
13188,42369
15034,42370
7251,42371
6289,42372
4557,42373
15035,42374
4883,42375
2787,42376
15036,42377
2789,42378
15037,42379
8655,42380
6119,42381
10196,42382
10196,42383
1865,42384
6120,42385
9642,42386
6357,42387
3115,42388
3115,42389
15038,42390
5954,42391
4438,42392
715,42393
715,42394
4887,42395
1493,42396
15039,42397
2793,42398
15040,42399
10063,42400
6292,42401
8048,42402
15041,42403
8972,42404
8660,42405
13249,42406
4132,42407
15042,42408
7113,42409
723,42410
726,42411
727,42412
3586,42413
225,42414
731,42415
15043,42416
5613,42417
226,42418
2293,42419
3121,42420
3121,42421
3121,42422
14530,42423
735,42424
3760,42425
3123,42426
11253,42427
8670,42428
15044,42429
1228,42430
10198,42431
6040,42432
8672,42433
14106,42434
15045,42435
9114,42436
15046,42437
15047,42438
757,42439
2299,42440
111,42441
764,42442
15048,42443
15049,42444
5965,42445
15050,42446
4908,42447
3592,42448
773,42449
7000,42450
12555,42451
4151,42452
8685,42453
2819,42454
4912,42455
3383,42456
2311,42457
7425,42458
6338,42459
15051,42460
2312,42461
15052,42462
15053,42463
786,42464
6175,42465
6581,42466
13040,42467
1516,42468
1516,42469
15054,42470
8068,42471
791,42472
9664,42473
1885,42474
793,42475
7547,42476
9666,42477
7618,42478
7143,42479
2316,42480
12435,42481
12435,42482
12435,42483
2317,42484
2317,42485
2318,42486
15055,42487
3387,42488
12745,42489
116,42490
8701,42491
9669,42492
799,42493
8306,42494
8306,42495
802,42496
8706,42497
13593,42498
803,42499
803,42500
8707,42501
8708,42502
5778,42503
9278,42504
4167,42505
121,42506
15056,42507
2830,42508
15057,42509
4559,42510
14531,42511
15058,42512
2831,42513
123,42514
10085,42515
2329,42516
8709,42517
4931,42518
125,42519
125,42520
10382,42521
15059,42522
5441,42523
12756,42524
12757,42525
14122,42526
8077,42527
15060,42528
7014,42529
7014,42530
13596,42531
7258,42532
827,42533
4174,42534
828,42535
10619,42536
5619,42537
15061,42538
15061,42539
15062,42540
15063,42541
5784,42542
834,42543
15064,42544
1537,42545
1537,42546
838,42547
15065,42548
13906,42549
10094,42550
6748,42551
8991,42552
15066,42553
3405,42554
5486,42555
15067,42556
15067,42557
12097,42558
4193,42559
4193,42560
11932,42561
15068,42562
852,42563
11504,42564
9698,42565
9698,42566
11300,42567
857,42568
1165,42569
11751,42570
13258,42571
5138,42572
4941,42573
1550,42574
1550,42575
8993,42576
14479,42577
8088,42578
5027,42579
3152,42580
11303,42581
2849,42582
15069,42583
14213,42584
7026,42585
861,42586
862,42587
8090,42588
7266,42589
7266,42590
7266,42591
2944,42592
10962,42593
15070,42594
2854,42595
871,42596
132,42597
8997,42598
12102,42599
4479,42600
15071,42601
15071,42602
14518,42603
14347,42604
15072,42605
5240,42606
9723,42607
1906,42608
1906,42609
884,42610
2361,42611
15073,42612
13341,42613
2362,42614
2362,42615
9725,42616
13204,42617
3162,42618
888,42619
2364,42620
6632,42621
1247,42622
15074,42623
14634,42624
15075,42625
11031,42626
13343,42627
6755,42628
15076,42629
4211,42630
895,42631
11511,42632
5994,42633
11655,42634
15077,42635
5488,42636
5488,42637
15078,42638
8110,42639
2518,42640
15079,42641
15080,42642
1915,42643
7630,42644
15081,42645
4218,42646
1579,42647
15082,42648
4722,42649
2374,42650
245,42651
908,42652
908,42653
15083,42654
11333,42655
4725,42656
10864,42657
3166,42658
10440,42659
3621,42660
2866,42661
15084,42662
1920,42663
4229,42664
4230,42665
5814,42666
7048,42667
7095,42668
15085,42669
15086,42670
6480,42671
8785,42672
15087,42673
10575,42674
8786,42675
9757,42676
9757,42677
15088,42678
10866,42679
3836,42680
6635,42681
13747,42682
937,42683
937,42684
937,42685
937,42686
937,42687
937,42688
937,42689
937,42690
8791,42691
10802,42692
10802,42693
15089,42694
15089,42695
1930,42696
7817,42697
13079,42698
2872,42699
14156,42700
949,42701
4978,42702
10967,42703
13748,42704
8880,42705
10870,42706
144,42707
2397,42708
1591,42709
952,42710
13139,42711
14160,42712
9774,42713
6487,42714
1932,42715
9778,42716
2876,42717
958,42718
15090,42719
8802,42720
6151,42721
6007,42722
15091,42723
15091,42724
7275,42725
6309,42726
6309,42727
9782,42728
5103,42729
15092,42730
11346,42731
9331,42732
4987,42733
15093,42734
7822,42735
8135,42736
977,42737
15094,42738
15095,42739
6154,42740
15096,42741
6010,42742
983,42743
1605,42744
7641,42745
8326,42746
15097,42747
14880,42748
15098,42749
994,42750
2889,42751
2889,42752
3187,42753
8816,42754
9796,42755
1609,42756
2425,42757
10448,42758
15099,42759
8146,42760
14387,42761
15100,42762
13626,42763
12312,42764
12264,42765
14321,42766
2431,42767
1017,42768
1018,42769
6638,42770
1613,42771
1023,42772
8830,42773
7443,42774
5001,42775
2432,42776
1028,42777
1028,42778
15101,42779
11360,42780
1618,42781
10875,42782
5005,42783
15102,42784
155,42785
6498,42786
8151,42787
15103,42788
1039,42789
6602,42790
1041,42791
13219,42792
15104,42793
1623,42794
7557,42795
3199,42796
3199,42797
14505,42798
11797,42799
11797,42800
15105,42801
6499,42802
10236,42803
1046,42804
9359,42805
15106,42806
15106,42807
15107,42808
9814,42809
6773,42810
2902,42811
15108,42812
9816,42813
15109,42814
15110,42815
9360,42816
15111,42817
5009,42818
15112,42819
15113,42820
13222,42821
15114,42822
15114,42823
2441,42824
13634,42825
15115,42826
7652,42827
1056,42828
13223,42829
12818,42830
1943,42831
158,42832
1261,42833
1261,42834
9183,42835
15116,42836
15117,42837
2445,42838
2447,42839
4278,42840
10296,42841
256,42842
14673,42843
10151,42844
1072,42845
4281,42846
4281,42847
15118,42848
5266,42849
12546,42850
15119,42851
9025,42852
3453,42853
8856,42854
9289,42855
8161,42856
3457,42857
3457,42858
8859,42859
1083,42860
2025,42861
14355,42862
4539,42863
9242,42864
12272,42865
9836,42866
170,42867
1088,42868
1092,42869
10462,42870
15120,42871
15121,42872
2461,42873
10464,42874
2919,42875
2919,42876
11947,42877
11947,42878
15122,42879
15123,42880
1181,42881
11053,42882
2060,42883
3660,42884
13431,42885
15124,42886
2526,42887
13690,42888
367,42889
4786,42890
15125,42891
15126,42892
9470,42893
9471,42894
11463,42895
15127,42896
5429,42897
8938,42898
3317,42899
6092,42900
79,42901
8277,42902
1814,42903
3330,42904
13445,42905
2747,42906
7419,42907
6968,42908
15128,42909
12071,42910
2785,42911
2789,42912
5951,42913
15129,42914
4151,42915
3385,42916
116,42917
6462,42918
6742,42919
2843,42920
15130,42921
3405,42922
5487,42923
8740,42924
11314,42925
1666,42926
12843,42927
2558,42928
4968,42929
8779,42930
2015,42931
13350,42932
7817,42933
966,42934
8829,42935
5001,42936
15131,42937
8842,42938
9824,42939
157,42940
8850,42941
8165,42942
7656,42943
3214,42944
3870,42945
6861,42946
6516,42947
10477,42948
1677,42949
15132,42950
5644,42951
4752,42952
3222,42953
7,42954
2576,42955
4573,42956
10982,42957
9896,42958
6801,42959
7663,42960
5645,42961
1683,42962
4315,42963
15133,42964
3475,42965
3476,42966
1281,42967
14446,42968
11895,42969
8890,42970
3892,42971
5495,42972
15134,42973
2046,42974
11670,42975
296,42976
15135,42977
8383,42978
300,42979
300,42980
2589,42981
179,42982
15136,42983
11406,42984
11406,42985
14947,42986
3898,42987
15137,42988
3482,42989
2593,42990
2593,42991
6653,42992
1691,42993
5416,42994
5416,42995
10820,42996
304,42997
3486,42998
2595,42999
2595,43000
2055,43001
3234,43002
15138,43003
2057,43004
1695,43005
5506,43006
2598,43007
2060,43008
3488,43009
313,43010
313,43011
5849,43012
3901,43013
15139,43014
11076,43015
11838,43016
316,43017
10821,43018
13,43019
2065,43020
6804,43021
329,43022
9248,43023
15140,43024
15140,43025
21,43026
5665,43027
15141,43028
12918,43029
341,43030
8413,43031
6665,43032
348,43033
349,43034
349,43035
12212,43036
1197,43037
12922,43038
15142,43039
8905,43040
5671,43041
7397,43042
11098,43043
2086,43044
3845,43045
15143,43046
185,43047
3922,43048
2979,43049
14858,43050
6883,43051
6883,43052
1332,43053
6374,43054
7688,43055
3670,43056
1333,43057
365,43058
366,43059
367,43060
367,43061
15144,43062
3933,43063
3933,43064
8431,43065
6381,43066
15145,43067
2101,43068
2635,43069
379,43070
12356,43071
5681,43072
12849,43073
8436,43074
4600,43075
385,43076
7905,43077
186,43078
3676,43079
8446,43080
4602,43081
6194,43082
15146,43083
9461,43084
15147,43085
8451,43086
15148,43087
13956,43088
13956,43089
1734,43090
6892,43091
1360,43092
402,43093
8453,43094
404,43095
1735,43096
1363,43097
3956,43098
6677,43099
13283,43100
6530,43101
10273,43102
7403,43103
3508,43104
15149,43105
11134,43106
2994,43107
35,43108
1367,43109
9962,43110
12620,43111
2997,43112
15150,43113
5879,43114
15151,43115
11141,43116
11141,43117
431,43118
2133,43119
8473,43120
2646,43121
5515,43122
1100,43123
3971,43124
4798,43125
4798,43126
15152,43127
3275,43128
14466,43129
1751,43130
10705,43131
2925,43132
15153,43133
10591,43134
7134,43135
6682,43136
11148,43137
2650,43138
14023,43139
3277,43140
14841,43141
1378,43142
41,43143
6392,43144
1206,43145
15154,43146
2148,43147
7936,43148
15155,43149
15156,43150
8486,43151
8486,43152
5058,43153
44,43154
1101,43155
3279,43156
13658,43157
3010,43158
11697,43159
6394,43160
48,43161
3014,43162
3015,43163
3016,43164
50,43165
470,43166
472,43167
3018,43168
196,43169
14893,43170
2663,43171
15157,43172
6398,43173
3519,43174
15158,43175
4807,43176
15159,43177
4808,43178
7504,43179
8926,43180
15160,43181
486,43182
1137,43183
3290,43184
7949,43185
4812,43186
4812,43187
3527,43188
3993,43189
8499,43190
11160,43191
3028,43192
15161,43193
1209,43194
3998,43195
5896,43196
7237,43197
4368,43198
6400,43199
8509,43200
11164,43201
15162,43202
4000,43203
4000,43204
6402,43205
1409,43206
3299,43207
13839,43208
15163,43209
15164,43210
15164,43211
5713,43212
9988,43213
14659,43214
6924,43215
513,43216
5901,43217
519,43218
12644,43219
3047,43220
15165,43221
6926,43222
6926,43223
11704,43224
15166,43225
12427,43226
5063,43227
11707,43228
7726,43229
66,43230
3310,43231
8535,43232
13849,43233
70,43234
1792,43235
1792,43236
1792,43237
15167,43238
9549,43239
4023,43240
4023,43241
15168,43242
12981,43243
6700,43244
6700,43245
6700,43246
8543,43247
545,43248
13241,43249
1797,43250
2698,43251
6550,43252
15169,43253
9554,43254
75,43255
9311,43256
3318,43257
12649,43258
2199,43259
3057,43260
3057,43261
1106,43262
7539,43263
15170,43264
1804,43265
14513,43266
5469,43267
7320,43268
1807,43269
4036,43270
1433,43271
15171,43272
13543,43273
564,43274
10009,43275
2715,43276
13857,43277
2212,43278
15172,43279
210,43280
577,43281
4046,43282
12661,43283
7138,43284
4048,43285
1441,43286
5337,43287
5337,43288
15173,43289
15174,43290
14400,43291
15175,43292
7992,43293
15176,43294
2939,43295
15177,43296
4054,43297
4054,43298
9577,43299
4406,43300
3557,43301
14591,43302
13715,43303
12169,43304
6329,43305
9095,43306
1446,43307
13171,43308
3068,43309
9361,43310
7601,43311
3070,43312
3070,43313
601,43314
15178,43315
15178,43316
603,43317
11640,43318
15179,43319
1453,43320
9592,43321
5925,43322
6278,43323
10223,43324
14064,43325
11204,43326
9596,43327
9596,43328
2226,43329
4066,43330
12329,43331
7415,43332
6279,43333
11860,43334
622,43335
8951,43336
626,43337
11722,43338
13316,43339
15180,43340
13719,43341
2749,43342
15181,43343
630,43344
8283,43345
12234,43346
634,43347
7418,43348
2238,43349
15182,43350
6961,43351
15183,43352
1146,43353
6434,43354
642,43355
642,43356
5165,43357
8620,43358
11544,43359
5746,43360
10044,43361
4857,43362
5747,43363
2248,43364
6968,43365
6968,43366
6968,43367
5936,43368
5937,43369
15184,43370
2758,43371
5938,43372
9626,43373
1853,43374
13569,43375
2257,43376
3351,43377
2760,43378
97,43379
12173,43380
7758,43381
10055,43382
669,43383
13959,43384
3355,43385
3096,43386
8962,43387
6512,43388
6723,43389
4113,43390
8031,43391
2775,43392
15185,43393
3361,43394
15186,43395
2476,43396
8293,43397
10059,43398
3107,43399
3581,43400
1150,43401
2280,43402
15187,43403
8966,43404
15188,43405
15189,43406
15189,43407
8648,43408
1659,43409
104,43410
105,43411
4557,43412
4557,43413
6119,43414
716,43415
6292,43416
2288,43417
10423,43418
15190,43419
4134,43420
4136,43421
2290,43422
8052,43423
15191,43424
15192,43425
3123,43426
736,43427
737,43428
8670,43429
1227,43430
2942,43431
14773,43432
5769,43433
14107,43434
4147,43435
3126,43436
15193,43437
3128,43438
3128,43439
2299,43440
2299,43441
1877,43442
12434,43443
1159,43444
768,43445
770,43446
3592,43447
15194,43448
15194,43449
15194,43450
777,43451
15195,43452
14611,43453
2309,43454
2818,43455
4912,43456
6231,43457
9661,43458
11274,43459
3137,43460
788,43461
2314,43462
8693,43463
15196,43464
1885,43465
7617,43466
9666,43467
7618,43468
2321,43469
800,43470
12747,43471
15197,43472
2323,43473
2323,43474
5974,43475
118,43476
121,43477
1237,43478
6467,43479
3143,43480
1238,43481
819,43482
819,43483
15198,43484
11744,43485
10619,43486
4176,43487
1529,43488
15199,43489
4467,43490
837,43491
14306,43492
840,43493
13906,43494
12092,43495
7430,43496
1900,43497
10100,43498
10100,43499
13133,43500
15200,43501
15201,43502
857,43503
5545,43504
7512,43505
13408,43506
5487,43507
8732,43508
5624,43509
2347,43510
11506,43511
1902,43512
861,43513
10112,43514
10962,43515
13056,43516
14131,43517
5794,43518
4478,43519
15202,43520
4480,43521
5172,43522
12376,43523
1905,43524
3159,43525
2361,43526
243,43527
10860,43528
1566,43529
15203,43530
3618,43531
4484,43532
10737,43533
15204,43534
1913,43535
8760,43536
2865,43537
910,43538
14808,43539
15205,43540
9741,43541
11033,43542
1919,43543
8774,43544
8774,43545
5098,43546
919,43547
4229,43548
4229,43549
920,43550
11757,43551
5812,43552
6042,43553
11941,43554
15206,43555
6000,43556
7633,43557
7633,43558
927,43559
6479,43560
15207,43561
929,43562
2560,43563
10780,43564
15208,43565
15209,43566
2391,43567
949,43568
11342,43569
7059,43570
9770,43571
1590,43572
1591,43573
8127,43574
8127,43575
3811,43576
10968,43577
1934,43578
9784,43579
2883,43580
9786,43581
9786,43582
6153,43583
11519,43584
12796,43585
12796,43586
8133,43587
15210,43588
15211,43589
5104,43590
15095,43591
979,43592
14168,43593
13211,43594
4988,43595
2018,43596
8326,43597
989,43598
989,43599
6312,43600
7064,43601
5300,43602
2889,43603
11522,43604
8328,43605
15212,43606
13087,43607
15213,43608
10137,43609
10137,43610
15214,43611
15215,43612
15216,43613
13937,43614
3437,43615
1611,43616
3862,43617
15217,43618
8831,43619
14182,43620
1616,43621
8834,43622
8834,43623
1036,43624
155,43625
1621,43626
9020,43627
7369,43628
13628,43629
2435,43630
10876,43631
1046,43632
1046,43633
1942,43634
2902,43635
10295,43636
1052,43637
1052,43638
13469,43639
11364,43640
15218,43641
1943,43642
15219,43643
10147,43644
15220,43645
1068,43646
9286,43647
14832,43648
11446,43649
9023,43650
10748,43651
3206,43652
12151,43653
12546,43654
15221,43655
2453,43656
3453,43657
2024,43658
9289,43659
8161,43660
15222,43661
1083,43662
7492,43663
5829,43664
1092,43665
3211,43666
10464,43667
15223,43668
1181,43669
5494,43670
7148,43671
10515,43672
7672,43673
3243,43674
15224,43675
15225,43676
362,43677
10403,43678
2982,43679
15226,43680
3018,43681
15161,43682
198,43683
2678,43684
15227,43685
15227,43686
8535,43687
207,43688
11190,43689
6702,43690
15228,43691
595,43692
2726,43693
15229,43694
6426,43695
5071,43696
2746,43697
622,43698
1847,43699
2277,43700
4124,43701
5952,43702
11248,43703
3378,43704
1506,43705
5968,43706
829,43707
5484,43708
4192,43709
5788,43710
5487,43711
879,43712
15230,43713
883,43714
1922,43715
4234,43716
9781,43717
963,43718
15231,43719
9828,43720
15232,43721
7856,43722
8241,43723
3486,43724
3660,43725
5662,43726
2970,43727
11624,43728
28,43729
6807,43730
9153,43731
5156,43732
10656,43733
11135,43734
15127,43735
3699,43736
4813,43737
5061,43738
513,43739
9535,43740
1783,43741
2190,43742
4394,43743
15233,43744
13553,43745
1987,43746
15234,43747
10034,43748
15235,43749
7752,43750
12061,43751
12510,43752
4102,43753
103,43754
15236,43755
8979,43756
15237,43757
5776,43758
15238,43759
817,43760
15239,43761
15240,43762
4560,43763
3605,43764
15241,43765
243,43766
1571,43767
7039,43768
4725,43769
14816,43770
937,43771
15242,43772
3627,43773
15243,43774
958,43775
9182,43776
14387,43777
5493,43778
15244,43779
8161,43780
4760,43781
10647,43782
1365,43783
15245,43784
12326,43785
5717,43786
8787,43787
2561,43788
2442,43789
2,43790
8883,43791
12202,43792
2950,43793
15246,43794
1679,43795
1274,43796
10389,43797
8236,43798
15247,43799
9,43800
9416,43801
6875,43802
2063,43803
7522,43804
336,43805
15248,43806
6374,43807
7896,43808
5153,43809
4783,43810
375,43811
9945,43812
7459,43813
11124,43814
5688,43815
15249,43816
15249,43817
5271,43818
419,43819
193,43820
4796,43821
451,43822
1206,43823
455,43824
13826,43825
15250,43826
12961,43827
472,43828
11163,43829
15251,43830
199,43831
506,43832
15252,43833
4004,43834
6406,43835
4377,43836
9039,43837
15253,43838
15254,43839
519,43840
5905,43841
2184,43842
9993,43843
15255,43844
13162,43845
15256,43846
12553,43847
10936,43848
1802,43849
7597,43850
10527,43851
13860,43852
8202,43853
14744,43854
9581,43855
1986,43856
10021,43857
10021,43858
84,43859
2738,43860
607,43861
6330,43862
7161,43863
13180,43864
15257,43865
6719,43866
8031,43867
3366,43868
4878,43869
15258,43870
14415,43871
9271,43872
737,43873
15259,43874
774,43875
8685,43876
7547,43877
15260,43878
2324,43879
15261,43880
11825,43881
6298,43882
832,43883
6238,43884
13599,43885
15262,43886
9696,43887
9696,43888
237,43889
2851,43890
8094,43891
3792,43892
878,43893
15263,43894
9732,43895
11512,43896
15079,43897
6308,43898
15264,43899
9741,43900
9327,43901
15265,43902
10234,43903
15266,43904
2392,43905
12411,43906
964,43907
5178,43908
8326,43909
4512,43910
989,43911
3434,43912
3434,43913
8817,43914
1023,43915
9019,43916
1039,43917
3199,43918
14519,43919
14455,43920
10368,43921
7074,43922
6822,43923
15267,43924
13225,43925
7496,43926
3223,43927
6056,43928
11149,43929
6910,43930
6306,43931
15268,43932
7173,43933
15269,43934
13948,43935
270,43936
15270,43937
15271,43938
11972,43939
1309,43940
1197,43941
2638,43942
3958,43943
2123,43944
5885,43945
12002,43946
6392,43947
9219,43948
1392,43949
3988,43950
3021,43951
9510,43952
13387,43953
11917,43954
2179,43955
515,43956
11184,43957
15272,43958
10255,43959
81,43960
12998,43961
605,43962
15273,43963
7750,43964
2235,43965
702,43966
5615,43967
5961,43968
5965,43969
6734,43970
2820,43971
6131,43972
789,43973
6176,43974
2336,43975
15274,43976
859,43977
15275,43978
1667,43979
13928,43980
15276,43981
11331,43982
5807,43983
2378,43984
7046,43985
3836,43986
12257,43987
15277,43988
2899,43989
1259,43990
5565,43991
12266,43992
3448,43993
15278,43994
5369,43995
10155,43996
1181,43997
12348,43998
11896,43999
2970,44000
13827,44001
5983,44002
3214,44003
5499,44004
4745,44005
1185,44006
12203,44007
6863,44008
15279,44009
11618,44010
15280,44011
2034,44012
4311,44013
11450,44014
2953,44015
9869,44016
15281,44017
13787,44018
1681,44019
4753,44020
3886,44021
14221,44022
5276,44023
7383,44024
6802,44025
178,44026
15282,44027
2057,44028
7674,44029
15283,44030
6260,44031
3489,44032
3241,44033
3241,44034
324,44035
324,44036
7876,44037
2609,44038
6659,44039
10399,44040
331,44041
13493,44042
7524,44043
10211,44044
9298,44045
341,44046
15284,44047
351,44048
4777,44049
1327,44050
1327,44051
12485,44052
6190,44053
7895,44054
15285,44055
362,44056
9937,44057
367,44058
11102,44059
1341,44060
28,44061
5509,44062
1965,44063
3499,44064
8432,44065
2637,44066
2637,44067
15286,44068
11986,44069
4341,44070
11115,44071
15287,44072
3944,44073
11911,44074
3950,44075
11123,44076
3508,44077
8913,44078
7917,44079
3268,44080
1205,44081
11800,44082
37,44083
3689,44084
4796,44085
6903,44086
3513,44087
5585,44088
1206,44089
453,44090
7303,44091
2151,44092
44,44093
15288,44094
1386,44095
9498,44096
462,44097
8924,44098
15289,44099
2163,44100
7947,44101
10830,44102
15290,44103
1771,44104
496,44105
15291,44106
7952,44107
14995,44108
3531,44109
63,44110
1413,44111
11852,44112
518,44113
518,44114
8529,44115
9990,44116
1423,44117
1795,44118
11391,44119
15292,44120
9092,44121
15293,44122
5469,44123
6934,44124
577,44125
6834,44126
14284,44127
15009,44128
2217,44129
3332,44130
15294,44131
15294,44132
15295,44133
15296,44134
5602,44135
8944,44136
2729,44137
84,44138
4298,44139
2734,44140
7245,44141
1827,44142
2738,44143
8591,44144
9877,44145
2223,44146
4062,44147
15297,44148
3075,44149
7745,44150
15298,44151
8011,44152
2745,44153
7751,44154
11486,44155
12059,44156
635,44157
11215,44158
8956,44159
3085,44160
3086,44161
13768,44162
5075,44163
10049,44164
6111,44165
6440,44166
3352,44167
4107,44168
4426,44169
8963,44170
11231,44171
4124,44172
15299,44173
10614,44174
1862,44175
2941,44176
3112,44177
15300,44178
706,44179
719,44180
9646,44181
8051,44182
15301,44183
733,44184
5768,44185
4898,44186
9650,44187
4900,44188
11266,44189
15302,44190
15303,44191
114,44192
10070,44193
8174,44194
789,44195
10076,44196
2322,44197
10084,44198
3857,44199
8709,44200
4932,44201
12089,44202
10089,44203
13904,44204
6470,44205
15304,44206
126,44207
4466,44208
1894,44209
6344,44210
15305,44211
11588,44212
15306,44213
9323,44214
239,44215
14798,44216
13601,44217
12766,44218
15307,44219
14310,44220
2351,44221
14875,44222
11395,44223
9324,44224
10349,44225
15308,44226
5547,44227
878,44228
7435,44229
7033,44230
7805,44231
1574,44232
15309,44233
7630,44234
135,44235
6041,44236
14144,44237
3167,44238
13347,44239
6634,44240
1922,44241
9239,44242
15310,44243
9761,44244
14485,44245
14153,44246
11574,44247
13934,44248
5252,44249
2398,44250
15311,44251
958,44252
5409,44253
15312,44254
15313,44255
2887,44256
4513,44257
990,44258
4516,44259
2890,44260
7065,44261
15314,44262
2427,44263
1017,44264
2020,44265
3638,44266
13753,44267
15315,44268
6158,44269
1044,44270
1046,44271
11769,44272
15316,44273
3203,44274
1072,44275
7834,44276
12477,44277
8856,44278
15317,44279
168,44280
8862,44281
5373,44282
10462,44283
10160,44284
1094,44285
4287,44286
5640,44287
5415,44288
11062,44289
1683,44290
7083,44291
15318,44292
14555,44293
2096,44294
1726,44295
7459,44296
15319,44297
15320,44298
15321,44299
15322,44300
1745,44301
8475,44302
6169,44303
9489,44304
9505,44305
1772,44306
15323,44307
11636,44308
9990,44309
7723,44310
15324,44311
4390,44312
15325,44313
13304,44314
2730,44315
4067,44316
15326,44317
15327,44318
7325,44319
3087,44320
6967,44321
2254,44322
678,44323
6174,44324
4907,44325
13038,44326
11289,44327
15328,44328
7263,44329
10098,44330
4471,44331
3608,44332
15329,44333
10449,44334
1038,44335
269,44336
11665,44337
5453,44338
2031,44339
9393,44340
3214,44341
15330,44342
6612,44343
2034,44344
15331,44345
3876,44346
15332,44347
1187,44348
3473,44349
10249,44350
14857,44351
11066,44352
7862,44353
13270,44354
8390,44355
310,44356
3488,44357
2062,44358
10478,44359
11814,44360
15,44361
1306,44362
12148,44363
6665,44364
349,44365
9069,44366
12924,44367
365,44368
4591,44369
7296,44370
1342,44371
6885,44372
15333,44373
1202,44374
11385,44375
10504,44376
15334,44377
12610,44378
8909,44379
6677,44380
5424,44381
3685,44382
3268,44383
8467,44384
3269,44385
7231,44386
6266,44387
7936,44388
2500,44389
48,44390
3985,44391
9504,44392
3520,44393
15335,44394
1105,44395
199,44396
8512,44397
3047,44398
1793,44399
9875,44400
2208,44401
15336,44402
1215,44403
571,44404
15337,44405
6277,44406
8584,44407
11200,44408
10793,44409
14070,44410
2751,44411
6960,44412
13397,44413
2241,44414
2244,44415
4857,44416
4094,44417
4859,44418
10048,44419
13321,44420
6974,44421
13570,44422
13574,44423
12067,44424
15338,44425
9635,44426
2511,44427
705,44428
8652,44429
6357,44430
8661,44431
1158,44432
15339,44433
7465,44434
2307,44435
785,44436
13900,44437
8691,44438
15340,44439
2830,44440
2337,44441
2337,44442
10091,44443
836,44444
8081,44445
13735,44446
3604,44447
15341,44448
14923,44449
8731,44450
15342,44451
9864,44452
4481,44453
15343,44454
10859,44455
15344,44456
7032,44457
2557,44458
15345,44459
8760,44460
5244,44461
8112,44462
6041,44463
4723,44464
8769,44465
15346,44466
15347,44467
7094,44468
9178,44469
7201,44470
4729,44471
9769,44472
1932,44473
5366,44474
15348,44475
5254,44476
15349,44477
9882,44478
1023,44479
8834,44480
5005,44481
1043,44482
15350,44483
15351,44484
6180,44485
2455,44486
7493,44487
8864,44488
8916,44489
6839,44490
3790,44491
5243,44492
9284,44493
163,44494
8349,44495
15352,44496
10477,44497
10552,44498
2038,44499
9899,44500
289,44501
7858,44502
15353,44503
13120,44504
13120,44505
299,44506
5457,44507
1192,44508
2061,44509
7674,44510
13,44511
3489,44512
1306,44513
2966,44514
1705,44515
10585,44516
3905,44517
15354,44518
334,44519
23,44520
15355,44521
2081,44522
15356,44523
15357,44524
13122,44525
6190,44526
6883,44527
366,44528
7898,44529
28,44530
4594,44531
6382,44532
3673,44533
15358,44534
6389,44535
15359,44536
6823,44537
11576,44538
397,44539
3261,44540
8252,44541
10521,44542
3687,44543
12619,44544
9475,44545
15360,44546
11141,44547
3971,44548
6169,44549
40,44550
3977,44551
10707,44552
451,44553
2151,44554
3006,44555
9498,44556
7235,44557
49,44558
3016,44559
469,44560
15361,44561
8493,44562
480,44563
4633,44564
4633,44565
4633,44566
1772,44567
198,44568
2683,44569
11171,44570
15362,44571
6695,44572
5903,44573
6925,44574
14729,44575
528,44576
4018,44577
6414,44578
2190,44579
15363,44580
73,44581
8939,44582
12872,44583
14738,44584
2927,44585
5210,44586
10840,44587
7140,44588
10025,44589
15364,44590
15364,44591
10417,44592
15365,44593
1838,44594
3568,44595
15366,44596
1458,44597
10944,44598
15367,44599
5075,44600
5748,44601
652,44602
4672,44603
7191,44604
9352,44605
679,44606
15368,44607
14763,44608
4871,44609
7507,44610
15369,44611
706,44612
2791,44613
14767,44614
7113,44615
6611,44616
15370,44617
2297,44618
2805,44619
6847,44620
7465,44621
9115,44622
7423,44623
771,44624
15371,44625
1881,44626
1881,44627
4916,44628
15372,44629
2321,44630
15373,44631
2322,44632
10540,44633
5779,44634
2333,44635
4171,44636
3402,44637
4698,44638
2517,44639
11932,44640
12304,44641
12304,44642
15374,44643
2850,44644
14666,44645
3790,44646
15375,44647
1168,44648
2946,44649
2556,44650
2556,44651
4206,44652
11879,44653
15376,44654
7270,44655
4213,44656
12253,44657
13206,44658
9327,44659
15377,44660
2015,44661
15378,44662
13079,44663
15242,44664
1591,44665
956,44666
15379,44667
7362,44668
962,44669
15380,44670
5142,44671
4987,44672
15381,44673
9800,44674
9800,44675
10975,44676
14246,44677
1942,44678
15382,44679
5565,44680
15383,44681
5109,44682
10639,44683
162,44684
12544,44685
6024,44686
10456,44687
1072,44688
5019,44689
1084,44690
15384,44691
12388,44692
8190,44693
14249,44694
15385,44695
15386,44696
7830,44697
15387,44698
6800,44699
10910,44700
302,44701
15388,44702
6654,44703
1296,44704
15389,44705
13,44706
2065,44707
323,44708
337,44709
8167,44710
5151,44711
7894,44712
2628,44713
365,44714
9937,44715
28,44716
3255,44717
2530,44718
5509,44719
2097,44720
8436,44721
4600,44722
8447,44723
397,44724
3507,44725
7913,44726
8192,44727
3689,44728
2137,44729
441,44730
443,44731
15390,44732
1656,44733
14843,44734
1399,44735
13835,44736
11603,44737
516,44738
2470,44739
14389,44740
3713,44741
3054,44742
12871,44743
6859,44744
11638,44745
1432,44746
13543,44747
2711,44748
5211,44749
10010,44750
3062,44751
581,44752
2724,44753
8003,44754
6712,44755
11206,44756
11722,44757
86,44758
631,44759
632,44760
15391,44761
91,44762
6720,44763
15392,44764
15393,44765
11794,44766
11794,44767
13398,44768
10279,44769
15394,44770
15395,44771
726,44772
15396,44773
7773,44774
4898,44775
5130,44776
4450,44777
6453,44778
4154,44779
15397,44780
3137,44781
14531,44782
15398,44783
15304,44784
2485,44785
10572,44786
839,44787
2341,44788
7469,44789
15399,44790
8732,44791
7486,44792
6631,44793
5799,44794
15400,44795
12776,44796
15401,44797
1250,44798
11940,44799
6634,44800
2391,44801
2870,44802
15402,44803
11765,44804
6639,44805
15403,44806
1048,44807
4735,44808
15404,44809
13759,44810
13098,44811
1066,44812
256,44813
12157,44814
2629,44815
1332,44816
2498,44817
4622,44818
4632,44819
11711,44820
570,44821
570,44822
15405,44823
7416,44824
13018,44825
15406,44826
777,44827
7346,44828
11758,44829
15407,44830
15408,44831
15409,44832
13980,44833
3480,44834
1695,44835
3698,44836
9259,44837
5333,44838
1213,44839
8612,44840
4127,44841
15410,44842
4697,44843
13742,44844
4964,44845
1072,44846
11960,44847
7657,44848
3873,44849
1677,44850
10818,44851
4314,44852
7855,44853
8369,44854
14890,44855
8382,44856
11,44857
179,44858
2051,44859
9911,44860
3235,44861
12867,44862
316,44863
316,44864
9916,44865
13688,44866
9429,44867
6616,44868
12590,44869
7683,44870
9930,44871
1343,44872
6382,44873
7693,44874
2101,44875
9302,44876
15411,44877
1367,44878
15412,44879
9482,44880
3002,44881
6903,44882
6904,44883
15413,44884
44,44885
8922,44886
464,44887
464,44888
6395,44889
5698,44890
5698,44891
475,44892
12006,44893
12496,44894
486,44895
15414,44896
8512,44897
15415,44898
15416,44899
15417,44900
9533,44901
7411,44902
518,44903
3304,44904
15418,44905
8546,44906
15419,44907
2707,44908
2717,44909
6788,44910
5212,44911
14868,44912
1819,44913
2726,44914
6558,44915
15420,44916
3068,44917
5733,44918
84,44919
13555,44920
7746,44921
1458,44922
4422,44923
12235,44924
11488,44925
4099,44926
658,44927
2761,44928
15421,44929
14762,44930
4119,44931
15422,44932
6983,44933
6115,44934
10847,44935
8667,44936
4898,44937
1158,44938
11649,44939
11649,44940
4146,44941
10286,44942
15423,44943
4913,44944
2315,44945
6629,44946
6339,44947
2330,44948
6470,44949
8717,44950
8084,44951
2002,44952
15424,44953
5545,44954
8993,44955
2849,44956
1556,44957
4202,44958
11326,44959
15425,44960
5994,44961
15426,44962
10965,44963
3801,44964
15427,44965
15428,44966
14144,44967
14808,44968
8771,44969
7437,44970
10234,44971
15429,44972
4504,44973
7061,44974
993,44975
1008,44976
7645,44977
5820,44978
8148,44979
1036,44980
15430,44981
6774,44982
8840,44983
4270,44984
15431,44985
12544,44986
7076,44987
2450,44988
12139,44989
9288,44990
14908,44991
14908,44992
5452,44993
2024,44994
3456,44995
12270,44996
12272,44997
15432,44998
8166,44999
2461,45000
11947,45001
1095,45002
5640,45003
15433,45004
9153,45005
10788,45006
6680,45007
4648,45008
15434,45009
15435,45010
15436,45011
7266,45012
7439,45013
4534,45014
3866,45015
15437,45016
173,45017
9291,45018
9291,45019
9401,45020
9401,45021
9401,45022
9401,45023
9401,45024
15438,45025
11597,45026
7284,45027
13975,45028
12388,45029
12388,45030
12388,45031
15439,45032
3223,45033
3223,45034
3223,45035
2038,45036
8890,45037
8373,45038
11965,45039
1126,45040
5652,45041
179,45042
179,45043
15137,45044
8896,45045
15440,45046
15441,45047
3899,45048
3899,45049
7390,45050
306,45051
15442,45052
1693,45053
310,45054
310,45055
1699,45056
2602,45057
15443,45058
6321,45059
7876,45060
9428,45061
15444,45062
10699,45063
8187,45064
3663,45065
15445,45066
13803,45067
8412,45068
15446,45069
1962,45070
3668,45071
11977,45072
8420,45073
2628,45074
1332,45075
11099,45076
3496,45077
1336,45078
12599,45079
2983,45080
28,45081
28,45082
6669,45083
8431,45084
8432,45085
9453,45086
2102,45087
5679,45088
2106,45089
6385,45090
6385,45091
15447,45092
12608,45093
15448,45094
15449,45095
1969,45096
14917,45097
15450,45098
404,45099
1362,45100
3680,45101
3507,45102
408,45103
8463,45104
8463,45105
412,45106
1204,45107
15451,45108
1741,45109
7921,45110
10590,45111
419,45112
9962,45113
10321,45114
1369,45115
13513,45116
3967,45117
13657,45118
9219,45119
2660,45120
471,45121
472,45122
5887,45123
5887,45124
15452,45125
15453,45126
2669,45127
13436,45128
1400,45129
3029,45130
15454,45131
13832,45132
4370,45133
2681,45134
5159,45135
14726,45136
15455,45137
14728,45138
2688,45139
1419,45140
7720,45141
1420,45142
12427,45143
6087,45144
15456,45145
70,45146
8542,45147
5209,45148
3317,45149
1797,45150
7729,45151
8553,45152
207,45153
4831,45154
3552,45155
3322,45156
6094,45157
6094,45158
2708,45159
3325,45160
583,45161
6706,45162
9387,45163
15457,45164
5602,45165
8002,45166
14749,45167
15458,45168
85,45169
12507,45170
4658,45171
4659,45172
14064,45173
7452,45174
4063,45175
6280,45176
12684,45177
1843,45178
15459,45179
629,45180
2237,45181
636,45182
3082,45183
8016,45184
14754,45185
1146,45186
4088,45187
15460,45188
15461,45189
1221,45190
15462,45191
4102,45192
14760,45193
15463,45194
2259,45195
10224,45196
11569,45197
220,45198
4433,45199
701,45200
12860,45201
10061,45202
1659,45203
3855,45204
706,45205
2791,45206
2794,45207
15464,45208
7768,45209
13249,45210
15465,45211
721,45212
12369,45213
723,45214
1494,45215
6728,45216
10227,45217
4891,45218
4892,45219
4892,45220
5958,45221
1113,45222
15466,45223
13729,45224
15045,45225
15045,45226
6449,45227
15047,45228
10066,45229
10066,45230
8682,45231
14110,45232
1508,45233
8684,45234
2308,45235
3773,45236
6460,45237
1236,45238
12748,45239
12748,45240
9671,45241
6177,45242
15467,45243
5230,45244
1999,45245
15468,45246
6740,45247
8710,45248
4464,45249
4932,45250
125,45251
13048,45252
15469,45253
11586,45254
3401,45255
15470,45256
2841,45257
2841,45258
10288,45259
8715,45260
5783,45261
835,45262
837,45263
15471,45264
4183,45265
2847,45266
15472,45267
15473,45268
15473,45269
8090,45270
3410,45271
8745,45272
5351,45273
872,45274
14799,45275
880,45276
15474,45277
7808,45278
2012,45279
9737,45280
10548,45281
5995,45282
2375,45283
15475,45284
11033,45285
5998,45286
9126,45287
8776,45288
6763,45289
15476,45290
15477,45291
12886,45292
11340,45293
15478,45294
4729,45295
15479,45296
949,45297
2392,45298
3810,45299
15480,45300
6491,45301
6491,45302
8136,45303
6155,45304
13212,45305
6011,45306
3187,45307
7065,45308
15481,45309
3817,45310
13626,45311
1016,45312
2892,45313
3195,45314
11360,45315
14183,45316
14183,45317
11361,45318
10142,45319
1622,45320
14826,45321
15482,45322
12383,45323
15483,45324
15484,45325
5015,45326
13365,45327
9241,45328
12192,45329
12821,45330
12141,45331
6355,45332
11660,45333
15485,45334
1262,45335
2457,45336
15486,45337
2458,45338
15487,45339
7653,45340
15488,45341
2568,45342
9837,45343
5269,45344
13256,45345
9479,45346
9577,45347
6628,45348
14416,45349
268,45350
269,45351
269,45352
13382,45353
8352,45354
7659,45355
1956,45356
2573,45357
3223,45358
2038,45359
3884,45360
5840,45361
7382,45362
15489,45363
14420,45364
4575,45365
15490,45366
9907,45367
1688,45368
11965,45369
6873,45370
10394,45371
179,45372
2054,45373
12,45374
12,45375
15491,45376
6609,45377
11838,45378
3238,45379
11622,45380
2064,45381
323,45382
324,45383
3905,45384
3905,45385
5852,45386
2526,45387
1311,45388
7677,45389
330,45390
5666,45391
6880,45392
6880,45393
12590,45394
15492,45395
8411,45396
15493,45397
2085,45398
1716,45399
2979,45400
365,45401
2093,45402
3930,45403
12601,45404
372,45405
373,45406
1344,45407
377,45408
6886,45409
9454,45410
1202,45411
8435,45412
1727,45413
8438,45414
1728,45415
6385,45416
6385,45417
9459,45418
2639,45419
6386,45420
12607,45421
15494,45422
10753,45423
400,45424
11683,45425
2124,45426
9872,45427
11630,45428
11131,45429
11131,45430
6196,45431
11688,45432
11688,45433
2532,45434
15495,45435
431,45436
15496,45437
3691,45438
15497,45439
12217,45440
1751,45441
7134,45442
5056,45443
10323,45444
450,45445
3515,45446
2148,45447
2148,45448
453,45449
457,45450
1386,45451
46,45452
12960,45453
50,45454
8490,45455
9502,45456
3517,45457
2534,45458
5889,45459
15498,45460
15498,45461
9221,45462
4811,45463
3290,45464
7949,45465
3291,45466
11566,45467
7182,45468
10325,45469
1105,45470
12397,45471
13659,45472
11474,45473
7308,45474
4374,45475
3038,45476
15499,45477
15500,45478
15501,45479
11603,45480
12398,45481
13293,45482
9157,45483
3533,45484
3043,45485
515,45486
517,45487
15502,45488
521,45489
8531,45490
4386,45491
2184,45492
15503,45493
68,45494
1423,45495
3546,45496
11480,45497
11391,45498
3318,45499
10000,45500
2199,45501
15504,45502
3319,45503
3057,45504
1106,45505
558,45506
15505,45507
1983,45508
577,45509
577,45510
580,45511
582,45512
1218,45513
15506,45514
15507,45515
12292,45516
12292,45517
3723,45518
9577,45519
9577,45520
8278,45521
6706,45522
2725,45523
7140,45524
6815,45525
3335,45526
4653,45527
84,45528
2730,45529
3336,45530
604,45531
607,45532
215,45533
4846,45534
13556,45535
15508,45536
8009,45537
15509,45538
625,45539
11207,45540
15016,45541
12684,45542
13869,45543
13871,45544
15510,45545
634,45546
3570,45547
635,45548
636,45549
4422,45550
89,45551
15511,45552
3345,45553
640,45554
91,45555
2243,45556
646,45557
10610,45558
4091,45559
4091,45560
10047,45561
2254,45562
15512,45563
663,45564
663,45565
663,45566
2760,45567
4105,45568
3352,45569
8209,45570
4426,45571
674,45572
10722,45573
4109,45574
8342,45575
12707,45576
5399,45577
4674,45578
3101,45579
15513,45580
6442,45581
8650,45582
5948,45583
3115,45584
9110,45585
2792,45586
8972,45587
8972,45588
2797,45589
1868,45590
726,45591
15514,45592
2293,45593
15515,45594
2295,45595
1873,45596
6577,45597
8669,45598
747,45599
15516,45600
1996,45601
1996,45602
6998,45603
756,45604
9652,45605
2302,45606
3379,45607
1159,45608
777,45609
6128,45610
2819,45611
3133,45612
1233,45613
8689,45614
15517,45615
1516,45616
8069,45617
9665,45618
3774,45619
7617,45620
7618,45621
14116,45622
5087,45623
117,45624
7341,45625
4167,45626
14117,45627
4695,45628
3395,45629
125,45630
125,45631
3397,45632
12527,45633
10958,45634
4173,45635
1531,45636
5785,45637
15518,45638
4937,45639
2846,45640
2846,45641
15519,45642
8222,45643
8223,45644
15201,45645
4469,45646
15520,45647
857,45648
13408,45649
859,45650
12437,45651
8090,45652
10963,45653
7348,45654
13057,45655
871,45656
1564,45657
3612,45658
10546,45659
3158,45660
7352,45661
10736,45662
4207,45663
9210,45664
5243,45665
15521,45666
895,45667
15522,45668
1249,45669
15523,45670
9739,45671
15524,45672
8775,45673
919,45674
9282,45675
9282,45676
15525,45677
6243,45678
15526,45679
15526,45680
15527,45681
15528,45682
4236,45683
7490,45684
15529,45685
9766,45686
2394,45687
950,45688
14641,45689
15530,45690
2887,45691
5178,45692
7824,45693
3186,45694
2421,45695
9795,45696
8815,45697
3815,45698
15531,45699
15532,45700
1028,45701
8150,45702
7829,45703
12809,45704
1060,45705
1061,45706
10640,45707
1261,45708
7558,45709
1068,45710
4532,45711
8852,45712
10748,45713
1946,45714
1072,45715
2450,45716
5266,45717
12476,45718
12476,45719
2452,45720
1641,45721
3452,45722
6318,45723
10642,45724
2454,45725
3827,45726
2455,45727
3456,45728
1177,45729
2912,45730
7837,45731
9290,45732
12314,45733
2457,45734
2026,45735
11377,45736
4738,45737
2523,45738
1948,45739
2567,45740
2567,45741
15533,45742
4739,45743
2918,45744
2460,45745
1098,45746
5113,45747
15534,45748
3236,45749
13275,45750
10212,45751
3678,45752
412,45753
5517,45754
15535,45755
5896,45756
15536,45757
5330,45758
8560,45759
15537,45760
1850,45761
685,45762
10060,45763
726,45764
4162,45765
14438,45766
8112,45767
9282,45768
14492,45769
15538,45770
7447,45771
15539,45772
2955,45773
2061,45774
13488,45775
11103,45776
7693,45777
541,45778
13001,45779
5610,45780
2772,45781
1859,45782
1476,45783
15540,45784
11267,45785
15541,45786
2349,45787
8178,45788
14518,45789
15481,45790
8144,45791
10158,45792
1801,45793
8882,45794
7380,45795
12563,45796
15132,45797
5644,45798
6867,45799
6867,45800
3228,45801
6055,45802
178,45803
2048,45804
11621,45805
15542,45806
3660,45807
5851,45808
11908,45809
2086,45810
2087,45811
2530,45812
2530,45813
12486,45814
15543,45815
6074,45816
12943,45817
1369,45818
1134,45819
5316,45820
8920,45821
2141,45822
5118,45823
12957,45824
13826,45825
5322,45826
50,45827
15544,45828
3034,45829
13835,45830
6924,45831
2692,45832
528,45833
2185,45834
2697,45835
12982,45836
9875,45837
13296,45838
13296,45839
8940,45840
206,45841
1433,45842
2707,45843
566,45844
8566,45845
9350,45846
14591,45847
8006,45848
3726,45849
8609,45850
8955,45851
15545,45852
8025,45853
674,45854
10723,45855
8042,45856
8970,45857
5166,45858
13583,45859
9170,45860
15546,45861
7778,45862
1661,45863
15547,45864
15548,45865
785,45866
8072,45867
4928,45868
12754,45869
6849,45870
9049,45871
3406,45872
1544,45873
10434,45874
15549,45875
5623,45876
10901,45877
15550,45878
7346,45879
11313,45880
6590,45881
6306,45882
9006,45883
15551,45884
6000,45885
944,45886
15552,45887
950,45888
15553,45889
12475,45890
1597,45891
4509,45892
8148,45893
8148,45894
3193,45895
1042,45896
11797,45897
158,45898
15554,45899
13643,45900
5266,45901
1641,45902
7079,45903
15555,45904
6805,45905
34,45906
6254,45907
10524,45908
660,45909
735,45910
7610,45911
7610,45912
11282,45913
4975,45914
15556,45915
12387,45916
12155,45917
15557,45918
15558,45919
11967,45920
2976,45921
8422,45922
1349,45923
12619,45924
2134,45925
15559,45926
15560,45927
5323,45928
4022,45929
3716,45930
12553,45931
12319,45932
2726,45933
11481,45934
15561,45935
6425,45936
15562,45937
15563,45938
2745,45939
2749,45940
14234,45941
11863,45942
12707,45943
13725,45944
9110,45945
2802,45946
8979,45947
12081,45948
835,45949
10349,45950
2375,45951
4220,45952
15564,45953
14147,45954
15565,45955
6763,45956
8796,45957
6149,45958
2885,45959
10633,45960
7063,45961
15566,45962
15567,45963
4275,45964
10746,45965
5266,45966
15568,45967
3645,45968
1084,45969
1947,45970
1649,45971
12060,45972
15569,45973
11448,45974
15570,45975
15571,45976
12561,45977
4743,45978
4744,45979
2930,45980
6165,45981
15572,45982
4566,45983
3870,45984
9394,45985
15573,45986
3471,45987
6612,45988
15574,45989
15575,45990
15576,45991
15132,45992
11597,45993
3224,45994
3224,45995
3224,45996
2038,45997
7478,45998
2931,45999
5837,46000
284,46001
9899,46002
3476,46003
2580,46004
15577,46005
6166,46006
11669,46007
14890,46008
14943,46009
8236,46010
1188,46011
3478,46012
10210,46013
15578,46014
5843,46015
15579,46016
7861,46017
7288,46018
7288,46019
4757,46020
7863,46021
15580,46022
2588,46023
179,46024
3655,46025
8386,46026
301,46027
1290,46028
5384,46029
2052,46030
13794,46031
13794,46032
5847,46033
2595,46034
2055,46035
15581,46036
310,46037
2058,46038
15582,46039
315,46040
5417,46041
5038,46042
10821,46043
13,46044
13,46045
318,46046
14948,46047
15583,46048
323,46049
323,46050
324,46051
324,46052
325,46053
2966,46054
11839,46055
13431,46056
13431,46057
3905,46058
3905,46059
2612,46060
1310,46061
4764,46062
9920,46063
9920,46064
2968,46065
7394,46066
3466,46067
6661,46068
6804,46069
11084,46070
13234,46071
15584,46072
2615,46073
2615,46074
12917,46075
13494,46076
12449,46077
341,46078
341,46079
6664,46080
15224,46081
3246,46082
5151,46083
15585,46084
13497,46085
14691,46086
2621,46087
7293,46088
3248,46089
13999,46090
12594,46091
9439,46092
3917,46093
1198,46094
14555,46095
15586,46096
9932,46097
185,46098
2627,46099
2979,46100
3923,46101
2630,46102
7575,46103
2087,46104
1333,46105
27,46106
15587,46107
4336,46108
3927,46109
367,46110
9938,46111
12599,46112
7184,46113
28,46114
2096,46115
372,46116
4783,46117
4783,46118
4783,46119
14007,46120
3673,46121
6617,46122
15588,46123
4597,46124
3500,46125
5045,46126
9456,46127
15589,46128
8436,46129
14010,46130
3256,46131
8907,46132
9845,46133
7905,46134
5580,46135
5580,46136
186,46137
4340,46138
15590,46139
9458,46140
9459,46141
8446,46142
8448,46143
8448,46144
390,46145
5869,46146
13811,46147
12941,46148
11576,46149
10212,46150
13124,46151
9077,46152
14701,46153
402,46154
11683,46155
15591,46156
10213,46157
1363,46158
6529,46159
6676,46160
406,46161
407,46162
3683,46163
4344,46164
9253,46165
9955,46166
12421,46167
6678,46168
1365,46169
2466,46170
2994,46171
4347,46172
35,46173
417,46174
417,46175
5425,46176
1367,46177
1367,46178
9034,46179
9964,46180
11139,46181
11692,46182
5280,46183
11694,46184
9480,46185
8919,46186
12552,46187
261,46188
15592,46189
440,46190
441,46191
12217,46192
3275,46193
8476,46194
12218,46195
12218,46196
7930,46197
10928,46198
15593,46199
3004,46200
10323,46201
1378,46202
41,46203
2148,46204
2148,46205
12004,46206
12004,46207
7303,46208
1762,46209
456,46210
5058,46211
13126,46212
12287,46213
9498,46214
2657,46215
2657,46216
6078,46217
48,46218
6395,46219
12960,46220
3282,46221
467,46222
1765,46223
9499,46224
6079,46225
7943,46226
3983,46227
471,46228
1102,46229
1102,46230
473,46231
15594,46232
3018,46233
2662,46234
3986,46235
1390,46236
478,46237
8923,46238
15595,46239
14894,46240
1392,46241
12010,46242
2163,46243
14031,46244
1769,46245
5890,46246
3523,46247
3523,46248
15596,46249
488,46250
6916,46251
489,46252
10931,46253
1402,46254
13529,46255
5203,46256
5203,46257
7182,46258
7713,46259
494,46260
15597,46261
5284,46262
15598,46263
9522,46264
10769,46265
15599,46266
15600,46267
502,46268
11701,46269
15601,46270
11168,46271
7954,46272
7954,46273
7954,46274
2535,46275
15602,46276
13838,46277
15603,46278
2683,46279
14726,46280
14726,46281
15604,46282
7239,46283
15605,46284
12643,46285
3302,46286
3302,46287
65,46288
4639,46289
1784,46290
7591,46291
15606,46292
5062,46293
3538,46294
3539,46295
5429,46296
4388,46297
9993,46298
12228,46299
15256,46300
7188,46301
539,46302
539,46303
539,46304
70,46305
15363,46306
15607,46307
5519,46308
10713,46309
6549,46310
3548,46311
15608,46312
11710,46313
4025,46314
546,46315
13241,46316
8169,46317
9555,46318
3318,46319
10000,46320
4028,46321
4028,46322
13853,46323
262,46324
207,46325
1106,46326
551,46327
7596,46328
9562,46329
6211,46330
208,46331
1429,46332
2205,46333
2205,46334
12033,46335
3322,46336
1804,46337
14738,46338
1807,46339
557,46340
1433,46341
1433,46342
1434,46343
14050,46344
1215,46345
7987,46346
6037,46347
2707,46348
2707,46349
2210,46350
567,46351
567,46352
12506,46353
80,46354
6212,46355
2713,46356
6813,46357
2717,46358
2717,46359
6788,46360
7321,46361
577,46362
11716,46363
4048,46364
3330,46365
6214,46366
6214,46367
9575,46368
4840,46369
2723,46370
593,46371
595,46372
3557,46373
9387,46374
1820,46375
1821,46376
2726,46377
2726,46378
6329,46379
4844,46380
3334,46381
3334,46382
9581,46383
3067,46384
599,46385
8944,46386
84,46387
84,46388
4056,46389
9096,46390
8588,46391
8588,46392
3070,46393
601,46394
12671,46395
15609,46396
604,46397
605,46398
607,46399
2223,46400
2223,46401
15610,46402
15610,46403
13177,46404
5737,46405
3074,46406
9860,46407
5738,46408
619,46409
14233,46410
7416,46411
2745,46412
8605,46413
7325,46414
626,46415
6714,46416
15017,46417
15611,46418
11209,46419
86,46420
1845,46421
1845,46422
14435,46423
635,46424
4080,46425
4080,46426
3080,46427
13004,46428
3345,46429
6434,46430
4856,46431
7190,46432
5165,46433
5165,46434
6218,46435
15612,46436
5746,46437
7248,46438
93,46439
6437,46440
652,46441
653,46442
5076,46443
3091,46444
656,46445
5938,46446
15613,46447
8625,46448
6973,46449
9230,46450
15614,46451
663,46452
12703,46453
5752,46454
2264,46455
15615,46456
4109,46457
8962,46458
8342,46459
14292,46460
10337,46461
2771,46462
6332,46463
1476,46464
4113,46465
5217,46466
8033,46467
1477,46468
15616,46469
3102,46470
3364,46471
689,46472
11233,46473
3366,46474
6220,46475
5475,46476
1861,46477
15617,46478
2276,46479
2277,46480
4430,46481
699,46482
15299,46483
6986,46484
15618,46485
8644,46486
8644,46487
15032,46488
12718,46489
11423,46490
8648,46491
2941,46492
5950,46493
2787,46494
2788,46495
13143,46496
3113,46497
2790,46498
15619,46499
1864,46500
15620,46501
4886,46502
4677,46503
14341,46504
15621,46505
1865,46506
11868,46507
11868,46508
11868,46509
9110,46510
8970,46511
4131,46512
9644,46513
6575,46514
8049,46515
15042,46516
1112,46517
1112,46518
15622,46519
15623,46520
12241,46521
10424,46522
15624,46523
731,46524
15625,46525
2293,46526
734,46527
2294,46528
12727,46529
7252,46530
4443,46531
3376,46532
6995,46533
12728,46534
743,46535
8675,46536
15626,46537
15540,46538
4900,46539
3128,46540
15627,46541
6999,46542
5616,46543
5616,46544
12434,46545
2813,46546
1507,46547
3770,46548
15628,46549
777,46550
2309,46551
6735,46552
2817,46553
2818,46554
2819,46555
4558,46556
4917,46557
8065,46558
7005,46559
3137,46560
3138,46561
6131,46562
788,46563
789,46564
5168,46565
10953,46566
15629,46567
1234,46568
792,46569
3774,46570
7617,46571
9666,46572
8304,46573
14779,46574
2318,46575
8696,46576
797,46577
15630,46578
116,46579
5131,46580
4159,46581
3597,46582
799,46583
15373,46584
15631,46585
3141,46586
801,46587
802,46588
15632,46589
12853,46590
15467,46591
807,46592
3857,46593
3857,46594
9279,46595
8712,46596
3396,46597
2834,46598
9119,46599
15633,46600
5232,46601
6584,46602
3778,46603
824,46604
4170,46605
4172,46606
2842,46607
2337,46608
13733,46609
15634,46610
1895,46611
1536,46612
3601,46613
6139,46614
15635,46615
13734,46616
4937,46617
6471,46618
6748,46619
8082,46620
8082,46621
15066,46622
7430,46623
15636,46624
15636,46625
1543,46626
3785,46627
15637,46628
14794,46629
12097,46630
10434,46631
3786,46632
4941,46633
237,46634
237,46635
1551,46636
2346,46637
8089,46638
4197,46639
6144,46640
11443,46641
2851,46642
2851,46643
15070,46644
11653,46645
14310,46646
7115,46647
2854,46648
11314,46649
12472,46650
8997,46651
3793,46652
15638,46653
15639,46654
15639,46655
1905,46656
884,46657
12103,46658
2859,46659
7802,46660
15640,46661
11030,46662
8750,46663
888,46664
3796,46665
15641,46666
5243,46667
15642,46668
1115,46669
5139,46670
14502,46671
4956,46672
4487,46673
898,46674
15643,46675
15643,46676
14140,46677
5488,46678
4215,46679
4215,46680
902,46681
14143,46682
5245,46683
9880,46684
4219,46685
3165,46686
11615,46687
12779,46688
1917,46689
12781,46690
8767,46691
11033,46692
10440,46693
15551,46694
10245,46695
10357,46696
139,46697
4223,46698
4223,46699
15644,46700
14483,46701
4304,46702
4304,46703
15645,46704
15645,46705
919,46706
4966,46707
7044,46708
920,46709
1922,46710
7094,46711
3170,46712
9327,46713
7045,46714
9009,46715
1927,46716
9239,46717
6594,46718
8783,46719
8319,46720
3625,46721
14820,46722
937,46723
937,46724
939,46725
7274,46726
15646,46727
7055,46728
8794,46729
10740,46730
949,46731
949,46732
949,46733
15647,46734
13748,46735
11614,46736
9770,46737
10444,46738
10444,46739
6486,46740
4506,46741
4506,46742
1932,46743
956,46744
10268,46745
2876,46746
4243,46747
7362,46748
8804,46749
6007,46750
5366,46751
1934,46752
8806,46753
15648,46754
7821,46755
7202,46756
7202,46757
7276,46758
253,46759
991,46760
993,46761
3433,46762
4518,46763
6600,46764
1610,46765
1009,46766
5561,46767
3862,46768
11433,46769
14321,46770
14321,46771
14321,46772
3193,46773
1017,46774
4262,46775
1616,46776
8834,46777
1620,46778
1035,46779
5006,46780
1038,46781
1622,46782
13629,46783
2435,46784
10876,46785
15649,46786
1044,46787
14246,46788
1045,46789
14853,46790
9816,46791
1051,46792
15650,46793
9240,46794
13633,46795
15651,46796
15652,46797
13634,46798
15653,46799
3445,46800
13636,46801
13224,46802
15654,46803
11525,46804
3822,46805
15655,46806
3642,46807
4278,46808
256,46809
15656,46810
10456,46811
6505,46812
6505,46813
9832,46814
7834,46815
14882,46816
14882,46817
6181,46818
15657,46819
13227,46820
15317,46821
4536,46822
7837,46823
15658,46824
7179,46825
167,46826
8161,46827
3457,46828
13107,46829
7448,46830
15659,46831
15660,46832
2567,46833
7654,46834
5831,46835
5375,46836
15661,46837
259,46838
4290,46839
15662,46840
179,46841
11968,46842
365,46843
367,46844
6785,46845
11111,46846
14861,46847
15663,46848
472,46849
6549,46850
6701,46851
4027,46852
15664,46853
9162,46854
1985,46855
6099,46856
601,46857
8005,46858
619,46859
15665,46860
1844,46861
11219,46862
709,46863
8049,46864
3125,46865
8977,46866
4151,46867
15666,46868
801,46869
2484,46870
15667,46871
15668,46872
5098,46873
15669,46874
2881,46875
4516,46876
7829,46877
8864,46878
1949,46879
15670,46880
3213,46881
11958,46882
2951,46883
8353,46884
175,46885
15671,46886
4573,46887
15672,46888
9418,46889
7863,46890
12280,46891
2061,46892
1699,46893
1701,46894
10585,46895
15673,46896
15224,46897
366,46898
10883,46899
8436,46900
2638,46901
5872,46902
190,46903
8458,46904
15412,46905
15150,46906
2134,46907
442,46908
1375,46909
40,46910
2649,46911
15155,46912
4361,46913
4629,46914
5887,46915
4632,46916
8495,46917
5702,46918
15674,46919
15675,46920
9516,46921
1209,46922
3708,46923
515,46924
5497,46925
13660,46926
13296,46927
8549,46928
1213,46929
15676,46930
5394,46931
4652,46932
9583,46933
15677,46934
643,46935
676,46936
11568,46937
679,46938
1480,46939
3752,46940
11238,46941
5290,46942
720,46943
8665,46944
4898,46945
15678,46946
10229,46947
4930,46948
15679,46949
819,46950
2335,46951
846,46952
15520,46953
5623,46954
15680,46955
4949,46956
8753,46957
4962,46958
14349,46959
914,46960
5810,46961
5812,46962
1926,46963
9011,46964
937,46965
7060,46966
13085,46967
2419,46968
1613,46969
7443,46970
8843,46971
8844,46972
168,46973
15681,46974
15682,46975
3262,46976
11179,46977
4032,46978
15683,46979
14622,46980
8181,46981
4744,46982
4565,46983
14253,46984
3870,46985
15684,46986
11046,46987
14935,46988
6612,46989
6359,46990
6359,46991
4311,46992
14886,46993
279,46994
15685,46995
287,46996
13789,46997
2579,46998
15534,46999
1688,47000
5034,47001
15686,47002
1191,47003
15687,47004
4758,47005
15688,47006
15689,47007
2052,47008
5457,47009
8390,47010
2053,47011
2055,47012
306,47013
1299,47014
10821,47015
12584,47016
6655,47017
2605,47018
2065,47019
324,47020
13234,47021
15140,47022
15140,47023
1127,47024
1319,47025
1709,47026
341,47027
15690,47028
12354,47029
10881,47030
5188,47031
15691,47032
15692,47033
4332,47034
11097,47035
8870,47036
8870,47037
2630,47038
15693,47039
1199,47040
3497,47041
367,47042
367,47043
4591,47044
12355,47045
6885,47046
6785,47047
7693,47048
1202,47049
15694,47050
4341,47051
11129,47052
15695,47053
15696,47054
9474,47055
15697,47056
2532,47057
11141,47058
12621,47059
15698,47060
12952,47061
2137,47062
15592,47063
3273,47064
6904,47065
40,47066
7231,47067
9488,47068
42,47069
4801,47070
3694,47071
12959,47072
9219,47073
464,47074
47,47075
3014,47076
1766,47077
9505,47078
1769,47079
15699,47080
3525,47081
1137,47082
15675,47083
3292,47084
15700,47085
1104,47086
6269,47087
8505,47088
11699,47089
15701,47090
62,47091
8521,47092
63,47093
5593,47094
12500,47095
8936,47096
65,47097
15702,47098
2186,47099
15703,47100
4018,47101
539,47102
3714,47103
5430,47104
6273,47105
8272,47106
13241,47107
3057,47108
2205,47109
1804,47110
5393,47111
1436,47112
1216,47113
4835,47114
7138,47115
583,47116
4840,47117
2723,47118
1821,47119
2726,47120
5731,47121
7140,47122
599,47123
1987,47124
15537,47125
7213,47126
6562,47127
619,47128
619,47129
8009,47130
7106,47131
15704,47132
13395,47133
2748,47134
9608,47135
6103,47136
1845,47137
8017,47138
15705,47139
7419,47140
11221,47141
15184,47142
6109,47143
3093,47144
659,47145
661,47146
662,47147
15706,47148
15128,47149
4866,47150
1475,47151
10950,47152
2776,47153
15707,47154
2273,47155
12713,47156
6114,47157
6987,47158
1489,47159
14403,47160
2284,47161
15708,47162
4135,47163
15709,47164
723,47165
727,47166
727,47167
1228,47168
15339,47169
12730,47170
760,47171
15627,47172
7612,47173
7612,47174
12080,47175
3130,47176
5533,47177
2308,47178
6130,47179
785,47180
1515,47181
1516,47182
9276,47183
9664,47184
7547,47185
5971,47186
14344,47187
6460,47188
12853,47189
15710,47190
15711,47191
15712,47192
122,47193
7170,47194
2332,47195
15713,47196
172,47197
15714,47198
15715,47199
2846,47200
4698,47201
4698,47202
4698,47203
4698,47204
7469,47205
15067,47206
4701,47207
15306,47208
9696,47209
15201,47210
14308,47211
8993,47212
11570,47213
6239,47214
15716,47215
15717,47216
239,47217
3609,47218
7350,47219
872,47220
4480,47221
1168,47222
7351,47223
883,47224
244,47225
15718,47226
5242,47227
11755,47228
15719,47229
12251,47230
4211,47231
896,47232
4716,47233
1913,47234
9739,47235
12883,47236
3165,47237
137,47238
917,47239
15645,47240
919,47241
13613,47242
12343,47243
3425,47244
949,47245
10869,47246
15720,47247
15721,47248
2878,47249
15722,47250
10782,47251
12122,47252
4989,47253
15723,47254
4250,47255
8138,47256
1254,47257
993,47258
11890,47259
5560,47260
152,47261
15212,47262
4995,47263
2427,47264
154,47265
9803,47266
5822,47267
4526,47268
11435,47269
11656,47270
3199,47271
15724,47272
8838,47273
15725,47274
11593,47275
3444,47276
8152,47277
15726,47278
6024,47279
10456,47280
1071,47281
6180,47282
7515,47283
1642,47284
6318,47285
3453,47286
8160,47287
3829,47288
7837,47289
10155,47290
10155,47291
9835,47292
3461,47293
3211,47294
3211,47295
1097,47296
13951,47297
1126,47298
23,47299
661,47300
9202,47301
2301,47302
11741,47303
14212,47304
10859,47305
8766,47306
10445,47307
15727,47308
15728,47309
3471,47310
10515,47311
15729,47312
5454,47313
5454,47314
5454,47315
5454,47316
11063,47317
7863,47318
3233,47319
15730,47320
324,47321
6659,47322
4766,47323
15731,47324
4769,47325
1710,47326
14960,47327
15732,47328
8188,47329
367,47330
7399,47331
8431,47332
12605,47333
15733,47334
3258,47335
9466,47336
9345,47337
427,47338
427,47339
7534,47340
8480,47341
5696,47342
1764,47343
11470,47344
2167,47345
4638,47346
8270,47347
519,47348
12166,47349
9543,47350
207,47351
7319,47352
5380,47353
8581,47354
15734,47355
610,47356
610,47357
610,47358
610,47359
2755,47360
6841,47361
15735,47362
10722,47363
2266,47364
2270,47365
15736,47366
9635,47367
15737,47368
11280,47369
3148,47370
6300,47371
10901,47372
5811,47373
6634,47374
8121,47375
926,47376
6242,47377
15738,47378
10632,47379
8793,47380
13355,47381
4997,47382
8823,47383
15231,47384
5003,47385
15739,47386
15739,47387
15218,47388
3447,47389
15740,47390
2453,47391
15741,47392
10645,47393
13151,47394
11978,47395
13816,47396
11602,47397
11296,47398
878,47399
9880,47400
12786,47401
15742,47402
3194,47403
14246,47404
267,47405
1270,47406
9291,47407
15743,47408
12567,47409
7851,47410
11963,47411
6055,47412
6871,47413
2959,47414
10313,47415
4324,47416
5667,47417
8411,47418
4771,47419
7525,47420
8421,47421
365,47422
8426,47423
3927,47424
375,47425
377,47426
15744,47427
15745,47428
9963,47429
1369,47430
2140,47431
47,47432
48,47433
1392,47434
4808,47435
11566,47436
3029,47437
495,47438
11603,47439
1142,47440
15746,47441
262,47442
1657,47443
3059,47444
564,47445
15747,47446
1821,47447
2729,47448
8605,47449
15748,47450
13564,47451
8015,47452
6436,47453
13570,47454
3359,47455
15749,47456
9110,47457
2797,47458
108,47459
739,47460
13897,47461
13027,47462
754,47463
2299,47464
15750,47465
782,47466
4156,47467
4156,47468
4156,47469
1514,47470
15751,47471
119,47472
9674,47473
10231,47474
8717,47475
4188,47476
3781,47477
15752,47478
9706,47479
2854,47480
1560,47481
12472,47482
878,47483
10676,47484
10351,47485
10351,47486
15753,47487
15754,47488
4219,47489
9356,47490
5248,47491
3169,47492
8792,47493
946,47494
15755,47495
12887,47496
1012,47497
8825,47498
9333,47499
1670,47500
3822,47501
3822,47502
3822,47503
3822,47504
3822,47505
3822,47506
3822,47507
3822,47508
3822,47509
3822,47510
3822,47511
3822,47512
1068,47513
4535,47514
15756,47515
15757,47516
11533,47517
15758,47518
9148,47519
9391,47520
15759,47521
13785,47522
275,47523
14940,47524
7384,47525
4756,47526
1126,47527
6873,47528
15760,47529
10685,47530
2598,47531
15491,47532
5578,47533
5658,47534
2965,47535
1305,47536
15761,47537
2610,47538
15762,47539
2971,47540
3663,47541
8417,47542
12922,47543
6883,47544
1717,47545
27,47546
15763,47547
28,47548
3932,47549
2099,47550
2988,47551
9077,47552
3951,47553
1363,47554
10252,47555
15764,47556
13816,47557
5514,47558
15765,47559
5585,47560
15766,47561
7303,47562
15767,47563
2500,47564
10709,47565
6395,47566
11781,47567
54,47568
7236,47569
12325,47570
5890,47571
486,47572
1137,47573
1773,47574
494,47575
14719,47576
12165,47577
8512,47578
7717,47579
513,47580
9222,47581
2185,47582
539,47583
2194,47584
15768,47585
204,47586
11187,47587
5393,47588
6553,47589
2717,47590
14591,47591
3068,47592
2737,47593
6425,47594
14751,47595
4851,47596
88,47597
5608,47598
3088,47599
15769,47600
4096,47601
9626,47602
661,47603
100,47604
6723,47605
8636,47606
9169,47607
13187,47608
15770,47609
4876,47610
719,47611
1497,47612
5958,47613
6994,47614
3856,47615
15771,47616
1660,47617
5772,47618
12081,47619
778,47620
15772,47621
2308,47622
15773,47623
2514,47624
14783,47625
10084,47626
10085,47627
9119,47628
3399,47629
7015,47630
1532,47631
15774,47632
13734,47633
6471,47634
7020,47635
15775,47636
8224,47637
11751,47638
8993,47639
1551,47640
6784,47641
2855,47642
878,47643
878,47644
6240,47645
884,47646
7270,47647
901,47648
4229,47649
140,47650
4232,47651
9011,47652
8787,47653
7052,47654
7052,47655
6635,47656
937,47657
15776,47658
943,47659
5408,47660
8799,47661
4516,47662
11765,47663
2893,47664
13757,47665
9020,47666
5259,47667
10745,47668
15777,47669
1631,47670
7074,47671
10296,47672
5369,47673
170,47674
10466,47675
15778,47676
5869,47677
13811,47678
206,47679
2243,47680
10048,47681
4871,47682
4130,47683
11266,47684
5815,47685
11373,47686
13259,47687
8182,47688
9889,47689
11450,47690
8,47691
8372,47692
15779,47693
5035,47694
11949,47695
3233,47696
315,47697
15780,47698
9920,47699
1321,47700
11099,47701
2981,47702
6884,47703
5677,47704
12849,47705
12932,47706
9949,47707
15781,47708
15782,47709
6676,47710
11130,47711
9254,47712
8192,47713
1742,47714
419,47715
43,47716
15783,47717
6914,47718
15784,47719
15785,47720
14278,47721
2197,47722
15786,47723
4048,47724
15787,47725
13306,47726
1952,47727
1952,47728
15788,47729
15788,47730
7747,47731
9165,47732
10040,47733
3348,47734
654,47735
4098,47736
8028,47737
10722,47738
10722,47739
11236,47740
730,47741
15624,47742
5083,47743
4900,47744
112,47745
5532,47746
2310,47747
1998,47748
8692,47749
7547,47750
15789,47751
849,47752
9120,47753
15790,47754
15791,47755
857,47756
11307,47757
4708,47758
878,47759
1906,47760
15792,47761
5628,47762
2378,47763
4304,47764
4228,47765
12112,47766
12115,47767
8135,47768
984,47769
9133,47770
15793,47771
1613,47772
2447,47773
7373,47774
12140,47775
3828,47776
8858,47777
5829,47778
170,47779
8867,47780
14330,47781
14689,47782
6421,47783
15794,47784
14073,47785
10082,47786
8734,47787
11881,47788
9775,47789
15795,47790
6824,47791
3223,47792
13791,47793
15271,47794
5456,47795
1691,47796
2598,47797
4580,47798
10652,47799
12593,47800
6071,47801
15796,47802
15797,47803
7582,47804
12934,47805
1968,47806
3941,47807
4607,47808
6076,47809
2995,47810
2136,47811
451,47812
1758,47813
3694,47814
15798,47815
3011,47816
49,47817
12632,47818
9501,47819
9525,47820
1979,47821
5899,47822
13294,47823
8525,47824
9546,47825
8546,47826
1804,47827
14059,47828
8591,47829
631,47830
2243,47831
2247,47832
673,47833
3748,47834
690,47835
7250,47836
4127,47837
6730,47838
9651,47839
4906,47840
15799,47841
15800,47842
793,47843
4930,47844
15801,47845
2832,47846
3142,47847
5170,47848
8095,47849
8095,47850
15802,47851
5243,47852
8768,47853
14216,47854
7045,47855
9282,47856
15803,47857
6637,47858
6044,47859
15804,47860
15805,47861
9782,47862
12262,47863
1255,47864
4523,47865
7176,47866
3822,47867
1067,47868
6504,47869
6505,47870
7493,47871
3210,47872
4357,47873
9996,47874
7247,47875
6970,47876
15806,47877
103,47878
12736,47879
7812,47880
15807,47881
6354,47882
8352,47883
7660,47884
15808,47885
11059,47886
9059,47887
15809,47888
13267,47889
9416,47890
7564,47891
14686,47892
14522,47893
14946,47894
179,47895
13982,47896
1294,47897
15810,47898
13686,47899
2063,47900
12281,47901
2077,47902
6883,47903
366,47904
1338,47905
8428,47906
8432,47907
8439,47908
4602,47909
6388,47910
6389,47911
14860,47912
15811,47913
2121,47914
4344,47915
5424,47916
11466,47917
440,47918
2140,47919
1754,47920
2145,47921
2650,47922
1207,47923
3278,47924
1386,47925
6684,47926
1656,47927
3990,47928
491,47929
13529,47930
15812,47931
15813,47932
10566,47933
6544,47934
14996,47935
13293,47936
534,47937
4018,47938
2697,47939
1425,47940
2197,47941
206,47942
6097,47943
4840,47944
6948,47945
13443,47946
633,47947
12060,47948
11820,47949
3574,47950
7757,47951
15814,47952
12511,47953
15815,47954
9630,47955
12706,47956
10722,47957
8962,47958
8962,47959
9202,47960
2275,47961
5436,47962
3124,47963
108,47964
15816,47965
4146,47966
1519,47967
7621,47968
7621,47969
3401,47970
11289,47971
8991,47972
10346,47973
15817,47974
3148,47975
3785,47976
15818,47977
3414,47978
2361,47979
243,47980
5243,47981
14502,47982
15819,47983
2865,47984
908,47985
15820,47986
8119,47987
5813,47988
9748,47989
1252,47990
2394,47991
12863,47992
7218,47993
1007,47994
255,47995
11811,47996
1039,47997
2435,47998
15316,47999
15821,48000
12847,48001
3204,48002
15822,48003
2024,48004
267,48005
15823,48006
569,48007
14749,48008
4163,48009
3,48010
9401,48011
8379,48012
12280,48013
3238,48014
318,48015
368,48016
9344,48017
15824,48018
13817,48019
2149,48020
10769,48021
15825,48022
2470,48023
2198,48024
5123,48025
3068,48026
15826,48027
15826,48028
15826,48029
15826,48030
601,48031
6425,48032
10025,48033
3572,48034
642,48035
8649,48036
3594,48037
3594,48038
5482,48039
2831,48040
10343,48041
3395,48042
4185,48043
3187,48044
5005,48045
7206,48046
14219,48047
15827,48048
8202,48049
6969,48050
9835,48051
5641,48052
1185,48053
15828,48054
1274,48055
3224,48056
15829,48057
3227,48058
2463,48059
15830,48060
15831,48061
11408,48062
7296,48063
2635,48064
5582,48065
15494,48066
8253,48067
9472,48068
3510,48069
6254,48070
15832,48071
3272,48072
7531,48073
12494,48074
9490,48075
4362,48076
48,48077
9502,48078
6912,48079
15833,48080
1769,48081
9513,48082
15834,48083
56,48084
1770,48085
2168,48086
15835,48087
9516,48088
4814,48089
15836,48090
15837,48091
2181,48092
6208,48093
15838,48094
6088,48095
15839,48096
6782,48097
207,48098
7731,48099
15840,48100
15841,48101
79,48102
7139,48103
3332,48104
11718,48105
4056,48106
7601,48107
6953,48108
13180,48109
5928,48110
6964,48111
14076,48112
5609,48113
1853,48114
7331,48115
7760,48116
12721,48117
5955,48118
11870,48119
743,48120
1501,48121
15842,48122
2837,48123
15843,48124
7015,48125
1530,48126
7128,48127
849,48128
5544,48129
15844,48130
13911,48131
15845,48132
4703,48133
859,48134
8746,48135
11938,48136
2558,48137
8118,48138
9756,48139
9756,48140
6595,48141
3173,48142
9381,48143
2397,48144
2874,48145
4980,48146
958,48147
2401,48148
11550,48149
15846,48150
15847,48151
5002,48152
5002,48153
5002,48154
11811,48155
11811,48156
11811,48157
1033,48158
1033,48159
15848,48160
1942,48161
9183,48162
2457,48163
3831,48164
1949,48165
8201,48166
4164,48167
15849,48168
5266,48169
2030,48170
3870,48171
9291,48172
15850,48173
1278,48174
6649,48175
5503,48176
7387,48177
324,48178
324,48179
2980,48180
15851,48181
12849,48182
3256,48183
4341,48184
3676,48185
11576,48186
10753,48187
7927,48188
7230,48189
12004,48190
2655,48191
467,48192
5197,48193
15852,48194
13827,48195
15853,48196
10300,48197
5896,48198
4815,48199
6921,48200
15854,48201
6206,48202
1413,48203
12327,48204
15855,48205
9857,48206
12654,48207
12654,48208
7540,48209
7244,48210
15856,48211
14591,48212
15857,48213
12361,48214
14496,48215
3568,48216
12683,48217
10034,48218
15858,48219
631,48220
642,48221
15859,48222
6626,48223
8626,48224
2476,48225
11607,48226
13190,48227
2803,48228
2302,48229
3134,48230
4918,48231
15860,48232
15861,48233
10075,48234
15862,48235
4165,48236
15863,48237
838,48238
5486,48239
860,48240
8090,48241
15864,48242
6304,48243
7799,48244
15865,48245
2860,48246
9737,48247
9282,48248
15866,48249
15867,48250
2405,48251
10361,48252
991,48253
3432,48254
12380,48255
1064,48256
1944,48257
15740,48258
10155,48259
7560,48260
7839,48261
15123,48262
4289,48263
7147,48264
15685,48265
319,48266
337,48267
5869,48268
15868,48269
11186,48270
1875,48271
7002,48272
15058,48273
5348,48274
2347,48275
3621,48276
10630,48277
2874,48278
15210,48279
1009,48280
15869,48281
3642,48282
15658,48283
5301,48284
14946,48285
2463,48286
6260,48287
3489,48288
15870,48289
2623,48290
15871,48291
8435,48292
9457,48293
7404,48294
4792,48295
8255,48296
14268,48297
422,48298
6679,48299
3977,48300
459,48301
206,48302
15170,48303
4035,48304
4048,48305
2223,48306
9625,48307
14403,48308
2799,48309
7547,48310
15872,48311
4192,48312
15873,48313
15874,48314
15875,48315
7816,48316
10294,48317
990,48318
15876,48319
13215,48320
15877,48321
5266,48322
15267,48323
3828,48324
1264,48325
15878,48326
15879,48327
1423,48328
9148,48329
1,48330
9886,48331
14329,48332
14329,48333
14329,48334
14329,48335
14329,48336
14329,48337
14329,48338
12206,48339
15880,48340
15881,48341
8237,48342
2057,48343
2065,48344
5851,48345
11092,48346
5189,48347
2096,48348
2096,48349
14524,48350
8436,48351
4600,48352
14699,48353
15494,48354
401,48355
404,48356
13419,48357
5690,48358
15882,48359
1746,48360
7531,48361
3973,48362
7134,48363
5694,48364
4800,48365
5885,48366
1101,48367
3008,48368
464,48369
3988,48370
15883,48371
3523,48372
8264,48373
11850,48374
3294,48375
9522,48376
7308,48377
1409,48378
15884,48379
3532,48380
3532,48381
4381,48382
13295,48383
13295,48384
13295,48385
13295,48386
13295,48387
9988,48388
1420,48389
14866,48390
7969,48391
3716,48392
9555,48393
582,48394
9577,48395
2217,48396
13442,48397
15885,48398
2739,48399
15886,48400
9314,48401
7745,48402
13444,48403
15887,48404
7326,48405
4079,48406
6281,48407
4115,48408
4886,48409
6611,48410
8051,48411
8055,48412
13902,48413
5131,48414
15888,48415
13330,48416
6793,48417
1166,48418
11654,48419
875,48420
878,48421
884,48422
12377,48423
10357,48424
10633,48425
4514,48426
10141,48427
15889,48428
13631,48429
2440,48430
13943,48431
15890,48432
15891,48433
8230,48434
13777,48435
10151,48436
15892,48437
6317,48438
15893,48439
15894,48440
12547,48441
4738,48442
170,48443
1178,48444
2920,48445
1378,48446
9973,48447
1797,48448
15895,48449
9732,48450
6026,48451
13475,48452
6862,48453
3,48454
10513,48455
15896,48456
13970,48457
3886,48458
15897,48459
3900,48460
2058,48461
2061,48462
7674,48463
13,48464
324,48465
4767,48466
3492,48467
1963,48468
27,48469
2981,48470
7296,48471
7297,48472
3673,48473
5679,48474
6390,48475
7911,48476
11128,48477
15898,48478
9469,48479
9469,48480
15412,48481
5315,48482
4798,48483
6907,48484
8487,48485
9083,48486
11697,48487
15899,48488
1765,48489
9306,48490
6084,48491
3300,48492
3300,48493
3300,48494
6085,48495
11541,48496
4639,48497
518,48498
12360,48499
7976,48500
8543,48501
3056,48502
5722,48503
10001,48504
15900,48505
8555,48506
564,48507
11714,48508
11714,48509
11714,48510
11714,48511
11714,48512
1810,48513
3326,48514
588,48515
591,48516
4405,48517
13864,48518
1108,48519
8205,48520
8952,48521
15901,48522
11861,48523
9612,48524
4081,48525
15460,48526
1469,48527
15902,48528
14516,48529
6284,48530
12705,48531
12513,48532
1150,48533
12717,48534
5290,48535
9110,48536
15903,48537
13026,48538
15904,48539
7335,48540
1230,48541
1230,48542
15905,48543
4151,48544
10069,48545
2311,48546
13038,48547
11273,48548
8174,48549
5439,48550
14211,48551
5441,48552
12879,48553
2341,48554
4939,48555
3405,48556
7792,48557
12470,48558
5545,48559
3408,48560
6239,48561
13201,48562
15906,48563
5795,48564
244,48565
13064,48566
9729,48567
10863,48568
12442,48569
9741,48570
137,48571
10245,48572
139,48573
9282,48574
13930,48575
4233,48576
6480,48577
929,48578
15907,48579
8880,48580
9768,48581
14159,48582
11346,48583
5178,48584
253,48585
13937,48586
2426,48587
9019,48588
12805,48589
4527,48590
2522,48591
13220,48592
7830,48593
14505,48594
1044,48595
15908,48596
13943,48597
15909,48598
14672,48599
3450,48600
4281,48601
7515,48602
12547,48603
7220,48604
11377,48605
1085,48606
2459,48607
7841,48608
15910,48609
3832,48610
1949,48611
3464,48612
14267,48613
9480,48614
3991,48615
560,48616
5971,48617
9133,48618
2055,48619
10555,48620
13127,48621
553,48622
12551,48623
108,48624
12372,48625
12372,48626
992,48627
7071,48628
5566,48629
1127,48630
9391,48631
13677,48632
1270,48633
11049,48634
15795,48635
8351,48636
275,48637
13972,48638
6801,48639
1682,48640
284,48641
13977,48642
3478,48643
7383,48644
3895,48645
6056,48646
15911,48647
15912,48648
3841,48649
7671,48650
7865,48651
179,48652
5185,48653
5384,48654
8896,48655
8896,48656
10395,48657
11070,48658
2055,48659
2057,48660
10787,48661
10787,48662
5579,48663
321,48664
2065,48665
8398,48666
6657,48667
1703,48668
2968,48669
9429,48670
9429,48671
9429,48672
9429,48673
7457,48674
13799,48675
1317,48676
13494,48677
11088,48678
3247,48679
6069,48680
15913,48681
6883,48682
362,48683
362,48684
2090,48685
15914,48686
1343,48687
2103,48688
15915,48689
8439,48690
5867,48691
12932,48692
9946,48693
8449,48694
9847,48695
394,48696
9153,48697
2120,48698
13812,48699
8462,48700
2124,48701
9957,48702
5116,48703
15916,48704
9481,48705
9481,48706
1100,48707
11999,48708
7230,48709
40,48710
10829,48711
10829,48712
5694,48713
13288,48714
15917,48715
1378,48716
6392,48717
15918,48718
15919,48719
2655,48720
457,48721
9496,48722
15920,48723
49,48724
49,48725
12961,48726
12961,48727
472,48728
1102,48729
15594,48730
3285,48731
3517,48732
3517,48733
13526,48734
3021,48735
15699,48736
6540,48737
3702,48738
3292,48739
3294,48740
10325,48741
496,48742
5059,48743
4377,48744
4379,48745
15921,48746
6924,48747
1783,48748
1417,48749
525,48750
3713,48751
13539,48752
9547,48753
4022,48754
15922,48755
13540,48756
14280,48757
206,48758
10001,48759
1801,48760
262,48761
262,48762
12987,48763
3321,48764
7413,48765
14053,48766
571,48767
15923,48768
3722,48769
4051,48770
14587,48771
3330,48772
4840,48773
1820,48774
8591,48775
10494,48776
5926,48777
12677,48778
3075,48779
15924,48780
2226,48781
1989,48782
1837,48783
621,48784
3734,48785
3735,48786
13871,48787
1456,48788
6963,48789
13446,48790
15902,48791
4102,48792
3351,48793
1471,48794
1472,48795
15026,48796
6566,48797
15925,48798
11230,48799
2768,48800
7760,48801
3102,48802
3361,48803
10059,48804
2278,48805
15926,48806
15188,48807
4557,48808
2787,48809
4677,48810
8972,48811
9647,48812
2808,48813
15927,48814
1232,48815
4909,48816
4156,48817
4157,48818
7339,48819
15928,48820
14784,48821
12526,48822
2843,48823
15240,48824
14790,48825
1530,48826
2485,48827
837,48828
10855,48829
14306,48830
15929,48831
8724,48832
8223,48833
14794,48834
8728,48835
13199,48836
1548,48837
14128,48838
13408,48839
15930,48840
15931,48841
2848,48842
7130,48843
10114,48844
11314,48845
14630,48846
878,48847
884,48848
2010,48849
10122,48850
15932,48851
15933,48852
15934,48853
895,48854
7808,48855
7631,48856
15935,48857
12308,48858
5629,48859
11333,48860
15346,48861
8773,48862
4495,48863
9751,48864
15936,48865
15937,48866
15937,48867
8123,48868
15938,48869
6635,48870
2387,48871
937,48872
939,48873
9014,48874
2404,48875
15939,48876
3182,48877
151,48878
9794,48879
993,48880
15940,48881
8328,48882
4998,48883
2429,48884
3862,48885
4262,48886
7277,48887
15941,48888
10551,48889
1618,48890
15942,48891
15943,48892
11435,48893
10142,48894
1258,48895
14246,48896
9140,48897
2902,48898
6250,48899
11831,48900
15944,48901
6181,48902
13648,48903
5180,48904
3461,48905
15945,48906
4289,48907
3464,48908
5579,48909
15946,48910
35,48911
6689,48912
63,48913
15947,48914
4824,48915
2223,48916
5471,48917
14433,48918
13423,48919
696,48920
4136,48921
113,48922
114,48923
4192,48924
920,48925
15948,48926
2561,48927
4997,48928
13469,48929
11041,48930
15828,48931
15949,48932
15950,48933
6613,48934
296,48935
7862,48936
312,48937
1296,48938
13797,48939
20,48940
6805,48941
9432,48942
5307,48943
12920,48944
7526,48945
15951,48946
3922,48947
5021,48948
1343,48949
3673,48950
11984,48951
5511,48952
4787,48953
8445,48954
11462,48955
10212,48956
3508,48957
15952,48958
5271,48959
3687,48960
13819,48961
14569,48962
15953,48963
2138,48964
8475,48965
4625,48966
3279,48967
9498,48968
5323,48969
1767,48970
9506,48971
13525,48972
8497,48973
15954,48974
3529,48975
3032,48976
9522,48977
6084,48978
15955,48979
15956,48980
15957,48981
7956,48982
12025,48983
515,48984
1418,48985
6410,48986
5903,48987
6925,48988
7722,48989
8532,48990
2187,48991
5430,48992
1793,48993
3313,48994
4022,48995
4045,48996
577,48997
581,48998
2216,48999
7739,49000
1986,49001
5732,49002
5732,49003
599,49004
8944,49005
2508,49006
15958,49007
14514,49008
11922,49009
619,49010
7415,49011
15959,49012
15960,49013
11217,49014
1148,49015
15961,49016
12713,49017
1150,49018
11491,49019
8655,49020
15962,49021
8657,49022
14100,49023
15515,49024
15963,49025
15964,49026
8677,49027
9655,49028
5617,49029
12739,49030
3382,49031
1233,49032
6338,49033
116,49034
2321,49035
4159,49036
3597,49037
15965,49038
8709,49039
4933,49040
7019,49041
4187,49042
12303,49043
4471,49044
1167,49045
4943,49046
239,49047
15966,49048
15967,49049
10964,49050
13925,49051
11881,49052
11881,49053
1667,49054
12253,49055
10678,49056
4234,49057
1585,49058
12407,49059
2391,49060
7274,49061
10443,49062
12184,49063
958,49064
8805,49065
6491,49066
4984,49067
15968,49068
13963,49069
8810,49070
989,49071
12844,49072
8143,49073
10635,49074
10635,49075
10635,49076
9882,49077
155,49078
5367,49079
5367,49080
9020,49081
15969,49082
10369,49083
1635,49084
9286,49085
9834,49086
5267,49087
4535,49088
8161,49089
8161,49090
15970,49091
11775,49092
170,49093
170,49094
2919,49095
15971,49096
13486,49097
6367,49098
8439,49099
11127,49100
1972,49101
1656,49102
1657,49103
4058,49104
8614,49105
8023,49106
7167,49107
11280,49108
863,49109
15972,49110
9327,49111
5573,49112
3659,49113
2465,49114
356,49115
3930,49116
7583,49117
7695,49118
2498,49119
6897,49120
7924,49121
6646,49122
5885,49123
2665,49124
4819,49125
5905,49126
6412,49127
545,49128
553,49129
2508,49130
15364,49131
1838,49132
4421,49133
9612,49134
638,49135
1148,49136
15973,49137
664,49138
680,49139
4869,49140
1862,49141
7423,49142
4906,49143
1997,49144
6460,49145
6460,49146
12087,49147
3146,49148
13735,49149
7092,49150
1556,49151
878,49152
15974,49153
12125,49154
3816,49155
6856,49156
15975,49157
15975,49158
15976,49159
15977,49160
14854,49161
15978,49162
12197,49163
7118,49164
11051,49165
7561,49166
2578,49167
6651,49168
6651,49169
1692,49170
11077,49171
13,49172
2603,49173
324,49174
330,49175
1709,49176
12593,49177
3492,49178
365,49179
10403,49180
9449,49181
4783,49182
5044,49183
7902,49184
5421,49185
417,49186
15979,49187
5314,49188
4619,49189
1744,49190
466,49191
3015,49192
3700,49193
9981,49194
6543,49195
15544,49196
7952,49197
14037,49198
9534,49199
9157,49200
519,49201
4820,49202
2186,49203
7967,49204
3311,49205
205,49206
547,49207
15839,49208
4397,49209
7462,49210
6932,49211
10603,49212
564,49213
12838,49214
2729,49215
10027,49216
607,49217
4058,49218
8280,49219
12170,49220
615,49221
10331,49222
8282,49223
3739,49224
15980,49225
14291,49226
15981,49227
4300,49228
10722,49229
4110,49230
10949,49231
15982,49232
6115,49233
14092,49234
15983,49235
6222,49236
2479,49237
8051,49238
4891,49239
15984,49240
4450,49241
9666,49242
11496,49243
14345,49244
6740,49245
7549,49246
10541,49247
817,49248
819,49249
10288,49250
9354,49251
7128,49252
15065,49253
842,49254
9376,49255
2343,49256
5792,49257
241,49258
14629,49259
14241,49260
2366,49261
10905,49262
4489,49263
4719,49264
5245,49265
4961,49266
13347,49267
2379,49268
9015,49269
10386,49270
7144,49271
11942,49272
12844,49273
15847,49274
15985,49275
4528,49276
10367,49277
5636,49278
2493,49279
2493,49280
6607,49281
6317,49282
14882,49283
1641,49284
3452,49285
15986,49286
6796,49287
5828,49288
2026,49289
10460,49290
15580,49291
1227,49292
878,49293
9756,49294
11664,49295
6358,49296
9887,49297
5274,49298
12566,49299
5835,49300
275,49301
8895,49302
2959,49303
2588,49304
8386,49305
8239,49306
7867,49307
7388,49308
1691,49309
7376,49310
4546,49311
15389,49312
3238,49313
15,49314
326,49315
3910,49316
15987,49317
6366,49318
7397,49319
11625,49320
11625,49321
2092,49322
15988,49323
7227,49324
12932,49325
6823,49326
5876,49327
12214,49328
1366,49329
15989,49330
3512,49331
15990,49332
4356,49333
2652,49334
1206,49335
7303,49336
2656,49337
1768,49338
4808,49339
15991,49340
13160,49341
15992,49342
1777,49343
5898,49344
13531,49345
8520,49346
8520,49347
3706,49348
7716,49349
15993,49350
1783,49351
66,49352
8537,49353
15001,49354
15994,49355
1436,49356
14051,49357
5211,49358
583,49359
6556,49360
10774,49361
9042,49362
3335,49363
6427,49364
11720,49365
7416,49366
5607,49367
2748,49368
4072,49369
4072,49370
5527,49371
217,49372
3570,49373
8015,49374
642,49375
646,49376
3347,49377
1470,49378
15995,49379
693,49380
2292,49381
3376,49382
752,49383
4900,49384
4906,49385
5966,49386
15996,49387
15996,49388
9276,49389
2827,49390
15997,49391
1531,49392
4186,49393
15998,49394
15999,49395
16000,49396
9712,49397
4707,49398
4478,49399
4478,49400
4478,49401
4478,49402
4478,49403
4478,49404
4478,49405
4478,49406
4478,49407
4478,49408
4478,49409
4478,49410
4478,49411
4478,49412
4478,49413
4478,49414
4478,49415
4478,49416
16001,49417
878,49418
2361,49419
243,49420
6145,49421
4961,49422
6761,49423
8771,49424
1668,49425
6634,49426
1251,49427
16002,49428
16003,49429
6149,49430
1254,49431
8332,49432
4264,49433
16004,49434
1067,49435
1264,49436
7841,49437
2918,49438
16005,49439
11115,49440
3951,49441
8459,49442
415,49443
12621,49444
3703,49445
4813,49446
7737,49447
14071,49448
2766,49449
4108,49450
4464,49451
7266,49452
4478,49453
4478,49454
2366,49455
16006,49456
11890,49457
5258,49458
13475,49459
5834,49460
16007,49461
5644,49462
11063,49463
14941,49464
7858,49465
16008,49466
11964,49467
299,49468
5654,49469
1290,49470
16009,49471
9067,49472
8187,49473
348,49474
16010,49475
4777,49476
10555,49477
11098,49478
365,49479
2089,49480
1336,49481
28,49482
28,49483
8431,49484
8432,49485
6807,49486
12610,49487
5278,49488
5278,49489
2644,49490
2127,49491
16011,49492
448,49493
7587,49494
2148,49495
45,49496
16012,49497
3015,49498
15594,49499
15289,49500
488,49501
59,49502
9982,49503
3033,49504
11701,49505
16013,49506
12398,49507
9987,49508
1412,49509
16014,49510
4382,49511
4641,49512
4641,49513
2689,49514
4392,49515
7312,49516
15922,49517
3553,49518
15177,49519
13551,49520
3334,49521
13173,49522
3070,49523
5395,49524
15959,49525
8607,49526
2751,49527
638,49528
8620,49529
13112,49530
9230,49531
13447,49532
16015,49533
8647,49534
6117,49535
14294,49536
706,49537
2292,49538
1995,49539
746,49540
1501,49541
6449,49542
16016,49543
4151,49544
8984,49545
16017,49546
806,49547
4931,49548
13332,49549
4464,49550
8308,49551
13596,49552
16018,49553
10855,49554
4181,49555
5544,49556
1164,49557
10500,49558
11305,49559
2361,49560
7800,49561
885,49562
16019,49563
12340,49564
2372,49565
4492,49566
7631,49567
2375,49568
16020,49569
16021,49570
9008,49571
8120,49572
9380,49573
4234,49574
4235,49575
11516,49576
16022,49577
10740,49578
949,49579
8808,49580
11346,49581
13211,49582
996,49583
6498,49584
10142,49585
9021,49586
9021,49587
2900,49588
16023,49589
1058,49590
15567,49591
16024,49592
14672,49593
8852,49594
6608,49595
9289,49596
7181,49597
15727,49598
11948,49599
16025,49600
11470,49601
16026,49602
16027,49603
13447,49604
8034,49605
5952,49606
3115,49607
3395,49608
1538,49609
16028,49610
16028,49611
1185,49612
16029,49613
8387,49614
14952,49615
8443,49616
12605,49617
6390,49618
188,49619
402,49620
3954,49621
8466,49622
1745,49623
1745,49624
11468,49625
14718,49626
10830,49627
8508,49628
2175,49629
14377,49630
14377,49631
7978,49632
4838,49633
5211,49634
4054,49635
8006,49636
3736,49637
691,49638
16030,49639
3754,49640
6729,49641
15541,49642
16031,49643
6753,49644
4494,49645
8775,49646
13614,49647
4504,49648
16032,49649
4272,49650
3865,49651
13471,49652
6028,49653
6358,49654
368,49655
3968,49656
9226,49657
1459,49658
1459,49659
4425,49660
14663,49661
5365,49662
16033,49663
16034,49664
13,49665
7085,49666
7085,49667
3951,49668
33,49669
9957,49670
4352,49671
16035,49672
7719,49673
16036,49674
206,49675
7462,49676
551,49677
8563,49678
12671,49679
16037,49680
16038,49681
5936,49682
14758,49683
663,49684
1872,49685
113,49686
846,49687
5544,49688
16039,49689
10962,49690
13744,49691
15308,49692
14803,49693
4304,49694
11758,49695
11758,49696
4519,49697
4256,49698
12804,49699
1036,49700
9020,49701
16040,49702
2901,49703
6504,49704
4288,49705
206,49706
5367,49707
9020,49708
1181,49709
3649,49710
16041,49711
1278,49712
7288,49713
3485,49714
2062,49715
16042,49716
5508,49717
6806,49718
16043,49719
362,49720
1338,49721
14964,49722
16044,49723
28,49724
10586,49725
7500,49726
11785,49727
16045,49728
16046,49729
6901,49730
4803,49731
3279,49732
54,49733
4373,49734
2681,49735
9307,49736
1422,49737
16047,49738
3317,49739
6551,49740
6859,49741
3057,49742
7986,49743
8563,49744
79,49745
577,49746
5211,49747
3332,49748
1824,49749
11481,49750
1987,49751
16048,49752
8603,49753
11209,49754
16049,49755
16050,49756
16051,49757
13575,49758
4428,49759
11233,49760
14403,49761
2789,49762
16052,49763
8296,49764
12175,49765
7767,49766
13249,49767
8051,49768
15370,49769
4141,49770
15626,49771
2808,49772
3128,49773
10068,49774
4156,49775
9666,49776
2323,49777
2831,49778
9119,49779
1890,49780
2337,49781
5785,49782
5982,49783
10096,49784
8223,49785
849,49786
10348,49787
16053,49788
16054,49789
8094,49790
16055,49791
7267,49792
7031,49793
4494,49794
16056,49795
16057,49796
16058,49797
16059,49798
16059,49799
16060,49800
12410,49801
8130,49802
4562,49803
4562,49804
16061,49805
14387,49806
8823,49807
13360,49808
5005,49809
4265,49810
13947,49811
16062,49812
10462,49813
14528,49814
16063,49815
16064,49816
7255,49817
12304,49818
12304,49819
878,49820
4482,49821
3168,49822
3168,49823
10816,49824
16065,49825
15880,49826
9,49827
6509,49828
5276,49829
8378,49830
1190,49831
3840,49832
13984,49833
16066,49834
7870,49835
2598,49836
2061,49837
2063,49838
5578,49839
1301,49840
7876,49841
341,49842
16067,49843
16067,49844
4585,49845
6644,49846
1129,49847
16068,49848
3255,49849
6191,49850
2988,49851
1353,49852
6530,49853
7300,49854
3688,49855
16069,49856
16070,49857
16071,49858
16035,49859
7936,49860
11951,49861
6395,49862
3282,49863
2534,49864
8925,49865
16072,49866
8263,49867
2166,49868
1404,49869
12289,49870
1416,49871
13709,49872
16073,49873
15324,49874
12503,49875
1423,49876
3714,49877
16074,49878
9547,49879
8545,49880
12987,49881
11190,49882
3322,49883
1804,49884
1807,49885
11716,49886
6940,49887
6422,49888
16075,49889
4060,49890
8594,49891
12059,49892
3343,49893
2243,49894
11219,49895
2760,49896
4104,49897
10947,49898
3106,49899
1224,49900
12175,49901
16076,49902
9645,49903
10069,49904
1509,49905
1515,49906
6737,49907
1885,49908
7007,49909
802,49910
16077,49911
8986,49912
11279,49913
809,49914
2553,49915
2333,49916
9676,49917
10092,49918
6471,49919
1553,49920
9703,49921
2944,49922
2854,49923
16078,49924
16079,49925
16080,49926
878,49927
243,49928
7801,49929
5812,49930
2867,49931
16081,49932
6149,49933
6487,49934
5363,49935
2420,49936
6311,49937
14170,49938
5819,49939
2424,49940
13751,49941
1938,49942
13218,49943
1047,49944
8334,49945
6604,49946
5564,49947
7075,49948
12139,49949
2452,49950
3826,49951
3453,49952
8857,49953
4283,49954
9835,49955
2457,49956
7841,49957
9837,49958
9299,49959
16082,49960
1365,49961
9960,49962
1836,49963
15532,49964
4737,49965
10514,49966
9363,49967
15534,49968
6651,49969
2051,49970
11070,49971
5848,49972
310,49973
16083,49974
1705,49975
15124,49976
6882,49977
185,49978
8870,49979
3927,49980
4337,49981
28,49982
13153,49983
186,49984
15590,49985
15764,49986
12214,49987
14707,49988
3968,49989
3968,49990
14984,49991
7708,49992
3015,49993
1767,49994
10563,49995
493,49996
6269,49997
16084,49998
10596,49999
3704,50000
16085,50001
6926,50002
3053,50003
7189,50004
2706,50005
16086,50006
5916,50007
7139,50008
4843,50009
2730,50010
1827,50011
6712,50012
5604,50013
2740,50014
619,50015
11642,50016
6434,50017
12237,50018
3752,50019
3752,50020
16087,50021
1484,50022
13188,50023
8651,50024
6292,50025
726,50026
8051,50027
16088,50028
8682,50029
2313,50030
16089,50031
10855,50032
12761,50033
3406,50034
16090,50035
16090,50036
16090,50037
237,50038
9172,50039
16091,50040
2851,50041
16092,50042
1908,50043
16093,50044
1577,50045
13350,50046
13079,50047
4504,50048
12187,50049
1119,50050
15098,50051
16094,50052
14244,50053
12538,50054
8823,50055
8333,50056
1039,50057
2441,50058
5016,50059
1636,50060
10150,50061
12313,50062
2455,50063
15970,50064
4738,50065
2460,50066
11670,50067
16095,50068
4071,50069
3744,50070
5348,50071
6633,50072
2876,50073
1944,50074
3206,50075
3868,50076
9363,50077
2041,50078
5650,50079
4757,50080
315,50081
3241,50082
12356,50083
7902,50084
16096,50085
431,50086
15953,50087
12834,50088
3512,50089
10928,50090
6832,50091
1405,50092
8930,50093
8930,50094
13834,50095
515,50096
9998,50097
2700,50098
557,50099
15788,50100
16097,50101
11202,50102
13314,50103
663,50104
13187,50105
15032,50106
3115,50107
14110,50108
1883,50109
2829,50110
14904,50111
16098,50112
6763,50113
11885,50114
4506,50115
16099,50116
16100,50117
1007,50118
5001,50119
14505,50120
8335,50121
12136,50122
2648,50123
7937,50124
16101,50125
16102,50126
16103,50127
265,50128
2,50129
9149,50130
9291,50131
16104,50132
12848,50133
16105,50134
12416,50135
284,50136
7285,50137
14221,50138
16106,50139
16107,50140
3235,50141
4761,50142
323,50143
14954,50144
7292,50145
16108,50146
6883,50147
27,50148
3252,50149
375,50150
7693,50151
1727,50152
4600,50153
8464,50154
417,50155
8470,50156
7926,50157
434,50158
3968,50159
16109,50160
6395,50161
3015,50162
1387,50163
467,50164
3991,50165
2165,50166
3527,50167
1400,50168
2675,50169
16110,50170
509,50171
13533,50172
3538,50173
7721,50174
14045,50175
9310,50176
4025,50177
11187,50178
10001,50179
1436,50180
2707,50181
1440,50182
2213,50183
12040,50184
7741,50185
84,50186
10028,50187
4067,50188
8013,50189
16111,50190
16112,50191
2236,50192
14082,50193
10722,50194
13190,50195
2791,50196
10423,50197
735,50198
3376,50199
16113,50200
9114,50201
2814,50202
15772,50203
6127,50204
16114,50205
7619,50206
16115,50207
804,50208
4930,50209
4930,50210
4699,50211
16116,50212
5791,50213
9715,50214
12842,50215
14135,50216
7796,50217
13920,50218
875,50219
8750,50220
14633,50221
894,50222
12442,50223
7356,50224
7056,50225
976,50226
6311,50227
9794,50228
3816,50229
10451,50230
1025,50231
15976,50232
14455,50233
1121,50234
1059,50235
13948,50236
12544,50237
16117,50238
3459,50239
16118,50240
15487,50241
16119,50242
10160,50243
2461,50244
4289,50245
12315,50246
7901,50247
8272,50248
216,50249
3853,50250
7431,50251
16120,50252
13358,50253
1673,50254
16121,50255
2044,50256
11,50257
16122,50258
2597,50259
6064,50260
11081,50261
339,50262
9924,50263
9925,50264
4332,50265
7895,50266
3923,50267
8422,50268
2983,50269
7906,50270
16123,50271
1369,50272
11141,50273
8475,50274
5883,50275
3692,50276
16124,50277
15918,50278
3012,50279
3017,50280
6268,50281
16125,50282
8535,50283
7969,50284
4027,50285
207,50286
560,50287
6037,50288
16126,50289
2211,50290
14918,50291
16127,50292
16128,50293
5076,50294
6110,50295
6511,50296
10535,50297
13579,50298
10777,50299
7606,50300
10283,50301
5766,50302
723,50303
14101,50304
12517,50305
2299,50306
2299,50307
111,50308
11265,50309
5026,50310
15052,50311
10539,50312
11279,50313
16129,50314
2554,50315
15065,50316
8729,50317
15716,50318
16130,50319
1562,50320
16131,50321
5239,50322
16132,50323
16132,50324
16133,50325
7632,50326
16134,50327
3182,50328
12887,50329
6158,50330
15114,50331
10155,50332
7181,50333
7841,50334
6254,50335
7305,50336
9507,50337
9507,50338
12549,50339
206,50340
9584,50341
737,50342
3596,50343
251,50344
3198,50345
7515,50346
14416,50347
3,50348
8355,50349
16135,50350
11062,50351
2038,50352
13473,50353
9150,50354
4754,50355
5648,50356
16136,50357
12574,50358
10,50359
7565,50360
13980,50361
16137,50362
16137,50363
13984,50364
16138,50365
6653,50366
8241,50367
9911,50368
9911,50369
7568,50370
2597,50371
3903,50372
2604,50373
324,50374
1312,50375
5853,50376
10399,50377
7571,50378
11840,50379
16139,50380
13994,50381
12918,50382
341,50383
3244,50384
3667,50385
1322,50386
16140,50387
5187,50388
349,50389
18090,50390
2085,50391
16141,50392
16142,50393
363,50394
366,50395
368,50396
28,50397
14006,50398
1343,50399
16143,50400
15988,50401
377,50402
1131,50403
7902,50404
9344,50405
15125,50406
16144,50407
3939,50408
16145,50409
10588,50410
16146,50411
1969,50412
16147,50413
408,50414
11128,50415
2993,50416
3686,50417
12618,50418
2532,50419
9480,50420
9484,50421
434,50422
261,50423
9193,50424
6907,50425
451,50426
1206,50427
8921,50428
462,50429
6395,50430
1387,50431
51,50432
7407,50433
4806,50434
4632,50435
10687,50436
8497,50437
16148,50438
16148,50439
4808,50440
16149,50441
487,50442
1771,50443
16150,50444
8504,50445
3999,50446
9366,50447
9366,50448
15163,50449
15993,50450
13161,50451
8936,50452
10413,50453
4639,50454
4821,50455
2183,50456
15838,50457
3307,50458
6548,50459
8535,50460
1425,50461
12646,50462
4396,50463
7729,50464
9226,50465
1802,50466
4831,50467
16151,50468
568,50469
16152,50470
12037,50471
12037,50472
2717,50473
2717,50474
12857,50475
6097,50476
10605,50477
9573,50478
590,50479
591,50480
7543,50481
10775,50482
8581,50483
3068,50484
3560,50485
4056,50486
3070,50487
11542,50488
214,50489
14064,50490
9596,50491
9596,50492
4063,50493
4660,50494
16153,50495
2745,50496
15887,50497
16154,50498
6102,50499
16155,50500
11209,50501
2232,50502
11804,50503
16156,50504
16157,50505
2240,50506
3739,50507
2754,50508
10042,50509
16158,50510
2244,50511
9621,50512
9621,50513
5609,50514
5936,50515
6969,50516
4098,50517
16159,50518
5289,50519
2760,50520
16160,50521
6790,50522
6511,50523
13881,50524
8291,50525
1475,50526
4432,50527
8650,50528
1489,50529
16161,50530
6289,50531
2789,50532
13889,50533
706,50534
16162,50535
4132,50536
4133,50537
16163,50538
6123,50539
16164,50540
16165,50541
3760,50542
15903,50543
8055,50544
7465,50545
11258,50546
3127,50547
2301,50548
764,50549
16166,50550
16167,50551
16168,50552
13731,50553
7168,50554
2315,50555
5536,50556
7484,50557
8704,50558
16169,50559
4162,50560
4162,50561
119,50562
7195,50563
122,50564
7485,50565
9370,50566
6342,50567
1530,50568
1533,50569
5088,50570
7019,50571
16170,50572
10621,50573
3785,50574
16116,50575
1545,50576
1545,50577
16171,50578
852,50579
15818,50580
7345,50581
859,50582
16172,50583
861,50584
10963,50585
6794,50586
14480,50587
11308,50588
869,50589
132,50590
10349,50591
13457,50592
16173,50593
8315,50594
6164,50595
3159,50596
10676,50597
11509,50598
16174,50599
7269,50600
16175,50601
4714,50602
10127,50603
11328,50604
2012,50605
903,50606
2518,50607
4719,50608
5244,50609
9006,50610
5407,50611
12115,50612
12786,50613
16176,50614
16177,50615
4729,50616
4499,50617
7816,50618
16178,50619
14154,50620
948,50621
16179,50622
9357,50623
7439,50624
16180,50625
4506,50626
8804,50627
4510,50628
16181,50629
12186,50630
1000,50631
1002,50632
13089,50633
1014,50634
14352,50635
7443,50636
3638,50637
16182,50638
10141,50639
1039,50640
16183,50641
9359,50642
2492,50643
14828,50644
11364,50645
5261,50646
1065,50647
10878,50648
1068,50649
7833,50650
10296,50651
4281,50652
6251,50653
16184,50654
3453,50655
3828,50656
257,50657
1645,50658
1263,50659
1092,50660
1948,50661
7842,50662
5112,50663
3935,50664
196,50665
2159,50666
9659,50667
7010,50668
16185,50669
11342,50670
5258,50671
16186,50672
16187,50673
11665,50674
16007,50675
283,50676
5840,50677
9902,50678
4320,50679
3234,50680
2598,50681
3488,50682
11839,50683
1127,50684
4327,50685
11094,50686
8188,50687
5153,50688
28,50689
2530,50690
11103,50691
374,50692
377,50693
7581,50694
16188,50695
10406,50696
13419,50697
16189,50698
1365,50699
11800,50700
6679,50701
16190,50702
8475,50703
3275,50704
1752,50705
5883,50706
1206,50707
480,50708
5199,50709
5199,50710
14428,50711
16191,50712
3703,50713
4002,50714
11166,50715
9527,50716
5285,50717
4377,50718
6923,50719
13708,50720
4383,50721
1420,50722
4384,50723
3316,50724
14050,50725
582,50726
4404,50727
4404,50728
4404,50729
4404,50730
4404,50731
4404,50732
594,50733
9578,50734
1447,50735
14287,50736
2730,50737
16192,50738
1830,50739
4065,50740
2749,50741
11017,50742
16193,50743
2249,50744
16194,50745
16195,50746
14085,50747
5476,50748
3752,50749
12402,50750
4131,50751
11492,50752
9170,50753
749,50754
4906,50755
11266,50756
12522,50757
6783,50758
16196,50759
7621,50760
16197,50761
16198,50762
6344,50763
2554,50764
840,50765
16199,50766
14793,50767
8222,50768
9693,50769
4471,50770
16200,50771
878,50772
14146,50773
16201,50774
1116,50775
16202,50776
16177,50777
4506,50778
5174,50779
16203,50780
1012,50781
4522,50782
16204,50783
1033,50784
13756,50785
4526,50786
13631,50787
16205,50788
16206,50789
2443,50790
9834,50791
5450,50792
16207,50793
9026,50794
7836,50795
3645,50796
2913,50797
3460,50798
16208,50799
2461,50800
2920,50801
1097,50802
3872,50803
7288,50804
15745,50805
16209,50806
4366,50807
2215,50808
2215,50809
16210,50810
3075,50811
3776,50812
275,50813
6051,50814
6255,50815
7860,50816
7565,50817
13273,50818
3487,50819
317,50820
3490,50821
7207,50822
12450,50823
362,50824
12926,50825
4781,50826
16211,50827
8489,50828
2662,50829
58,50830
16212,50831
7722,50832
13563,50833
13563,50834
6958,50835
8291,50836
2791,50837
723,50838
2800,50839
736,50840
778,50841
780,50842
10729,50843
123,50844
3785,50845
16213,50846
16214,50847
11334,50848
16215,50849
977,50850
7641,50851
1013,50852
9825,50853
5265,50854
282,50855
10699,50856
5515,50857
16216,50858
16217,50859
15240,50860
16218,50861
11042,50862
268,50863
1,50864
3867,50865
3867,50866
9391,50867
9391,50868
5301,50869
5453,50870
1269,50871
15572,50872
8883,50873
3214,50874
3215,50875
16219,50876
16220,50877
16221,50878
12414,50879
5275,50880
5275,50881
6861,50882
3217,50883
16029,50884
274,50885
2951,50886
15574,50887
16222,50888
13261,50889
12565,50890
9055,50891
3873,50892
16223,50893
12206,50894
11961,50895
7284,50896
11059,50897
8183,50898
13682,50899
8360,50900
16224,50901
2574,50902
8887,50903
3223,50904
5150,50905
7477,50906
2038,50907
16225,50908
7663,50909
4753,50910
1683,50911
284,50912
3886,50913
16226,50914
11404,50915
12483,50916
11620,50917
8369,50918
3475,50919
11669,50920
11669,50921
12571,50922
15829,50923
13148,50924
5502,50925
14221,50926
9,50927
9902,50928
4755,50929
1188,50930
8375,50931
8892,50932
3478,50933
11405,50934
9907,50935
7383,50936
16136,50937
16136,50938
16227,50939
5575,50940
16228,50941
2959,50942
10,50943
2046,50944
2046,50945
12575,50946
4579,50947
4579,50948
11965,50949
13268,50950
16229,50951
16230,50952
13652,50953
1126,50954
14536,50955
5303,50956
4757,50957
16231,50958
3480,50959
7863,50960
1287,50961
7865,50962
179,50963
5654,50964
13484,50965
11968,50966
1690,50967
3655,50968
5185,50969
5845,50970
6057,50971
7097,50972
2592,50973
2592,50974
16232,50975
13984,50976
13271,50977
8896,50978
4760,50979
7376,50980
7376,50981
5457,50982
5457,50983
3484,50984
8241,50985
16233,50986
2053,50987
2054,50988
5416,50989
16234,50990
11536,50991
5036,50992
3486,50993
3486,50994
2595,50995
7289,50996
12908,50997
9424,50998
7568,50999
6257,51000
3234,51001
2057,51002
2057,51003
7868,51004
308,51005
12,51006
313,51007
7872,51008
2061,51009
2062,51010
2062,51011
10478,51012
9914,51013
9915,51014
5037,51015
12867,51016
1299,51017
2601,51018
11972,51019
13,51020
13,51021
13,51022
13,51023
13,51024
13,51025
13384,51026
16235,51027
1701,51028
1701,51029
1701,51030
6656,51031
321,51032
2065,51033
2065,51034
2067,51035
3489,51036
3241,51037
1704,51038
6321,51039
16236,51040
12157,51041
12157,51042
3490,51043
3660,51044
3660,51045
324,51046
324,51047
324,51048
324,51049
324,51050
324,51051
324,51052
7876,51053
1308,51054
5851,51055
3905,51056
2610,51057
2610,51058
6659,51059
3242,51060
3906,51061
1193,51062
1312,51063
1314,51064
329,51065
330,51066
10399,51067
10399,51068
10399,51069
16237,51070
16237,51071
16237,51072
9431,51073
4768,51074
1127,51075
1127,51076
333,51077
15831,51078
7524,51079
6880,51080
2077,51081
337,51082
12590,51083
2615,51084
7681,51085
7681,51086
15673,51087
2616,51088
16238,51089
8167,51090
8167,51091
341,51092
341,51093
1710,51094
15446,51095
345,51096
345,51097
8413,51098
1323,51099
1323,51100
1323,51101
1323,51102
349,51103
3247,51104
3247,51105
16239,51106
2081,51107
2621,51108
7224,51109
10481,51110
9437,51111
16240,51112
8904,51113
13691,51114
14000,51115
16241,51116
15357,51117
16242,51118
7396,51119
4777,51120
10986,51121
2977,51122
3919,51123
2978,51124
12485,51125
355,51126
2086,51127
16243,51128
357,51129
185,51130
10318,51131
1331,51132
3923,51133
16244,51134
6883,51135
6883,51136
1332,51137
1332,51138
1332,51139
4334,51140
365,51141
365,51142
366,51143
4780,51144
11528,51145
1130,51146
7896,51147
367,51148
367,51149
16245,51150
7399,51151
9938,51152
28,51153
28,51154
28,51155
28,51156
28,51157
28,51158
28,51159
28,51160
28,51161
28,51162
3930,51163
3930,51164
7400,51165
8429,51166
5672,51167
374,51168
9450,51169
5044,51170
16246,51171
6382,51172
6382,51173
1344,51174
7500,51175
2496,51176
5045,51177
7581,51178
6672,51179
384,51180
384,51181
14967,51182
11111,51183
2988,51184
1728,51185
7694,51186
7905,51187
7905,51188
9846,51189
16247,51190
10504,51191
9459,51192
1353,51193
2639,51194
2639,51195
2639,51196
16248,51197
16248,51198
8448,51199
11115,51200
6619,51201
3939,51202
31,51203
392,51204
9462,51205
7402,51206
13811,51207
13811,51208
11576,51209
190,51210
3950,51211
1734,51212
1734,51213
14702,51214
400,51215
402,51216
8453,51217
16249,51218
6675,51219
7909,51220
4612,51221
3958,51222
16250,51223
13283,51224
410,51225
6530,51226
8462,51227
2124,51228
7403,51229
4616,51230
7913,51231
15898,51232
1739,51233
4346,51234
9467,51235
14396,51236
35,51237
2127,51238
9472,51239
9473,51240
1367,51241
3846,51242
1742,51243
418,51244
1205,51245
2129,51246
8468,51247
8468,51248
7922,51249
16251,51250
16251,51251
15697,51252
5461,51253
5461,51254
426,51255
16252,51256
16253,51257
16254,51258
11995,51259
15496,51260
12951,51261
1745,51262
12552,51263
10169,51264
16255,51265
2139,51266
16256,51267
440,51268
3512,51269
5882,51270
3274,51271
6904,51272
1750,51273
14980,51274
6905,51275
2533,51276
2533,51277
16257,51278
7460,51279
16258,51280
9257,51281
5056,51282
3692,51283
449,51284
449,51285
5885,51286
7502,51287
7502,51288
7932,51289
1756,51290
1378,51291
1378,51292
13518,51293
14717,51294
16259,51295
9974,51296
16124,51297
2149,51298
5696,51299
43,51300
12003,51301
7938,51302
2151,51303
3006,51304
1384,51305
16260,51306
9083,51307
6683,51308
1385,51309
16261,51310
12287,51311
3699,51312
15920,51313
2657,51314
463,51315
5586,51316
5586,51317
5586,51318
6395,51319
3015,51320
3282,51321
1387,51322
1387,51323
1387,51324
467,51325
467,51326
1765,51327
6396,51328
6396,51329
475,51330
3018,51331
3285,51332
7305,51333
11781,51334
3986,51335
1389,51336
7186,51337
7186,51338
16262,51339
1768,51340
16263,51341
2534,51342
9220,51343
16264,51344
10687,51345
14864,51346
13525,51347
5463,51348
1769,51349
16265,51350
16266,51351
4808,51352
4808,51353
16267,51354
7187,51355
8926,51356
13160,51357
8194,51358
9221,51359
4553,51360
7307,51361
56,51362
1771,51363
3525,51364
489,51365
7154,51366
3025,51367
3526,51368
4812,51369
3527,51370
3291,51371
1772,51372
11566,51373
14992,51374
2675,51375
2675,51376
3293,51377
492,51378
1404,51379
1138,51380
496,51381
1209,51382
497,51383
1209,51384
12497,51385
16268,51386
5896,51387
7237,51388
198,51389
10565,51390
10566,51391
3034,51392
14034,51393
9086,51394
16269,51395
8266,51396
2679,51397
16270,51398
13530,51399
7952,51400
16271,51401
6404,51402
13531,51403
7954,51404
14037,51405
13838,51406
16272,51407
2537,51408
9987,51409
12642,51410
14276,51411
10599,51412
3302,51413
65,51414
3042,51415
12026,51416
12026,51417
513,51418
513,51419
8528,51420
13533,51421
514,51422
514,51423
514,51424
3044,51425
515,51426
515,51427
12549,51428
3709,51429
5902,51430
521,51431
4821,51432
2692,51433
16273,51434
9990,51435
1785,51436
11704,51437
7593,51438
9537,51439
526,51440
526,51441
4387,51442
15503,51443
8938,51444
11180,51445
2695,51446
13845,51447
14278,51448
3310,51449
3310,51450
6413,51451
8271,51452
8271,51453
9543,51454
8538,51455
15855,51456
203,51457
70,51458
1211,51459
7242,51460
3546,51461
16274,51462
10177,51463
4025,51464
6089,51465
3056,51466
8546,51467
547,51468
8169,51469
8169,51470
7314,51471
16275,51472
10714,51473
75,51474
9311,51475
16276,51476
4028,51477
10001,51478
6624,51479
4296,51480
15004,51481
262,51482
262,51483
4398,51484
4831,51485
14736,51486
3720,51487
1144,51488
2201,51489
8554,51490
12986,51491
16277,51492
3058,51493
553,51494
2206,51495
2704,51496
5469,51497
7320,51498
2706,51499
1807,51500
557,51501
558,51502
16278,51503
8556,51504
8558,51505
560,51506
1981,51507
564,51508
564,51509
8560,51510
10256,51511
6419,51512
16279,51513
12429,51514
567,51515
568,51516
569,51517
569,51518
6935,51519
16280,51520
2711,51521
14053,51522
6937,51523
5210,51524
16281,51525
16282,51526
16283,51527
6212,51528
4043,51529
572,51530
2714,51531
574,51532
4044,51533
2716,51534
2212,51535
2717,51536
7321,51537
578,51538
578,51539
5600,51540
6939,51541
16284,51542
3062,51543
3062,51544
582,51545
1813,51546
1814,51547
1442,51548
16285,51549
12168,51550
14057,51551
7543,51552
5601,51553
13551,51554
4054,51555
8202,51556
16286,51557
10606,51558
8278,51559
1820,51560
3332,51561
1821,51562
2726,51563
16287,51564
6329,51565
6329,51566
6946,51567
9095,51568
1446,51569
3334,51570
3334,51571
1448,51572
1985,51573
9581,51574
8002,51575
5732,51576
599,51577
3335,51578
84,51579
6427,51580
14750,51581
603,51582
11719,51583
604,51584
2223,51585
2223,51586
2223,51587
8204,51588
13864,51589
16192,51590
8006,51591
2225,51592
6860,51593
16288,51594
16289,51595
6278,51596
14064,51597
8947,51598
9362,51599
9860,51600
12677,51601
8948,51602
5395,51603
619,51604
16290,51605
1989,51606
8950,51607
8597,51608
4660,51609
16291,51610
4067,51611
11206,51612
10530,51613
13314,51614
16292,51615
16293,51616
622,51617
7417,51618
7417,51619
626,51620
6714,51621
14751,51622
7751,51623
2230,51624
16294,51625
1842,51626
16154,51627
13180,51628
16295,51629
10609,51630
2749,51631
2231,51632
16296,51633
11209,51634
13561,51635
10037,51636
7326,51637
2232,51638
4850,51639
1845,51640
1845,51641
1845,51642
4076,51643
5272,51644
632,51645
16297,51646
3079,51647
3079,51648
2236,51649
11487,51650
10943,51651
2751,51652
4081,51653
13564,51654
89,51655
89,51656
3080,51657
3080,51658
12060,51659
2940,51660
5339,51661
3083,51662
5930,51663
5930,51664
5930,51665
6961,51666
91,51667
91,51668
8956,51669
1460,51670
14597,51671
8018,51672
1850,51673
642,51674
16298,51675
5931,51676
646,51677
646,51678
16299,51679
7754,51680
11219,51681
16300,51682
8021,51683
4093,51684
10945,51685
2247,51686
5747,51687
4094,51688
8023,51689
13007,51690
3743,51691
1221,51692
656,51693
2254,51694
16301,51695
3745,51696
3745,51697
2257,51698
4102,51699
6974,51700
16302,51701
3351,51702
4861,51703
663,51704
664,51705
664,51706
2760,51707
667,51708
10055,51709
670,51710
5216,51711
3746,51712
4107,51713
7545,51714
5752,51715
6978,51716
13573,51717
12367,51718
2264,51719
3096,51720
8630,51721
3098,51722
12707,51723
679,51724
679,51725
10948,51726
14292,51727
10570,51728
11794,51729
684,51730
16303,51731
16304,51732
2773,51733
6332,51734
2774,51735
4115,51736
2778,51737
687,51738
7112,51739
4118,51740
2270,51741
13398,51742
2780,51743
14436,51744
7763,51745
3107,51746
3108,51747
2277,51748
1150,51749
4676,51750
2278,51751
4123,51752
13578,51753
1111,51754
16305,51755
5290,51756
15034,51757
105,51758
2786,51759
2786,51760
2787,51761
2787,51762
2787,51763
11241,51764
4436,51765
4436,51766
4436,51767
4436,51768
8655,51769
15620,51770
4886,51771
16306,51772
1865,51773
714,51774
5954,51775
16307,51776
14766,51777
11806,51778
106,51779
16308,51780
11739,51781
1868,51782
12725,51783
726,51784
727,51785
16309,51786
16310,51787
14101,51788
226,51789
4894,51790
2293,51791
3121,51792
5958,51793
15515,51794
4139,51795
4139,51796
3376,51797
1875,51798
10339,51799
6126,51800
746,51801
2805,51802
2805,51803
7774,51804
16311,51805
16312,51806
12731,51807
4686,51808
11262,51809
3127,51810
3127,51811
3767,51812
3377,51813
3377,51814
10727,51815
3128,51816
2299,51817
2299,51818
1231,51819
2810,51820
5346,51821
5346,51822
2303,51823
7510,51824
12736,51825
13589,51826
768,51827
1506,51828
13132,51829
770,51830
9655,51831
16313,51832
10259,51833
3594,51834
16167,51835
12522,51836
7001,51837
16314,51838
4151,51839
1997,51840
2310,51841
16315,51842
15303,51843
1512,51844
4455,51845
7142,51846
7142,51847
7467,51848
6230,51849
11494,51850
16316,51851
115,51852
1516,51853
1516,51854
1516,51855
6737,51856
12743,51857
2315,51858
7338,51859
5168,51860
791,51861
15629,51862
9664,51863
13902,51864
4924,51865
7618,51866
7618,51867
16317,51868
794,51869
10431,51870
16318,51871
1235,51872
2321,51873
16319,51874
9118,51875
5482,51876
16320,51877
800,51878
8306,51879
16321,51880
801,51881
3390,51882
8218,51883
802,51884
802,51885
4163,51886
16322,51887
3775,51888
7008,51889
4166,51890
4929,51891
16323,51892
4167,51893
2831,51894
16324,51895
16325,51896
2553,51897
2330,51898
125,51899
125,51900
7549,51901
7549,51902
9674,51903
14904,51904
815,51905
1238,51906
819,51907
7786,51908
7012,51909
1240,51910
2335,51911
2335,51912
10091,51913
6745,51914
5982,51915
1540,51916
1540,51917
8081,51918
16326,51919
840,51920
12091,51921
4937,51922
13735,51923
8082,51924
4185,51925
15305,51926
7430,51927
1900,51928
3148,51929
5235,51930
11294,51931
16327,51932
8222,51933
3405,51934
9688,51935
6749,51936
10098,51937
15873,51938
857,51939
3786,51940
11751,51941
16328,51942
7512,51943
6587,51944
237,51945
238,51946
130,51947
9172,51948
11611,51949
8732,51950
14796,51951
16329,51952
5792,51953
14625,51954
16330,51955
10108,51956
15473,51957
15473,51958
861,51959
7266,51960
7266,51961
7346,51962
7346,51963
8091,51964
6784,51965
10734,51966
7348,51967
866,51968
1558,51969
16331,51970
16332,51971
16333,51972
13380,51973
3411,51974
10544,51975
16334,51976
4478,51977
2854,51978
4202,51979
8097,51980
8746,51981
7797,51982
9173,51983
7029,51984
242,51985
16335,51986
4206,51987
13923,51988
878,51989
1906,51990
884,51991
884,51992
4207,51993
10676,51994
3617,51995
16336,51996
3417,51997
3417,51998
7803,51999
13204,52000
10121,52001
15640,52002
4208,52003
10122,52004
13409,52005
2366,52006
1909,52007
2368,52008
9730,52009
16337,52010
6755,52011
16338,52012
1169,52013
16339,52014
4956,52015
5994,52016
15345,52017
897,52018
898,52019
4718,52020
11329,52021
4303,52022
2371,52023
2371,52024
5357,52025
16340,52026
5805,52027
7039,52028
1577,52029
7355,52030
16341,52031
13070,52032
13070,52033
7630,52034
4492,52035
13672,52036
9880,52037
6759,52038
135,52039
11756,52040
908,52041
4723,52042
16342,52043
13610,52044
16343,52045
2866,52046
4304,52047
4304,52048
4304,52049
15347,52050
920,52051
9327,52052
9327,52053
8121,52054
5812,52055
6042,52056
16344,52057
10801,52058
7046,52059
7047,52060
7047,52061
7047,52062
1925,52063
11592,52064
5814,52065
4970,52066
16345,52067
9748,52068
6000,52069
1927,52070
3172,52071
16346,52072
6854,52073
6854,52074
930,52075
16347,52076
1171,52077
16348,52078
8787,52079
931,52080
2868,52081
16349,52082
3836,52083
3836,52084
10679,52085
13747,52086
937,52087
937,52088
937,52089
937,52090
937,52091
4498,52092
7201,52093
16350,52094
939,52095
9014,52096
16351,52097
16352,52098
16353,52099
3424,52100
2391,52101
7274,52102
16354,52103
11398,52104
16355,52105
9765,52106
2870,52107
16356,52108
7817,52109
9015,52110
10740,52111
949,52112
5252,52113
10131,52114
10967,52115
10132,52116
13748,52117
13748,52118
16357,52119
11614,52120
2397,52121
16358,52122
16359,52123
4731,52124
9771,52125
1591,52126
1591,52127
7060,52128
15480,52129
6636,52130
16360,52131
3429,52132
10134,52133
1117,52134
957,52135
958,52136
12794,52137
14162,52138
8802,52139
960,52140
3630,52141
2404,52142
2404,52143
2404,52144
2881,52145
2881,52146
10782,52147
9784,52148
16361,52149
10550,52150
149,52151
149,52152
972,52153
9330,52154
975,52155
7822,52156
11399,52157
1602,52158
11350,52159
5177,52160
5104,52161
16362,52162
6010,52163
982,52164
983,52165
2887,52166
10972,52167
1606,52168
4989,52169
4513,52170
7202,52171
252,52172
15723,52173
13212,52174
4249,52175
4514,52176
1254,52177
15329,52178
15329,52179
12380,52180
2422,52181
3187,52182
16363,52183
16364,52184
14172,52185
3434,52186
3434,52187
3434,52188
3434,52189
999,52190
4517,52191
8815,52192
16365,52193
16365,52194
15793,52195
10137,52196
2424,52197
13214,52198
3190,52199
4256,52200
1006,52201
1006,52202
1610,52203
1007,52204
1008,52205
1120,52206
7826,52207
16366,52208
1173,52209
6246,52210
8146,52211
15100,52212
12312,52213
16367,52214
5145,52215
5145,52216
3193,52217
3193,52218
3193,52219
1017,52220
1017,52221
7827,52222
1613,52223
2893,52224
13216,52225
11359,52226
12804,52227
12804,52228
16368,52229
7067,52230
8150,52231
8834,52232
2434,52233
1037,52234
16369,52235
9808,52236
16370,52237
8151,52238
11435,52239
4528,52240
1622,52241
13219,52242
2897,52243
2435,52244
16371,52245
1941,52246
16372,52247
1044,52248
16373,52249
3443,52250
8838,52251
8838,52252
13941,52253
12811,52254
16374,52255
14828,52256
16375,52257
5382,52258
8841,52259
1059,52260
13946,52261
5015,52262
16376,52263
16377,52264
7206,52265
9828,52266
11525,52267
11553,52268
9831,52269
15969,52270
16378,52271
10148,52272
12269,52273
16379,52274
11772,52275
1175,52276
3865,52277
16380,52278
13372,52279
13372,52280
16381,52281
2453,52282
9385,52283
3827,52284
16382,52285
2456,52286
3453,52287
3829,52288
7837,52289
15658,52290
7179,52291
3457,52292
1083,52293
14355,52294
13107,52295
6508,52296
7181,52297
1644,52298
8165,52299
12273,52300
12273,52301
15487,52302
2917,52303
3210,52304
1092,52305
1092,52306
1948,52307
3211,52308
3212,52309
3463,52310
1181,52311
9838,52312
16383,52313
12152,52314
16384,52315
3464,52316
16385,52317
16386,52318
4291,52319
3866,52320
11050,52321
3225,52322
9907,52323
2057,52324
16387,52325
2610,52326
1318,52327
14554,52328
183,52329
4589,52330
16388,52331
9951,52332
16389,52333
13419,52334
6530,52335
4791,52336
8468,52337
16390,52338
10788,52339
16391,52340
15784,52341
493,52342
15825,52343
514,52344
522,52345
2190,52346
7734,52347
1951,52348
16392,52349
9596,52350
16393,52351
16394,52352
5954,52353
16395,52354
2809,52355
763,52356
5225,52357
2484,52358
16396,52359
13596,52360
1531,52361
11807,52362
4196,52363
16397,52364
9731,52365
10265,52366
4241,52367
4980,52368
16398,52369
5363,52370
11399,52371
2901,52372
11830,52373
5369,52374
1080,52375
3453,52376
12152,52377
4290,52378
16399,52379
16232,52380
3899,52381
5656,52382
1700,52383
8900,52384
324,52385
10585,52386
2465,52387
8907,52388
2989,52389
16400,52390
9945,52391
14564,52392
3678,52393
9034,52394
15151,52395
6901,52396
3972,52397
7303,52398
9500,52399
5201,52400
5591,52401
5591,52402
14040,52403
514,52404
5330,52405
16401,52406
12982,52407
3056,52408
1429,52409
14513,52410
4035,52411
3060,52412
8568,52413
6421,52414
15011,52415
1827,52416
8593,52417
2741,52418
15704,52419
8618,52420
6965,52421
6442,52422
15040,52423
13584,52424
5437,52425
8978,52426
5968,52427
11289,52428
11289,52429
5783,52430
834,52431
4181,52432
13133,52433
10289,52434
5623,52435
4941,52436
16402,52437
12110,52438
8770,52439
11758,52440
16403,52441
7362,52442
147,52443
7364,52444
987,52445
8329,52446
16372,52447
16404,52448
7493,52449
5567,52450
9291,52451
15542,52452
1328,52453
3502,52454
2155,52455
16405,52456
10606,52457
16406,52458
1148,52459
9677,52460
1271,52461
1123,52462
2036,52463
2598,52464
1704,52465
15673,52466
14555,52467
2086,52468
9445,52469
28,52470
28,52471
28,52472
13808,52473
12832,52474
7904,52475
15978,52476
4787,52477
1741,52478
9973,52479
5704,52480
16407,52481
495,52482
3539,52483
7723,52484
531,52485
1791,52486
8272,52487
6934,52488
6559,52489
10842,52490
10334,52491
1219,52492
642,52493
1470,52494
10225,52495
674,52496
13015,52497
10850,52498
14530,52499
8667,52500
5222,52501
2828,52502
16408,52503
13904,52504
1540,52505
4187,52506
3792,52507
10676,52508
12307,52509
12307,52510
1577,52511
10738,52512
937,52513
7815,52514
7275,52515
1601,52516
2891,52517
1040,52518
10142,52519
13223,52520
6024,52521
12270,52522
10239,52523
2920,52524
4289,52525
8976,52526
16409,52527
16007,52528
8886,52529
3880,52530
10389,52531
9423,52532
11076,52533
11908,52534
7684,52535
9072,52536
8445,52537
8465,52538
34,52539
12834,52540
8193,52541
8475,52542
5517,52543
7236,52544
16410,52545
4816,52546
11706,52547
3054,52548
8538,52549
3714,52550
4035,52551
16411,52552
16412,52553
12680,52554
16294,52555
2752,52556
16413,52557
6976,52558
683,52559
16414,52560
8046,52561
726,52562
2479,52563
16415,52564
4455,52565
2321,52566
799,52567
15056,52568
7256,52569
16416,52570
840,52571
4192,52572
3609,52573
14666,52574
878,52575
16417,52576
6633,52577
7355,52578
7810,52579
245,52580
4227,52581
4496,52582
12265,52583
5108,52584
16418,52585
4278,52586
9287,52587
1073,52588
16419,52589
8859,52590
1122,52591
1178,52592
13229,52593
2055,52594
5513,52595
9040,52596
16420,52597
79,52598
6713,52599
16421,52600
12087,52601
12087,52602
16422,52603
16423,52604
4471,52605
16424,52606
7657,52607
9291,52608
2037,52609
16136,52610
8895,52611
5578,52612
3660,52613
2607,52614
5666,52615
6188,52616
16425,52617
25,52618
3247,52619
14555,52620
185,52621
28,52622
376,52623
1348,52624
8908,52625
11990,52626
11991,52627
5687,52628
12947,52629
8466,52630
34,52631
8255,52632
11540,52633
14709,52634
436,52635
1747,52636
1376,52637
11847,52638
9972,52639
456,52640
3695,52641
2500,52642
1102,52643
16426,52644
16426,52645
2534,52646
14992,52647
8507,52648
10565,52649
9087,52650
16427,52651
65,52652
3048,52653
6413,52654
16428,52655
546,52656
4030,52657
4833,52658
4833,52659
211,52660
8577,52661
2726,52662
2726,52663
7140,52664
604,52665
16429,52666
16430,52667
7415,52668
86,52669
7418,52670
10278,52671
2758,52672
6286,52673
8962,52674
677,52675
15421,52676
6982,52677
11233,52678
16431,52679
7251,52680
4887,52681
4900,52682
4146,52683
3771,52684
9660,52685
7783,52686
5785,52687
9685,52688
16432,52689
2353,52690
15343,52691
16433,52692
11511,52693
10128,52694
911,52695
8768,52696
15820,52697
9327,52698
14813,52699
7634,52700
6007,52701
4988,52702
15097,52703
16434,52704
8829,52705
6498,52706
12133,52707
13634,52708
14489,52709
7071,52710
16435,52711
11954,52712
1068,52713
10747,52714
1637,52715
5266,52716
16028,52717
1642,52718
14323,52719
16436,52720
1082,52721
8165,52722
11775,52723
11775,52724
15488,52725
7654,52726
7654,52727
1094,52728
16437,52729
1098,52730
2062,52731
2614,52732
1343,52733
13124,52734
11714,52735
8957,52736
7215,52737
2292,52738
5790,52739
3624,52740
6773,52741
16117,52742
4326,52743
16438,52744
14965,52745
4601,52746
16439,52747
5391,52748
5888,52749
68,52750
2730,52751
16440,52752
2270,52753
2784,52754
3158,52755
7514,52756
9391,52757
8182,52758
16441,52759
12416,52760
6183,52761
5836,52762
3478,52763
1688,52764
179,52765
3481,52766
7391,52767
313,52768
13,52769
1306,52770
2610,52771
349,52772
10920,52773
367,52774
3929,52775
377,52776
15590,52777
2642,52778
16442,52779
7909,52780
192,52781
14464,52782
16443,52783
16444,52784
11466,52785
14892,52786
2148,52787
43,52788
460,52789
8488,52790
1765,52791
1388,52792
5391,52793
11473,52794
7154,52795
2669,52796
16445,52797
16446,52798
13834,52799
16447,52800
1411,52801
16448,52802
12641,52803
9990,52804
3540,52805
5429,52806
3049,52807
7964,52808
11817,52809
1422,52810
1140,52811
14731,52812
1792,52813
1792,52814
7976,52815
5286,52816
10527,52817
79,52818
2711,52819
6788,52820
5337,52821
11416,52822
5731,52823
13442,52824
1825,52825
11481,52826
8585,52827
8204,52828
1453,52829
5926,52830
16449,52831
14594,52832
10028,52833
16450,52834
2928,52835
3734,52836
16451,52837
11725,52838
1148,52839
3347,52840
16452,52841
4102,52842
13662,52843
13662,52844
16453,52845
16454,52846
2763,52847
13959,52848
8028,52849
2260,52850
15026,52851
16455,52852
4124,52853
12239,52854
8652,52855
9645,52856
16456,52857
7772,52858
4895,52859
740,52860
14107,52861
768,52862
2314,52863
4158,52864
7255,52865
10082,52866
2943,52867
819,52868
820,52869
5982,52870
10347,52871
16457,52872
844,52873
10621,52874
3783,52875
1546,52876
9698,52877
5137,52878
3153,52879
878,52880
243,52881
13927,52882
7354,52883
135,52884
10440,52885
12782,52886
8775,52887
4967,52888
11941,52889
5250,52890
16354,52891
946,52892
10134,52893
960,52894
991,52895
8329,52896
16458,52897
16459,52898
15976,52899
12808,52900
11593,52901
16460,52902
7076,52903
2568,52904
16461,52905
7497,52906
13848,52907
5065,52908
600,52909
13317,52910
11793,52911
16462,52912
3773,52913
3866,52914
10513,52915
9894,52916
14458,52917
1688,52918
2595,52919
2055,52920
3237,52921
11455,52922
13688,52923
3489,52924
1127,52925
16463,52926
9298,52927
4771,52928
11909,52929
7184,52930
11102,52931
7690,52932
7577,52933
2635,52934
5681,52935
6390,52936
5873,52937
16464,52938
408,52939
7698,52940
1365,52941
7917,52942
433,52943
2133,52944
8475,52945
11151,52946
12004,52947
457,52948
3012,52949
8922,52950
11469,52951
467,52952
13239,52953
7407,52954
3018,52955
14893,52956
14893,52957
5325,52958
13522,52959
1768,52960
492,52961
8509,52962
9522,52963
505,52964
8515,52965
16125,52966
13840,52967
15605,52968
15164,52969
8269,52970
11787,52971
3306,52972
13162,52973
13849,52974
1797,52975
8940,52976
16465,52977
4028,52978
16064,52979
207,52980
549,52981
14450,52982
1657,52983
1805,52984
5211,52985
16284,52986
8201,52987
10606,52988
7601,52989
1833,52990
16466,52991
619,52992
11209,52993
1845,52994
3345,52995
13769,52996
1468,52997
2256,52998
2778,52999
4431,53000
7421,53001
16467,53002
11241,53003
5952,53004
4439,53005
8048,53006
7113,53007
1873,53008
4443,53009
2805,53010
5616,53011
13031,53012
4906,53013
5965,53014
4153,53015
4153,53016
16468,53017
16469,53018
2318,53019
8696,53020
7008,53021
7009,53022
16470,53023
12089,53024
14922,53025
4181,53026
16471,53027
16472,53028
1901,53029
5791,53030
3153,53031
1564,53032
1564,53033
14482,53034
14327,53035
11755,53036
7472,53037
6756,53038
9004,53039
5406,53040
920,53041
7489,53042
12343,53043
13465,53044
2391,53045
9015,53046
9775,53047
6152,53048
2414,53049
7642,53050
16473,53051
1017,53052
16474,53053
1025,53054
1046,53055
2900,53056
3640,53057
4736,53058
1066,53059
1635,53060
6023,53061
5827,53062
16475,53063
8159,53064
1262,53065
168,53066
11894,53067
8165,53068
7492,53069
7560,53070
4739,53071
11139,53072
1791,53073
6293,53074
14106,53075
15554,53076
5642,53077
2034,53078
13787,53079
16476,53080
15133,53081
16477,53082
13980,53083
1290,53084
6655,53085
2065,53086
2966,53087
3666,53088
1336,53089
28,53090
371,53091
3931,53092
1355,53093
5279,53094
16478,53095
11688,53096
16479,53097
7230,53098
6904,53099
7134,53100
4622,53101
13826,53102
2500,53103
9515,53104
5897,53105
8936,53106
513,53107
7967,53108
545,53109
16480,53110
11639,53111
11639,53112
8279,53113
5925,53114
8010,53115
632,53116
89,53117
16481,53118
3745,53119
5754,53120
3752,53121
16482,53122
7251,53123
6227,53124
9116,53125
2810,53126
8705,53127
14117,53128
7485,53129
817,53130
6742,53131
4171,53132
3468,53133
1530,53134
4183,53135
3604,53136
15068,53137
11934,53138
6472,53139
16483,53140
6347,53141
3162,53142
3798,53143
4959,53144
5098,53145
16484,53146
9777,53147
5179,53148
5255,53149
4997,53150
10451,53151
4525,53152
1036,53153
5368,53154
5368,53155
4531,53156
6943,53157
16485,53158
7380,53159
174,53160
5274,53161
3872,53162
3218,53163
12888,53164
4570,53165
16486,53166
1678,53167
8360,53168
2036,53169
16487,53170
2043,53171
13267,53172
295,53173
16488,53174
2048,53175
5035,53176
11968,53177
12280,53178
15137,53179
8390,53180
7083,53181
7083,53182
7083,53183
16489,53184
1961,53185
312,53186
312,53187
13488,53188
11076,53189
15389,53190
13989,53191
2064,53192
2064,53193
2064,53194
13,53195
13385,53196
6660,53197
2069,53198
16490,53199
2075,53200
9433,53201
4770,53202
1963,53203
7295,53204
5419,53205
11101,53206
6376,53207
370,53208
6885,53209
9450,53210
3499,53211
1131,53212
6617,53213
14010,53214
7904,53215
8442,53216
8445,53217
3940,53218
7402,53219
3260,53220
8910,53221
3678,53222
3951,53223
402,53224
7909,53225
16491,53226
7301,53227
9466,53228
14976,53229
415,53230
4347,53231
16492,53232
12622,53233
1747,53234
1100,53235
6646,53236
7460,53237
9258,53238
7934,53239
9492,53240
43,53241
14527,53242
10409,53243
16493,53244
8488,53245
48,53246
11565,53247
3986,53248
9505,53249
9506,53250
10930,53251
6912,53252
12325,53253
1656,53254
8497,53255
14428,53256
2669,53257
7950,53258
11160,53259
12497,53260
16494,53261
1407,53262
1778,53263
2176,53264
16495,53265
16496,53266
16497,53267
9988,53268
13844,53269
2181,53270
3540,53271
7963,53272
11183,53273
1423,53274
11918,53275
1794,53276
16498,53277
16499,53278
11391,53279
1802,53280
1144,53281
10002,53282
7320,53283
1215,53284
16500,53285
12658,53286
7735,53287
2213,53288
12660,53289
6098,53290
4844,53291
8579,53292
7601,53293
2737,53294
9590,53295
4060,53296
5070,53297
16501,53298
16502,53299
10845,53300
13180,53301
7326,53302
3570,53303
2753,53304
8619,53305
11217,53306
2243,53307
7190,53308
12693,53309
5746,53310
4089,53311
16503,53312
4094,53313
3743,53314
8630,53315
3098,53316
679,53317
3853,53318
2269,53319
16504,53320
9169,53321
7251,53322
705,53323
105,53324
6571,53325
16505,53326
16506,53327
226,53328
16507,53329
8665,53330
7252,53331
7252,53332
6997,53333
14105,53334
11257,53335
6228,53336
13401,53337
16508,53338
16509,53339
6449,53340
1876,53341
5616,53342
16510,53343
4906,53344
5224,53345
16511,53346
11494,53347
8303,53348
13902,53349
13044,53350
3387,53351
7484,53352
2322,53353
117,53354
6236,53355
7427,53356
1524,53357
11651,53358
16512,53359
14675,53360
16513,53361
6138,53362
837,53363
1536,53364
6586,53365
11826,53366
5485,53367
3603,53368
843,53369
846,53370
16514,53371
3606,53372
9697,53373
2002,53374
5788,53375
10798,53376
1549,53377
1549,53378
1549,53379
14624,53380
14624,53381
8733,53382
2850,53383
2850,53384
16515,53385
7115,53386
11507,53387
6346,53388
11319,53389
11319,53390
8747,53391
16516,53392
13204,53393
1246,53394
3620,53395
894,53396
1578,53397
1578,53398
4961,53399
2374,53400
3167,53401
3168,53402
3168,53403
3168,53404
15347,53405
3623,53406
1925,53407
9751,53408
930,53409
14816,53410
1171,53411
2387,53412
937,53413
1931,53414
1592,53415
6487,53416
11942,53417
11346,53418
16517,53419
991,53420
996,53421
9182,53422
13358,53423
1025,53424
16518,53425
9805,53426
3196,53427
5007,53428
16519,53429
9020,53430
7279,53431
3199,53432
16520,53433
7282,53434
1261,53435
2907,53436
5018,53437
5018,53438
3450,53439
6027,53440
3645,53441
8231,53442
7448,53443
16521,53444
6356,53445
4742,53446
3841,53447
3987,53448
15883,53449
4878,53450
1880,53451
2832,53452
13913,53453
1549,53454
10580,53455
15728,53456
4745,53457
9891,53458
7660,53459
10390,53460
8891,53461
14945,53462
1287,53463
16066,53464
16066,53465
1293,53466
1692,53467
16522,53468
3842,53469
7568,53470
11970,53471
321,53472
13992,53473
1193,53474
1329,53475
365,53476
3926,53477
9937,53478
7296,53479
16523,53480
16524,53481
12944,53482
1738,53483
13815,53484
10521,53485
9476,53486
5885,53487
9852,53488
44,53489
3699,53490
46,53491
3013,53492
8490,53493
6911,53494
6913,53495
57,53496
2537,53497
16525,53498
6273,53499
556,53500
1982,53501
12036,53502
13129,53503
587,53504
15420,53505
9095,53506
11481,53507
4659,53508
14061,53509
11721,53510
13717,53511
632,53512
2236,53513
2752,53514
2509,53515
15859,53516
16101,53517
646,53518
663,53519
13018,53520
1864,53521
4886,53522
226,53523
754,53524
16526,53525
116,53526
8704,53527
8308,53528
828,53529
2554,53530
11305,53531
3793,53532
3793,53533
878,53534
12103,53535
4716,53536
6758,53537
1575,53538
13465,53539
13139,53540
9778,53541
16527,53542
16528,53543
150,53544
4250,53545
3434,53546
16529,53547
6157,53548
1618,53549
4265,53550
14505,53551
1046,53552
10369,53553
256,53554
16028,53555
16530,53556
7839,53557
3832,53558
7573,53559
8442,53560
34,53561
16531,53562
462,53563
4633,53564
7091,53565
1,53566
2034,53567
16532,53568
4319,53569
2065,53570
8244,53571
324,53572
6805,53573
7497,53574
353,53575
1716,53576
3497,53577
7902,53578
1730,53579
13811,53580
13811,53581
10213,53582
44,53583
2673,53584
8507,53585
542,53586
16533,53587
6423,53588
5604,53589
5164,53590
2233,53591
4668,53592
12277,53593
3351,53594
16534,53595
11491,53596
2799,53597
7782,53598
11751,53599
4944,53600
13057,53601
16535,53602
3173,53603
2561,53604
12117,53605
10445,53606
9133,53607
16536,53608
3819,53609
3819,53610
8152,53611
16537,53612
11659,53613
15432,53614
4305,53615
1088,53616
178,53617
16538,53618
12564,53619
12565,53620
4749,53621
16539,53622
3897,53623
2051,53624
11814,53625
3903,53626
5667,53627
4591,53628
28,53629
5044,53630
4786,53631
3501,53632
16082,53633
4792,53634
416,53635
13156,53636
7925,53637
444,53638
453,53639
16540,53640
7233,53641
2154,53642
2657,53643
472,53644
16541,53645
8494,53646
13528,53647
16542,53648
14037,53649
4374,53650
15603,53651
64,53652
2690,53653
16543,53654
1788,53655
7482,53656
2704,53657
1438,53658
4645,53659
6212,53660
7598,53661
10667,53662
10717,53663
3068,53664
2734,53665
2736,53666
9589,53667
1265,53668
4058,53669
2225,53670
16544,53671
3075,53672
13180,53673
12689,53674
8207,53675
12693,53676
4091,53677
6974,53678
12704,53679
3746,53680
11228,53681
696,53682
9109,53683
2801,53684
11870,53685
754,53686
11265,53687
14236,53688
4156,53689
16545,53690
16545,53691
7255,53692
3392,53693
830,53694
6850,53695
842,53696
4189,53697
16546,53698
14799,53699
16547,53700
878,53701
10627,53702
7811,53703
16548,53704
16549,53705
9763,53706
6483,53707
3175,53708
1591,53709
16550,53710
3428,53711
3177,53712
958,53713
16551,53714
4524,53715
1030,53716
11769,53717
16552,53718
1092,53719
13793,53720
12584,53721
6378,53722
9249,53723
6254,53724
3744,53725
1160,53726
1935,53727
1935,53728
16100,53729
1083,53730
7655,53731
178,53732
11070,53733
15581,53734
3237,53735
13,53736
2604,53737
2065,53738
7207,53739
22,53740
16553,53741
1326,53742
16554,53743
6373,53744
6882,53745
366,53746
2982,53747
9937,53748
12610,53749
2119,53750
9472,53751
11463,53752
2997,53753
12953,53754
3972,53755
47,53756
6395,53757
470,53758
474,53759
476,53760
3025,53761
497,53762
497,53763
14034,53764
16555,53765
7461,53766
16556,53767
66,53768
6273,53769
7731,53770
4035,53771
2209,53772
6212,53773
13165,53774
3068,53775
11481,53776
2729,53777
3342,53778
639,53779
16557,53780
4671,53781
8961,53782
16558,53783
3364,53784
7334,53785
2552,53786
10728,53787
4156,53788
9661,53789
2318,53790
6460,53791
8072,53792
16559,53793
817,53794
16560,53795
16560,53796
16560,53797
1534,53798
16561,53799
3150,53800
12374,53801
10543,53802
4940,53803
4940,53804
14479,53805
14797,53806
8180,53807
7197,53808
878,53809
1906,53810
16562,53811
2364,53812
7033,53813
4722,53814
12783,53815
12257,53816
2877,53817
13210,53818
10970,53819
1603,53820
13937,53821
11361,53822
11769,53823
157,53824
14198,53825
5397,53826
4908,53827
14489,53828
2031,53829
4292,53830
16563,53831
11562,53832
324,53833
9449,53834
3948,53835
3264,53836
16257,53837
5158,53838
1392,53839
10599,53840
4399,53841
16564,53842
581,53843
3722,53844
595,53845
8278,53846
10026,53847
9590,53848
4418,53849
634,53850
661,53851
2264,53852
14235,53853
12299,53854
761,53855
14610,53856
13038,53857
1234,53858
10674,53859
1527,53860
4173,53861
1542,53862
854,53863
6301,53864
16565,53865
878,53866
880,53867
2370,53868
7036,53869
12883,53870
15086,53871
8125,53872
13749,53873
1016,53874
8828,53875
10456,53876
3450,53877
5450,53878
7077,53879
12547,53880
16566,53881
1948,53882
1098,53883
5277,53884
3671,53885
9506,53886
16567,53887
9086,53888
206,53889
208,53890
4054,53891
5534,53892
4458,53893
16331,53894
16568,53895
7057,53896
14411,53897
12808,53898
12547,53899
8233,53900
11063,53901
1958,53902
12155,53903
15441,53904
2063,53905
5852,53906
7207,53907
1709,53908
2621,53909
16143,53910
11104,53911
1202,53912
9364,53913
11844,53914
13956,53915
10994,53916
14464,53917
429,53918
6901,53919
2149,53920
3981,53921
8264,53922
15163,53923
7958,53924
16569,53925
4388,53926
16570,53927
2701,53928
13543,53929
1216,53930
3559,53931
16571,53932
16572,53933
14291,53934
8645,53935
1487,53936
12516,53937
15984,53938
12404,53939
15340,53940
16573,53941
5971,53942
16574,53943
5783,53944
4179,53945
7020,53946
16575,53947
9711,53948
3612,53949
15933,53950
15719,53951
9765,53952
5361,53953
1017,53954
1036,53955
8334,53956
1639,53957
14882,53958
1647,53959
5857,53960
4407,53961
10046,53962
3395,53963
7429,53964
8833,53965
8348,53966
11903,53967
16104,53968
15352,53969
13971,53970
9363,53971
4312,53972
1123,53973
278,53974
11062,53975
9185,53976
7855,53977
7855,53978
287,53979
16576,53980
6320,53981
9902,53982
1189,53983
3841,53984
3841,53985
4757,53986
7865,53987
8390,53988
6615,53989
5416,53990
7083,53991
2598,53992
315,53993
7570,53994
3490,53995
324,53996
2966,53997
12390,53998
2081,53999
1326,54000
7526,54001
6189,54002
1963,54003
2628,54004
8424,54005
2633,54006
28,54007
5681,54008
10991,54009
385,54010
3260,54011
14564,54012
3950,54013
9951,54014
3262,54015
8462,54016
11128,54017
11128,54018
1364,54019
6897,54020
417,54021
14711,54022
7926,54023
10408,54024
3271,54025
16577,54026
7460,54027
1207,54028
9082,54029
3694,54030
2155,54031
16578,54032
12396,54033
3020,54034
3517,54035
3520,54036
11160,54037
10300,54038
6082,54039
13388,54040
11701,54041
16579,54042
16580,54043
12500,54044
1783,54045
10506,54046
13540,54047
545,54048
8546,54049
2029,54050
7980,54051
5468,54052
1432,54053
1432,54054
1432,54055
6095,54056
2717,54057
2939,54058
5919,54059
7741,54060
1825,54061
2729,54062
84,54063
10471,54064
8608,54065
10719,54066
91,54067
14599,54068
5609,54069
15769,54070
11222,54071
2257,54072
2257,54073
97,54074
5610,54075
6845,54076
671,54077
13881,54078
4674,54079
16581,54080
4876,54081
7127,54082
5435,54083
11928,54084
727,54085
224,54086
224,54087
224,54088
224,54089
224,54090
224,54091
224,54092
224,54093
224,54094
224,54095
4137,54096
1499,54097
10198,54098
1875,54099
16582,54100
5962,54101
5770,54102
16583,54103
11260,54104
16584,54105
3128,54106
13588,54107
15050,54108
12083,54109
6453,54110
7004,54111
10539,54112
16585,54113
10540,54114
16586,54115
5543,54116
10959,54117
16587,54118
2554,54119
5169,54120
16588,54121
16588,54122
8081,54123
8222,54124
6300,54125
11589,54126
236,54127
236,54128
8995,54129
16589,54130
862,54131
16590,54132
16590,54133
11307,54134
867,54135
7350,54136
8743,54137
8743,54138
8743,54139
8743,54140
8743,54141
8743,54142
8743,54143
10349,54144
16591,54145
11323,54146
6145,54147
16592,54148
4956,54149
5095,54150
12474,54151
1576,54152
2372,54153
7630,54154
16593,54155
4219,54156
8762,54157
13072,54158
16594,54159
16595,54160
1584,54161
16596,54162
16597,54163
2387,54164
937,54165
16598,54166
1594,54167
3429,54168
3429,54169
5102,54170
11550,54171
2881,54172
9331,54173
7062,54174
16599,54175
10742,54176
11616,54177
1616,54178
16600,54179
2522,54180
13759,54181
1943,54182
16601,54183
14882,54184
11374,54185
3211,54186
2919,54187
275,54188
12322,54189
12850,54190
12286,54191
1737,54192
1767,54193
2163,54194
16602,54195
3031,54196
3550,54197
9577,54198
10032,54199
6511,54200
4869,54201
224,54202
5266,54203
16603,54204
5453,54205
3837,54206
10387,54207
6051,54208
9059,54209
7857,54210
1294,54211
1650,54212
9426,54213
339,54214
13496,54215
16604,54216
356,54217
16243,54218
366,54219
1099,54220
3929,54221
2098,54222
397,54223
11990,54224
5056,54225
9972,54226
455,54227
5322,54228
48,54229
3021,54230
2163,54231
1788,54232
9550,54233
548,54234
16605,54235
9560,54236
9387,54237
7245,54238
605,54239
4418,54240
6280,54241
3568,54242
2243,54243
93,54244
674,54245
10570,54246
10062,54247
720,54248
3138,54249
788,54250
13042,54251
10674,54252
853,54253
2854,54254
6346,54255
9122,54256
16606,54257
16057,54258
16607,54259
6482,54260
6351,54261
12475,54262
2407,54263
3431,54264
13751,54265
8148,54266
5258,54267
5108,54268
2022,54269
10147,54270
16608,54271
7598,54272
16609,54273
3871,54274
10786,54275
2955,54276
1280,54277
10310,54278
7866,54279
2055,54280
5656,54281
13797,54282
3241,54283
2525,54284
9431,54285
16610,54286
12148,54287
1322,54288
1327,54289
16611,54290
15914,54291
11102,54292
28,54293
370,54294
1965,54295
8442,54296
8449,54297
6387,54298
1732,54299
1732,54300
5582,54301
2497,54302
11911,54303
5873,54304
5873,54305
2126,54306
2130,54307
3687,54308
7924,54309
16612,54310
5879,54311
16613,54312
6902,54313
2650,54314
12631,54315
15390,54316
15390,54317
6201,54318
6201,54319
6201,54320
13520,54321
12395,54322
4634,54323
16614,54324
16615,54325
2172,54326
14995,54327
8524,54328
7720,54329
7967,54330
2697,54331
206,54332
562,54333
6097,54334
7991,54335
16616,54336
588,54337
5731,54338
15958,54339
4416,54340
8606,54341
10531,54342
13564,54343
16617,54344
11925,54345
2259,54346
2262,54347
1150,54348
16618,54349
16619,54350
16620,54351
723,54352
737,54353
4142,54354
16621,54355
1230,54356
5617,54357
6455,54358
5971,54359
5482,54360
16622,54361
16623,54362
825,54363
2335,54364
16624,54365
5619,54366
8717,54367
4699,54368
8222,54369
2944,54370
11808,54371
3612,54372
878,54373
2361,54374
7630,54375
245,54376
5807,54377
1916,54378
137,54379
3807,54380
4304,54381
4495,54382
11335,54383
16625,54384
3172,54385
14818,54386
4973,54387
10679,54388
13137,54389
8798,54390
5409,54391
10872,54392
6155,54393
8811,54394
3440,54395
7443,54396
2433,54397
5256,54398
6821,54399
1261,54400
15726,54401
13096,54402
11771,54403
1076,54404
13647,54405
2453,54406
8855,54407
16626,54408
16627,54409
6030,54410
5180,54411
1088,54412
3211,54413
10920,54414
28,54415
10719,54416
6729,54417
16628,54418
6151,54419
12344,54420
5500,54421
16629,54422
1194,54423
4600,54424
16630,54425
7402,54426
3944,54427
1734,54428
12618,54429
11999,54430
3518,54431
9349,54432
8555,54433
15545,54434
8642,54435
2786,54436
16631,54437
777,54438
10689,54439
15997,54440
14875,54441
16632,54442
13937,54443
8834,54444
11658,54445
16633,54446
14872,54447
12414,54448
16634,54449
5643,54450
5839,54451
2046,54452
12579,54453
2065,54454
324,54455
185,54456
28,54457
3498,54458
5045,54459
12322,54460
15543,54461
16635,54462
5873,54463
6077,54464
3275,54465
9973,54466
7934,54467
4805,54468
1768,54469
9979,54470
9981,54471
492,54472
16636,54473
16637,54474
3708,54475
7313,54476
16638,54477
1807,54478
4835,54479
16639,54480
86,54481
6971,54482
9628,54483
16640,54484
105,54485
6571,54486
15624,54487
6228,54488
7485,54489
16641,54490
1529,54491
1541,54492
16642,54493
2850,54494
16173,54495
878,54496
16643,54497
7802,54498
16644,54499
16644,54500
16644,54501
2366,54502
2860,54503
908,54504
6634,54505
937,54506
4974,54507
2869,54508
16398,54509
9791,54510
1939,54511
2893,54512
11364,54513
9826,54514
16645,54515
16646,54516
7653,54517
6871,54518
13469,54519
8351,54520
13968,54521
3873,54522
1275,54523
9895,54524
6648,54525
3477,54526
3895,54527
2046,54528
2046,54529
5653,54530
3234,54531
2598,54532
16647,54533
7522,54534
2067,54535
11081,54536
324,54537
7876,54538
17,54539
5667,54540
16648,54541
1328,54542
10556,54543
2628,54544
11099,54545
2980,54546
366,54547
3926,54548
10403,54549
367,54550
377,54551
8189,54552
12488,54553
2988,54554
8442,54555
13697,54556
13811,54557
9077,54558
1734,54559
10655,54560
16649,54561
16650,54562
3268,54563
1367,54564
1745,54565
3691,54566
16651,54567
438,54568
7231,54569
16071,54570
13288,54571
7587,54572
41,54573
43,54574
6910,54575
7303,54576
1762,54577
3697,54578
8922,54579
466,54580
7709,54581
472,54582
6685,54583
6911,54584
16652,54585
16653,54586
5890,54587
4808,54588
13528,54589
1401,54590
7182,54591
7494,54592
14724,54593
12289,54594
16654,54595
4004,54596
1411,54597
16655,54598
9993,54599
2186,54600
15001,54601
5910,54602
3315,54603
3056,54604
8274,54605
1797,54606
2698,54607
12649,54608
15004,54609
4031,54610
1182,54611
2700,54612
8554,54613
11012,54614
16656,54615
1434,54616
6037,54617
12036,54618
571,54619
10009,54620
10009,54621
5212,54622
3063,54623
15177,54624
2726,54625
1823,54626
8944,54627
1952,54628
6947,54629
3726,54630
618,54631
2743,54632
1836,54633
4063,54634
8598,54635
1838,54636
6714,54637
5742,54638
15858,54639
9610,54640
7326,54641
634,54642
13767,54643
2243,54644
5933,54645
16159,54646
16657,54647
13246,54648
219,54649
5434,54650
15026,54651
16658,54652
3098,54653
16659,54654
15736,54655
1863,54656
16660,54657
7422,54658
11806,54659
723,54660
9647,54661
1496,54662
8051,54663
14607,54664
16661,54665
3121,54666
4140,54667
16662,54668
16663,54669
756,54670
8172,54671
13132,54672
5965,54673
1508,54674
2308,54675
2309,54676
15773,54677
1885,54678
16664,54679
3598,54680
11497,54681
4168,54682
5977,54683
16665,54684
11747,54685
3406,54686
8223,54687
9376,54688
8728,54689
13456,54690
237,54691
8993,54692
130,54693
11506,54694
7266,54695
8091,54696
6784,54697
864,54698
4199,54699
4199,54700
10349,54701
13923,54702
878,54703
2361,54704
13060,54705
9731,54706
16666,54707
16593,54708
16667,54709
8120,54710
9327,54711
7047,54712
16668,54713
13466,54714
13934,54715
16359,54716
16669,54717
5361,54718
3177,54719
958,54720
16670,54721
8802,54722
964,54723
6309,54724
16671,54725
5273,54726
2520,54727
3432,54728
993,54729
998,54730
2891,54731
6248,54732
5256,54733
10638,54734
9020,54735
7369,54736
16672,54737
12132,54738
6158,54739
16673,54740
14830,54741
16674,54742
1072,54743
1175,54744
13101,54745
16675,54746
16676,54747
12477,54748
4533,54749
8161,54750
1084,54751
7374,54752
16677,54753
7375,54754
4290,54755
12896,54756
8385,54757
4102,54758
16678,54759
11867,54760
16679,54761
8081,54762
889,54763
9734,54764
9769,54765
5819,54766
16680,54767
2030,54768
2930,54769
5453,54770
6612,54771
12896,54772
11060,54773
15539,54774
6320,54775
1686,54776
2046,54777
4579,54778
3231,54779
301,54780
6826,54781
3488,54782
13686,54783
4765,54784
2071,54785
330,54786
1127,54787
3913,54788
13498,54789
8417,54790
3919,54791
5862,54792
14493,54793
11102,54794
5672,54795
6381,54796
1346,54797
13809,54798
187,54799
11576,54800
7909,54801
406,54802
8252,54803
1738,54804
3267,54805
5048,54806
8914,54807
2130,54808
6679,54809
11144,54810
5056,54811
2650,54812
9496,54813
11155,54814
470,54815
11565,54816
59,54817
1104,54818
4368,54819
4295,54820
16681,54821
6406,54822
12398,54823
4544,54824
4018,54825
16682,54826
13847,54827
9855,54828
8547,54829
4030,54830
7482,54831
7482,54832
553,54833
16282,54834
3062,54835
3062,54836
584,54837
7244,54838
4649,54839
8578,54840
3333,54841
1987,54842
2224,54843
3726,54844
4077,54845
16683,54846
6434,54847
1992,54848
5217,54849
3103,54850
4118,54851
16684,54852
16684,54853
7606,54854
8971,54855
4134,54856
16685,54857
736,54858
6577,54859
6577,54860
6227,54861
6997,54862
7781,54863
8681,54864
773,54865
14454,54866
16686,54867
2332,54868
14306,54869
16687,54870
14623,54871
11299,54872
858,54873
858,54874
16688,54875
2362,54876
16689,54877
12771,54878
11032,54879
16340,54880
5805,54881
4719,54882
5141,54883
16690,54884
12786,54885
9768,54886
7059,54887
16691,54888
5363,54889
8324,54890
6598,54891
6598,54892
6008,54893
9793,54894
990,54895
16692,54896
15101,54897
1039,54898
16693,54899
10369,54900
14322,54901
3827,54902
257,54903
9143,54904
9565,54905
1997,54906
12414,54907
15132,54908
16694,54909
11404,54910
8369,54911
14446,54912
14446,54913
9910,54914
2053,54915
2061,54916
2963,54917
8244,54918
12354,54919
16695,54920
7884,54921
349,54922
2081,54923
8416,54924
10403,54925
28,54926
12446,54927
399,54928
14265,54929
405,54930
1361,54931
3508,54932
3266,54933
15245,54934
12617,54935
9477,54936
1743,54937
1765,54938
1766,54939
14273,54940
9507,54941
5890,54942
9512,54943
4811,54944
4635,54945
6204,54946
493,54947
3706,54948
4378,54949
2181,54950
14895,54951
2192,54952
4025,54953
546,54954
8552,54955
6416,54956
7986,54957
12506,54958
6788,54959
214,54960
16696,54961
6717,54962
5165,54963
3741,54964
16697,54965
16698,54966
16699,54967
5759,54968
14340,54969
1497,54970
4900,54971
11259,54972
16700,54973
12736,54974
4150,54975
11825,54976
6742,54977
5785,54978
16701,54979
12304,54980
859,54981
2345,54982
14239,54983
11653,54984
6755,54985
14804,54986
2375,54987
137,54988
13610,54989
3168,54990
16702,54991
9791,54992
16703,54993
7076,54994
9290,54995
1088,54996
16704,54997
9425,54998
11987,54999
11925,55000
6005,55001
6162,55002
6162,55003
4564,55004
15352,55005
277,55006
5574,55007
16705,55008
12582,55009
13,55010
3241,55011
11081,55012
16706,55013
4600,55014
10504,55015
11414,55016
11991,55017
6894,55018
429,55019
16707,55020
43,55021
5705,55022
5705,55023
3994,55024
12498,55025
14726,55026
9990,55027
10255,55028
1807,55029
577,55030
4048,55031
16708,55032
5525,55033
16709,55034
16710,55035
3754,55036
12725,55037
14769,55038
16711,55039
13324,55040
14106,55041
16712,55042
7336,55043
2307,55044
13195,55045
13452,55046
12406,55047
11277,55048
16713,55049
9371,55050
10620,55051
9686,55052
846,55053
11297,55054
15472,55055
15472,55056
5792,55057
16714,55058
5625,55059
884,55060
4494,55061
15820,55062
924,55063
16201,55064
16715,55065
952,55066
2401,55067
10743,55068
1642,55069
1646,55070
8865,55071
8865,55072
7654,55073
11947,55074
1647,55075
3463,55076
9059,55077
16716,55078
1706,55079
3686,55080
1748,55081
3695,55082
16717,55083
528,55084
2694,55085
5775,55086
233,55087
11826,55088
8226,55089
4197,55090
3621,55091
8148,55092
1625,55093
12893,55094
12559,55095
16718,55096
8882,55097
4744,55098
9391,55099
6165,55100
3214,55101
3214,55102
3214,55103
16719,55104
16720,55105
1270,55106
3215,55107
2569,55108
16721,55109
174,55110
12414,55111
12414,55112
12414,55113
12414,55114
12414,55115
16007,55116
6861,55117
11667,55118
9291,55119
9291,55120
8351,55121
13967,55122
7658,55123
6612,55124
16722,55125
4748,55126
16723,55127
16724,55128
11053,55129
8354,55130
6359,55131
8356,55132
13970,55133
2034,55134
2573,55135
5835,55136
275,55137
13680,55138
16065,55139
7561,55140
13681,55141
16725,55142
8358,55143
16726,55144
11059,55145
10818,55146
8360,55147
6800,55148
6185,55149
16727,55150
10910,55151
7851,55152
1957,55153
16728,55154
15671,55155
12207,55156
2575,55157
2575,55158
16729,55159
2037,55160
2037,55161
2037,55162
3224,55163
11561,55164
8185,55165
9294,55166
1682,55167
1682,55168
1682,55169
1682,55170
4753,55171
7665,55172
2931,55173
5837,55174
3884,55175
284,55176
3885,55177
16730,55178
287,55179
287,55180
3888,55181
7285,55182
7285,55183
7285,55184
1281,55185
12571,55186
2957,55187
11384,55188
11384,55189
6320,55190
11963,55191
10819,55192
3478,55193
5276,55194
7383,55195
7383,55196
3895,55197
11905,55198
4577,55199
2959,55200
9416,55201
2046,55202
2046,55203
15579,55204
7384,55205
8381,55206
5033,55207
16731,55208
16732,55209
1286,55210
16733,55211
14945,55212
13652,55213
15271,55214
12484,55215
7385,55216
7385,55217
16734,55218
299,55219
7288,55220
1287,55221
2588,55222
5653,55223
16735,55224
16735,55225
10394,55226
10394,55227
10394,55228
179,55229
179,55230
179,55231
179,55232
179,55233
179,55234
13484,55235
13484,55236
5456,55237
2590,55238
6057,55239
6057,55240
1289,55241
11535,55242
7097,55243
11579,55244
180,55245
7672,55246
7673,55247
12906,55248
303,55249
3232,55250
6653,55251
2052,55252
2052,55253
2052,55254
7389,55255
14547,55256
13271,55257
5457,55258
3484,55259
8241,55260
8241,55261
8241,55262
8390,55263
16736,55264
6186,55265
2053,55266
2053,55267
5416,55268
15441,55269
304,55270
5036,55271
2055,55272
2055,55273
1294,55274
1961,55275
307,55276
2057,55277
3235,55278
5505,55279
12,55280
5277,55281
5277,55282
16737,55283
16737,55284
4546,55285
11906,55286
2061,55287
2061,55288
315,55289
7569,55290
6062,55291
5378,55292
12913,55293
5038,55294
3238,55295
10584,55296
316,55297
3903,55298
3903,55299
6063,55300
1699,55301
12209,55302
12584,55303
317,55304
5304,55305
2064,55306
5579,55307
13,55308
13,55309
13,55310
15,55311
15,55312
7522,55313
7522,55314
11407,55315
6522,55316
1702,55317
8899,55318
2965,55319
7874,55320
2605,55321
2065,55322
2065,55323
2065,55324
2065,55325
9186,55326
13276,55327
3241,55328
7875,55329
3490,55330
3490,55331
324,55332
324,55333
324,55334
324,55335
325,55336
325,55337
1308,55338
16738,55339
2610,55340
2611,55341
3242,55342
3242,55343
3906,55344
8402,55345
8403,55346
1312,55347
7877,55348
7877,55349
6510,55350
2070,55351
2070,55352
7457,55353
4765,55354
8245,55355
1314,55356
1314,55357
330,55358
10399,55359
9067,55360
9431,55361
4767,55362
4767,55363
7572,55364
1127,55365
2971,55366
3662,55367
335,55368
22,55369
16739,55370
16739,55371
16739,55372
16740,55373
336,55374
1708,55375
1708,55376
7524,55377
8407,55378
7681,55379
10480,55380
10401,55381
339,55382
4583,55383
6828,55384
5668,55385
341,55386
8411,55387
2617,55388
2079,55389
14689,55390
8903,55391
6188,55392
4584,55393
15224,55394
345,55395
13804,55396
9926,55397
3667,55398
12592,55399
3668,55400
347,55401
1323,55402
3247,55403
13497,55404
4330,55405
7395,55406
2620,55407
4773,55408
16741,55409
13498,55410
16742,55411
2623,55412
2623,55413
2084,55414
12212,55415
2624,55416
1197,55417
6666,55418
6666,55419
6370,55420
16743,55421
16744,55422
12595,55423
12595,55424
11624,55425
11624,55426
6371,55427
3494,55428
3919,55429
16745,55430
7398,55431
9931,55432
9932,55433
185,55434
185,55435
185,55436
5308,55437
2628,55438
2628,55439
2628,55440
3922,55441
13692,55442
1331,55443
1331,55444
16746,55445
8421,55446
6883,55447
6883,55448
16747,55449
1332,55450
9934,55451
9217,55452
9217,55453
362,55454
3670,55455
2980,55456
365,55457
365,55458
1717,55459
27,55460
6070,55461
366,55462
366,55463
10519,55464
16748,55465
2093,55466
2633,55467
2633,55468
2633,55469
2633,55470
1130,55471
9937,55472
7297,55473
369,55474
12355,55475
7527,55476
14964,55477
14964,55478
28,55479
28,55480
28,55481
28,55482
1341,55483
28,55484
28,55485
28,55486
5509,55487
373,55488
373,55489
7298,55490
4781,55491
6785,55492
1721,55493
10701,55494
2099,55495
2099,55496
376,55497
16749,55498
8431,55499
5676,55500
4595,55501
1131,55502
2101,55503
2101,55504
2101,55505
4786,55506
1201,55507
1201,55508
10990,55509
10925,55510
14262,55511
16750,55512
16751,55513
4599,55514
9456,55515
8436,55516
11111,55517
2988,55518
16752,55519
4600,55520
8438,55521
6073,55522
11113,55523
8907,55524
6385,55525
6385,55526
9845,55527
12932,55528
9943,55529
9943,55530
12935,55531
2639,55532
16753,55533
16754,55534
3938,55535
16755,55536
3258,55537
16144,55538
4603,55539
6388,55540
389,55541
389,55542
389,55543
390,55544
16756,55545
4604,55546
3940,55547
10588,55548
5869,55549
14972,55550
16757,55551
16758,55552
12160,55553
12453,55554
16759,55555
395,55556
395,55557
2642,55558
1733,55559
9077,55560
9077,55561
5874,55562
5192,55563
7697,55564
3951,55565
6076,55566
10995,55567
191,55568
6195,55569
2119,55570
3502,55571
11121,55572
1360,55573
1360,55574
9951,55575
402,55576
403,55577
403,55578
403,55579
16760,55580
404,55581
8455,55582
8455,55583
7909,55584
3262,55585
16761,55586
3955,55587
16762,55588
14511,55589
3263,55590
13419,55591
407,55592
6677,55593
11126,55594
11126,55595
8462,55596
8462,55597
411,55598
10273,55599
10273,55600
5194,55601
5194,55602
9253,55603
7913,55604
16763,55605
16763,55606
412,55607
4345,55608
2993,55609
1204,55610
2466,55611
3267,55612
8254,55613
8254,55614
8254,55615
8254,55616
8466,55617
415,55618
5271,55619
2994,55620
35,55621
3268,55622
3268,55623
16764,55624
9470,55625
7406,55626
16096,55627
16096,55628
8914,55629
14267,55630
14017,55631
14268,55632
36,55633
9473,55634
1742,55635
10165,55636
420,55637
1368,55638
5049,55639
14019,55640
11993,55641
7922,55642
9034,55643
9963,55644
2532,55645
6679,55646
2996,55647
6532,55648
14490,55649
3689,55650
16765,55651
12357,55652
10887,55653
16252,55654
16766,55655
3962,55656
12949,55657
12162,55658
15882,55659
15151,55660
15496,55661
2134,55662
1744,55663
13515,55664
9480,55665
5316,55666
9483,55667
1745,55668
12622,55669
13822,55670
9193,55671
1100,55672
441,55673
16011,55674
443,55675
3512,55676
3512,55677
7230,55678
5281,55679
3275,55680
7704,55681
4354,55682
1375,55683
1376,55684
14022,55685
6681,55686
14425,55687
1653,55688
5320,55689
40,55690
5585,55691
3276,55692
16767,55693
2649,55694
11148,55695
9257,55696
3978,55697
4800,55698
4800,55699
9258,55700
2650,55701
2651,55702
16768,55703
7585,55704
2499,55705
6535,55706
6535,55707
14841,55708
7586,55709
7535,55710
10323,55711
2652,55712
9972,55713
2468,55714
1378,55715
1378,55716
7587,55717
13518,55718
2147,55719
7934,55720
16769,55721
16769,55722
1206,55723
8484,55724
5321,55725
2148,55726
7936,55727
7936,55728
15413,55729
2149,55730
2150,55731
13825,55732
43,55733
43,55734
3694,55735
7588,55736
16770,55737
1382,55738
1762,55739
1762,55740
7937,55741
1763,55742
456,55743
456,55744
2151,55745
5058,55746
3696,55747
10469,55748
10469,55749
10469,55750
6832,55751
6832,55752
10686,55753
10686,55754
2155,55755
13658,55756
2500,55757
3280,55758
7939,55759
7939,55760
5158,55761
3699,55762
15920,55763
11951,55764
462,55765
2657,55766
2657,55767
8922,55768
464,55769
464,55770
464,55771
464,55772
464,55773
464,55774
464,55775
5586,55776
5586,55777
6078,55778
14272,55779
48,55780
6395,55781
466,55782
3014,55783
3282,55784
1387,55785
1387,55786
1387,55787
467,55788
467,55789
467,55790
467,55791
467,55792
50,55793
50,55794
470,55795
470,55796
1102,55797
473,55798
15390,55799
5323,55800
4363,55801
5699,55802
6201,55803
3984,55804
5119,55805
3018,55806
3018,55807
2662,55808
2662,55809
1766,55810
3285,55811
11781,55812
3986,55813
5517,55814
16771,55815
16426,55816
55,55817
16772,55818
3021,55819
1396,55820
11158,55821
4808,55822
4808,55823
5891,55824
5891,55825
5891,55826
5200,55827
8263,55828
15992,55829
4553,55830
489,55831
16773,55832
11161,55833
5708,55834
8500,55835
60,55836
10490,55837
9517,55838
16774,55839
3294,55840
16775,55841
3530,55842
3530,55843
494,55844
496,55845
2171,55846
3033,55847
3033,55848
3033,55849
11699,55850
16776,55851
501,55852
16110,55853
10769,55854
15599,55855
8933,55856
2678,55857
11701,55858
11701,55859
2175,55860
12021,55861
4000,55862
10596,55863
1779,55864
12869,55865
11851,55866
3035,55867
16777,55868
16777,55869
1978,55870
1978,55871
6690,55872
5592,55873
3704,55874
16778,55875
16778,55876
4816,55877
2681,55878
14658,55879
15604,55880
16779,55881
11603,55882
9986,55883
510,55884
12641,55885
7309,55886
16780,55887
16781,55888
15164,55889
15164,55890
10254,55891
7958,55892
4380,55893
4008,55894
4819,55895
14659,55896
2687,55897
6924,55898
16782,55899
12227,55900
6811,55901
515,55902
16783,55903
15702,55904
1783,55905
1783,55906
2182,55907
6622,55908
1784,55909
3046,55910
1419,55911
3540,55912
3540,55913
526,55914
526,55915
2184,55916
2184,55917
2184,55918
2184,55919
4388,55920
527,55921
3305,55922
7966,55923
2695,55924
16525,55925
3712,55926
13162,55927
3713,55928
8535,55929
8271,55930
539,55931
1791,55932
5064,55933
5333,55934
5430,55935
70,55936
2194,55937
4825,55938
9855,55939
1211,55940
542,55941
10713,55942
10328,55943
543,55944
1426,55945
9549,55946
9549,55947
6549,55948
3548,55949
16784,55950
8272,55951
2540,55952
5913,55953
2198,55954
11567,55955
5520,55956
16785,55957
75,55958
10000,55959
16786,55960
4028,55961
4028,55962
4028,55963
4028,55964
9225,55965
8551,55966
2542,55967
16787,55968
262,55969
262,55970
262,55971
76,55972
76,55973
4831,55974
551,55975
16788,55976
1213,55977
1213,55978
16789,55979
12989,55980
4644,55981
553,55982
2206,55983
10002,55984
3322,55985
2704,55986
2704,55987
1804,55988
16790,55989
16790,55990
15336,55991
16791,55992
5469,55993
5469,55994
5469,55995
1432,55996
3323,55997
4833,55998
13713,55999
7413,56000
14050,56001
559,56002
7986,56003
560,56004
560,56005
1436,56006
3059,56007
561,56008
562,56009
562,56010
562,56011
4037,56012
6934,56013
16792,56014
8942,56015
2707,56016
2707,56017
2707,56018
4038,56019
6702,56020
2210,56021
8566,56022
79,56023
79,56024
2711,56025
2711,56026
14052,56027
14052,56028
2712,56029
14053,56030
16793,56031
4042,56032
16794,56033
6212,56034
6212,56035
4043,56036
4043,56037
4043,56038
4043,56039
572,56040
573,56041
573,56042
16795,56043
6813,56044
2212,56045
2717,56046
15172,56047
7321,56048
10716,56049
577,56050
577,56051
577,56052
578,56053
578,56054
14740,56055
2718,56056
6939,56057
12660,56058
6834,56059
11716,56060
11716,56061
11716,56062
4048,56063
5212,56064
581,56065
582,56066
8570,56067
3722,56068
6703,56069
7991,56070
12666,56071
15176,56072
585,56073
16708,56074
16708,56075
8201,56076
3330,56077
3330,56078
3330,56079
3330,56080
14058,56081
16796,56082
6423,56083
8575,56084
4840,56085
4840,56086
594,56087
4054,56088
595,56089
595,56090
595,56091
9577,56092
8202,56093
3557,56094
14591,56095
1819,56096
11639,56097
6706,56098
9042,56099
8000,56100
12319,56101
3332,56102
9578,56103
14746,56104
2726,56105
2726,56106
2726,56107
10019,56108
6946,56109
6707,56110
1822,56111
9582,56112
5732,56113
8580,56114
16797,56115
3335,56116
3335,56117
8944,56118
1952,56119
2729,56120
2729,56121
2729,56122
16798,56123
84,56124
84,56125
2730,56126
4410,56127
5734,56128
13001,56129
2734,56130
16392,56131
8588,56132
3070,56133
5922,56134
2508,56135
600,56136
600,56137
600,56138
601,56139
14919,56140
2738,56141
10026,56142
1987,56143
16412,56144
604,56145
1265,56146
608,56147
2223,56148
2223,56149
609,56150
7744,56151
611,56152
611,56153
16799,56154
16800,56155
4058,56156
4058,56157
4058,56158
2224,56159
8006,56160
16801,56161
10419,56162
15179,56163
4659,56164
1453,56165
15273,56166
14433,56167
216,56168
6278,56169
16802,56170
13379,56171
16803,56172
16804,56173
16805,56174
14594,56175
16806,56176
13313,56177
11922,56178
11922,56179
11922,56180
3074,56181
16807,56182
13556,56183
8948,56184
1836,56185
2744,56186
9595,56187
9596,56188
9597,56189
15924,56190
7602,56191
16808,56192
1953,56193
4848,56194
8009,56195
8875,56196
16450,56197
11206,56198
13395,56199
16809,56200
15015,56201
7415,56202
621,56203
5740,56204
10032,56205
8951,56206
11924,56207
11924,56208
16810,56209
11722,56210
2747,56211
4420,56212
15611,56213
14073,56214
16811,56215
4072,56216
4072,56217
8608,56218
13719,56219
14075,56220
2749,56221
2749,56222
8609,56223
16812,56224
4421,56225
630,56226
630,56227
10037,56228
7326,56229
631,56230
16813,56231
10038,56232
16814,56233
2233,56234
9165,56235
9165,56236
5527,56237
6172,56238
6716,56239
632,56240
632,56241
632,56242
2750,56243
8613,56244
3079,56245
3079,56246
634,56247
2236,56248
6958,56249
3570,56250
16815,56251
11792,56252
89,56253
3080,56254
6431,56255
638,56256
2240,56257
8207,56258
3738,56259
5930,56260
15019,56261
13181,56262
6719,56263
13721,56264
6433,56265
8955,56266
2241,56267
91,56268
16816,56269
16817,56270
5025,56271
6434,56272
16818,56273
642,56274
7190,56275
7190,56276
5165,56277
5931,56278
5165,56279
5396,56280
13768,56281
6964,56282
7329,56283
6435,56284
16617,56285
5342,56286
6564,56287
16819,56288
4093,56289
6721,56290
5747,56291
5609,56292
3090,56293
4095,56294
11224,56295
5937,56296
16820,56297
2758,56298
2758,56299
653,56300
2253,56301
12237,56302
2254,56303
3092,56304
14600,56305
657,56306
657,56307
12277,56308
16821,56309
9625,56310
658,56311
6112,56312
6971,56313
1469,56314
4300,56315
2255,56316
8027,56317
4102,56318
13011,56319
6973,56320
6974,56321
6974,56322
16822,56323
16823,56324
9230,56325
1470,56326
663,56327
16824,56328
15706,56329
2760,56330
9317,56331
12702,56332
4105,56333
12174,56334
12174,56335
6844,56336
16825,56337
16826,56338
4673,56339
2258,56340
670,56341
3354,56342
3354,56343
5610,56344
2764,56345
12066,56346
13322,56347
4865,56348
4108,56349
3096,56350
16827,56351
16827,56352
675,56353
16828,56354
14085,56355
3097,56356
16829,56357
3098,56358
8342,56359
8342,56360
1991,56361
4110,56362
679,56363
3356,56364
5399,56365
5754,56366
3359,56367
2774,56368
16534,56369
2776,56370
6981,56371
3103,56372
687,56373
688,56374
7112,56375
15513,56376
15513,56377
8037,56378
220,56379
5128,56380
10421,56381
4429,56382
1224,56383
2272,56384
9634,56385
2781,56386
1861,56387
3580,56388
4122,56389
5476,56390
2275,56391
11545,56392
13882,56393
16830,56394
5942,56395
16618,56396
8640,56397
6442,56398
6443,56399
11235,56400
16087,56401
6988,56402
102,56403
8645,56404
10338,56405
8042,56406
8967,56407
2784,56408
1659,56409
3369,56410
1488,56411
5290,56412
5290,56413
705,56414
105,56415
105,56416
4882,56417
16831,56418
2941,56419
6118,56420
5948,56421
8969,56422
2787,56423
3583,56424
4436,56425
15620,56426
15620,56427
6572,56428
10196,56429
16832,56430
7377,56431
11736,56432
3115,56433
713,56434
3116,56435
15038,56436
14766,56437
16833,56438
8656,56439
4131,56440
1493,56441
1493,56442
2287,56443
13891,56444
13891,56445
11952,56446
11952,56447
15040,56448
3374,56449
3374,56450
16834,56451
6292,56452
16835,56453
4890,56454
6575,56455
16506,56456
2796,56457
2796,56458
8972,56459
8972,56460
106,56461
5766,56462
2797,56463
721,56464
16836,56465
2289,56466
6727,56467
726,56468
6611,56469
11929,56470
727,56471
16837,56472
3759,56473
16838,56474
2799,56475
2293,56476
16507,56477
3123,56478
3123,56479
3761,56480
14771,56481
108,56482
3376,56483
109,56484
737,56485
1995,56486
5437,56487
740,56488
11870,56489
5615,56490
16839,56491
4898,56492
743,56493
1500,56494
2805,56495
14773,56496
8675,56497
8675,56498
1502,56499
13027,56500
7465,56501
752,56502
752,56503
4145,56504
9114,56505
9114,56506
9114,56507
13029,56508
15904,56509
1996,56510
16508,56511
3126,56512
3766,56513
3767,56514
4450,56515
4450,56516
4687,56517
5616,56518
4148,56519
4148,56520
4148,56521
4148,56522
764,56523
5026,56524
5026,56525
12736,56526
16840,56527
768,56528
9654,56529
2813,56530
4908,56531
3131,56532
5224,56533
12737,56534
16167,56535
12555,56536
4151,56537
7003,56538
5966,56539
10069,56540
11650,56541
2309,56542
10689,56543
6129,56544
11741,56545
6848,56546
4558,56547
15773,56548
2310,56549
13730,56550
3382,56551
10427,56552
10427,56553
4916,56554
5776,56555
5225,56556
8687,56557
16841,56558
15053,56559
9275,56560
786,56561
8690,56562
6456,56563
10070,56564
3137,56565
1515,56566
788,56567
1516,56568
10897,56569
16842,56570
16843,56571
6737,56572
12743,56573
2314,56574
2314,56575
2314,56576
1519,56577
9664,56578
793,56579
793,56580
6629,56581
3774,56582
3774,56583
6232,56584
7618,56585
13196,56586
2826,56587
14115,56588
6133,56589
16844,56590
2827,56591
16845,56592
16846,56593
5777,56594
15928,56595
116,56596
2321,56597
16847,56598
8702,56599
5972,56600
16320,56601
10432,56602
12853,56603
2323,56604
1523,56605
1523,56606
5229,56607
5229,56608
9672,56609
7341,56610
8708,56611
119,56612
13046,56613
806,56614
807,56615
807,56616
807,56617
10083,56618
16848,56619
5401,56620
14663,56621
2000,56622
2831,56623
2831,56624
2831,56625
4931,56626
124,56627
5780,56628
3396,56629
8307,56630
16849,56631
11281,56632
5618,56633
9119,56634
2835,56635
2836,56636
5231,56637
5231,56638
14904,56639
14787,56640
16574,56641
16850,56642
16851,56643
14847,56644
6742,56645
3401,56646
824,56647
3146,56648
16018,56649
10090,56650
10090,56651
3468,56652
13904,56653
6138,56654
1531,56655
14477,56656
1532,56657
833,56658
10091,56659
11875,56660
835,56661
9682,56662
5785,56663
836,56664
8719,56665
1895,56666
837,56667
8990,56668
1537,56669
16852,56670
838,56671
3779,56672
13454,56673
4184,56674
13735,56675
13735,56676
1900,56677
16853,56678
11748,56679
7021,56680
4186,56681
4698,56682
16854,56683
11749,56684
16575,56685
16855,56686
16856,56687
16857,56688
10731,56689
14438,56690
3405,56691
16858,56692
7263,56693
6749,56694
7791,56695
5984,56696
2929,56697
3785,56698
4192,56699
4192,56700
3151,56701
9691,56702
9693,56703
4701,56704
5403,56705
5403,56706
9234,56707
16859,56708
9696,56709
8728,56710
4193,56711
11932,56712
16860,56713
14368,56714
8729,56715
855,56716
16861,56717
5623,56718
9323,56719
11301,56720
5545,56721
7345,56722
2003,56723
11751,56724
11751,56725
13407,56726
13408,56727
237,56728
237,56729
8993,56730
4471,56731
10107,56732
14479,56733
6750,56734
6750,56735
16862,56736
3608,56737
8089,56738
8995,56739
1553,56740
2347,56741
12437,56742
12763,56743
9864,56744
15717,56745
4197,56746
16863,56747
6302,56748
8090,56749
7346,56750
10962,56751
9712,56752
16864,56753
2851,56754
2851,56755
16424,56756
7027,56757
2350,56758
12766,56759
15307,56760
6473,56761
3154,56762
8180,56763
6474,56764
3790,56765
6751,56766
12769,56767
2854,56768
2854,56769
1244,56770
16865,56771
3156,56772
11314,56773
6590,56774
11315,56775
9237,56776
8997,56777
873,56778
6346,56779
16688,56780
13203,56781
12439,56782
16866,56783
11754,56784
11879,56785
881,56786
7799,56787
4709,56788
883,56789
2361,56790
12103,56791
885,56792
10860,56793
16185,56794
4710,56795
15073,56796
886,56797
886,56798
8749,56799
3161,56800
5800,56801
5800,56802
7488,56803
887,56804
8316,56805
16867,56806
9210,56807
5445,56808
1246,56809
7033,56810
5093,56811
16868,56812
16869,56813
7034,56814
8105,56815
16870,56816
10124,56817
16871,56818
16872,56819
2861,56820
15521,56821
895,56822
7808,56823
1572,56824
11328,56825
16873,56826
15643,56827
15643,56828
5446,56829
9736,56830
9736,56831
11827,56832
16874,56833
10965,56834
13068,56835
13068,56836
10439,56837
4215,56838
15078,56839
1575,56840
1577,56841
7355,56842
3420,56843
13070,56844
16875,56845
1579,56846
5141,56847
16593,56848
7357,56849
16876,56850
4962,56851
7040,56852
4963,56853
2376,56854
4219,56855
12883,56856
4220,56857
12778,56858
908,56859
908,56860
8114,56861
12779,56862
10628,56863
5629,56864
16877,56865
6761,56866
1582,56867
5298,56868
8763,56869
8765,56870
9280,56871
5359,56872
11033,56873
5630,56874
10440,56875
8768,56876
8768,56877
8768,56878
8768,56879
1250,56880
1583,56881
16878,56882
139,56883
2866,56884
2866,56885
918,56886
8773,56887
4304,56888
919,56889
3422,56890
1584,56891
140,56892
920,56893
11757,56894
11572,56895
5812,56896
8781,56897
7095,56898
6147,56899
16879,56900
6480,56901
15669,56902
16880,56903
16881,56904
6001,56905
8787,56906
933,56907
16882,56908
16883,56909
16884,56910
16884,56911
16885,56912
13614,56913
16886,56914
10679,56915
7053,56916
16887,56917
2387,56918
937,56919
937,56920
937,56921
937,56922
937,56923
937,56924
937,56925
937,56926
937,56927
6596,56928
11758,56929
939,56930
14442,56931
13465,56932
16177,56933
7054,56934
6764,56935
5448,56936
16888,56937
15556,56938
2391,56939
11341,56940
2872,56941
16889,56942
10740,56943
8795,56944
8795,56945
949,56946
3810,56947
13748,56948
6350,56949
1931,56950
7059,56951
4241,56952
16669,56953
14641,56954
8127,56955
1593,56956
10444,56957
10444,56958
6487,56959
6487,56960
4981,56961
8798,56962
9131,56963
9131,56964
9131,56965
956,56966
145,56967
2876,56968
959,56969
13935,56970
16890,56971
5174,56972
5363,56973
5363,56974
16670,56975
16670,56976
13620,56977
8802,56978
1595,56979
4733,56980
15091,56981
15091,56982
7275,56983
7275,56984
14645,56985
8805,56986
16891,56987
6309,56988
6309,56989
4244,56990
2883,56991
968,56992
968,56993
1598,56994
6153,56995
150,56996
9788,56997
973,56998
7062,56999
14167,57000
11520,57001
8135,57002
10971,57003
977,57004
978,57005
983,57006
2887,57007
16892,57008
16893,57009
9133,57010
16894,57011
7642,57012
8326,57013
989,57014
989,57015
2418,57016
2419,57017
16895,57018
4250,57019
4514,57020
9794,57021
6312,57022
16536,57023
16536,57024
7555,57025
7555,57026
7064,57027
1255,57028
16896,57029
4991,57030
16897,57031
12263,57032
12844,57033
4251,57034
3433,57035
3635,57036
9795,57037
9795,57038
8327,57039
15847,57040
16365,57041
5560,57042
3435,57043
12126,57044
1003,57045
10447,57046
13254,57047
4254,57048
16203,57049
4520,57050
13937,57051
16898,57052
8145,57053
3192,57054
14177,57055
14351,57056
9332,57057
14178,57058
13358,57059
3193,57060
3193,57061
1021,57062
3194,57063
7443,57064
2892,57065
16899,57066
8333,57067
7649,57068
5822,57069
15101,57070
12846,57071
6248,57072
10974,57073
1035,57074
1035,57075
1035,57076
1037,57077
5256,57078
1039,57079
2896,57080
12132,57081
16371,57082
3199,57083
16900,57084
3443,57085
5368,57086
1046,57087
1046,57088
1046,57089
8838,57090
11767,57091
4531,57092
2901,57093
9815,57094
1049,57095
16901,57096
9818,57097
15977,57098
6857,57099
10145,57100
16375,57101
12135,57102
12135,57103
1055,57104
11769,57105
16673,57106
5564,57107
16902,57108
12136,57109
1058,57110
8339,57111
16903,57112
16904,57113
5015,57114
7446,57115
2443,57116
2443,57117
1261,57118
1261,57119
16905,57120
7206,57121
10503,57122
3204,57123
161,57124
162,57125
11553,57126
6250,57127
4278,57128
16906,57129
15890,57130
1945,57131
3449,57132
6606,57133
16907,57134
11367,57135
11367,57136
14673,57137
5449,57138
1072,57139
3450,57140
6822,57141
16908,57142
9287,57143
9287,57144
15892,57145
13949,57146
13369,57147
13417,57148
14882,57149
16909,57150
16910,57151
3826,57152
3826,57153
4534,57154
1078,57155
2453,57156
16911,57157
16626,57158
10643,57159
16382,57160
3828,57161
2024,57162
7836,57163
10978,57164
8161,57165
10155,57166
10155,57167
10155,57168
1083,57169
8860,57170
12270,57171
16530,57172
9142,57173
9835,57174
1644,57175
5180,57176
5180,57177
8166,57178
4738,57179
8341,57180
16912,57181
7516,57182
170,57183
170,57184
1088,57185
1178,57186
13229,57187
3461,57188
1092,57189
13650,57190
3211,57191
16913,57192
3212,57193
2461,57194
16914,57195
16914,57196
1094,57197
12828,57198
16437,57199
1649,57200
13230,57201
16915,57202
16915,57203
16916,57204
16916,57205
15778,57206
12152,57207
4290,57208
16917,57209
16918,57210
11448,57211
11448,57212
3874,57213
2038,57214
6054,57215
16919,57216
5578,57217
7678,57218
3668,57219
14260,57220
16920,57221
2642,57222
8455,57223
5881,57224
3978,57225
200,57226
9157,57227
9089,57228
9543,57229
1793,57230
567,57231
8564,57232
11714,57233
572,57234
572,57235
577,57236
3062,57237
594,57238
16921,57239
1845,57240
12059,57241
6965,57242
14359,57243
16534,57244
6571,57245
5950,57246
13665,57247
9642,57248
2292,57249
16922,57250
16923,57251
16924,57252
16925,57253
16018,57254
15472,57255
878,57256
3618,57257
2861,57258
3165,57259
16926,57260
937,57261
4729,57262
16927,57263
14164,57264
2886,57265
13937,57266
7443,57267
8154,57268
16537,57269
4745,57270
16928,57271
16929,57272
11620,57273
16930,57274
4757,57275
1689,57276
11070,57277
3843,57278
13150,57279
5038,57280
11407,57281
9917,57282
11784,57283
12148,57284
13499,57285
9931,57286
1338,57287
14005,57288
7226,57289
14971,57290
13700,57291
417,57292
8473,57293
8920,57294
11002,57295
5117,57296
7231,57297
1388,57298
1388,57299
7305,57300
3520,57301
16149,57302
8264,57303
1137,57304
12014,57305
12021,57306
12227,57307
13391,57308
16931,57309
7318,57310
262,57311
7320,57312
3059,57313
16932,57314
9388,57315
1265,57316
16933,57317
6278,57318
16293,57319
16934,57320
14072,57321
4666,57322
8018,57323
15980,57324
92,57325
4089,57326
663,57327
12851,57328
3357,57329
6986,57330
12432,57331
6226,57332
3764,57333
6847,57334
10066,57335
3128,57336
12080,57337
7167,57338
9274,57339
6581,57340
6581,57341
6581,57342
6581,57343
789,57344
7013,57345
3778,57346
7017,57347
14238,57348
15068,57349
6142,57350
10110,57351
14131,57352
4475,57353
7513,57354
10736,57355
12473,57356
10905,57357
7807,57358
6513,57359
6763,57360
5999,57361
11515,57362
16935,57363
1591,57364
1591,57365
10765,57366
15846,57367
15968,57368
16936,57369
2889,57370
8330,57371
1003,57372
14387,57373
16937,57374
3193,57375
1058,57376
15891,57377
7177,57378
1176,57379
12476,57380
7178,57381
14908,57382
4538,57383
15487,57384
1949,57385
5567,57386
5375,57387
16938,57388
311,57389
1196,57390
2181,57391
521,57392
16481,57393
13423,57394
799,57395
16939,57396
3792,57397
1098,57398
269,57399
16720,57400
6612,57401
6185,57402
6868,57403
1680,57404
1682,57405
16476,57406
9902,57407
11837,57408
6061,57409
13275,57410
13,57411
6523,57412
10480,57413
3914,57414
2081,57415
16940,57416
1720,57417
372,57418
6885,57419
9939,57420
8436,57421
9303,57422
3258,57423
5875,57424
16941,57425
2126,57426
3974,57427
1384,57428
4629,57429
4629,57430
4629,57431
11159,57432
16942,57433
5203,57434
16654,57435
1783,57436
1420,57437
9996,57438
9543,57439
6549,57440
7243,57441
4030,57442
4030,57443
553,57444
2707,57445
2711,57446
14053,57447
590,57448
10021,57449
15734,57450
8281,57451
15562,57452
6714,57453
6964,57454
13447,57455
2261,57456
14085,57457
1992,57458
12709,57459
3364,57460
11584,57461
8672,57462
1503,57463
16943,57464
2818,57465
5776,57466
4924,57467
794,57468
16319,57469
10081,57470
7342,57471
13596,57472
15328,57473
4194,57474
16944,57475
4195,57476
7471,57477
5445,57478
15641,57479
7038,57480
8760,57481
16945,57482
4722,57483
16946,57484
9175,57485
937,57486
2869,57487
13934,57488
952,57489
969,57490
13622,57491
1037,57492
1622,57493
16672,57494
16947,57495
8340,57496
16948,57497
15432,57498
275,57499
5661,57500
16139,57501
16139,57502
3934,57503
6672,57504
6672,57505
16949,57506
2688,57507
6280,57508
6280,57509
652,57510
2255,57511
11645,57512
16950,57513
16950,57514
16951,57515
5821,57516
16952,57517
284,57518
8382,57519
5034,57520
13273,57521
1697,57522
321,57523
324,57524
2607,57525
15124,57526
1312,57527
7572,57528
12924,57529
365,57530
16953,57531
372,57532
5676,57533
7901,57534
7581,57535
16954,57536
5192,57537
9953,57538
8467,57539
9961,57540
1370,57541
1746,57542
5881,57543
12218,57544
7460,57545
16955,57546
7936,57547
12965,57548
16956,57549
3289,57550
16957,57551
4368,57552
510,57553
5593,57554
16958,57555
5066,57556
3548,57557
206,57558
549,57559
1433,57560
1215,57561
7987,57562
2707,57563
6702,57564
2717,57565
10716,57566
579,57567
10010,57568
582,57569
13393,57570
590,57571
1827,57572
608,57573
16959,57574
16960,57575
622,57576
6716,57577
636,57578
16617,57579
3573,57580
16961,57581
4107,57582
10192,57583
10279,57584
2276,57585
3371,57586
2791,57587
8048,57588
16962,57589
15771,57590
16963,57591
3132,57592
4915,57593
10953,57594
10539,57595
16964,57596
804,57597
5483,57598
14306,57599
16965,57600
9696,57601
862,57602
7266,57603
6784,57604
9712,57605
871,57606
13457,57607
5240,57608
13927,57609
8116,57610
8122,57611
2561,57612
16966,57613
11559,57614
2520,57615
9134,57616
4996,57617
9018,57618
1256,57619
4523,57620
11891,57621
13220,57622
7280,57623
1634,57624
3644,57625
6162,57626
9291,57627
2046,57628
8241,57629
2103,57630
9486,57631
16967,57632
11195,57633
4056,57634
1832,57635
14079,57636
3752,57637
10348,57638
11302,57639
16000,57640
16968,57641
3413,57642
878,57643
1248,57644
9056,57645
7669,57646
12,57647
13,57648
12157,57649
1314,57650
7523,57651
16750,57652
16969,57653
2999,57654
9480,57655
16970,57656
12627,57657
1207,57658
5462,57659
6832,57660
6686,57661
8501,57662
16270,57663
508,57664
2504,57665
516,57666
3540,57667
16971,57668
16972,57669
15004,57670
12034,57671
6553,57672
16792,57673
2720,57674
599,57675
16973,57676
13554,57677
6839,57678
1849,57679
8627,57680
5752,57681
5127,57682
4900,57683
894,57684
10438,57685
4722,57686
3622,57687
15476,57688
937,57689
5253,57690
1172,57691
13255,57692
14189,57693
16974,57694
16975,57695
16976,57696
4536,57697
14355,57698
5567,57699
2952,57700
2952,57701
12024,57702
4018,57703
4018,57704
3793,57705
12566,57706
9893,57707
352,57708
366,57709
7694,57710
4344,57711
9962,57712
16977,57713
10215,57714
451,57715
4629,57716
9501,57717
7712,57718
16614,57719
12398,57720
4379,57721
8935,57722
11182,57723
12987,57724
554,57725
4059,57726
11483,57727
622,57728
8614,57729
6431,57730
9199,57731
2768,57732
10570,57733
6611,57734
16978,57735
749,57736
7510,57737
13044,57738
16979,57739
11301,57740
10110,57741
6794,57742
1667,57743
9735,57744
898,57745
8758,57746
8776,57747
16351,57748
16980,57749
9779,57750
12844,57751
4524,57752
3193,57753
3193,57754
10876,57755
14833,57756
3833,57757
2923,57758
7674,57759
16981,57760
3492,57761
3998,57762
9361,57763
2245,57764
15769,57765
97,57766
4441,57767
16982,57768
9653,57769
16983,57770
16984,57771
16134,57772
9291,57773
12830,57774
275,57775
9293,57776
13977,57777
9415,57778
2046,57779
15136,57780
9911,57781
3488,57782
3657,57783
14952,57784
16985,57785
9433,57786
4772,57787
358,57788
7297,57789
15333,57790
9073,57791
12488,57792
13506,57793
395,57794
7696,57795
3958,57796
11629,57797
1367,57798
9968,57799
16986,57800
12956,57801
6911,57802
1396,57803
3701,57804
16987,57805
487,57806
2167,57807
14574,57808
503,57809
5711,57810
14039,57811
4004,57812
10599,57813
1783,57814
2185,57815
4018,57816
10491,57817
5469,57818
15171,57819
563,57820
6275,57821
579,57822
582,57823
1820,57824
9388,57825
9146,57826
12461,57827
6217,57828
86,57829
1853,57830
5754,57831
15187,57832
11732,57833
704,57834
9645,57835
7455,57836
15772,57837
5534,57838
7007,57839
5229,57840
7169,57841
11279,57842
16988,57843
819,57844
3147,57845
6343,57846
11289,57847
1242,57848
16989,57849
10434,57850
5792,57851
5792,57852
9864,57853
13058,57854
13058,57855
16990,57856
10964,57857
4949,57858
16628,57859
15719,57860
908,57861
7272,57862
6634,57863
5407,57864
937,57865
14158,57866
7059,57867
16991,57868
5410,57869
6497,57870
5368,57871
6605,57872
5826,57873
2563,57874
257,57875
4537,57876
12142,57877
14324,57878
16992,57879
16993,57880
16994,57881
3846,57882
6273,57883
6211,57884
11319,57885
5832,57886
16995,57887
15573,57888
16996,57889
16997,57890
11064,57891
5276,57892
3839,57893
3234,57894
6362,57895
321,57896
3241,57897
2611,57898
16998,57899
11840,57900
16999,57901
17000,57902
17001,57903
183,57904
2085,57905
6372,57906
9933,57907
365,57908
3497,57909
15914,57910
10404,57911
13503,57912
3939,57913
6390,57914
391,57915
5192,57916
1735,57917
33,57918
17002,57919
13814,57920
17003,57921
13825,57922
7536,57923
3283,57924
12961,57925
11914,57926
9306,57927
8927,57928
1105,57929
17004,57930
7952,57931
1781,57932
16125,57933
5160,57934
4381,57935
16569,57936
2195,57937
5519,57938
8545,57939
206,57940
6092,57941
567,57942
17005,57943
580,57944
4648,57945
6558,57946
6949,57947
6101,57948
1838,57949
3734,57950
2547,57951
6716,57952
3078,57953
11819,57954
2243,57955
16697,57956
655,57957
15902,57958
663,57959
2262,57960
681,57961
5755,57962
2271,57963
15983,57964
11241,57965
17006,57966
17007,57967
17007,57968
1227,57969
2299,57970
6737,57971
17008,57972
7258,57973
15240,57974
8078,57975
1897,57976
15775,57977
13054,57978
13054,57979
13054,57980
13054,57981
17009,57982
17009,57983
17009,57984
12303,57985
12303,57986
12303,57987
12303,57988
17010,57989
5487,57990
5241,57991
13060,57992
14361,57993
2366,57994
17011,57995
4303,57996
5551,57997
12199,57998
12199,57999
4494,58000
138,58001
17012,58002
4228,58003
5407,58004
9014,58005
11398,58006
14162,58007
17013,58008
3812,58009
6770,58010
1620,58011
16369,58012
11766,58013
9818,58014
17014,58015
14830,58016
8157,58017
9834,58018
1948,58019
2567,58020
15756,58021
11440,58022
2920,58023
2598,58024
1333,58025
12946,58026
12954,58027
48,58028
14427,58029
2664,58030
15606,58031
12678,58032
17015,58033
7075,58034
3216,58035
3873,58036
14654,58037
14221,58038
2046,58039
11836,58040
4546,58041
3238,58042
1699,58043
15542,58044
17016,58045
330,58046
2625,58047
14964,58048
1342,58049
372,58050
2112,58051
3948,58052
7916,58053
17017,58054
11688,58055
4550,58056
38,58057
434,58058
7230,58059
7705,58060
9488,58061
15899,58062
466,58063
467,58064
6396,58065
17018,58066
7236,58067
17019,58068
3999,58069
1412,58070
4639,58071
6697,58072
14045,58073
3053,58074
11182,58075
9309,58076
70,58077
6210,58078
5209,58079
548,58080
556,58081
15676,58082
4040,58083
9584,58084
10493,58085
3073,58086
9590,58087
8013,58088
17020,58089
9620,58090
10049,58091
5610,58092
3578,58093
706,58094
17021,58095
724,58096
4142,58097
1875,58098
2806,58099
5224,58100
3134,58101
17022,58102
9119,58103
817,58104
827,58105
13408,58106
10962,58107
9324,58108
17023,58109
2358,58110
9720,58111
8999,58112
13774,58113
17024,58114
8762,58115
137,58116
17025,58117
6634,58118
3172,58119
13464,58120
4973,58121
17026,58122
9765,58123
949,58124
2873,58125
10765,58126
962,58127
6156,58128
2425,58129
12126,58130
14881,58131
8832,58132
11891,58133
15739,58134
7075,58135
12548,58136
12824,58137
7837,58138
1947,58139
4739,58140
1094,58141
1097,58142
3870,58143
14686,58144
1709,58145
14667,58146
10451,58147
2900,58148
275,58149
8236,58150
2959,58151
6654,58152
15830,58153
17027,58154
10399,58155
12392,58156
362,58157
367,58158
1727,58159
2497,58160
6076,58161
410,58162
7924,58163
3015,58164
3015,58165
3015,58166
3015,58167
54,58168
7307,58169
7307,58170
7307,58171
488,58172
3026,58173
17028,58174
17029,58175
4010,58176
12656,58177
1811,58178
17030,58179
582,58180
594,58181
13176,58182
8945,58183
17031,58184
12677,58185
2231,58186
11861,58187
11861,58188
17032,58189
3343,58190
8618,58191
2243,58192
6511,58193
5473,58194
7454,58195
14092,58196
705,58197
14767,58198
17033,58199
8877,58200
4151,58201
11742,58202
15860,58203
15862,58204
2834,58205
817,58206
3601,58207
9375,58208
1549,58209
3789,58210
17034,58211
17035,58212
3612,58213
884,58214
7270,58215
17036,58216
17037,58217
916,58218
4228,58219
3422,58220
950,58221
248,58222
11559,58223
1256,58224
10451,58225
4523,58226
2894,58227
11360,58228
6499,58229
17038,58230
1670,58231
1670,58232
13636,58233
9183,58234
3823,58235
4280,58236
5266,58237
13373,58238
10642,58239
1727,58240
5873,58241
9984,58242
17039,58243
9999,58244
4154,58245
6232,58246
4175,58247
15240,58248
6048,58249
6183,58250
17040,58251
3887,58252
15662,58253
10,58254
2058,58255
11906,58256
10821,58257
17,58258
5879,58259
466,58260
17041,58261
1104,58262
17042,58263
1419,58264
10274,58265
539,58266
1106,58267
6092,58268
13298,58269
2707,58270
582,58271
17043,58272
12043,58273
2729,58274
6711,58275
2227,58276
14435,58277
17044,58278
17045,58279
6222,58280
717,58281
3124,58282
4151,58283
17046,58284
7114,58285
16844,58286
16320,58287
3389,58288
10089,58289
4178,58290
10345,58291
17047,58292
11303,58293
17048,58294
2864,58295
16876,58296
908,58297
15085,58298
937,58299
1934,58300
3188,58301
9797,58302
1003,58303
14387,58304
14178,58305
9358,58306
10141,58307
1258,58308
2453,58309
9837,58310
174,58311
13789,58312
8,58313
10819,58314
8895,58315
8383,58316
1691,58317
5378,58318
5378,58319
5378,58320
8402,58321
10518,58322
1342,58323
1352,58324
7402,58325
11462,58326
6823,58327
9469,58328
7922,58329
1369,58330
16190,58331
13828,58332
17049,58333
3992,58334
3024,58335
17050,58336
8270,58337
15504,58338
16616,58339
2728,58340
84,58341
5605,58342
5395,58343
16406,58344
11484,58345
3348,58346
663,58347
16678,58348
17051,58349
6731,58350
7612,58351
2310,58352
3385,58353
4699,58354
17052,58355
4202,58356
2860,58357
12308,58358
914,58359
13775,58360
8773,58361
16885,58362
9015,58363
954,58364
3813,58365
7555,58366
4997,58367
2562,58368
8820,58369
12845,58370
9382,58371
11891,58372
17053,58373
6858,58374
14323,58375
2565,58376
17054,58377
168,58378
11374,58379
10645,58380
11756,58381
17055,58382
270,58383
4745,58384
1281,58385
1126,58386
12157,58387
9923,58388
1326,58389
353,58390
5153,58391
3929,58392
11985,58393
11385,58394
4602,58395
394,58396
3677,58397
13956,58398
11693,58399
7934,58400
2148,58401
12959,58402
10709,58403
1768,58404
1768,58405
4632,58406
14718,58407
2163,58408
3990,58409
2175,58410
2185,58411
5715,58412
17056,58413
14281,58414
11637,58415
79,58416
594,58417
9578,58418
597,58419
84,58420
14750,58421
4062,58422
5071,58423
4660,58424
12686,58425
5743,58426
15385,58427
646,58428
14084,58429
5754,58430
3357,58431
2941,58432
6290,58433
2791,58434
8663,58435
227,58436
13896,58437
13024,58438
1233,58439
17057,58440
2316,58441
2318,58442
10540,58443
17058,58444
17059,58445
6237,58446
8724,58447
1166,58448
4475,58449
13917,58450
14481,58451
17060,58452
17061,58453
901,58454
3624,58455
937,58456
17062,58457
13617,58458
8133,58459
8137,58460
15314,58461
3439,58462
8146,58463
1025,58464
1035,58465
12806,58466
1039,58467
1258,58468
9823,58469
1066,58470
7075,58471
17063,58472
16119,58473
15433,58474
15778,58475
4319,58476
1305,58477
2628,58478
12214,58479
5057,58480
3281,58481
17064,58482
9990,58483
5524,58484
3333,58485
13318,58486
1233,58487
7261,58488
5982,58489
4475,58490
3420,58491
5407,58492
4259,58493
3471,58494
2954,58495
16929,58496
17065,58497
5416,58498
3488,58499
3662,58500
8246,58501
3918,58502
366,58503
366,58504
28,58505
7921,58506
6680,58507
444,58508
3015,58509
494,58510
13832,58511
4554,58512
9556,58513
79,58514
15172,58515
2738,58516
17066,58517
1847,58518
8035,58519
3754,58520
17067,58521
12298,58522
11871,58523
5962,58524
11260,58525
10103,58526
15818,58527
10307,58528
15483,58529
4537,58530
17068,58531
16119,58532
16998,58533
7895,58534
3682,58535
3682,58536
415,58537
12620,58538
12620,58539
12167,58540
17069,58541
1463,58542
17070,58543
17070,58544
17071,58545
17071,58546
4306,58547
5641,58548
17072,58549
17073,58550
3880,58551
11062,58552
1682,58553
17074,58554
3893,58555
2584,58556
2046,58557
2046,58558
3480,58559
1690,58560
3235,58561
13989,58562
17075,58563
6522,58564
16236,58565
7570,58566
324,58567
16985,58568
6661,58569
15731,58570
8902,58571
2081,58572
4332,58573
1332,58574
9937,58575
28,58576
1965,58577
11110,58578
8190,58579
11910,58580
31,58581
2531,58582
17076,58583
17076,58584
14976,58585
10767,58586
11912,58587
7922,58588
438,58589
12163,58590
17077,58591
2144,58592
3007,58593
1764,58594
2534,58595
8926,58596
17078,58597
13527,58598
487,58599
5590,58600
11698,58601
497,58602
8508,58603
11172,58604
13295,58605
535,58606
12646,58607
17079,58608
1801,58609
7319,58610
7731,58611
8200,58612
16281,58613
3062,58614
8585,58615
2739,58616
8207,58617
6720,58618
17080,58619
17081,58620
17081,58621
15024,58622
10722,58623
8029,58624
680,58625
10570,58626
3103,58627
5757,58628
3752,58629
103,58630
5290,58631
105,58632
2789,58633
9110,58634
13891,58635
1227,58636
4904,58637
13032,58638
2309,58639
9664,58640
798,58641
10852,58642
2323,58643
13046,58644
5441,58645
3398,58646
3780,58647
16989,58648
1548,58649
6142,58650
238,58651
9702,58652
9712,58653
6473,58654
6473,58655
2355,58656
14482,58657
878,58658
14137,58659
13605,58660
3797,58661
9004,58662
1917,58663
17082,58664
8768,58665
4304,58666
4234,58667
4972,58668
13074,58669
17083,58670
2870,58671
2871,58672
3627,58673
15243,58674
3434,58675
4518,58676
15314,58677
5819,58678
4523,58679
17084,58680
6772,58681
9240,58682
1121,58683
17085,58684
2444,58685
162,58686
2448,58687
2563,58688
17086,58689
11367,58690
12141,58691
8855,58692
1177,58693
13650,58694
17087,58695
1097,58696
2989,58697
11040,58698
11448,58699
273,58700
16104,58701
10980,58702
6185,58703
15332,58704
15685,58705
17088,58706
6034,58707
178,58708
16732,58709
14947,58710
6826,58711
12910,58712
1298,58713
9916,58714
11907,58715
1703,58716
3490,58717
16998,58718
17089,58719
6883,58720
365,58721
2091,58722
1336,58723
16749,58724
377,58725
5678,58726
11539,58727
11539,58728
8909,58729
5875,58730
3507,58731
11129,58732
9345,58733
2994,58734
440,58735
5885,58736
1379,58737
1206,58738
9501,58739
5325,58740
5702,58741
9259,58742
6833,58743
1772,58744
15700,58745
1404,58746
496,58747
13387,58748
13388,58749
5710,58750
1410,58751
2178,58752
14276,58753
17090,58754
15606,58755
6925,58756
526,58757
11705,58758
17091,58759
7311,58760
1786,58761
8538,58762
1794,58763
542,58764
2198,58765
2204,58766
4556,58767
8555,58768
12656,58769
1807,58770
4834,58771
573,58772
14054,58773
582,58774
3723,58775
8575,58776
17092,58777
17093,58778
1986,58779
13173,58780
15011,58781
1987,58782
1987,58783
17094,58784
17095,58785
1458,58786
4080,58787
4080,58788
5072,58789
17096,58790
15385,58791
12690,58792
4668,58793
10945,58794
17097,58795
13769,58796
13769,58797
12332,58798
3100,58799
17098,58800
17099,58801
703,58802
11805,58803
17100,58804
2785,58805
2785,58806
5290,58807
5290,58808
4131,58809
13892,58810
3758,58811
2806,58812
14773,58813
2298,58814
16088,58815
748,58816
17101,58817
1954,58818
756,58819
1876,58820
11265,58821
5773,58822
17102,58823
15629,58824
12086,58825
3387,58826
17103,58827
4159,58828
8072,58829
17008,58830
125,58831
10853,58832
820,58833
7428,58834
6470,58835
9682,58836
11292,58837
1896,58838
16171,58839
10434,58840
15472,58841
8314,58842
1558,58843
12766,58844
17104,58845
11808,58846
9324,58847
6590,58848
2362,58849
8750,58850
17105,58851
10548,58852
7631,58853
17106,58854
3805,58855
5298,58856
16020,58857
9006,58858
17107,58859
8775,58860
5407,58861
13930,58862
9752,58863
17108,58864
1117,58865
958,58866
1595,58867
2881,58868
12125,58869
4260,58870
9802,58871
1938,58872
17109,58873
1035,58874
13092,58875
10876,58876
17110,58877
17110,58878
17111,58879
13941,58880
16520,58881
8843,58882
157,58883
3205,58884
16028,58885
5376,58886
8495,58887
17112,58888
16219,58889
16007,58890
9401,58891
13263,58892
17113,58893
2034,58894
6866,58895
2038,58896
9293,58897
6518,58898
2045,58899
11076,58900
2965,58901
16236,58902
17114,58903
12917,58904
11457,58905
2980,58906
27,58907
9300,58908
7689,58909
6381,58910
5867,58911
3939,58912
404,58913
418,58914
1369,58915
16071,58916
13159,58917
17115,58918
8518,58919
7461,58920
17116,58921
12976,58922
16972,58923
17117,58924
7242,58925
11854,58926
4395,58927
9857,58928
17118,58929
13390,58930
11637,58931
15664,58932
17119,58933
16126,58934
7736,58935
7736,58936
7736,58937
7736,58938
2213,58939
5730,58940
17120,58941
17069,58942
649,58943
6976,58944
3363,58945
7192,58946
12713,58947
11253,58948
3591,58949
2311,58950
1233,58951
5087,58952
8704,58953
819,58954
8720,58955
17121,58956
237,58957
16091,58958
4197,58959
17122,58960
17123,58961
878,58962
883,58963
4490,58964
17124,58965
8761,58966
7630,58967
16876,58968
137,58969
8118,58970
11517,58971
12257,58972
5408,58973
17125,58974
999,58975
2426,58976
1014,58977
7069,58978
17126,58979
1066,58980
13762,58981
5267,58982
12547,58983
11376,58984
7492,58985
5829,58986
7080,58987
322,58988
9390,58989
9394,58990
17127,58991
17128,58992
2595,58993
2055,58994
7289,58995
2057,58996
308,58997
17129,58998
6321,58999
8402,59000
7457,59001
14840,59002
335,59003
10919,59004
6883,59005
5673,59006
17130,59007
16608,59008
12618,59009
10321,59010
3965,59011
5054,59012
2648,59013
16258,59014
4623,59015
453,59016
1382,59017
9347,59018
9219,59019
9219,59020
9219,59021
17131,59022
3999,59023
5592,59024
5285,59025
17132,59026
17133,59027
5900,59028
4389,59029
4390,59030
1793,59031
4022,59032
4023,59033
3716,59034
7318,59035
13297,59036
14590,59037
1446,59038
2233,59039
4076,59040
6626,59041
11645,59042
11794,59043
2269,59044
740,59045
16663,59046
6337,59047
10259,59048
11269,59049
4459,59050
17134,59051
4192,59052
13337,59053
8992,59054
15307,59055
3154,59056
17135,59057
5632,59058
17136,59059
17137,59060
15096,59061
17138,59062
17139,59063
8834,59064
12132,59065
16520,59066
1259,59067
12314,59068
3819,59069
3470,59070
3215,59071
13967,59072
17128,59073
17140,59074
3897,59075
5277,59076
314,59077
324,59078
2465,59079
181,59080
11086,59081
3496,59082
6378,59083
1338,59084
13279,59085
16246,59086
1344,59087
11111,59088
1734,59089
3951,59090
17141,59091
1735,59092
4611,59093
7101,59094
6901,59095
438,59096
12218,59097
4801,59098
48,59099
9979,59100
9084,59101
17142,59102
14034,59103
13839,59104
4375,59105
17143,59106
6415,59107
9545,59108
206,59109
3318,59110
1658,59111
13302,59112
582,59113
582,59114
9577,59115
2726,59116
1447,59117
2738,59118
6562,59119
2224,59120
14514,59121
11206,59122
3566,59123
17144,59124
11792,59125
17145,59126
14378,59127
6963,59128
3088,59129
4669,59130
3347,59131
2756,59132
4093,59133
660,59134
663,59135
17146,59136
11545,59137
6223,59138
707,59139
3375,59140
17006,59141
2801,59142
8055,59143
2810,59144
2302,59145
4916,59146
8687,59147
2824,59148
2317,59149
1161,59150
5978,59151
824,59152
4177,59153
17147,59154
11292,59155
3783,59156
853,59157
11751,59158
17148,59159
4481,59160
6306,59161
880,59162
883,59163
3796,59164
135,59165
2378,59166
920,59167
924,59168
6243,59169
16058,59170
4729,59171
1590,59172
8127,59173
17149,59174
1936,59175
4518,59176
3440,59177
5822,59178
6248,59179
13941,59180
16374,59181
9827,59182
3204,59183
3642,59184
11367,59185
1072,59186
4540,59187
7374,59188
170,59189
3834,59190
11776,59191
2919,59192
2923,59193
9411,59194
17150,59195
206,59196
14765,59197
14793,59198
17151,59199
5356,59200
17152,59201
16995,59202
17153,59203
15280,59204
17154,59205
2038,59206
13788,59207
5838,59208
5840,59209
2046,59210
4579,59211
17155,59212
6057,59213
7867,59214
2057,59215
17156,59216
1702,59217
324,59218
1310,59219
4765,59220
5853,59221
345,59222
3247,59223
7526,59224
16388,59225
3254,59226
6672,59227
2988,59228
1730,59229
395,59230
1737,59231
3508,59232
11630,59233
6898,59234
9474,59235
12890,59236
1743,59237
2649,59238
2649,59239
5057,59240
17157,59241
3006,59242
1765,59243
3983,59244
2534,59245
1398,59246
7238,59247
3709,59248
7593,59249
2185,59250
7725,59251
17158,59252
11182,59253
11182,59254
3054,59255
2542,59256
3719,59257
2703,59258
2703,59259
7988,59260
17159,59261
581,59262
7244,59263
585,59264
1816,59265
10606,59266
6098,59267
16797,59268
12673,59269
17160,59270
4412,59271
11206,59272
13719,59273
13720,59274
17161,59275
6716,59276
633,59277
635,59278
4086,59279
17162,59280
17163,59281
17164,59282
17165,59283
2278,59284
8042,59285
2787,59286
738,59287
17166,59288
17167,59289
9652,59290
7510,59291
10068,59292
15800,59293
9338,59294
17168,59295
7339,59296
116,59297
10078,59298
2000,59299
122,59300
5779,59301
3399,59302
6299,59303
2554,59304
4191,59305
17169,59306
4196,59307
17170,59308
861,59309
15307,59310
17171,59311
6305,59312
878,59313
10263,59314
1247,59315
17172,59316
4213,59317
2518,59318
15083,59319
14808,59320
13930,59321
16880,59322
937,59323
937,59324
14492,59325
17083,59326
3424,59327
144,59328
964,59329
4510,59330
17173,59331
12188,59332
1003,59333
5145,59334
1035,59335
4265,59336
12885,59337
4531,59338
2901,59339
15382,59340
16206,59341
13639,59342
14247,59343
16627,59344
2024,59345
9340,59346
7875,59347
4767,59348
10406,59349
5930,59350
11735,59351
8303,59352
117,59353
17174,59354
17175,59355
17176,59356
7281,59357
17177,59358
8388,59359
442,59360
4806,59361
9349,59362
591,59363
2221,59364
16118,59365
16118,59366
8561,59367
4565,59368
17178,59369
3217,59370
2951,59371
17179,59372
17180,59373
16930,59374
6870,59375
17181,59376
9423,59377
306,59378
1297,59379
3490,59380
2525,59381
17182,59382
14891,59383
22,59384
336,59385
8409,59386
1321,59387
3247,59388
2085,59389
6883,59390
1336,59391
13153,59392
7906,59393
7403,59394
11131,59395
6169,59396
6392,59397
13825,59398
1386,59399
48,59400
3282,59401
12631,59402
472,59403
5517,59404
17183,59405
2669,59406
60,59407
1138,59408
198,59409
1780,59410
4004,59411
9534,59412
5466,59413
16026,59414
5206,59415
3543,59416
5715,59417
1790,59418
15855,59419
4025,59420
548,59421
7317,59422
8557,59423
1820,59424
4056,59425
4659,59426
17184,59427
16406,59428
17185,59429
5930,59430
5165,59431
17186,59432
5609,59433
3853,59434
17187,59435
12721,59436
9109,59437
1227,59438
2810,59439
4908,59440
5773,59441
17188,59442
3381,59443
1509,59444
3596,59445
17189,59446
8702,59447
3390,59448
3390,59449
3390,59450
5231,59451
16512,59452
14788,59453
836,59454
11745,59455
852,59456
12178,59457
17190,59458
17190,59459
4941,59460
10105,59461
8178,59462
17191,59463
878,59464
878,59465
9725,59466
11881,59467
9731,59468
7626,59469
10439,59470
4490,59471
904,59472
14805,59473
12781,59474
17192,59475
4229,59476
13208,59477
3836,59478
6766,59479
10294,59480
952,59481
952,59482
17193,59483
151,59484
10551,59485
3819,59486
10143,59487
6503,59488
6503,59489
9286,59490
1072,59491
15118,59492
5369,59493
12548,59494
10808,59495
11376,59496
169,59497
13676,59498
14883,59499
15910,59500
8866,59501
16734,59502
7388,59503
1346,59504
1767,59505
1394,59506
14430,59507
6566,59508
17194,59509
15972,59510
15313,59511
4578,59512
17195,59513
415,59514
1975,59515
3985,59516
12006,59517
7189,59518
9998,59519
4646,59520
7602,59521
1659,59522
8649,59523
11424,59524
5345,59525
1660,59526
1998,59527
3403,59528
878,59529
7269,59530
15524,59531
937,59532
17196,59533
8834,59534
5565,59535
5452,59536
1964,59537
4590,59538
3954,59539
8261,59540
8261,59541
16193,59542
12107,59543
12107,59544
2966,59545
6742,59546
1958,59547
6773,59548
14218,59549
14362,59550
8883,59551
16007,59552
10387,59553
15280,59554
7662,59555
6034,59556
15579,59557
2049,59558
4547,59559
11622,59560
4763,59561
2612,59562
3668,59563
353,59564
353,59565
9931,59566
9442,59567
2630,59568
9300,59569
367,59570
11103,59571
9847,59572
3944,59573
400,59574
3262,59575
6676,59576
1740,59577
14711,59578
6254,59579
6254,59580
17197,59581
3977,59582
16071,59583
483,59584
3989,59585
5496,59586
17198,59587
2168,59588
4635,59589
1777,59590
62,59591
2501,59592
8195,59593
12640,59594
11603,59595
4639,59596
1783,59597
17199,59598
2540,59599
4556,59600
4556,59601
6942,59602
6942,59603
4652,59604
13308,59605
611,59606
215,59607
215,59608
215,59609
215,59610
215,59611
215,59612
215,59613
215,59614
1452,59615
5926,59616
4846,59617
17200,59618
4067,59619
1454,59620
1844,59621
15705,59622
6110,59623
8291,59624
17201,59625
680,59626
16831,59627
2787,59628
12298,59629
17202,59630
17203,59631
224,59632
1502,59633
3378,59634
5965,59635
4151,59636
10764,59637
4154,59638
12742,59639
6457,59640
2318,59641
15965,59642
2326,59643
10088,59644
3146,59645
827,59646
827,59647
2335,59648
15304,59649
4939,59650
4193,59651
5790,59652
859,59653
14481,59654
9736,59655
7631,59656
15754,59657
5808,59658
909,59659
5249,59660
7489,59661
937,59662
5360,59663
8129,59664
8804,59665
1935,59666
8135,59667
17204,59668
2421,59669
17205,59670
1257,59671
4526,59672
14184,59673
12541,59674
7557,59675
17206,59676
16903,59677
1261,59678
2445,59679
1638,59680
2453,59681
1177,59682
1083,59683
15555,59684
4305,59685
8865,59686
15332,59687
17207,59688
8390,59689
2529,59690
13238,59691
17198,59692
10843,59693
4846,59694
855,59695
10676,59696
1270,59697
9291,59698
260,59699
10910,59700
15685,59701
2046,59702
5036,59703
2057,59704
310,59705
13,59706
17208,59707
1195,59708
17209,59709
6883,59710
365,59711
7225,59712
3254,59713
11679,59714
1365,59715
15495,59716
1768,59717
4635,59718
7409,59719
6410,59720
6414,59721
17210,59722
7978,59723
5522,59724
574,59725
7994,59726
7745,59727
7745,59728
8597,59729
3729,59730
13717,59731
8608,59732
17211,59733
17212,59734
632,59735
5929,59736
17213,59737
6218,59738
653,59739
8625,59740
6973,59741
1473,59742
10224,59743
17214,59744
684,59745
10848,59746
4880,59747
9109,59748
12725,59749
17215,59750
16582,59751
747,59752
4687,59753
2311,59754
9660,59755
119,59756
7013,59757
17216,59758
4192,59759
13133,59760
13915,59761
7196,59762
17217,59763
2557,59764
17218,59765
1571,59766
904,59767
1913,59768
2865,59769
5298,59770
6147,59771
9764,59772
15867,59773
4508,59774
4246,59775
9136,59776
8824,59777
8834,59778
10455,59779
5260,59780
13636,59781
3205,59782
17219,59783
5266,59784
28,59785
2638,59786
2991,59787
12617,59788
12457,59789
7710,59790
1209,59791
5288,59792
1916,59793
2024,59794
4743,59795
17220,59796
17221,59797
9291,59798
9291,59799
9291,59800
9291,59801
9291,59802
9291,59803
6612,59804
12896,59805
7660,59806
17222,59807
6359,59808
6824,59809
17223,59810
12204,59811
3878,59812
5495,59813
17065,59814
2582,59815
14945,59816
15271,59817
2589,59818
6615,59819
2599,59820
2063,59821
6362,59822
17224,59823
13,59824
321,59825
11974,59826
1706,59827
2924,59828
8402,59829
8402,59830
5854,59831
17225,59832
10479,59833
5666,59834
6880,59835
17226,59836
8413,59837
4585,59838
2086,59839
185,59840
7575,59841
362,59842
6526,59843
367,59844
17227,59845
28,59846
2096,59847
1344,59848
1344,59849
11113,59850
3676,59851
3502,59852
10996,59853
412,59854
10320,59855
2994,59856
11691,59857
10322,59858
3963,59859
6680,59860
1744,59861
5881,59862
14397,59863
17003,59864
4624,59865
5885,59866
17228,59867
2500,59868
7235,59869
196,59870
54,59871
2664,59872
17229,59873
16772,59874
7947,59875
10789,59876
1397,59877
10931,59878
17230,59879
15825,59880
17231,59881
509,59882
1410,59883
3307,59884
11183,59885
12503,59886
6209,59887
2193,59888
5430,59889
9552,59890
17232,59891
565,59892
16564,59893
6212,59894
17233,59895
2717,59896
210,59897
12662,59898
580,59899
10717,59900
12233,59901
17234,59902
13394,59903
9583,59904
13553,59905
617,59906
3728,59907
1953,59908
1953,59909
8605,59910
2233,59911
5745,59912
1463,59913
3088,59914
1464,59915
93,59916
9105,59917
4102,59918
6974,59919
5752,59920
679,59921
6512,59922
3362,59923
2270,59924
4879,59925
705,59926
705,59927
706,59928
2793,59929
1112,59930
3759,59931
3120,59932
10198,59933
17235,59934
756,59935
13132,59936
13132,59937
3770,59938
8684,59939
4916,59940
17236,59941
5133,59942
1999,59943
17237,59944
4559,59945
17238,59946
3858,59947
17239,59948
17240,59949
15398,59950
11744,59951
824,59952
16422,59953
9374,59954
5544,59955
15930,59956
4471,59957
11935,59958
5238,59959
2854,59960
1244,59961
7197,59962
16688,59963
15230,59964
9378,59965
6475,59966
7626,59967
17241,59968
2376,59969
9741,59970
11513,59971
17242,59972
7095,59973
16668,59974
15907,59975
16888,59976
14821,59977
3174,59978
17243,59979
6765,59980
1590,59981
5634,59982
17244,59983
145,59984
15380,59985
15380,59986
1602,59987
15095,59988
9017,59989
8140,59990
3437,59991
17245,59992
13358,59993
13358,59994
3441,59995
9333,59996
13752,59997
13091,59998
5367,59999
6602,60000
7651,60001
12137,60002
5266,60003
17246,60004
6355,60005
10155,60006
4285,60007
11376,60008
5373,60009
10460,60010
10462,60011
15756,60012
4739,60013
7082,60014
4289,60015
11059,60016
8442,60017
5314,60018
6254,60019
10768,60020
14065,60021
679,60022
6512,60023
5290,60024
11743,60025
117,60026
918,60027
17247,60028
12186,60029
5562,60030
6607,60031
17248,60032
17249,60033
1185,60034
7850,60035
3874,60036
17250,60037
6866,60038
3472,60039
1281,60040
8,60041
5502,60042
17251,60043
2959,60044
16733,60045
1126,60046
180,60047
17252,60048
8239,60049
10820,60050
309,60051
4546,60052
7872,60053
1296,60054
3659,60055
5578,60056
318,60057
6655,60058
3491,60059
7572,60060
6367,60061
12390,60062
6188,60063
182,60064
353,60065
356,60066
7894,60067
8188,60068
2980,60069
366,60070
3925,60071
3925,60072
6610,60073
1129,60074
3497,60075
28,60076
7577,60077
6382,60078
5676,60079
1201,60080
2987,60081
17253,60082
17253,60083
386,60084
6890,60085
16969,60086
9460,60087
6387,60088
5871,60089
10825,60090
1735,60091
4611,60092
17254,60093
11130,60094
1365,60095
9471,60096
12215,60097
3687,60098
193,60099
10321,60100
1369,60101
1369,60102
1369,60103
8472,60104
1743,60105
17255,60106
12952,60107
4620,60108
7530,60109
12953,60110
3275,60111
5055,60112
2143,60113
9972,60114
13238,60115
16259,60116
3279,60117
5158,60118
9219,60119
2657,60120
6395,60121
49,60122
1392,60123
1394,60124
17256,60125
3999,60126
13388,60127
1780,60128
17257,60129
4374,60130
2504,60131
14040,60132
1410,60133
7716,60134
17042,60135
64,60136
12500,60137
14727,60138
3708,60139
515,60140
2181,60141
1784,60142
12027,60143
5904,60144
5905,60145
7960,60146
4015,60147
7725,60148
1422,60149
17117,60150
4394,60151
10713,60152
3715,60153
8547,60154
1797,60155
2698,60156
7314,60157
17258,60158
7980,60159
17259,60160
1432,60161
3553,60162
6939,60163
11716,60164
3062,60165
17260,60166
16533,60167
3723,60168
10180,60169
4054,60170
10024,60171
2508,60172
17261,60173
4063,60174
15509,60175
17262,60176
15327,60177
17263,60178
5928,60179
631,60180
632,60181
9316,60182
1847,60183
4082,60184
12236,60185
1148,60186
17264,60187
5289,60188
6971,60189
8625,60190
4102,60191
11645,60192
97,60193
10776,60194
12367,60195
17265,60196
4123,60197
104,60198
17266,60199
6293,60200
11392,60201
7465,60202
17267,60203
764,60204
5532,60205
10426,60206
3770,60207
8062,60208
6453,60209
1513,60210
7114,60211
7114,60212
2318,60213
17268,60214
3391,60215
17269,60216
5779,60217
125,60218
17270,60219
1238,60220
10092,60221
4182,60222
11826,60223
10345,60224
17271,60225
5787,60226
3783,60227
9690,60228
10622,60229
12097,60230
11751,60231
15374,60232
10384,60233
12437,60234
3152,60235
17272,60236
239,60237
14875,60238
3412,60239
12892,60240
12250,60241
12250,60242
12250,60243
12250,60244
4948,60245
11325,60246
7436,60247
8105,60248
6475,60249
5095,60250
4487,60251
1574,60252
8110,60253
7356,60254
9739,60255
11430,60256
17273,60257
11333,60258
4494,60259
3167,60260
3167,60261
915,60262
920,60263
9282,60264
14814,60265
15866,60266
17274,60267
14442,60268
17275,60269
958,60270
2879,60271
6309,60272
971,60273
11445,60274
11445,60275
977,60276
11351,60277
2415,60278
1606,60279
17276,60280
6156,60281
6156,60282
7643,60283
1003,60284
14387,60285
14387,60286
9802,60287
1017,60288
8830,60289
2892,60290
6498,60291
6498,60292
8836,60293
3199,60294
17277,60295
1625,60296
1941,60297
2436,60298
7146,60299
17278,60300
7652,60301
11364,60302
9052,60303
12847,60304
12847,60305
16537,60306
162,60307
3822,60308
9286,60309
4280,60310
15822,60311
11369,60312
12823,60313
17279,60314
169,60315
7492,60316
9836,60317
1097,60318
17280,60319
2971,60320
11115,60321
17281,60322
11200,60323
4666,60324
13894,60325
3376,60326
7632,60327
3167,60328
11957,60329
3214,60330
17282,60331
4545,60332
11833,60333
2578,60334
3651,60335
1289,60336
5847,60337
3234,60338
1310,60339
2465,60340
13993,60341
14954,60342
2076,60343
2974,60344
1323,60345
11099,60346
9448,60347
28,60348
6885,60349
4543,60350
5866,60351
10407,60352
6533,60353
10486,60354
7134,60355
10661,60356
16109,60357
12005,60358
15390,60359
13437,60360
515,60361
5715,60362
2194,60363
11542,60364
1836,60365
15017,60366
1844,60367
11793,60368
5747,60369
1853,60370
664,60371
2760,60372
13959,60373
2260,60374
17283,60375
17284,60376
13883,60377
4880,60378
5529,60379
10227,60380
5437,60381
4906,60382
4154,60383
7618,60384
819,60385
16408,60386
5089,60387
13201,60388
2854,60389
13409,60390
13928,60391
15754,60392
8114,60393
4223,60394
4496,60395
4235,60396
17285,60397
1608,60398
7443,60399
5260,60400
6180,60401
17286,60402
1948,60403
3834,60404
7147,60405
1196,60406
9852,60407
6687,60408
6411,60409
206,60410
17044,60411
4087,60412
12724,60413
17287,60414
1564,60415
895,60416
17288,60417
3442,60418
17289,60419
4306,60420
1671,60421
7380,60422
173,60423
3868,60424
8182,60425
3870,60426
3870,60427
1950,60428
4745,60429
273,60430
3,60431
16104,60432
3838,60433
17290,60434
17179,60435
12482,60436
275,60437
11058,60438
17291,60439
14938,60440
17292,60441
17293,60442
9894,60443
17294,60444
17295,60445
16539,60446
16225,60447
8372,60448
8890,60449
12904,60450
296,60451
5504,60452
7387,60453
3231,60454
7289,60455
310,60456
12911,60457
4546,60458
17296,60459
12913,60460
5304,60461
15,60462
324,60463
324,60464
5851,60465
2525,60466
4764,60467
5853,60468
15444,60469
334,60470
17297,60471
16739,60472
7524,60473
13689,60474
9871,60475
8167,60476
17298,60477
1320,60478
3245,60479
8413,60480
12450,60481
17299,60482
6371,60483
12485,60484
7499,60485
357,60486
8870,60487
8421,60488
361,60489
11099,60490
3670,60491
1333,60492
3250,60493
6378,60494
367,60495
1336,60496
14005,60497
1342,60498
11983,60499
1965,60500
374,60501
3499,60502
1131,60503
3673,60504
10404,60505
14494,60506
17300,60507
2988,60508
1347,60509
8906,60510
11385,60511
14970,60512
9460,60513
9462,60514
2115,60515
3260,60516
13811,60517
3677,60518
11845,60519
399,60520
14702,60521
14702,60522
16444,60523
9474,60524
17301,60525
11846,60526
16707,60527
1372,60528
8920,60529
435,60530
9193,60531
12955,60532
1376,60533
3974,60534
3276,60535
2143,60536
9256,60537
13824,60538
3004,60539
7535,60540
451,60541
2148,60542
2653,60543
5696,60544
9494,60545
4625,60546
2151,60547
1384,60548
17302,60549
45,60550
1386,60551
3280,60552
460,60553
8488,60554
469,60555
15594,60556
3284,60557
4363,60558
4363,60559
6201,60560
480,60561
4805,60562
9507,60563
13524,60564
2534,60565
14864,60566
1769,60567
17303,60568
6833,60569
5705,60570
489,60571
15675,60572
3029,60573
16084,60574
12869,60575
6083,60576
4637,60577
11603,60578
8935,60579
8269,60580
2689,60581
16273,60582
66,60583
6928,60584
13438,60585
3543,60586
2190,60587
3714,60588
17304,60589
9545,60590
1794,60591
5066,60592
9551,60593
13241,60594
206,60595
6036,60596
4030,60597
1213,60598
2544,60599
2205,60600
10002,60601
17305,60602
17305,60603
17305,60604
17305,60605
1436,60606
3324,60607
16086,60608
2707,60609
17306,60610
6212,60611
13129,60612
6788,60613
12661,60614
4048,60615
582,60616
2726,60617
6946,60618
4844,60619
8944,60620
3069,60621
213,60622
216,60623
5070,60624
5738,60625
3075,60626
622,60627
1840,60628
17307,60629
17308,60630
632,60631
5929,60632
3572,60633
3087,60634
16617,60635
17309,60636
1464,60637
16193,60638
17310,60639
17264,60640
15393,60641
13960,60642
17311,60643
17312,60644
15030,60645
17313,60646
17314,60647
2791,60648
5766,60649
4135,60650
6991,60651
17315,60652
10424,60653
2799,60654
13583,60655
1872,60656
3761,60657
6124,60658
16839,60659
745,60660
14105,60661
14105,60662
14105,60663
14105,60664
14105,60665
14105,60666
14105,60667
14105,60668
17316,60669
17316,60670
17316,60671
11258,60672
4147,60673
4147,60674
4147,60675
4147,60676
4147,60677
4147,60678
5223,60679
8676,60680
3127,60681
5130,60682
5130,60683
7778,60684
763,60685
5026,60686
1881,60687
17317,60688
785,60689
14845,60690
4925,60691
12749,60692
1523,60693
5229,60694
4928,60695
3857,60696
123,60697
6468,60698
9677,60699
9677,60700
7428,60701
10854,60702
7015,60703
17318,60704
6237,60705
6237,60706
1532,60707
4936,60708
4180,60709
14306,60710
8083,60711
15519,60712
4193,60713
3606,60714
17319,60715
11751,60716
2344,60717
6472,60718
239,60719
17320,60720
17151,60721
8314,60722
2855,60723
5547,60724
17321,60725
1566,60726
4710,60727
888,60728
4952,60729
15719,60730
10125,60731
17322,60732
13461,60733
7626,60734
4715,60735
4219,60736
6041,60737
7272,60738
14638,60739
12310,60740
17323,60741
5251,60742
13075,60743
17324,60744
3424,60745
7817,60746
15647,60747
9770,60748
3427,60749
1591,60750
13139,60751
13749,60752
3811,60753
9129,60754
17325,60755
17326,60756
5102,60757
5362,60758
16670,60759
6151,60760
17327,60761
15968,60762
15968,60763
2887,60764
13086,60765
2415,60766
5273,60767
5178,60768
9792,60769
17328,60770
12124,60771
5179,60772
13254,60773
10448,60774
15481,60775
7826,60776
10452,60777
17329,60778
17329,60779
17329,60780
17329,60781
17329,60782
17330,60783
8834,60784
8834,60785
13755,60786
10142,60787
17331,60788
17332,60789
8843,60790
14854,60791
12137,60792
6020,60793
13948,60794
10878,60795
13365,60796
17333,60797
6607,60798
16117,60799
3450,60800
10749,60801
16676,60802
1081,60803
11400,60804
9143,60805
2916,60806
17334,60807
1095,60808
12152,60809
9510,60810
17230,60811
582,60812
17335,60813
4147,60814
17336,60815
8775,60816
2919,60817
1185,60818
8183,60819
4573,60820
7671,60821
6258,60822
3238,60823
3238,60824
12914,60825
328,60826
10401,60827
7884,60828
365,60829
2103,60830
6672,60831
3676,60832
1968,60833
11127,60834
8464,60835
15979,60836
15832,60837
444,60838
451,60839
11848,60840
3011,60841
12965,60842
11916,60843
17337,60844
5202,60845
11166,60846
1409,60847
4005,60848
5713,60849
7722,60850
2694,60851
551,60852
7596,60853
3059,60854
10027,60855
1836,60856
5739,60857
12678,60858
17338,60859
13876,60860
1476,60861
3578,60862
17339,60863
10379,60864
17340,60865
2820,60866
1233,60867
15397,60868
17341,60869
797,60870
9118,60871
232,60872
7428,60873
14304,60874
8719,60875
3148,60876
7023,60877
854,60878
5170,60879
8737,60880
15076,60881
9124,60882
13463,60883
17342,60884
4494,60885
17025,60886
4228,60887
3169,60888
10870,60889
11399,60890
253,60891
991,60892
1031,60893
7651,60894
17343,60895
156,60896
5638,60897
9026,60898
17344,60899
13651,60900
3464,60901
9291,60902
1187,60903
1187,60904
7665,60905
17345,60906
7083,60907
2057,60908
12584,60909
1307,60910
3911,60911
3911,60912
2616,60913
1320,60914
1320,60915
7894,60916
8188,60917
8188,60918
362,60919
6884,60920
10752,60921
10752,60922
9253,60923
9253,60924
11131,60925
11131,60926
36,60927
36,60928
2660,60929
4363,60930
4363,60931
5890,60932
5890,60933
56,60934
3703,60935
3703,60936
1783,60937
1783,60938
522,60939
10834,60940
8545,60941
12991,60942
8557,60943
591,60944
591,60945
17346,60946
17346,60947
8613,60948
8613,60949
4080,60950
4667,60951
4667,60952
10945,60953
10945,60954
8623,60955
8623,60956
13321,60957
8033,60958
8033,60959
2788,60960
15037,60961
5082,60962
6225,60963
6225,60964
5768,60965
5768,60966
7510,60967
7510,60968
8300,60969
8300,60970
3384,60971
3384,60972
17347,60973
17348,60974
3776,60975
831,60976
831,60977
4212,60978
4212,60979
3803,60980
3803,60981
8117,60982
8117,60983
15084,60984
6635,60985
2387,60986
17349,60987
11614,60988
1038,60989
17350,60990
17350,60991
5823,60992
2444,60993
13225,60994
9243,60995
9243,60996
15741,60997
15741,60998
17351,60999
5415,61000
2,61001
8182,61002
1673,61003
17352,61004
9890,61005
17353,61006
4310,61007
2034,61008
17354,61009
10515,61010
9058,61011
2576,61012
7096,61013
14942,61014
9,61015
290,61016
15490,61017
7860,61018
2046,61019
17355,61020
9912,61021
1650,61022
2598,61023
1697,61024
5378,61025
9916,61026
13688,61027
326,61028
16985,61029
1311,61030
7207,61031
7207,61032
17356,61033
7572,61034
7292,61035
341,61036
341,61037
3247,61038
6369,61039
7397,61040
17357,61041
7687,61042
1720,61043
7297,61044
28,61045
376,61046
3499,61047
14261,61048
12322,61049
12322,61050
382,61051
3946,61052
3947,61053
16442,61054
6678,61055
13111,61056
9471,61057
16478,61058
5461,61059
1743,61060
17255,61061
9365,61062
441,61063
1652,61064
16071,61065
46,61066
461,61067
1764,61068
1764,61069
469,61070
469,61071
4363,61072
6201,61073
17358,61074
17198,61075
4365,61076
5893,61077
12397,61078
12397,61079
2175,61080
8512,61081
17359,61082
3298,61083
6405,61084
3039,61085
6407,61086
7309,61087
17050,61088
7958,61089
16073,61090
14389,61091
14046,61092
1792,61093
5719,61094
4026,61095
547,61096
8939,61097
4027,61098
4397,61099
12428,61100
3324,61101
2707,61102
4040,61103
9573,61104
12042,61105
1821,61106
2726,61107
9581,61108
3068,61109
9584,61110
4056,61111
9096,61112
16097,61113
17360,61114
2226,61115
8597,61116
7746,61117
11206,61118
623,61119
3568,61120
3568,61121
2234,61122
17361,61123
636,61124
12689,61125
11215,61126
13565,61127
3739,61128
6964,61129
92,61130
17362,61131
17363,61132
17364,61133
14291,61134
4671,61135
7214,61136
17165,61137
17365,61138
3116,61139
3757,61140
4680,61141
15042,61142
2479,61143
224,61144
3118,61145
11557,61146
108,61147
11265,61148
1232,61149
17366,61150
778,61151
4909,61152
6453,61153
8690,61154
12085,61155
1515,61156
16664,61157
14779,61158
17367,61159
120,61160
4931,61161
233,61162
11291,61163
16575,61164
10110,61165
15070,61166
17368,61167
9718,61168
9718,61169
6306,61170
878,61171
885,61172
2364,61173
17369,61174
17370,61175
7807,61176
11328,61177
2489,61178
10439,61179
4718,61180
5551,61181
17371,61182
136,61183
10357,61184
17372,61185
9744,61186
8775,61187
8119,61188
17373,61189
11883,61190
937,61191
17285,61192
13412,61193
13412,61194
11613,61195
11613,61196
13138,61197
4505,61198
3177,61199
2876,61200
6637,61201
2414,61202
2421,61203
12844,61204
1008,61205
4998,61206
4998,61207
7649,61208
2433,61209
5003,61210
13218,61211
1043,61212
13145,61213
13758,61214
17374,61215
1068,61216
9024,61217
6031,61218
1948,61219
2918,61220
1181,61221
7082,61222
4289,61223
17375,61224
16918,61225
7674,61226
2524,61227
7572,61228
8188,61229
8475,61230
14023,61231
5888,61232
6203,61233
8521,61234
10664,61235
4844,61236
108,61237
17376,61238
5776,61239
6302,61240
3799,61241
8781,61242
17377,61243
2953,61244
3475,61245
10313,61246
1286,61247
11074,61248
9914,61249
15,61250
2615,61251
342,61252
5684,61253
1969,61254
10273,61255
1367,61256
9961,61257
7704,61258
17378,61259
17379,61260
7709,61261
9507,61262
8925,61263
9512,61264
17380,61265
489,61266
11566,61267
3029,61268
3703,61269
3034,61270
4004,61271
1410,61272
1783,61273
2689,61274
11704,61275
8531,61276
2505,61277
6549,61278
206,61279
2029,61280
583,61281
3065,61282
84,61283
17381,61284
11482,61285
3345,61286
6109,61287
664,61288
17382,61289
11226,61290
12707,61291
4875,61292
8640,61293
8642,61294
12551,61295
706,61296
17383,61297
17384,61298
14872,61299
3121,61300
3121,61301
8054,61302
17385,61303
2830,61304
9674,61305
14384,61306
11500,61307
4697,61308
17386,61309
1542,61310
10433,61311
4471,61312
10112,61313
8180,61314
14347,61315
878,61316
10440,61317
15084,61318
4228,61319
3169,61320
8120,61321
8787,61322
5252,61323
8811,61324
4250,61325
10680,61326
2895,61327
3445,61328
1068,61329
3864,61330
1175,61331
4566,61332
334,61333
8417,61334
6378,61335
11102,61336
1965,61337
453,61338
17303,61339
14032,61340
5161,61341
5429,61342
4393,61343
3319,61344
11717,61345
11717,61346
4845,61347
17069,61348
642,61349
7756,61350
7756,61351
3742,61352
14415,61353
9353,61354
14619,61355
14327,61356
14327,61357
7047,61358
7047,61359
1032,61360
168,61361
168,61362
1086,61363
1086,61364
17387,61365
6863,61366
7849,61367
17388,61368
2572,61369
15280,61370
17389,61371
1678,61372
1678,61373
6185,61374
3224,61375
1280,61376
12351,61377
3234,61378
10516,61379
12590,61380
339,61381
341,61382
341,61383
15870,61384
7884,61385
14960,61386
1130,61387
6885,61388
376,61389
1723,61390
16752,61391
11113,61392
12605,61393
12605,61394
186,61395
17390,61396
8909,61397
10996,61398
11130,61399
9959,61400
7501,61401
1378,61402
41,61403
4361,61404
8488,61405
6201,61406
17391,61407
3520,61408
12346,61409
1209,61410
16271,61411
12641,61412
6924,61413
513,61414
1419,61415
1419,61416
66,61417
3312,61418
4025,61419
8940,61420
17392,61421
15839,61422
9558,61423
10936,61424
1182,61425
9563,61426
10256,61427
8568,61428
17393,61429
583,61430
17394,61431
9577,61432
2726,61433
1446,61434
15011,61435
8589,61436
17395,61437
13444,61438
13718,61439
629,61440
2750,61441
9619,61442
17396,61443
6968,61444
8623,61445
12237,61446
6626,61447
6511,61448
1474,61449
17283,61450
1859,61451
13882,61452
8649,61453
5948,61454
4130,61455
17397,61456
16685,61457
1501,61458
5130,61459
11546,61460
17398,61461
4908,61462
10689,61463
1883,61464
17399,61465
7008,61466
10085,61467
3146,61468
6743,61469
15714,61470
17400,61471
5788,61472
17401,61473
4703,61474
8993,61475
2849,61476
14131,61477
10349,61478
891,61479
7270,61480
1574,61481
4960,61482
15083,61483
14807,61484
7272,61485
137,61486
8321,61487
17402,61488
2016,61489
6350,61490
16550,61491
17403,61492
2402,61493
16181,61494
4247,61495
17404,61496
4251,61497
13625,61498
17405,61499
7645,61500
5255,61501
1173,61502
7145,61503
11811,61504
1037,61505
8151,61506
7830,61507
15113,61508
1632,61509
158,61510
11771,61511
9023,61512
6025,61513
5450,61514
12476,61515
9384,61516
6029,61517
10155,61518
9290,61519
1084,61520
11376,61521
1085,61522
6162,61523
16912,61524
3212,61525
14836,61526
11947,61527
17406,61528
1098,61529
2578,61530
20,61531
10402,61532
4810,61533
8677,61534
7000,61535
11743,61536
17407,61537
17408,61538
3642,61539
3216,61540
6825,61541
3222,61542
283,61543
2062,61544
2965,61545
15761,61546
13431,61547
345,61548
349,61549
352,61550
6890,61551
9190,61552
17409,61553
5869,61554
3951,61555
17410,61556
14978,61557
12163,61558
12163,61559
14028,61560
1395,61561
1395,61562
4637,61563
14995,61564
63,61565
513,61566
15702,61567
518,61568
2184,61569
16682,61570
2190,61571
6273,61572
9556,61573
16786,61574
17411,61575
7846,61576
7505,61577
569,61578
581,61579
9584,61580
14529,61581
17412,61582
7106,61583
6837,61584
17413,61585
16617,61586
218,61587
15973,61588
16194,61589
15421,61590
3366,61591
11241,61592
17414,61593
15190,61594
15190,61595
723,61596
225,61597
17415,61598
5614,61599
11253,61600
17416,61601
7612,61602
14112,61603
793,61604
2829,61605
2326,61606
13405,61607
2333,61608
8223,61609
856,61610
3607,61611
7486,61612
8093,61613
17417,61614
4719,61615
13072,61616
3623,61617
6476,61618
17418,61619
937,61620
16702,61621
17419,61622
11761,61623
1119,61624
6011,61625
2893,61626
12804,61627
5367,61628
15106,61629
1048,61630
6773,61631
9052,61632
9052,61633
9052,61634
12818,61635
17420,61636
12480,61637
11491,61638
5266,61639
5638,61640
5453,61641
1269,61642
1188,61643
13273,61644
321,61645
4582,61646
12449,61647
1195,61648
9448,61649
2637,61650
9463,61651
3961,61652
4550,61653
14226,61654
12393,61655
3978,61656
9506,61657
1137,61658
16084,61659
11701,61660
9036,61661
17421,61662
5713,61663
515,61664
2506,61665
554,61666
559,61667
2718,61668
8277,61669
9042,61670
8203,61671
12234,61672
17422,61673
10042,61674
3576,61675
6512,61676
5476,61677
221,61678
14340,61679
3752,61680
11021,61681
3376,61682
14236,61683
7340,61684
7340,61685
7785,61686
1900,61687
11443,61688
12377,61689
12105,61690
11882,61691
2380,61692
6597,61693
1606,61694
5300,61695
998,61696
1004,61697
14504,61698
1942,61699
3055,61700
6960,61701
5930,61702
1549,61703
13606,61704
2930,61705
13678,61706
275,61707
12388,61708
8185,61709
12417,61710
7862,61711
1697,61712
329,61713
329,61714
17423,61715
367,61716
8429,61717
1348,61718
16082,61719
13155,61720
14267,61721
17424,61722
5890,61723
4808,61724
1137,61725
11159,61726
16957,61727
2535,61728
16569,61729
206,61730
3318,61731
13390,61732
262,61733
10666,61734
2717,61735
10257,61736
4048,61737
582,61738
585,61739
4845,61740
8600,61741
1838,61742
16451,61743
641,61744
11223,61745
17425,61746
1659,61747
17426,61748
6117,61749
104,61750
5766,61751
3761,61752
10071,61753
15630,61754
4460,61755
6740,61756
2000,61757
14904,61758
9371,61759
5135,61760
9049,61761
4194,61762
8735,61763
2350,61764
4304,61765
1171,61766
15803,61767
17427,61768
5634,61769
9781,61770
7820,61771
17149,61772
3186,61773
15566,61774
15566,61775
2434,61776
2434,61777
5256,61778
5256,61779
5256,61780
6499,61781
2900,61782
1058,61783
7372,61784
4278,61785
6508,61786
7844,61787
11908,61788
11908,61789
10883,61790
6395,61791
17428,61792
16827,61793
16827,61794
4150,61795
16545,61796
15929,61797
9729,61798
6758,61799
6634,61800
8148,61801
1671,61802
9391,61803
6048,61804
12563,61805
2034,61806
7563,61807
179,61808
5845,61809
13795,61810
317,61811
1706,61812
3905,61813
330,61814
2073,61815
7572,61816
17429,61817
17429,61818
4585,61819
3917,61820
3496,61821
12356,61822
8445,61823
8445,61824
17430,61825
3944,61826
403,61827
11128,61828
12615,61829
14268,61830
17431,61831
4361,61832
2156,61833
486,61834
486,61835
13844,61836
3539,61837
3540,61838
17432,61839
15608,61840
206,61841
7978,61842
11012,61843
9197,61844
7247,61845
15545,61846
2264,61847
10722,61848
105,61849
2791,61850
5082,61851
229,61852
2299,61853
5482,61854
4929,61855
2328,61856
13595,61857
17433,61858
17434,61859
5233,61860
14791,61861
839,61862
8085,61863
1544,61864
15201,61865
15201,61866
17435,61867
10384,61868
1551,61869
17436,61870
11307,61871
2364,61872
4485,61873
10906,61874
4494,61875
17437,61876
14811,61877
14441,61878
11758,61879
14877,61880
13748,61881
1591,61882
17438,61883
4510,61884
253,61885
17439,61886
1044,61887
2901,61888
15350,61889
158,61890
7833,61891
9835,61892
5829,61893
17357,61894
428,61895
17440,61896
12632,61897
61,61898
4544,61899
17441,61900
11205,61901
4663,61902
9165,61903
132,61904
17442,61905
17443,61906
13231,61907
17444,61908
2955,61909
5574,61910
5036,61911
318,61912
1701,61913
17445,61914
3905,61915
15248,61916
16425,61917
1327,61918
3845,61919
3670,61920
4589,61921
1129,61922
7399,61923
4782,61924
5459,61925
13808,61926
6385,61927
8445,61928
13511,61929
1745,61930
5057,61931
6831,61932
2500,61933
4629,61934
50,61935
1767,61936
5708,61937
6268,61938
14726,61939
4005,61940
15702,61941
15702,61942
15702,61943
1794,61944
6700,61945
6700,61946
15325,61947
1429,61948
15170,61949
558,61950
1215,61951
2707,61952
2716,61953
2734,61954
8603,61955
664,61956
8290,61957
4425,61958
6286,61959
8972,61960
9646,61961
4135,61962
1225,61963
733,61964
733,61965
3123,61966
17446,61967
2314,61968
17447,61969
4162,61970
12767,61971
11508,61972
11508,61973
17448,61974
2365,61975
2367,61976
5996,61977
17449,61978
17450,61979
17451,61980
7203,61981
3816,61982
1036,61983
15382,61984
17452,61985
9023,61986
2024,61987
11834,61988
13235,61989
13235,61990
403,61991
6083,61992
527,61993
3548,61994
4056,61995
4056,61996
10533,61997
14084,61998
15818,61999
15481,62000
17453,62001
11771,62002
3217,62003
4569,62004
11054,62005
5454,62006
3842,62007
7681,62008
17454,62009
4586,62010
17455,62011
11627,62012
9345,62013
442,62014
12000,62015
17456,62016
11468,62017
14028,62018
17457,62019
494,62020
15455,62021
8526,62022
9349,62023
1657,62024
13299,62025
6706,62026
9596,62027
9596,62028
15014,62029
17262,62030
642,62031
17458,62032
17458,62033
17458,62034
4102,62035
13019,62036
17459,62037
3115,62038
15395,62039
8057,62040
14117,62041
4169,62042
7261,62043
5986,62044
7115,62045
4206,62046
2366,62047
7270,62048
14143,62049
13929,62050
908,62051
10866,62052
9013,62053
2870,62054
15429,62055
145,62056
15968,62057
7276,62058
4249,62059
11657,62060
1175,62061
15893,62062
1641,62063
9025,62064
1948,62065
5375,62066
17460,62067
6472,62068
5266,62069
16220,62070
10309,62071
10,62072
5504,62073
17461,62074
11970,62075
6828,62076
10920,62077
28,62078
5045,62079
8449,62080
389,62081
1354,62082
1354,62083
7913,62084
11133,62085
12395,62086
13387,62087
9089,62088
8530,62089
12976,62090
13710,62091
3311,62092
13847,62093
2192,62094
1794,62095
2734,62096
3727,62097
8614,62098
6110,62099
3351,62100
17462,62101
17201,62102
4430,62103
3109,62104
14106,62105
13132,62106
4156,62107
4931,62108
12527,62109
1538,62110
4471,62111
9865,62112
12881,62113
878,62114
878,62115
1906,62116
11512,62117
11615,62118
13424,62119
17463,62120
16176,62121
4236,62122
4237,62123
3438,62124
17464,62125
10578,62126
13762,62127
11375,62128
17177,62129
15778,62130
13561,62131
11868,62132
14636,62133
9013,62134
10742,62135
12547,62136
266,62137
2930,62138
1185,62139
8352,62140
13973,62141
2036,62142
284,62143
303,62144
2055,62145
11970,62146
1696,62147
13,62148
11455,62149
18,62150
8167,62151
6368,62152
14000,62153
3494,62154
1716,62155
185,62156
2628,62157
11099,62158
14967,62159
7401,62160
11539,62161
5191,62162
5191,62163
5270,62164
1133,62165
4616,62166
17465,62167
13816,62168
11688,62169
2532,62170
16977,62171
1745,62172
6536,62173
13126,62174
195,62175
11951,62176
5698,62177
7305,62178
17466,62179
17467,62180
1774,62181
1209,62182
13289,62183
1783,62184
7310,62185
4018,62186
7312,62187
2704,62188
4834,62189
6935,62190
9197,62191
2508,62192
8005,62193
14594,62194
7746,62195
12329,62196
4070,62197
3735,62198
17468,62199
17469,62200
6963,62201
93,62202
2758,62203
4424,62204
3576,62205
16658,62206
10337,62207
3363,62208
4675,62209
17070,62210
7767,62211
4134,62212
224,62213
8666,62214
2812,62215
7510,62216
10074,62217
2321,62218
10085,62219
7342,62220
3146,62221
2342,62222
8733,62223
7350,62224
5798,62225
13345,62226
6634,62227
17470,62228
3623,62229
4237,62230
6483,62231
7061,62232
16361,62233
8134,62234
7062,62235
3434,62236
2436,62237
13365,62238
12544,62239
17471,62240
3206,62241
16675,62242
7515,62243
1639,62244
4535,62245
1177,62246
16646,62247
5371,62248
7181,62249
7840,62250
14698,62251
262,62252
13262,62253
17472,62254
1187,62255
16121,62256
15809,62257
9215,62258
2046,62259
11578,62260
1692,62261
3488,62262
13,62263
1702,62264
2971,62265
2074,62266
12590,62267
9924,62268
16241,62269
1197,62270
185,62271
17473,62272
7227,62273
5045,62274
1728,62275
11628,62276
10407,62277
10407,62278
10212,62279
3948,62280
5875,62281
9252,62282
12454,62283
4345,62284
414,62285
415,62286
415,62287
35,62288
9471,62289
2141,62290
1374,62291
10707,62292
7936,62293
7234,62294
11951,62295
5890,62296
5326,62297
16717,62298
3289,62299
4812,62300
14995,62301
17474,62302
15605,62303
3835,62304
12029,62305
10328,62306
2540,62307
4025,62308
3318,62309
12231,62310
554,62311
2707,62312
7992,62313
11481,62314
1836,62315
10497,62316
16293,62317
11924,62318
4852,62319
646,62320
218,62321
9624,62322
7162,62323
664,62324
2769,62325
6332,62326
5943,62327
16309,62328
226,62329
108,62330
780,62331
2314,62332
1521,62333
5169,62334
8222,62335
15472,62336
17475,62337
2361,62338
5297,62339
17071,62340
17476,62341
17477,62342
17478,62343
4246,62344
9794,62345
1000,62346
7556,62347
11797,62348
6160,62349
15431,62350
6180,62351
17479,62352
8161,62353
2922,62354
10248,62355
4591,62356
15823,62357
17480,62358
17308,62359
17481,62360
17482,62361
1969,62362
17483,62363
4192,62364
11596,62365
245,62366
5266,62367
8994,62368
17484,62369
3843,62370
2534,62371
11176,62372
9566,62373
79,62374
2734,62375
2476,62376
6628,62377
1252,62378
15650,62379
10555,62380
2147,62381
125,62382
12845,62383
17485,62384
174,62385
10387,62386
3471,62387
7659,62388
1956,62389
17486,62390
2034,62391
14678,62392
5835,62393
6184,62394
6184,62395
5643,62396
6800,62397
10910,62398
7662,62399
2037,62400
2037,62401
7664,62402
2955,62403
1281,62404
13480,62405
17487,62406
10,62407
5843,62408
17488,62409
7519,62410
178,62411
11966,62412
13980,62413
13980,62414
3655,62415
1290,62416
1293,62417
6615,62418
5847,62419
2055,62420
11906,62421
5656,62422
5578,62423
5658,62424
5579,62425
12586,62426
14331,62427
2606,62428
3241,62429
17489,62430
6658,62431
324,62432
324,62433
324,62434
324,62435
1706,62436
5852,62437
7676,62438
8401,62439
1314,62440
1314,62441
17490,62442
15140,62443
7572,62444
1315,62445
22,62446
1317,62447
339,62448
8167,62449
2617,62450
11408,62451
17491,62452
17492,62453
7683,62454
3467,62455
1324,62456
1196,62457
6806,62458
17493,62459
7293,62460
9341,62461
2623,62462
3248,62463
3248,62464
15357,62465
4331,62466
12450,62467
2628,62468
1330,62469
2979,62470
1331,62471
1331,62472
365,62473
365,62474
1334,62475
3251,62476
366,62477
1718,62478
10519,62479
5021,62480
12599,62481
7690,62482
3930,62483
12601,62484
14372,62485
7578,62486
376,62487
3933,62488
1344,62489
5864,62490
4785,62491
1201,62492
5045,62493
2637,62494
12356,62495
1728,62496
1728,62497
1728,62498
13153,62499
6385,62500
6385,62501
386,62502
7905,62503
16969,62504
4787,62505
8445,62506
7906,62507
16753,62508
17494,62509
13154,62510
389,62511
17495,62512
4607,62513
13956,62514
5874,62515
5874,62516
5875,62517
5192,62518
6076,62519
6892,62520
400,62521
5156,62522
3682,62523
3264,62524
2124,62525
7405,62526
11912,62527
10485,62528
9336,62529
14226,62530
9479,62531
10408,62532
38,62533
16190,62534
12954,62535
8475,62536
17496,62537
1373,62538
1375,62539
1752,62540
17497,62541
8481,62542
1378,62543
6199,62544
1382,62545
7938,62546
2151,62547
1384,62548
17498,62549
457,62550
2154,62551
3279,62552
459,62553
1386,62554
12629,62555
464,62556
1387,62557
467,62558
51,62559
470,62560
5323,62561
476,62562
196,62563
196,62564
7305,62565
1767,62566
11471,62567
17499,62568
6203,62569
5704,62570
3524,62571
487,62572
1137,62573
3027,62574
17500,62575
12014,62576
7950,62577
10932,62578
10325,62579
8505,62580
13830,62581
10566,62582
8519,62583
6691,62584
9348,62585
515,62586
1783,62587
2688,62588
3709,62589
2690,62590
9990,62591
16026,62592
9537,62593
12166,62594
5906,62595
9539,62596
4390,62597
16420,62598
9995,62599
5715,62600
2190,62601
539,62602
15001,62603
1791,62604
7973,62605
1794,62606
1794,62607
7313,62608
12647,62609
13711,62610
3056,62611
3056,62612
8940,62613
9554,62614
75,62615
75,62616
75,62617
14282,62618
6551,62619
1800,62620
1802,62621
1802,62622
551,62623
17501,62624
5914,62625
14513,62626
4833,62627
10004,62628
564,62629
17502,62630
2717,62631
10716,62632
4048,62633
582,62634
582,62635
5380,62636
3329,62637
10415,62638
2217,62639
3332,62640
13442,62641
3334,62642
17503,62643
3068,62644
599,62645
14749,62646
2730,62647
17504,62648
1827,62649
1827,62650
1987,62651
10418,62652
4060,62653
16804,62654
9596,62655
16572,62656
17262,62657
17505,62658
11207,62659
17506,62660
1845,62661
634,62662
6429,62663
13397,62664
13567,62665
17507,62666
15020,62667
3088,62668
3088,62669
17508,62670
653,62671
10049,62672
3092,62673
4099,62674
5289,62675
1469,62676
13446,62677
661,62678
6973,62679
3351,62680
663,62681
2760,62682
2762,62683
670,62684
3746,62685
3098,62686
2770,62687
11569,62688
685,62689
2775,62690
2777,62691
686,62692
5757,62693
17509,62694
15926,62695
4124,62696
8967,62697
2786,62698
12072,62699
8655,62700
3371,62701
706,62702
9642,62703
17314,62704
716,62705
5955,62706
1868,62707
726,62708
15515,62709
8666,62710
15771,62711
1995,62712
1228,62713
17510,62714
753,62715
13029,62716
11262,62717
3767,62718
2299,62719
3591,62720
4906,62721
6295,62722
7780,62723
7780,62724
2813,62725
5224,62726
8062,62727
4152,62728
6127,62729
6129,62730
6453,62731
2822,62732
6231,62733
3137,62734
3137,62735
2314,62736
1519,62737
12524,62738
13196,62739
794,62740
116,62741
116,62742
10852,62743
15751,62744
5537,62745
801,62746
17511,62747
6177,62748
5778,62749
807,62750
2329,62751
3776,62752
2331,62753
5441,62754
7012,62755
9677,62756
12758,62757
17512,62758
8310,62759
6742,62760
17513,62761
1529,62762
3147,62763
1530,62764
8311,62765
11290,62766
10092,62767
11292,62768
17514,62769
1540,62770
16432,62771
7430,62772
5089,62773
17515,62774
1242,62775
1545,62776
9696,62777
13408,62778
8993,62779
9172,62780
11611,62781
9703,62782
10110,62783
10110,62784
4197,62785
7266,62786
8313,62787
14130,62788
3153,62789
14133,62790
17516,62791
10114,62792
9324,62793
8097,62794
8097,62795
1561,62796
6591,62797
8997,62798
12339,62799
7028,62800
1168,62801
10117,62802
878,62803
5240,62804
17517,62805
17518,62806
3618,62807
16006,62808
10123,62809
5993,62810
17519,62811
9736,62812
3419,62813
16877,62814
14808,62815
2014,62816
12183,62817
12783,62818
4304,62819
7358,62820
17520,62821
9327,62822
8121,62823
5812,62824
17521,62825
7046,62826
7489,62827
12407,62828
12786,62829
6001,62830
3625,62831
15088,62832
8789,62833
937,62834
937,62835
7055,62836
6484,62837
2393,62838
2394,62839
5634,62840
9772,62841
952,62842
2874,62843
962,62844
1934,62845
6598,62846
7062,62847
10361,62848
4246,62849
1607,62850
6156,62851
4250,62852
7825,62853
3184,62854
4514,62855
9794,62856
991,62857
8138,62858
992,62859
15212,62860
153,62861
17522,62862
1609,62863
16991,62864
9182,62865
1611,62866
4260,62867
14321,62868
2432,62869
15131,62870
1038,62871
11891,62872
2899,62873
2901,62874
9818,62875
2441,62876
1632,62877
10147,62878
13640,62879
3204,62880
10641,62881
5017,62882
12344,62883
12344,62884
1944,62885
3642,62886
7833,62887
6606,62888
7447,62889
10456,62890
1946,62891
14834,62892
15568,62893
4533,62894
3457,62895
8859,62896
1083,62897
4284,62898
17523,62899
10158,62900
17524,62901
1264,62902
8864,62903
3646,62904
12152,62905
17525,62906
7496,62907
2034,62908
17526,62909
5495,62910
13267,62911
4757,62912
2058,62913
17527,62914
316,62915
9923,62916
15492,62917
381,62918
3676,62919
3678,62920
17528,62921
6678,62922
15249,62923
5884,62924
8486,62925
5700,62926
4551,62927
9307,62928
11917,62929
17529,62930
1792,62931
1794,62932
262,62933
2701,62934
12667,62935
1821,62936
4413,62937
1454,62938
641,62939
9230,62940
8962,62941
17530,62942
6512,62943
6731,62944
2807,62945
17531,62946
5620,62947
2554,62948
16514,62949
1910,62950
4958,62951
17532,62952
15551,62953
5999,62954
9282,62955
8790,62956
6764,62957
10294,62958
4566,62959
3,62960
14654,62961
17533,62962
10,62963
16732,62964
3841,62965
4758,62966
2063,62967
1704,62968
9430,62969
12918,62970
344,62971
4585,62972
6806,62973
9447,62974
1725,62975
8442,62976
1353,62977
399,62978
399,62979
1743,62980
5319,62981
4355,62982
5321,62983
12003,62984
3279,62985
9306,62986
7589,62987
17534,62988
9368,62989
551,62990
556,62991
12428,62992
9858,62993
17535,62994
7106,62995
16809,62996
15015,62997
8952,62998
12687,62999
6964,63000
12510,63001
11926,63002
12704,63003
9107,63004
2766,63005
17536,63006
3124,63007
3128,63008
17537,63009
7617,63010
16102,63011
4459,63012
9672,63013
17538,63014
4702,63015
5791,63016
7197,63017
875,63018
884,63019
2362,63020
17539,63021
3163,63022
7808,63023
2013,63024
10629,63025
2866,63026
5999,63027
13209,63028
13747,63029
7638,63030
2885,63031
9881,63032
15329,63033
4998,63034
1259,63035
4279,63036
6024,63037
4281,63038
5180,63039
1098,63040
9062,63041
2057,63042
17540,63043
17541,63044
1320,63045
3500,63046
17542,63047
3700,63048
6138,63049
5785,63050
11292,63051
11826,63052
11934,63053
3437,63054
7847,63055
11056,63056
16729,63057
6320,63058
12901,63059
7862,63060
10478,63061
1302,63062
324,63063
6523,63064
17543,63065
5307,63066
15142,63067
9931,63068
12392,63069
2935,63070
3255,63071
7693,63072
17544,63073
15145,63074
17545,63075
2989,63076
12931,63077
13506,63078
12610,63079
12286,63080
1742,63081
9480,63082
11997,63083
6901,63084
6901,63085
7704,63086
1374,63087
15766,63088
15766,63089
1378,63090
4361,63091
470,63092
472,63093
1656,63094
6539,63095
3990,63096
486,63097
16407,63098
12016,63099
11634,63100
2535,63101
65,63102
6924,63103
4382,63104
3045,63105
7960,63106
13128,63107
3056,63108
5520,63109
4398,63110
1428,63111
2704,63112
17546,63113
17547,63114
2726,63115
11481,63116
10022,63117
12293,63118
16544,63119
5926,63120
5926,63121
10793,63122
15611,63123
6104,63124
6967,63125
6108,63126
11490,63127
6723,63128
6723,63129
8963,63130
13448,63131
17509,63132
17548,63133
17549,63134
5950,63135
709,63136
4887,63137
2792,63138
17550,63139
14300,63140
4684,63141
5963,63142
4151,63143
6737,63144
795,63145
17268,63146
17551,63147
2330,63148
9374,63149
17552,63150
8095,63151
12892,63152
5626,63153
6590,63154
13339,63155
10676,63156
10271,63157
16341,63158
13136,63159
14148,63160
6001,63161
17553,63162
937,63163
937,63164
8794,63165
9131,63166
152,63167
4996,63168
5006,63169
9810,63170
7279,63171
7176,63172
17554,63173
8154,63174
15567,63175
3203,63176
4281,63177
12384,63178
6027,63179
10156,63180
7844,63181
17555,63182
11402,63183
9291,63184
7909,63185
17556,63186
5589,63187
13537,63188
13440,63189
206,63190
17557,63191
1995,63192
6229,63193
14624,63194
14213,63195
9210,63196
17558,63197
15728,63198
17559,63199
4311,63200
275,63201
4312,63202
17472,63203
5034,63204
17560,63205
8385,63206
3235,63207
2964,63208
1706,63209
8187,63210
2617,63211
1711,63212
3668,63213
9933,63214
372,63215
6885,63216
376,63217
11111,63218
3258,63219
5684,63220
10588,63221
6263,63222
10753,63223
7403,63224
416,63225
418,63226
11138,63227
14714,63228
8484,63229
470,63230
3018,63231
5894,63232
3999,63233
2173,63234
17561,63235
63,63236
13534,63237
11709,63238
8538,63239
1423,63240
9552,63241
6095,63242
17562,63243
567,63244
583,63245
10415,63246
8581,63247
8004,63248
3726,63249
5739,63250
11645,63251
6284,63252
4109,63253
3099,63254
12297,63255
4140,63256
11495,63257
10076,63258
799,63259
2832,63260
7170,63261
11281,63262
9119,63263
10853,63264
3777,63265
14874,63266
11744,63267
1532,63268
4187,63269
12303,63270
13913,63271
1165,63272
17563,63273
13059,63274
5798,63275
12473,63276
7807,63277
5356,63278
4969,63279
17564,63280
9015,63281
12791,63282
8324,63283
8131,63284
8131,63285
2018,63286
4990,63287
2423,63288
2423,63289
2423,63290
2423,63291
2423,63292
5820,63293
8146,63294
9382,63295
10455,63296
17277,63297
17565,63298
4274,63299
12819,63300
17566,63301
17567,63302
17568,63303
7741,63304
1233,63305
13732,63306
5348,63307
14821,63308
10551,63309
14672,63310
9025,63311
4744,63312
6358,63313
6048,63314
13783,63315
3,63316
13678,63317
17569,63318
17570,63319
2953,63320
12207,63321
2576,63322
8369,63323
2043,63324
17571,63325
6519,63326
9908,63327
17572,63328
8383,63329
303,63330
3482,63331
2593,63332
17573,63333
9912,63334
11074,63335
1650,63336
3657,63337
7873,63338
11455,63339
7522,63340
17574,63341
17575,63342
9432,63343
5667,63344
14258,63345
11091,63346
6367,63347
4771,63348
14956,63349
2082,63350
6069,63351
12596,63352
9931,63353
17357,63354
9441,63355
12924,63356
2627,63357
9933,63358
11538,63359
365,63360
4589,63361
3925,63362
1719,63363
17576,63364
15914,63365
28,63366
28,63367
28,63368
1342,63369
372,63370
1965,63371
9939,63372
14524,63373
16706,63374
12322,63375
7228,63376
14424,63377
12490,63378
11115,63379
3939,63380
8910,63381
2119,63382
3508,63383
13815,63384
17577,63385
11690,63386
425,63387
5879,63388
12951,63389
4796,63390
9969,63391
5052,63392
16707,63393
17578,63394
12494,63395
17579,63396
8480,63397
1761,63398
7937,63399
13826,63400
10708,63401
46,63402
47,63403
49,63404
2660,63405
12961,63406
7942,63407
2661,63408
6201,63409
11565,63410
8491,63411
3985,63412
17580,63413
2163,63414
14449,63415
17581,63416
17581,63417
17581,63418
17581,63419
17581,63420
3990,63421
6916,63422
5893,63423
13436,63424
5708,63425
495,63426
12636,63427
10566,63428
3034,63429
12024,63430
7956,63431
12025,63432
6208,63433
2185,63434
14209,63435
4018,63436
4018,63437
9260,63438
6547,63439
1786,63440
3053,63441
3053,63442
14866,63443
6413,63444
3054,63445
13848,63446
12030,63447
7538,63448
4027,63449
2699,63450
4397,63451
207,63452
4831,63453
551,63454
1430,63455
8558,63456
559,63457
562,63458
12993,63459
2715,63460
3555,63461
2717,63462
2213,63463
580,63464
6214,63465
599,63466
599,63467
12046,63468
8005,63469
8945,63470
1265,63471
7744,63472
17031,63473
17582,63474
10331,63475
3074,63476
3074,63477
9597,63478
1838,63479
3566,63480
3342,63481
3342,63482
3342,63483
3342,63484
3342,63485
3342,63486
3342,63487
3342,63488
3342,63489
3342,63490
3342,63491
3342,63492
15017,63493
13718,63494
5928,63495
8613,63496
12689,63497
14752,63498
6960,63499
9102,63500
640,63501
1850,63502
6963,63503
4092,63504
6721,63505
14756,63506
16452,63507
656,63508
7111,63509
4300,63510
5939,63511
12705,63512
12705,63513
6566,63514
12707,63515
2772,63516
17583,63517
691,63518
2277,63519
5218,63520
17313,63521
14295,63522
12239,63523
13665,63524
15041,63525
226,63526
2801,63527
4896,63528
3763,63529
3376,63530
17584,63531
8674,63532
4900,63533
9652,63534
4689,63535
17585,63536
8216,63537
15397,63538
3136,63539
1516,63540
792,63541
14114,63542
14614,63543
1521,63544
11279,63545
4934,63546
3401,63547
1536,63548
1536,63549
2341,63550
8725,63551
13455,63552
11932,63553
11932,63554
10434,63555
5348,63556
13912,63557
17586,63558
14625,63559
9865,63560
12892,63561
12892,63562
17587,63563
17588,63564
888,63565
889,63566
8103,63567
7807,63568
13460,63569
1249,63570
13071,63571
14146,63572
11513,63573
17589,63574
14533,63575
17590,63576
937,63577
937,63578
3809,63579
17591,63580
6765,63581
17592,63582
17593,63583
17593,63584
17594,63585
2876,63586
17595,63587
6597,63588
6597,63589
15091,63590
6598,63591
17522,63592
12125,63593
16203,63594
1007,63595
17453,63596
14387,63597
3440,63598
16367,63599
4261,63600
2431,63601
9019,63602
1622,63603
1625,63604
16373,63605
11892,63606
12819,63607
14672,63608
1072,63609
5019,63610
5827,63611
6251,63612
17596,63613
7493,63614
10461,63615
1948,63616
8866,63617
1098,63618
17597,63619
2113,63620
17598,63621
48,63622
3282,63623
17599,63624
827,63625
3621,63626
17600,63627
5453,63628
9291,63629
5,63630
14255,63631
6051,63632
4750,63633
4750,63634
17601,63635
7,63636
12483,63637
7285,63638
11384,63639
13652,63640
7871,63641
13,63642
2065,63643
325,63644
5663,63645
8187,63646
6368,63647
1714,63648
28,63649
6886,63650
2635,63651
403,63652
17141,63653
5584,63654
37,63655
1371,63656
8924,63657
3522,63658
4808,63659
7182,63660
62,63661
3299,63662
14726,63663
15604,63664
525,63665
13535,63666
2190,63667
3317,63668
7978,63669
3718,63670
262,63671
1804,63672
7320,63673
11712,63674
565,63675
2711,63676
14052,63677
576,63678
17602,63679
84,63680
6958,63681
12059,63682
15385,63683
5165,63684
2246,63685
17603,63686
5610,63687
4115,63688
4123,63689
3854,63690
8656,63691
8676,63692
10852,63693
17604,63694
17605,63695
4178,63696
8222,63697
9172,63698
12307,63699
7472,63700
6756,63701
4714,63702
1577,63703
12112,63704
10679,63705
937,63706
4730,63707
17606,63708
7824,63709
3635,63710
4523,63711
14246,63712
5015,63713
256,63714
1072,63715
17596,63716
11440,63717
3646,63718
1181,63719
7082,63720
7082,63721
6798,63722
16724,63723
1187,63724
17607,63725
5303,63726
2063,63727
12210,63728
5152,63729
17608,63730
8258,63731
1384,63732
1397,63733
6541,63734
10710,63735
4813,63736
13660,63737
539,63738
2698,63739
9568,63740
211,63741
585,63742
16155,63743
2751,63744
5952,63745
3126,63746
15302,63747
6791,63748
1521,63749
807,63750
2326,63751
2832,63752
11508,63753
17609,63754
6475,63755
5359,63756
143,63757
8137,63758
11352,63759
3187,63760
4518,63761
5004,63762
1058,63763
3640,63764
15117,63765
5182,63766
17610,63767
451,63768
1767,63769
5197,63770
16614,63771
206,63772
1107,63773
13028,63774
171,63775
171,63776
6230,63777
6513,63778
1941,63779
12561,63780
10387,63781
4292,63782
2038,63783
15809,63784
16106,63785
2046,63786
5656,63787
3239,63788
6660,63789
8246,63790
339,63791
4779,63792
17611,63793
10299,63794
10406,63795
2988,63796
6073,63797
5278,63798
14657,63799
6677,63800
8460,63801
9964,63802
13517,63803
17612,63804
16651,63805
9501,63806
14893,63807
10830,63808
6833,63809
9518,63810
10566,63811
518,63812
10791,63813
2209,63814
14285,63815
9584,63816
12460,63817
3084,63818
10945,63819
11865,63820
652,63821
13961,63822
14474,63823
1859,63824
688,63825
17613,63826
6628,63827
1496,63828
2800,63829
734,63830
3376,63831
2804,63832
17614,63833
3594,63834
804,63835
2328,63836
17615,63837
17616,63838
1550,63839
13201,63840
6143,63841
7217,63842
5445,63843
3420,63844
916,63845
10679,63846
17617,63847
6605,63848
6641,63849
1072,63850
17219,63851
12477,63852
2455,63853
5153,63854
66,63855
17618,63856
10718,63857
15385,63858
10544,63859
878,63860
3174,63861
2404,63862
275,63863
275,63864
5034,63865
298,63866
9912,63867
3657,63868
5849,63869
1311,63870
17619,63871
6616,63872
10986,63873
15586,63874
17620,63875
12355,63876
9943,63877
5022,63878
1357,63879
35,63880
2645,63881
1366,63882
9475,63883
9487,63884
5464,63885
14719,63886
5710,63887
2687,63888
7310,63889
9990,63890
17621,63891
2697,63892
2198,63893
14583,63894
16152,63895
1983,63896
5729,63897
9578,63898
8002,63899
84,63900
6561,63901
17360,63902
5924,63903
2231,63904
4099,63905
13662,63906
679,63907
3361,63908
4882,63909
2290,63910
1496,63911
768,63912
1509,63913
3137,63914
802,63915
2330,63916
9676,63917
1894,63918
5136,63919
857,63920
4473,63921
17171,63922
14801,63923
14347,63924
13927,63925
8105,63926
17622,63927
4227,63928
7473,63929
10678,63930
8782,63931
14485,63932
16022,63933
11885,63934
247,63935
10268,63936
17623,63937
1936,63938
17624,63939
7642,63940
996,63941
4262,63942
5001,63943
10368,63944
6775,63945
16909,63946
2453,63947
2913,63948
9242,63949
1649,63950
3214,63951
7684,63952
7684,63953
15951,63954
377,63955
418,63956
11800,63957
7504,63958
15841,63959
9577,63960
1953,63961
17625,63962
15385,63963
2766,63964
3752,63965
1994,63966
2824,63967
11747,63968
9122,63969
140,63970
17626,63971
1080,63972
11955,63973
11448,63974
265,63975
8346,63976
267,63977
4565,63978
3648,63979
3870,63980
11960,63981
7222,63982
4745,63983
1185,63984
4308,63985
17221,63986
3,63987
10207,63988
11667,63989
7657,63990
17627,63991
15949,63992
7850,63993
8884,63994
8884,63995
2034,63996
17628,63997
5835,63998
9057,63999
1678,64000
16727,64001
5644,64002
4573,64003
11063,64004
1682,64005
1682,64006
3881,64007
9897,64008
16952,64009
12856,64010
3885,64011
6033,64012
7285,64013
1281,64014
1281,64015
2580,64016
2580,64017
17629,64018
14682,64019
8372,64020
11834,64021
7382,64022
291,64023
13979,64024
9907,64025
10750,64026
6870,64027
5031,64028
3228,64029
3228,64030
17630,64031
2582,64032
5575,64033
295,64034
10,64035
2046,64036
2046,64037
15578,64038
4579,64039
4579,64040
12904,64041
17631,64042
17632,64043
3840,64044
4756,64045
12484,64046
11,64047
2049,64048
11621,64049
300,64050
4757,64051
1689,64052
17633,64053
1287,64054
14946,64055
5651,64056
2589,64057
179,64058
179,64059
179,64060
179,64061
15136,64062
5456,64063
8385,64064
2590,64065
8386,64066
7672,64067
6360,64068
11950,64069
17634,64070
2052,64071
9911,64072
5416,64073
5036,64074
11071,64075
2595,64076
306,64077
17635,64078
2057,64079
310,64080
310,64081
12910,64082
7290,64083
2598,64084
312,64085
6259,64086
7872,64087
2061,64088
315,64089
5656,64090
2063,64091
2063,64092
12583,64093
12583,64094
8396,64095
10821,64096
2064,64097
13,64098
13,64099
13,64100
13,64101
17636,64102
2602,64103
6655,64104
16009,64105
17075,64106
4581,64107
2065,64108
2065,64109
9918,64110
2067,64111
3241,64112
3490,64113
3490,64114
3490,64115
324,64116
324,64117
324,64118
324,64119
325,64120
9065,64121
7876,64122
2966,64123
1307,64124
4324,64125
17637,64126
2610,64127
5852,64128
2967,64129
5661,64130
3242,64131
18,64132
18,64133
6510,64134
6510,64135
2070,64136
17638,64137
330,64138
330,64139
5853,64140
15140,64141
15140,64142
15140,64143
16981,64144
5418,64145
17639,64146
2971,64147
1316,64148
22,64149
16739,64150
16463,64151
17114,64152
7291,64153
6880,64154
12917,64155
13494,64156
339,64157
15987,64158
12918,64159
3911,64160
17640,64161
9871,64162
8167,64163
8167,64164
341,64165
341,64166
14510,64167
7880,64168
2617,64169
17641,64170
3666,64171
3666,64172
17642,64173
1711,64174
9299,64175
8903,64176
5040,64177
8412,64178
8412,64179
7683,64180
3246,64181
6665,64182
13997,64183
1323,64184
12593,64185
1324,64186
3247,64187
3247,64188
8248,64189
2621,64190
4585,64191
17643,64192
17643,64193
17644,64194
7886,64195
12212,64196
16242,64197
17645,64198
12450,64199
8417,64200
8417,64201
4777,64202
3916,64203
1327,64204
2085,64205
8905,64206
3494,64207
14555,64208
1328,64209
11410,64210
3920,64211
10653,64212
185,64213
185,64214
17473,64215
2628,64216
3249,64217
358,64218
6883,64219
6374,64220
10402,64221
17646,64222
17647,64223
2630,64224
363,64225
365,64226
1717,64227
15693,64228
366,64229
6610,64230
6610,64231
4336,64232
2093,64233
2093,64234
1130,64235
17648,64236
367,64237
367,64238
367,64239
5153,64240
1336,64241
7296,64242
1338,64243
1338,64244
11411,64245
8428,64246
14559,64247
12355,64248
10988,64249
28,64250
28,64251
28,64252
28,64253
28,64254
28,64255
28,64256
28,64257
28,64258
28,64259
28,64260
28,64261
28,64262
28,64263
3254,64264
370,64265
6669,64266
7400,64267
2530,64268
2530,64269
2096,64270
9449,64271
14006,64272
372,64273
373,64274
373,64275
4781,64276
4781,64277
5459,64278
375,64279
375,64280
9450,64281
9450,64282
2099,64283
3498,64284
5044,64285
16749,64286
3933,64287
10299,64288
6381,64289
5676,64290
4595,64291
4595,64292
7579,64293
14007,64294
3499,64295
1344,64296
1344,64297
1344,64298
1131,64299
6886,64300
17649,64301
17649,64302
10404,64303
4785,64304
2635,64305
8189,64306
14395,64307
5678,64308
5045,64309
11677,64310
5679,64311
10520,64312
2637,64313
2637,64314
2637,64315
12356,64316
1202,64317
5681,64318
5681,64319
7085,64320
9456,64321
14967,64322
9073,64323
6888,64324
2988,64325
12446,64326
6168,64327
8190,64328
1728,64329
2106,64330
11113,64331
11461,64332
11385,64333
8907,64334
7904,64335
8442,64336
8442,64337
9845,64338
9845,64339
9845,64340
7905,64341
187,64342
12935,64343
2110,64344
387,64345
17650,64346
6194,64347
8450,64348
9462,64349
7402,64350
6075,64351
17390,64352
12610,64353
11462,64354
11462,64355
11462,64356
11462,64357
5869,64358
17651,64359
5191,64360
7908,64361
13124,64362
12160,64363
16759,64364
17652,64365
395,64366
395,64367
7459,64368
17653,64369
396,64370
1734,64371
11682,64372
1360,64373
9951,64374
403,64375
403,64376
404,64377
8454,64378
10319,64379
17654,64380
4612,64381
4612,64382
3956,64383
408,64384
6530,64385
8463,64386
2124,64387
1737,64388
6163,64389
6163,64390
412,64391
1204,64392
413,64393
10521,64394
2644,64395
9468,64396
4347,64397
35,64398
17655,64399
17656,64400
417,64401
9471,64402
6196,64403
15245,64404
8257,64405
8257,64406
9305,64407
14448,64408
1367,64409
5460,64410
5460,64411
11800,64412
9474,64413
7922,64414
12617,64415
9963,64416
3847,64417
421,64418
12619,64419
2996,64420
6532,64421
10168,64422
17657,64423
17658,64424
1369,64425
5280,64426
15882,64427
12950,64428
433,64429
2133,64430
15698,64431
12834,64432
2136,64433
7501,64434
1745,64435
3691,64436
2139,64437
5515,64438
17480,64439
1100,64440
3512,64441
3274,64442
444,64443
444,64444
6903,64445
6904,64446
14980,64447
1375,64448
1375,64449
1376,64450
3973,64451
7929,64452
17659,64453
10659,64454
5117,64455
4356,64456
3977,64457
6198,64458
5884,64459
11847,64460
6535,64461
3979,64462
4357,64463
6392,64464
1206,64465
2148,64466
2148,64467
2148,64468
2150,64469
1207,64470
1207,64471
17660,64472
5696,64473
3278,64474
3278,64475
3694,64476
3694,64477
1382,64478
1382,64479
454,64480
7937,64481
3006,64482
3006,64483
1384,64484
15919,64485
2655,64486
7707,64487
6683,64488
2500,64489
9496,64490
3281,64491
3012,64492
3013,64493
2657,64494
3982,64495
3982,64496
3982,64497
5428,64498
5428,64499
8922,64500
7235,64501
48,64502
48,64503
48,64504
48,64505
6395,64506
17661,64507
3016,64508
3016,64509
3016,64510
3016,64511
3282,64512
3282,64513
3282,64514
1387,64515
1387,64516
1387,64517
467,64518
467,64519
50,64520
50,64521
1765,64522
13704,64523
470,64524
470,64525
470,64526
470,64527
470,64528
470,64529
9500,64530
472,64531
6396,64532
15594,64533
15390,64534
4363,64535
1975,64536
12456,64537
52,64538
3018,64539
3285,64540
3986,64541
3986,64542
6538,64543
14985,64544
12006,64545
17662,64546
3286,64547
6398,64548
5887,64549
3517,64550
1768,64551
2534,64552
8924,64553
4632,64554
4632,64555
3520,64556
8494,64557
13525,64558
12346,64559
2163,64560
12633,64561
9980,64562
3523,64563
3990,64564
487,64565
2668,64566
1771,64567
3024,64568
15954,64569
14275,64570
5706,64571
2674,64572
17663,64573
6204,64574
17664,64575
492,64576
5709,64577
6081,64578
10325,64579
1209,64580
1209,64581
1209,64582
1209,64583
3031,64584
8507,64585
500,64586
61,64587
2175,64588
11634,64589
8514,64590
6402,64591
15836,64592
507,64593
5592,64594
5897,64595
17665,64596
5898,64597
15785,64598
8521,64599
7239,64600
16272,64601
12398,64602
1412,64603
7309,64604
1413,64605
12643,64606
64,64607
10254,64608
4819,64609
4011,64610
17666,64611
16569,64612
3536,64613
515,64614
515,64615
6694,64616
15702,64617
17667,64618
516,64619
516,64620
2181,64621
518,64622
518,64623
2689,64624
1418,64625
14043,64626
1784,64627
17668,64628
4820,64629
4820,64630
3047,64631
1419,64632
2692,64633
2692,64634
16273,64635
9990,64636
9990,64637
9990,64638
6926,64639
14336,64640
14729,64641
3539,64642
3540,64643
12027,64644
4383,64645
5329,64646
3048,64647
526,64648
5906,64649
16971,64650
9538,64651
9538,64652
2185,64653
2185,64654
12427,64655
12427,64656
12427,64657
7124,64658
4016,64659
5907,64660
4390,64661
3711,64662
7964,64663
9874,64664
13537,64665
2186,64666
14999,64667
533,64668
533,64669
17669,64670
17669,64671
7726,64672
7965,64673
2695,64674
536,64675
5715,64676
3310,64677
3054,64678
8538,64679
9309,64680
13847,64681
3544,64682
3714,64683
2192,64684
11918,64685
2193,64686
70,64687
7973,64688
5718,64689
9545,64690
1792,64691
15363,64692
15363,64693
4394,64694
4394,64695
1211,64696
10791,64697
5207,64698
5207,64699
17199,64700
542,64701
10713,64702
10713,64703
10328,64704
17670,64705
2505,64706
3715,64707
8542,64708
5912,64709
5912,64710
2540,64711
12983,64712
4025,64713
2198,64714
3056,64715
5597,64716
9349,64717
13241,64718
13241,64719
13241,64720
1797,64721
13296,64722
13296,64723
6091,64724
8939,64725
8940,64726
8169,64727
4027,64728
14281,64729
15003,64730
3318,64731
1142,64732
11187,64733
15839,64734
14735,64735
6782,64736
8550,64737
2542,64738
17671,64739
4031,64740
262,64741
207,64742
3057,64743
17672,64744
2200,64745
4032,64746
9563,64747
15664,64748
2201,64749
12872,64750
17673,64751
2202,64752
17674,64753
17675,64754
209,64755
2703,64756
2703,64757
7463,64758
7597,64759
13854,64760
13298,64761
2544,64762
2205,64763
553,64764
553,64765
5335,64766
5335,64767
1804,64768
1804,64769
16791,64770
17676,64771
12034,64772
5469,64773
5469,64774
7320,64775
1805,64776
10527,64777
7413,64778
1434,64779
1434,64780
1436,64781
8199,64782
1981,64783
561,64784
1215,64785
562,64786
17677,64787
7987,64788
6274,64789
6418,64790
1216,64791
564,64792
564,64793
12167,64794
8562,64795
4297,64796
567,64797
567,64798
8200,64799
6936,64800
78,64801
2711,64802
4837,64803
12993,64804
80,64805
1809,64806
16282,64807
4043,64808
572,64809
1983,64810
13857,64811
6276,64812
578,64813
12660,64814
580,64815
4048,64816
4048,64817
7541,64818
6942,64819
2720,64820
1813,64821
17678,64822
1814,64823
17679,64824
17680,64825
1442,64826
7244,64827
3329,64828
10840,64829
585,64830
17681,64831
16616,64832
14742,64833
1816,64834
10774,64835
588,64836
17682,64837
1444,64838
11416,64839
3063,64840
590,64841
3330,64842
591,64843
591,64844
6038,64845
8573,64846
9313,64847
4840,64848
4840,64849
592,64850
1818,64851
6705,64852
10668,64853
594,64854
4054,64855
595,64856
595,64857
9577,64858
5919,64859
16286,64860
3557,64861
1819,64862
6098,64863
6215,64864
1820,64865
3332,64866
17683,64867
2726,64868
2726,64869
2726,64870
2726,64871
2726,64872
15229,64873
15229,64874
6329,64875
6329,64876
14748,64877
15420,64878
4844,64879
8002,64880
3068,64881
599,64882
2221,64883
2728,64884
84,64885
84,64886
84,64887
84,64888
84,64889
84,64890
2730,64891
17684,64892
4298,64893
4056,64894
4056,64895
17685,64896
6947,64897
17686,64898
2736,64899
2508,64900
600,64901
601,64902
601,64903
8589,64904
6427,64905
2738,64906
5069,64907
11199,64908
10026,64909
603,64910
8591,64911
5213,64912
5735,64913
16412,64914
9146,64915
605,64916
2223,64917
2223,64918
610,64919
611,64920
4058,64921
4058,64922
9590,64923
17687,64924
215,64925
8280,64926
10419,64927
16288,64928
615,64929
17688,64930
17582,64931
5605,64932
10223,64933
8948,64934
9596,64935
9596,64936
9597,64937
9597,64938
7745,64939
4414,64940
10942,64941
8598,64942
8598,64943
10793,64944
4066,64945
4066,64946
4660,64947
15704,64948
4067,64949
7415,64950
7415,64951
17689,64952
7747,64953
1454,64954
3342,64955
3733,64956
7161,64957
626,64958
9605,64959
2747,64960
13867,64961
12051,64962
14074,64963
11209,64964
11210,64965
15459,64966
17211,64967
14898,64968
86,64969
2234,64970
12687,64971
12058,64972
1457,64973
17185,64974
635,64975
636,64976
4080,64977
4081,64978
637,64979
89,64980
89,64981
89,64982
6431,64983
14752,64984
8207,64985
15019,64986
4084,64987
3344,64988
17690,64989
91,64990
13183,64991
17691,64992
5025,64993
3086,64994
5165,64995
6963,64996
5396,64997
11544,64998
646,64999
646,65000
646,65001
646,65002
17692,65003
11219,65004
7330,65005
7109,65006
8020,65007
5746,65008
16049,65009
6564,65010
10610,65011
1464,65012
4092,65013
9621,65014
10945,65015
13568,65016
1465,65017
218,65018
17693,65019
17693,65020
4858,65021
17694,65022
14757,65023
17695,65024
652,65025
4097,65026
4097,65027
2758,65028
2758,65029
3742,65030
1467,65031
1467,65032
8287,65033
3091,65034
1110,65035
16821,65036
5938,65037
6843,65038
6626,65039
15981,65040
13010,65041
2256,65042
1853,65043
1853,65044
17696,65045
3745,65046
8958,65047
4102,65048
4102,65049
6973,65050
16302,65051
17697,65052
17698,65053
17699,65054
7331,65055
664,65056
4103,65057
14602,65058
14602,65059
10052,65060
17700,65061
17701,65062
5750,65063
2762,65064
16826,65065
13571,65066
2258,65067
5077,65068
3353,65069
3353,65070
8629,65071
8028,65072
5751,65073
15128,65074
3095,65075
2765,65076
3355,65077
2261,65078
17462,65079
15026,65080
17702,65081
17702,65082
3096,65083
673,65084
17703,65085
10722,65086
13960,65087
8342,65088
6113,65089
1991,65090
4110,65091
17704,65092
15925,65093
679,65094
679,65095
679,65096
12709,65097
10570,65098
8633,65099
6980,65100
2770,65101
2770,65102
2770,65103
2770,65104
14761,65105
2268,65106
6567,65107
3357,65108
14474,65109
14474,65110
1859,65111
8031,65112
13016,65113
4868,65114
4868,65115
8032,65116
8033,65117
5756,65118
3578,65119
3578,65120
3362,65121
686,65122
2510,65123
3363,65124
2270,65125
3105,65126
3364,65127
4869,65128
689,65129
1149,65130
7762,65131
2271,65132
5757,65133
5757,65134
7763,65135
5079,65136
2272,65137
2781,65138
2781,65139
691,65140
691,65141
691,65142
17705,65143
1479,65144
12713,65145
12071,65146
694,65147
694,65148
101,65149
2277,65150
11234,65151
4676,65152
17706,65153
698,65154
1151,65155
4123,65156
4124,65157
6443,65158
6443,65159
6443,65160
9108,65161
2550,65162
17707,65163
17708,65164
1862,65165
702,65166
4878,65167
1485,65168
9638,65169
1111,65170
17709,65171
14662,65172
14662,65173
103,65174
3754,65175
3754,65176
14092,65177
5946,65178
6989,65179
8648,65180
1659,65181
17710,65182
11584,65183
5290,65184
5290,65185
17711,65186
17712,65187
14381,65188
5947,65189
17713,65190
3112,65191
4557,65192
8652,65193
8652,65194
2789,65195
14096,65196
16684,65197
8655,65198
4437,65199
11242,65200
11424,65201
10615,65202
1154,65203
1865,65204
3115,65205
17714,65206
10283,65207
16833,65208
4887,65209
4131,65210
4131,65211
716,65212
17715,65213
8657,65214
6575,65215
2288,65216
2552,65217
3375,65218
8660,65219
720,65220
17716,65221
2797,65222
721,65223
1868,65224
6611,65225
6611,65226
17717,65227
8663,65228
17718,65229
10424,65230
10424,65231
1497,65232
6122,65233
17719,65234
3119,65235
5613,65236
5613,65237
13399,65238
1872,65239
2801,65240
4894,65241
4894,65242
1225,65243
4896,65244
2296,65245
4442,65246
3760,65247
4139,65248
3123,65249
3123,65250
4140,65251
6335,65252
3856,65253
108,65254
109,65255
15370,65256
6995,65257
6577,65258
1995,65259
1227,65260
4897,65261
13324,65262
11870,65263
12728,65264
17720,65265
6730,65266
2298,65267
228,65268
14105,65269
17721,65270
11871,65271
5962,65272
2808,65273
17722,65274
17723,65275
11393,65276
16712,65277
1229,65278
752,65279
4900,65280
9114,65281
4146,65282
13028,65283
3125,65284
4147,65285
1996,65286
3126,65287
754,65288
7335,65289
755,65290
7423,65291
3127,65292
16016,65293
3128,65294
3128,65295
2299,65296
2299,65297
2299,65298
2299,65299
1231,65300
1231,65301
1231,65302
761,65303
761,65304
10067,65305
17376,65306
11493,65307
763,65308
17724,65309
2812,65310
4148,65311
12735,65312
17725,65313
2304,65314
2304,65315
768,65316
15049,65317
15049,65318
5772,65319
17726,65320
2814,65321
2306,65322
4150,65323
10851,65324
17727,65325
17728,65326
17729,65327
3132,65328
8980,65329
5478,65330
5966,65331
6127,65332
2308,65333
10069,65334
2818,65335
15773,65336
2310,65337
1509,65338
1883,65339
3383,65340
10427,65341
10427,65342
6453,65343
6453,65344
6453,65345
6453,65346
15548,65347
14111,65348
5479,65349
5479,65350
2822,65351
5776,65352
10729,65353
3134,65354
7142,65355
8689,65356
15372,65357
786,65358
9661,65359
3137,65360
788,65361
1517,65362
12742,65363
11427,65364
2314,65365
2314,65366
2314,65367
5968,65368
13666,65369
13666,65370
17730,65371
17731,65372
791,65373
791,65374
3596,65375
4157,65376
10074,65377
4923,65378
17189,65379
3774,65380
3774,65381
7483,65382
16526,65383
17732,65384
7618,65385
2317,65386
4158,65387
8175,65388
6133,65389
2318,65390
4692,65391
6458,65392
17733,65393
17734,65394
12744,65395
14237,65396
17735,65397
14613,65398
116,65399
116,65400
2321,65401
17736,65402
2321,65403
2321,65404
7006,65405
17737,65406
8701,65407
14116,65408
14116,65409
5972,65410
16320,65411
4159,65412
5087,65413
8704,65414
4162,65415
3389,65416
5973,65417
802,65418
6235,65419
10797,65420
5229,65421
5229,65422
10342,65423
7621,65424
8706,65425
13593,65426
4165,65427
17605,65428
119,65429
2514,65430
13046,65431
10082,65432
2326,65433
15997,65434
8709,65435
8711,65436
3776,65437
233,65438
6341,65439
14786,65440
17738,65441
810,65442
3858,65443
17531,65444
5231,65445
12755,65446
815,65447
13405,65448
2333,65449
1238,65450
11283,65451
11283,65452
819,65453
17739,65454
10958,65455
6342,65456
17740,65457
12758,65458
14847,65459
10087,65460
7014,65461
7624,65462
3145,65463
6742,65464
3401,65465
3401,65466
824,65467
824,65468
824,65469
824,65470
824,65471
17741,65472
3146,65473
4173,65474
15713,65475
15713,65476
2335,65477
2335,65478
2335,65479
172,65480
17742,65481
1530,65482
14477,65483
6299,65484
17743,65485
12528,65486
834,65487
835,65488
1894,65489
8311,65490
4467,65491
11291,65492
11292,65493
6745,65494
8990,65495
1537,65496
2554,65497
2554,65498
15065,65499
840,65500
840,65501
13906,65502
16170,65503
17744,65504
4938,65505
7262,65506
10346,65507
10346,65508
15305,65509
2846,65510
8723,65511
16575,65512
17271,65513
4188,65514
3404,65515
17745,65516
16857,65517
16857,65518
3604,65519
3604,65520
4699,65521
844,65522
8878,65523
3405,65524
16858,65525
2342,65526
10433,65527
10098,65528
10098,65529
3783,65530
3783,65531
6300,65532
12095,65533
3151,65534
17746,65535
9691,65536
17400,65537
12096,65538
9694,65539
11932,65540
10624,65541
853,65542
855,65543
1548,65544
856,65545
12303,65546
11301,65547
12304,65548
17747,65549
13408,65550
13408,65551
13408,65552
237,65553
15930,65554
4472,65555
130,65556
859,65557
859,65558
9700,65559
1552,65560
17552,65561
17552,65562
14797,65563
14625,65564
11303,65565
15716,65566
15716,65567
10108,65568
17748,65569
11304,65570
5090,65571
17749,65572
5793,65573
13200,65574
17750,65575
861,65576
239,65577
8090,65578
7346,65579
6784,65580
17751,65581
11443,65582
10734,65583
1557,65584
14798,65585
865,65586
4199,65587
2851,65588
4475,65589
7027,65590
2350,65591
866,65592
866,65593
2852,65594
17752,65595
8093,65596
11308,65597
8737,65598
10233,65599
8180,65600
10735,65601
17104,65602
7130,65603
12842,65604
17753,65605
2854,65606
10114,65607
11808,65608
11808,65609
17034,65610
10436,65611
17754,65612
1561,65613
1561,65614
1561,65615
1561,65616
14135,65617
7171,65618
17755,65619
3156,65620
8746,65621
8099,65622
8100,65623
6591,65624
12472,65625
8997,65626
17756,65627
6592,65628
1168,65629
17757,65630
12250,65631
17758,65632
13203,65633
6306,65634
6306,65635
16335,65636
9377,65637
16547,65638
14347,65639
8747,65640
17759,65641
7031,65642
17760,65643
9721,65644
3614,65645
3616,65646
5241,65647
17761,65648
3158,65649
4709,65650
883,65651
1906,65652
2361,65653
243,65654
244,65655
885,65656
885,65657
885,65658
11936,65659
10351,65660
8749,65661
3160,65662
9724,65663
3417,65664
7803,65665
16092,65666
17762,65667
888,65668
17763,65669
11509,65670
17764,65671
4482,65672
2364,65673
1667,65674
17539,65675
15641,65676
892,65677
17765,65678
14667,65679
17766,65680
17767,65681
17767,65682
7807,65683
7807,65684
10124,65685
4211,65686
17768,65687
6475,65688
17061,65689
15643,65690
1911,65691
2489,65692
13068,65693
3803,65694
2371,65695
134,65696
9737,65697
7038,65698
2862,65699
1577,65700
8760,65701
14668,65702
10677,65703
15081,65704
8111,65705
1579,65706
6759,65707
2374,65708
4962,65709
5406,65710
8318,65711
9739,65712
6041,65713
5808,65714
5808,65715
16946,65716
15401,65717
3806,65718
9740,65719
4222,65720
17769,65721
10864,65722
11334,65723
9176,65724
16402,65725
11033,65726
15820,65727
9008,65728
918,65729
8772,65730
8773,65731
5998,65732
15645,65733
1920,65734
4227,65735
4495,65736
12444,65737
3169,65738
3169,65739
15476,65740
4968,65741
920,65742
17770,65743
5999,65744
17771,65745
17772,65746
10801,65747
9746,65748
4497,65749
7047,65750
4231,65751
1927,65752
6594,65753
16346,65754
16346,65755
17773,65756
15207,65757
13931,65758
9756,65759
14819,65760
11339,65761
10631,65762
934,65763
3836,65764
15478,65765
16886,65766
16886,65767
937,65768
941,65769
14492,65770
2390,65771
14243,65772
17774,65773
16022,65774
2870,65775
13412,65776
13617,65777
949,65778
10869,65779
13748,65780
2396,65781
13137,65782
9770,65783
14159,65784
247,65785
952,65786
952,65787
12791,65788
6487,65789
12184,65790
145,65791
2876,65792
1933,65793
12792,65794
958,65795
5362,65796
2401,65797
8802,65798
8802,65799
3630,65800
964,65801
7638,65802
13210,65803
15530,65804
4510,65805
17775,65806
5176,65807
14386,65808
973,65809
2411,65810
1602,65811
7366,65812
980,65813
6010,65814
981,65815
13622,65816
1605,65817
8326,65818
989,65819
252,65820
990,65821
6311,65822
4514,65823
991,65824
991,65825
8138,65826
17600,65827
1254,65828
2421,65829
995,65830
3433,65831
3433,65832
999,65833
5560,65834
5560,65835
17776,65836
5819,65837
3189,65838
10447,65839
10447,65840
4734,65841
13089,65842
8143,65843
2427,65844
2427,65845
7368,65846
7368,65847
8146,65848
254,65849
2429,65850
2429,65851
14178,65852
5410,65853
11433,65854
6495,65855
6495,65856
3193,65857
1017,65858
1017,65859
8826,65860
8826,65861
17777,65862
14352,65863
6352,65864
5001,65865
17330,65866
12804,65867
2894,65868
6856,65869
17109,65870
9807,65871
1028,65872
15101,65873
9019,65874
1618,65875
10680,65876
13940,65877
5003,65878
8834,65879
8834,65880
5005,65881
17778,65882
1035,65883
1035,65884
1037,65885
1037,65886
8835,65887
17779,65888
13092,65889
17780,65890
10975,65891
5367,65892
1038,65893
1038,65894
6498,65895
4265,65896
10141,65897
4526,65898
14184,65899
1039,65900
15889,65901
1622,65902
15104,65903
7069,65904
17781,65905
11902,65906
2435,65907
2435,65908
12541,65909
17782,65910
12811,65911
7831,65912
11593,65913
1629,65914
9816,65915
17783,65916
7146,65917
17332,65918
8152,65919
9240,65920
13633,65921
8841,65922
17784,65923
17785,65924
6605,65925
6605,65926
2441,65927
17786,65928
1058,65929
8845,65930
17787,65931
17554,65932
3445,65933
8154,65934
1943,65935
1943,65936
158,65937
9825,65938
7446,65939
3640,65940
7073,65941
9183,65942
5261,65943
7372,65944
7372,65945
10246,65946
13098,65947
5017,65948
5017,65949
5017,65950
2907,65951
7833,65952
1945,65953
10150,65954
10151,65955
7076,65956
2450,65957
4533,65958
17788,65959
4534,65960
2453,65961
2453,65962
8855,65963
8855,65964
7078,65965
12547,65966
5111,65967
8161,65968
11374,65969
9290,65970
12270,65971
12270,65972
12270,65973
1084,65974
9142,65975
9835,65976
3208,65977
5639,65978
8165,65979
8165,65980
9836,65981
9836,65982
3830,65983
8864,65984
3461,65985
1092,65986
3832,65987
3833,65988
16119,65989
3211,65990
3834,65991
2461,65992
2920,65993
2920,65994
5374,65995
1949,65996
17789,65997
17790,65998
16918,65999
5642,66000
14445,66001
9895,66002
179,66003
6658,66004
7680,66005
13996,66006
5187,66007
7395,66008
2082,66009
2085,66010
14692,66011
14003,66012
1717,66013
1336,66014
2099,66015
12321,66016
2635,66017
1726,66018
14563,66019
17791,66020
1734,66021
418,66022
5054,66023
1373,66024
6169,66025
3280,66026
3015,66027
17792,66028
472,66029
4363,66030
6911,66031
15335,66032
2670,66033
11566,66034
13529,66035
7238,66036
11169,66037
9089,66038
2687,66039
1783,66040
6408,66041
17793,66042
17794,66043
526,66044
17143,66045
3714,66046
2506,66047
207,66048
2710,66049
2717,66050
12459,66051
3062,66052
2216,66053
582,66054
4054,66055
9387,66056
596,66057
2729,66058
2732,66059
13172,66060
1450,66061
17795,66062
13559,66063
10846,66064
16710,66065
17796,66066
5746,66067
2253,66068
3091,66069
657,66070
4101,66071
4102,66072
17483,66073
10052,66074
8035,66075
4124,66076
10060,66077
17797,66078
13190,66079
4886,66080
4888,66081
722,66082
4894,66083
16508,66084
17798,66085
761,66086
773,66087
2308,66088
17799,66089
5973,66090
125,66091
6793,66092
835,66093
8719,66094
837,66095
4180,66096
13735,66097
6300,66098
14128,66099
9699,66100
8313,66101
2852,66102
9122,66103
4204,66104
13203,66105
243,66106
885,66107
4950,66108
6347,66109
17800,66110
4217,66111
4962,66112
17801,66113
11033,66114
15524,66115
8770,66116
9239,66117
15085,66118
1585,66119
5815,66120
17802,66121
1599,66122
6768,66123
10137,66124
2427,66125
3862,66126
6248,66127
1620,66128
5367,66129
1039,66130
17803,66131
13145,66132
1626,66133
5009,66134
13633,66135
158,66136
2565,66137
9386,66138
17804,66139
15222,66140
1083,66141
7221,66142
8865,66143
16992,66144
3834,66145
8869,66146
17805,66147
284,66148
6033,66149
17806,66150
16234,66151
2057,66152
3238,66153
16755,66154
5192,66155
16763,66156
14976,66157
8510,66158
9533,66159
519,66160
17807,66161
11819,66162
1470,66163
16678,66164
8693,66165
17808,66166
836,66167
14305,66168
6755,66169
16666,66170
9011,66171
1004,66172
3819,66173
17516,66174
17516,66175
9885,66176
9396,66177
9399,66178
17809,66179
17810,66180
1187,66181
3223,66182
5645,66183
11833,66184
5276,66185
10210,66186
296,66187
1286,66188
13483,66189
1126,66190
2595,66191
1294,66192
9425,66193
5849,66194
13686,66195
2067,66196
2070,66197
17640,66198
10986,66199
358,66200
28,66201
28,66202
1342,66203
6192,66204
4785,66205
7085,66206
387,66207
5869,66208
5869,66209
7695,66210
15450,66211
17811,66212
405,66213
33,66214
10655,66215
11816,66216
7920,66217
14019,66218
7922,66219
9034,66220
11139,66221
1371,66222
5317,66223
6254,66224
9365,66225
14466,66226
17812,66227
9486,66228
9081,66229
2144,66230
9972,66231
451,66232
1762,66233
2151,66234
15919,66235
7707,66236
462,66237
12961,66238
12961,66239
1392,66240
11471,66241
8494,66242
17813,66243
3701,66244
17814,66245
3024,66246
489,66247
6542,66248
1977,66249
494,66250
11474,66251
5898,66252
17815,66253
15993,66254
2179,66255
3537,66256
4387,66257
527,66258
17117,66259
8535,66260
8535,66261
15456,66262
6700,66263
8273,66264
15003,66265
13391,66266
4028,66267
8551,66268
3718,66269
7730,66270
6092,66271
1213,66272
7320,66273
1805,66274
1658,66275
6813,66276
7990,66277
14057,66278
594,66279
4054,66280
9577,66281
2726,66282
4844,66283
3334,66284
4845,66285
15794,66286
10303,66287
84,66288
11420,66289
1987,66290
17816,66291
10331,66292
4847,66293
7106,66294
3565,66295
13395,66296
2745,66297
625,66298
4662,66299
8609,66300
2233,66301
5272,66302
3077,66303
17817,66304
89,66305
4082,66306
6961,66307
6434,66308
2244,66309
4093,66310
12063,66311
7420,66312
7420,66313
1852,66314
4861,66315
664,66316
9107,66317
9107,66318
6511,66319
6566,66320
14474,66321
3360,66322
4675,66323
10612,66324
8639,66325
723,66326
6611,66327
2291,66328
17818,66329
8666,66330
8055,66331
14105,66332
4900,66333
761,66334
7336,66335
17819,66336
17820,66337
1516,66338
1885,66339
6582,66340
10852,66341
16585,66342
8072,66343
4167,66344
7009,66345
1999,66346
3394,66347
820,66348
2335,66349
4176,66350
12528,66351
17821,66352
1899,66353
1541,66354
12093,66355
4191,66356
851,66357
10434,66358
13199,66359
15818,66360
7345,66361
15399,66362
4704,66363
8995,66364
10691,66365
6144,66366
13741,66367
17034,66368
8100,66369
1564,66370
17757,66371
13342,66372
13928,66373
7626,66374
17822,66375
4494,66376
14905,66377
8768,66378
6634,66379
4228,66380
1921,66381
17823,66382
17824,66383
5250,66384
9239,66385
6242,66386
8793,66387
17825,66388
144,66389
144,66390
8129,66391
11348,66392
980,66393
3814,66394
4516,66395
12800,66396
7474,66397
16363,66398
17826,66399
17827,66400
14387,66401
17828,66402
9802,66403
5145,66404
9333,66405
13627,66406
1023,66407
1614,66408
13091,66409
6498,66410
13629,66411
2435,66412
1628,66413
17829,66414
5493,66415
15316,66416
157,66417
17830,66418
2445,66419
13641,66420
1068,66421
6024,66422
7515,66423
17831,66424
11374,66425
3459,66426
4540,66427
7493,66428
4738,66429
5374,66430
17832,66431
17833,66432
28,66433
7085,66434
1968,66435
17834,66436
1764,66437
5119,66438
74,66439
10666,66440
7244,66441
5737,66442
2547,66443
16016,66444
9670,66445
5983,66446
17835,66447
3156,66448
912,66449
1120,66450
1015,66451
9836,66452
3461,66453
11958,66454
3648,66455
13785,66456
17836,66457
4292,66458
6866,66459
13149,66460
12867,66461
1304,66462
3490,66463
3662,66464
7573,66465
17837,66466
15225,66467
365,66468
382,66469
394,66470
394,66471
17838,66472
17839,66473
7913,66474
34,66475
17840,66476
17841,66477
17842,66478
17842,66479
16124,66480
5323,66481
9507,66482
17843,66483
486,66484
3031,66485
3300,66486
15455,66487
3043,66488
2688,66489
17844,66490
12327,66491
1425,66492
9999,66493
10329,66494
1657,66495
1437,66496
577,66497
12042,66498
1825,66499
9589,66500
17845,66501
622,66502
626,66503
6102,66504
5024,66505
641,66506
12197,66507
17846,66508
17847,66509
17847,66510
17848,66511
15188,66512
2552,66513
227,66514
17849,66515
3767,66516
8060,66517
5772,66518
773,66519
4167,66520
17850,66521
857,66522
7350,66523
7797,66524
7470,66525
9731,66526
4718,66527
8113,66528
9281,66529
15084,66530
13930,66531
7057,66532
1591,66533
8127,66534
992,66535
15131,66536
4265,66537
17176,66538
10369,66539
8231,66540
8164,66541
3834,66542
16386,66543
7880,66544
376,66545
12552,66546
17851,66547
6103,66548
3742,66549
7609,66550
7657,66551
8884,66552
11561,66553
2074,66554
15492,66555
7684,66556
6883,66557
367,66558
7297,66559
14004,66560
6071,66561
1203,66562
6075,66563
2116,66564
6529,66565
13815,66566
435,66567
1759,66568
15919,66569
4627,66570
16072,66571
6402,66572
7409,66573
5429,66574
3311,66575
9552,66576
1823,66577
14897,66578
17852,66579
13582,66580
4924,66581
10958,66582
11443,66583
8997,66584
5548,66585
3614,66586
910,66587
15347,66588
2885,66589
2885,66590
2410,66591
12382,66592
2565,66593
17853,66594
15595,66595
4166,66596
11344,66597
2885,66598
3473,66599
2046,66600
14892,66601
7709,66602
2157,66603
12427,66604
12427,66605
12427,66606
206,66607
16564,66608
84,66609
3570,66610
11819,66611
91,66612
8018,66613
5946,66614
14530,66615
17854,66616
12303,66617
14129,66618
5547,66619
5094,66620
5808,66621
16536,66622
8145,66623
12806,66624
4541,66625
1086,66626
7844,66627
15004,66628
3214,66629
16720,66630
3,66631
15330,66632
15280,66633
2036,66634
11062,66635
2932,66636
13429,66637
11455,66638
8398,66639
23,66640
5508,66641
2628,66642
11779,66643
402,66644
5686,66645
7916,66646
4624,66647
2469,66648
10171,66649
10709,66650
7712,66651
17855,66652
17856,66653
5469,66654
10761,66655
588,66656
5470,66657
1824,66658
84,66659
17857,66660
9100,66661
15611,66662
8018,66663
11821,66664
6284,66665
2763,66666
2768,66667
13576,66668
704,66669
4436,66670
223,66671
9647,66672
12335,66673
741,66674
8056,66675
8980,66676
2311,66677
4457,66678
4459,66679
10078,66680
3143,66681
820,66682
1548,66683
5545,66684
17858,66685
10961,66686
7266,66687
9709,66688
9865,66689
12180,66690
3414,66691
8754,66692
3419,66693
8112,66694
7095,66695
17859,66696
10679,66697
2871,66698
14825,66699
15382,66700
1056,66701
7281,66702
5637,66703
14370,66704
1068,66705
7373,66706
5638,66707
17860,66708
14931,66709
11774,66710
3830,66711
1948,66712
3833,66713
2460,66714
274,66715
17861,66716
17862,66717
1569,66718
5366,66719
13626,66720
14390,66721
9886,66722
17863,66723
4570,66724
1677,66725
275,66726
4292,66727
14857,66728
8892,66729
17560,66730
5377,66731
1287,66732
12579,66733
3486,66734
7868,66735
2597,66736
318,66737
1300,66738
321,66739
2065,66740
1705,66741
334,66742
334,66743
17864,66744
8408,66745
17865,66746
9926,66747
9927,66748
7888,66749
12420,66750
8417,66751
10920,66752
6377,66753
1130,66754
17866,66755
13386,66756
1342,66757
6884,66758
6191,66759
11983,66760
6885,66761
377,66762
1346,66763
10925,66764
12605,66765
5388,66766
6389,66767
10588,66768
17867,66769
395,66770
395,66771
5192,66772
404,66773
12454,66774
4343,66775
4791,66776
17868,66777
10321,66778
5883,66779
1382,66780
2656,66781
5586,66782
465,66783
12960,66784
467,66785
5699,66786
6685,66787
17869,66788
5496,66789
11388,66790
4808,66791
9516,66792
3530,66793
1209,66794
497,66795
12017,66796
12498,66797
3035,66798
8515,66799
5204,66800
513,66801
13708,66802
2185,66803
2695,66804
11605,66805
17870,66806
1794,66807
6210,66808
11818,66809
7088,66810
3717,66811
2197,66812
8546,66813
8940,66814
8940,66815
9555,66816
567,66817
6420,66818
8564,66819
8200,66820
6554,66821
3061,66822
8277,66823
584,66824
1816,66825
2726,66826
10021,66827
8874,66828
84,66829
5922,66830
601,66831
4846,66832
4846,66833
2226,66834
5739,66835
17871,66836
10030,66837
8607,66838
15611,66839
6172,66840
3078,66841
6719,66842
17872,66843
4086,66844
17186,66845
2250,66846
652,66847
9624,66848
17873,66849
17874,66850
1474,66851
684,66852
3358,66853
4868,66854
4124,66855
12716,66856
4888,66857
4888,66858
8049,66859
3121,66860
1113,66861
4686,66862
762,66863
7167,66864
6453,66865
114,66866
791,66867
17737,66868
8704,66869
3389,66870
17875,66871
5982,66872
12094,66873
17876,66874
847,66875
9696,66876
1549,66877
14914,66878
1552,66879
8090,66880
8092,66881
1560,66882
2361,66883
5405,66884
17877,66885
17762,66886
9124,66887
12107,66888
4494,66889
139,66890
4224,66891
140,66892
141,66893
141,66894
8783,66895
17878,66896
937,66897
5448,66898
7361,66899
3430,66900
17879,66901
10692,66902
9794,66903
999,66904
13751,66905
2562,66906
8824,66907
7277,66908
1038,66909
2901,66910
17880,66911
2445,66912
10148,66913
11367,66914
5019,66915
5266,66916
13417,66917
8855,66918
2913,66919
9142,66920
6508,66921
12272,66922
12144,66923
9396,66924
6259,66925
2615,66926
10519,66927
1734,66928
17881,66929
4170,66930
17882,66931
5137,66932
133,66933
17350,66934
17883,66935
2,66936
275,66937
5377,66938
179,66939
304,66940
11839,66941
5665,66942
3247,66943
3919,66944
8251,66945
1734,66946
11130,66947
5047,66948
8475,66949
5883,66950
9971,66951
17884,66952
1765,66953
12961,66954
17885,66955
2470,66956
16275,66957
10491,66958
9567,66959
3554,66960
10017,66961
84,66962
1836,66963
9603,66964
3108,66965
16087,66966
706,66967
706,66968
6577,66969
11930,66970
2310,66971
10897,66972
797,66973
6341,66974
10622,66975
16861,66976
9865,66977
13741,66978
916,66979
11758,66980
17275,66981
10782,66982
11521,66983
12541,66984
6316,66985
17886,66986
206,66987
1820,66988
1820,66989
10090,66990
8436,66991
95,66992
4192,66993
3235,66994
1965,66995
6901,66996
17887,66997
17887,66998
13705,66999
17199,67000
11243,67001
744,67002
1232,67003
4455,67004
1514,67005
1514,67006
3145,67007
5179,67008
5179,67009
9391,67010
6358,67011
14654,67012
17113,67013
13971,67014
2578,67015
8890,67016
17888,67017
14946,67018
2061,67019
15582,67020
3238,67021
2963,67022
3241,67023
17889,67024
1708,67025
341,67026
2623,67027
1326,67028
16743,67029
6069,67030
1329,67031
11116,67032
9304,67033
8457,67034
5425,67035
16478,67036
5462,67037
50,67038
1655,67039
3021,67040
1137,67041
17500,67042
14719,67043
17890,67044
199,67045
17891,67046
16778,67047
1784,67048
10274,67049
12979,67050
7538,67051
208,67052
17892,67053
17893,67054
16572,67055
17095,67056
9608,67057
17894,67058
17625,67059
8621,67060
11645,67061
6284,67062
11226,67063
14085,67064
6333,67065
1152,67066
5946,67067
7215,67068
3760,67069
7612,67070
4151,67071
17895,67072
5168,67073
6582,67074
10540,67075
2333,67076
820,67077
828,67078
7017,67079
17896,67080
2357,67081
5488,67082
1913,67083
13206,67084
14147,67085
6764,67086
964,67087
2883,67088
967,67089
2406,67090
16536,67091
1610,67092
9137,67093
5006,67094
8845,67095
9830,67096
4277,67097
1946,67098
17897,67099
13103,67100
9887,67101
14938,67102
13987,67103
368,67104
368,67105
5680,67106
9461,67107
1734,67108
1734,67109
5195,67110
5195,67111
7712,67112
9514,67113
613,67114
613,67115
15327,67116
15327,67117
10051,67118
15392,67119
17898,67120
17898,67121
13583,67122
13583,67123
17899,67124
17899,67125
13670,67126
13670,67127
12125,67128
12125,67129
3645,67130
3645,67131
3872,67132
17900,67133
1123,67134
6866,67135
2038,67136
9897,67137
10389,67138
1281,67139
3889,67140
7384,67141
2589,67142
3486,67143
2059,67144
3657,67145
5378,67146
324,67147
5661,67148
6510,67149
5853,67150
5853,67151
15731,67152
22,67153
12590,67154
2078,67155
10987,67156
1332,67157
8423,67158
10403,67159
17901,67160
14372,67161
1344,67162
1728,67163
17902,67164
17903,67165
9463,67166
397,67167
12615,67168
7450,67169
5690,67170
4620,67171
12623,67172
2499,67173
3980,67174
9490,67175
451,67176
2151,67177
14467,67178
14570,67179
14272,67180
1974,67181
3990,67182
13421,67183
12641,67184
9990,67185
2187,67186
17432,67187
6414,67188
6414,67189
6700,67190
7977,67191
7125,67192
8549,67193
2029,67194
16790,67195
576,67196
15007,67197
12857,67198
2729,67199
6947,67200
86,67201
10719,67202
6967,67203
2245,67204
3090,67205
660,67206
17904,67207
5753,67208
4113,67209
3107,67210
17905,67211
17906,67212
6223,67213
17907,67214
17908,67215
4691,67216
4455,67217
11273,67218
5226,67219
17909,67220
15861,67221
5972,67222
15965,67223
799,67224
4162,67225
4165,67226
12751,67227
13049,67228
13049,67229
17910,67230
4938,67231
17911,67232
1166,67233
1166,67234
10902,67235
17912,67236
4705,67237
5793,67238
3410,67239
13739,67240
17123,67241
886,67242
17036,67243
11033,67244
17913,67245
17026,67246
12789,67247
4236,67248
11517,67249
949,67250
6487,67251
9131,67252
17276,67253
10269,67254
17914,67255
17915,67256
17916,67257
5565,67258
5108,67259
2444,67260
10877,67261
162,67262
7074,67263
9834,67264
17788,67265
17917,67266
7837,67267
1083,67268
1083,67269
4285,67270
15432,67271
17918,67272
17918,67273
28,67274
28,67275
3954,67276
3954,67277
2140,67278
10830,67279
10830,67280
526,67281
4029,67282
4029,67283
9361,67284
7452,67285
17919,67286
6572,67287
6572,67288
7113,67289
7113,67290
2299,67291
2299,67292
1508,67293
8685,67294
17920,67295
7004,67296
1892,67297
5542,67298
4302,67299
17921,67300
17921,67301
4734,67302
12191,67303
2024,67304
17344,67305
8867,67306
15661,67307
11448,67308
5502,67309
11969,67310
3234,67311
349,67312
12451,67313
6381,67314
7228,67315
16757,67316
7459,67317
1204,67318
8192,67319
14334,67320
14334,67321
14334,67322
6395,67323
13521,67324
10768,67325
2670,67326
2171,67327
14574,67328
7596,67329
7319,67330
16278,67331
4042,67332
14590,67333
1824,67334
11481,67335
1449,67336
11532,67337
6715,67338
6956,67339
17096,67340
4084,67341
648,67342
6439,67343
2263,67344
1484,67345
17070,67346
105,67347
1867,67348
5081,67349
3586,67350
1497,67351
4146,67352
9658,67353
11426,67354
5439,67355
119,67356
11586,67357
5403,67358
10905,67359
3165,67360
4494,67361
1920,67362
926,67363
17922,67364
248,67365
4997,67366
6498,67367
1040,67368
17343,67369
11893,67370
163,67371
14194,67372
7373,67373
5266,67374
17923,67375
6181,67376
258,67377
7374,67378
13680,67379
14219,67380
8379,67381
17924,67382
9871,67383
5681,67384
7534,67385
7534,67386
7235,67387
9979,67388
9979,67389
2163,67390
17925,67391
7157,67392
7157,67393
6173,67394
8028,67395
9268,67396
7609,67397
7609,67398
15626,67399
1660,67400
4931,67401
15667,67402
3799,67403
3799,67404
15476,67405
4231,67406
5409,67407
4734,67408
9802,67409
11765,67410
11765,67411
7648,67412
7648,67413
14488,67414
9025,67415
7849,67416
6801,67417
284,67418
5030,67419
7564,67420
299,67421
1691,67422
15440,67423
3234,67424
8394,67425
1301,67426
11456,67427
2082,67428
4586,67429
3249,67430
3250,67431
2529,67432
9188,67433
3498,67434
3498,67435
3933,67436
11115,67437
10994,67438
13508,67439
13284,67440
2936,67441
42,67442
3697,67443
17028,67444
17926,67445
2181,67446
7967,67447
6413,67448
4025,67449
7320,67450
6212,67451
3326,67452
2730,67453
17684,67454
2223,67455
17927,67456
8012,67457
17928,67458
2474,67459
5936,67460
17699,67461
6978,67462
2261,67463
11233,67464
2549,67465
6443,67466
705,67467
16712,67468
3128,67469
17929,67470
4151,67471
6581,67472
14782,67473
3143,67474
14126,67475
10094,67476
10097,67477
10098,67478
1545,67479
17930,67480
15931,67481
9699,67482
7352,67483
9731,67484
918,67485
918,67486
17931,67487
142,67488
7635,67489
15529,67490
17275,67491
13352,67492
9776,67493
13413,67494
17932,67495
8830,67496
9020,67497
15113,67498
13365,67499
11367,67500
2913,67501
14355,67502
258,67503
15486,67504
5566,67505
3461,67506
4740,67507
7463,67508
6835,67509
590,67510
14073,67511
6567,67512
4939,67513
2009,67514
4492,67515
9327,67516
11559,67517
16380,67518
13950,67519
14416,67520
268,67521
268,67522
268,67523
1671,67524
6358,67525
6165,67526
13476,67527
17933,67528
10580,67529
3648,67530
2569,67531
273,67532
17934,67533
16221,67534
1185,67535
16634,67536
13261,67537
4569,67538
6050,67539
2034,67540
2034,67541
2034,67542
10477,67543
17935,67544
11961,67545
17292,67546
2038,67547
7478,67548
1682,67549
1682,67550
2955,67551
7665,67552
9406,67553
14940,67554
2580,67555
14943,67556
6320,67557
5574,67558
290,67559
3478,67560
3228,67561
3228,67562
3895,67563
7860,67564
10210,67565
15409,67566
15409,67567
6872,67568
2046,67569
2046,67570
1688,67571
7223,67572
17936,67573
17937,67574
17938,67575
5034,67576
9418,67577
14685,67578
13483,67579
3841,67580
2586,67581
2586,67582
10914,67583
11,67584
11,67585
7864,67586
7520,67587
7520,67588
179,67589
5456,67590
3655,67591
5845,67592
7097,67593
17939,67594
12580,67595
12580,67596
14547,67597
15388,67598
3484,67599
16233,67600
2053,67601
5416,67602
9422,67603
3485,67604
17940,67605
5036,67606
2055,67607
9424,67608
9912,67609
5848,67610
3235,67611
1295,67612
310,67613
10553,67614
7871,67615
313,67616
11075,67617
2061,67618
5656,67619
3904,67620
11973,67621
13,67622
11455,67623
11455,67624
2602,67625
15,67626
15,67627
15,67628
318,67629
7522,67630
1701,67631
321,67632
322,67633
2065,67634
2065,67635
17941,67636
6064,67637
9426,67638
324,67639
324,67640
9065,67641
7876,67642
2966,67643
2966,67644
2608,67645
5852,67646
5852,67647
3242,67648
3242,67649
3242,67650
2924,67651
5662,67652
4765,67653
6523,67654
1314,67655
17423,67656
19,67657
12589,67658
4325,67659
7572,67660
7572,67661
1127,67662
1127,67663
4327,67664
6616,67665
6524,67666
7523,67667
7879,67668
8407,67669
337,67670
337,67671
12917,67672
17942,67673
5668,67674
8167,67675
1320,67676
1320,67677
13995,67678
5039,67679
9299,67680
342,67681
8412,67682
1323,67683
348,67684
11977,67685
11977,67686
1324,67687
17943,67688
1196,67689
17944,67690
16241,67691
12212,67692
14393,67693
13122,67694
6371,67695
10555,67696
7397,67697
11097,67698
8418,67699
3921,67700
17945,67701
15732,67702
17946,67703
8870,67704
1331,67705
2629,67706
1332,67707
9216,67708
11099,67709
1333,67710
8424,67711
365,67712
365,67713
365,67714
1199,67715
366,67716
366,67717
366,67718
17947,67719
6377,67720
5189,67721
367,67722
1338,67723
1099,67724
1339,67725
1339,67726
12929,67727
7527,67728
9447,67729
1341,67730
28,67731
28,67732
28,67733
28,67734
1342,67735
1342,67736
1342,67737
6884,67738
9188,67739
1965,67740
13433,67741
2097,67742
2097,67743
4783,67744
17948,67745
17949,67746
17950,67747
9939,67748
5676,67749
377,67750
8432,67751
17544,67752
10587,67753
14561,67754
16706,67755
2101,67756
2635,67757
1200,67758
10990,67759
5679,67760
5115,67761
16751,67762
4599,67763
9456,67764
2105,67765
1726,67766
2988,67767
2988,67768
17951,67769
13153,67770
2106,67771
11113,67772
8907,67773
6385,67774
6385,67775
8441,67776
8441,67777
8442,67778
17952,67779
14699,67780
14699,67781
9364,67782
4339,67783
1966,67784
17953,67785
4340,67786
9846,67787
4787,67788
10504,67789
8445,67790
7906,67791
9458,67792
12935,67793
3676,67794
3258,67795
6386,67796
5022,67797
6387,67798
6387,67799
14011,67800
389,67801
390,67802
390,67803
9190,67804
17954,67805
8250,67806
6075,67807
13811,67808
13811,67809
1354,67810
3944,67811
10407,67812
394,67813
13281,67814
17955,67815
5270,67816
5270,67817
14447,67818
4607,67819
7695,67820
17956,67821
1969,67822
1969,67823
3950,67824
5874,67825
9304,67826
1358,67827
2119,67828
2531,67829
9951,67830
405,67831
14224,67832
3261,67833
3262,67834
7910,67835
6894,67836
5687,67837
8462,67838
3508,67839
3508,67840
16763,67841
1204,67842
16211,67843
14525,67844
5423,67845
3266,67846
414,67847
5048,67848
1741,67849
2127,67850
417,67851
417,67852
7919,67853
14268,67854
6898,67855
15321,67856
14977,67857
1367,67858
1367,67859
6077,67860
8468,67861
5049,67862
3686,67863
16390,67864
12617,67865
10485,67866
14490,67867
4350,67868
14710,67869
3689,67870
428,67871
2998,67872
11140,67873
8472,67874
2133,67875
14227,67876
10704,67877
10169,67878
3691,67879
436,67880
9365,67881
9193,67882
1100,67883
6264,67884
14714,67885
4621,67886
6169,67887
1753,67888
17957,67889
12001,67890
17958,67891
2650,67892
5885,67893
10323,67894
9972,67895
1206,67896
452,67897
3694,67898
12004,67899
7937,67900
1763,67901
9194,67902
1384,67903
6537,67904
6537,67905
9347,67906
17959,67907
7536,67908
3008,67909
3699,67910
3012,67911
464,67912
9035,67913
50,67914
1765,67915
1765,67916
2660,67917
13239,67918
469,67919
2661,67920
471,67921
6201,67922
52,67923
3018,67924
3018,67925
1766,67926
5700,67927
11565,67928
14229,67929
5517,67930
12457,67931
14986,67932
3516,67933
54,67934
14894,67935
6398,67936
14987,67937
13524,67938
17457,67939
8924,67940
4632,67941
12010,67942
5496,67943
11473,67944
6539,67945
3524,67946
9221,67947
7307,67948
5705,67949
5705,67950
56,67951
17960,67952
1771,67953
3525,67954
7154,67955
4366,67956
3025,67957
11782,67958
2168,67959
1772,67960
10932,67961
60,67962
15700,67963
3530,67964
3530,67965
496,67966
496,67967
1209,67968
497,67969
9085,67970
9085,67971
10710,67972
498,67973
8506,67974
17961,67975
198,67976
8508,67977
3034,67978
17962,67979
199,67980
2174,67981
11701,67982
11701,67983
13530,67984
17963,67985
7715,67986
4373,67987
4637,67988
2682,67989
13838,67990
16125,67991
17964,67992
2177,67993
11603,67994
4376,67995
5518,67996
3301,67997
17965,67998
11172,67999
9987,68000
3531,68001
3531,68002
1413,68003
12643,68004
8524,68005
11476,68006
3302,68007
17966,68008
3043,68009
16782,68010
4639,68011
515,68012
515,68013
515,68014
1783,68015
1783,68016
1783,68017
1783,68018
516,68019
2181,68020
2181,68021
2181,68022
518,68023
518,68024
519,68025
6622,68026
5902,68027
2690,68028
2937,68029
17967,68030
1419,68031
1419,68032
9990,68033
12458,68034
11704,68035
3539,68036
9222,68037
9537,68038
7723,68039
8532,68040
17968,68041
17969,68042
17091,68043
17970,68044
533,68045
7965,68046
4017,68047
2187,68048
4018,68049
3053,68050
3543,68051
5715,68052
5715,68053
8535,68054
7188,68055
7971,68056
4823,68057
4824,68058
5333,68059
1792,68060
1211,68061
1211,68062
1794,68063
3546,68064
6930,68065
1795,68066
1795,68067
17971,68068
3317,68069
1797,68070
1797,68071
7978,68072
7978,68073
7978,68074
13851,68075
17972,68076
1143,68077
5286,68078
4030,68079
4030,68080
7730,68081
1802,68082
5599,68083
1428,68084
1428,68085
550,68086
10178,68087
7412,68088
17973,68089
10937,68090
1804,68091
13392,68092
554,68093
556,68094
12656,68095
2706,68096
16278,68097
1434,68098
8556,68099
1808,68100
1436,68101
5023,68102
2209,68103
2209,68104
17974,68105
8199,68106
5725,68107
7987,68108
565,68109
10006,68110
2707,68111
2707,68112
2210,68113
567,68114
568,68115
8200,68116
6275,68117
79,68118
79,68119
79,68120
14052,68121
13714,68122
575,68123
1440,68124
2717,68125
9572,68126
10716,68127
578,68128
5211,68129
579,68130
10010,68131
4048,68132
4648,68133
581,68134
581,68135
582,68136
17975,68137
17976,68138
17260,68139
10717,68140
10717,68141
14400,68142
3329,68143
585,68144
17977,68145
586,68146
4053,68147
3063,68148
17978,68149
11196,68150
3330,68151
591,68152
2721,68153
2721,68154
593,68155
17979,68156
4054,68157
10016,68158
6098,68159
5730,68160
3332,68161
3332,68162
3332,68163
6424,68164
1821,68165
7741,68166
3333,68167
2726,68168
2726,68169
2726,68170
14748,68171
2219,68172
1822,68173
1822,68174
10022,68175
4409,68176
599,68177
8944,68178
2221,68179
84,68180
84,68181
84,68182
84,68183
5734,68184
17980,68185
7601,68186
601,68187
17981,68188
85,68189
9589,68190
9589,68191
9589,68192
17360,68193
9146,68194
1265,68195
2223,68196
13863,68197
3339,68198
9228,68199
9228,68200
8593,68201
16959,68202
12363,68203
11202,68204
14593,68205
5926,68206
618,68207
16805,68208
17982,68209
8947,68210
10028,68211
9597,68212
4063,68213
4066,68214
3341,68215
1454,68216
14068,68217
15016,68218
17983,68219
13180,68220
14075,68221
6217,68222
11209,68223
11210,68224
1844,68225
17984,68226
17066,68227
9613,68228
1845,68229
1845,68230
5272,68231
217,68232
632,68233
17985,68234
6839,68235
8613,68236
3079,68237
635,68238
635,68239
635,68240
6625,68241
6625,68242
2752,68243
2752,68244
4080,68245
1849,68246
637,68247
6959,68248
638,68249
638,68250
90,68251
90,68252
2240,68253
11819,68254
9199,68255
8170,68256
4084,68257
3345,68258
6720,68259
642,68260
6962,68261
4086,68262
5165,68263
5165,68264
13005,68265
17309,68266
17986,68267
5746,68268
3574,68269
1148,68270
17987,68271
17988,68272
1851,68273
649,68274
7248,68275
5609,68276
15769,68277
2250,68278
7420,68279
6109,68280
11728,68281
13446,68282
3745,68283
8625,68284
8625,68285
4102,68286
8288,68287
16678,68288
17989,68289
4103,68290
6284,68291
16453,68292
10055,68293
16825,68294
14082,68295
7545,68296
3355,68297
13573,68298
10722,68299
676,68300
3098,68301
15995,68302
10949,68303
681,68304
10337,68305
11646,68306
13576,68307
3100,68308
5755,68309
5755,68310
5217,68311
5217,68312
11730,68313
2775,68314
3101,68315
3101,68316
4115,68317
4868,68318
1477,68319
3361,68320
8035,68321
688,68322
2270,68323
4428,68324
3105,68325
4869,68326
5757,68327
12852,68328
4429,68329
1478,68330
8038,68331
9861,68332
4430,68333
1150,68334
17990,68335
2278,68336
4877,68337
5219,68338
2281,68339
10893,68340
702,68341
8644,68342
8644,68343
6116,68344
12716,68345
8042,68346
17991,68347
8648,68348
17070,68349
4128,68350
5290,68351
5947,68352
104,68353
104,68354
8652,68355
12720,68356
4436,68357
706,68358
12721,68359
12721,68360
17992,68361
17993,68362
709,68363
8296,68364
6357,68365
3115,68366
2791,68367
3373,68368
3117,68369
3117,68370
4131,68371
6574,68372
17994,68373
14767,68374
3374,68375
13892,68376
17414,68377
2288,68378
8049,68379
8049,68380
723,68381
6611,68382
1112,68383
1112,68384
1497,68385
17995,68386
225,68387
225,68388
731,68389
731,68390
13583,68391
6729,68392
2293,68393
4442,68394
4442,68395
3123,68396
3376,68397
3376,68398
737,68399
737,68400
6577,68401
2297,68402
1995,68403
6125,68404
2802,68405
1228,68406
1228,68407
10198,68408
13025,68409
13025,68410
12518,68411
12518,68412
8672,68413
2942,68414
2806,68415
14773,68416
6731,68417
11254,68418
4445,68419
2807,68420
14106,68421
17316,68422
5769,68423
753,68424
4146,68425
8679,68426
756,68427
3767,68428
17996,68429
1876,68430
2299,68431
4450,68432
112,68433
2811,68434
13031,68435
5026,68436
4906,68437
766,68438
1159,68439
9653,68440
17997,68441
2813,68442
10851,68443
10426,68444
1879,68445
7781,68446
5617,68447
17998,68448
5224,68449
11595,68450
13325,68451
6128,68452
2309,68453
11741,68454
2819,68455
2819,68456
5775,68457
2310,68458
11874,68459
2822,68460
6230,68461
17999,68462
11743,68463
8691,68464
1515,68465
1516,68466
1517,68467
6791,68468
2314,68469
8068,68470
791,68471
1519,68472
9664,68473
9664,68474
792,68475
6629,68476
6629,68477
10074,68478
7426,68479
7618,68480
7143,68481
2317,68482
8070,68483
18000,68484
798,68485
8702,68486
18001,68487
8703,68488
18002,68489
18003,68490
18003,68491
8985,68492
15632,68493
11277,68494
8706,68495
804,68496
8707,68497
4930,68498
1887,68499
11280,68500
15056,68501
2943,68502
15997,68503
14664,68504
2831,68505
18004,68506
8709,68507
8709,68508
8711,68509
4931,68510
2553,68511
812,68512
18005,68513
18006,68514
14384,68515
819,68516
819,68517
820,68518
820,68519
17433,68520
18007,68521
2837,68522
7428,68523
15843,68524
18008,68525
823,68526
16665,68527
18009,68528
824,68529
824,68530
4172,68531
827,68532
3468,68533
2335,68534
17434,68535
1529,68536
6138,68537
6138,68538
1531,68539
5620,68540
16560,68541
833,68542
2844,68543
4181,68544
4181,68545
16852,68546
18010,68547
839,68548
13734,68549
7019,68550
9684,68551
12092,68552
18011,68553
16855,68554
4699,68555
4699,68556
4699,68557
7790,68558
8878,68559
3405,68560
1544,68561
18012,68562
4192,68563
1242,68564
5544,68565
18013,68566
2343,68567
4940,68568
17401,68569
1548,68570
10435,68571
10103,68572
15472,68573
14128,68574
5545,68575
6587,68576
4194,68577
4194,68578
10107,68579
10500,68580
3608,68581
17921,68582
8090,68583
7266,68584
18014,68585
10962,68586
4199,68587
2851,68588
12854,68589
2350,68590
18015,68591
7795,68592
8093,68593
8738,68594
4201,68595
871,68596
1562,68597
3156,68598
8997,68599
242,68600
17759,68601
17759,68602
878,68603
3616,68604
1565,68605
1906,68606
243,68607
885,68608
885,68609
885,68610
5405,68611
16185,68612
4208,68613
4208,68614
17763,68615
2364,68616
13773,68617
14361,68618
14361,68619
4711,68620
13063,68621
2366,68622
2366,68623
1909,68624
2557,68625
11755,68626
13927,68627
1569,68628
14803,68629
18016,68630
16337,68631
15204,68632
15204,68633
10438,68634
13461,68635
13461,68636
7270,68637
10862,68638
15522,68639
15522,68640
900,68641
17036,68642
903,68643
9124,68644
6758,68645
12774,68646
2372,68647
13070,68648
13070,68649
7809,68650
12199,68651
9738,68652
14405,68653
2864,68654
2864,68655
2374,68656
9739,68657
6041,68658
4220,68659
13071,68660
13071,68661
9175,68662
912,68663
9741,68664
11033,68665
11033,68666
12782,68667
10357,68668
3168,68669
8770,68670
918,68671
918,68672
18017,68673
15084,68674
6634,68675
6634,68676
6634,68677
4495,68678
919,68679
8776,68680
15476,68681
4967,68682
6042,68683
923,68684
7095,68685
9239,68686
4233,68687
6594,68688
6594,68689
6594,68690
12114,68691
18018,68692
6148,68693
8782,68694
18019,68695
10966,68696
18020,68697
18021,68698
9757,68699
8789,68700
937,68701
937,68702
937,68703
937,68704
939,68705
11574,68706
8793,68707
7817,68708
4503,68709
4503,68710
6484,68711
143,68712
5252,68713
3175,68714
13748,68715
9768,68716
2397,68717
1591,68718
952,68719
6003,68720
7144,68721
958,68722
958,68723
11550,68724
7275,68725
7275,68726
8324,68727
10872,68728
3178,68729
3180,68730
2883,68731
966,68732
9785,68733
9785,68734
968,68735
10550,68736
18022,68737
4985,68738
17775,68739
12122,68740
12186,68741
18023,68742
2886,68743
3182,68744
2412,68745
6154,68746
10692,68747
18024,68748
18024,68749
252,68750
18025,68751
6768,68752
6768,68753
7825,68754
3185,68755
9794,68756
3186,68757
3186,68758
4991,68759
2421,68760
8813,68761
6011,68762
2889,68763
11522,68764
999,68765
999,68766
1000,68767
7218,68768
2890,68769
5560,68770
7065,68771
18026,68772
5819,68773
8818,68774
1006,68775
1007,68776
16458,68777
7645,68778
4997,68779
3437,68780
8819,68781
8819,68782
8819,68783
2426,68784
17245,68785
17245,68786
18027,68787
18028,68788
2428,68789
2428,68790
8145,68791
3192,68792
4524,68793
4524,68794
18029,68795
3193,68796
6638,68797
1023,68798
5001,68799
3638,68800
3638,68801
11359,68802
6496,68803
7067,68804
2433,68805
1032,68806
5005,68807
1034,68808
9809,68809
1038,68810
4265,68811
10141,68812
13218,68813
9382,68814
9382,68815
9382,68816
9020,68817
18030,68818
18031,68819
10876,68820
7830,68821
1044,68822
1044,68823
14246,68824
15105,68825
16373,68826
10143,68827
3201,68828
1629,68829
1629,68830
4267,68831
7371,68832
4270,68833
14190,68834
12864,68835
1634,68836
5636,68837
17880,68838
2442,68839
18032,68840
14388,68841
13224,68842
15567,68843
15567,68844
13637,68845
10877,68846
4276,68847
11658,68848
6250,68849
10148,68850
18033,68851
10149,68852
6180,68853
18034,68854
11659,68855
5451,68856
6318,68857
16910,68858
9384,68859
10642,68860
18035,68861
11832,68862
2454,68863
2912,68864
3645,68865
7837,68866
11374,68867
18036,68868
5180,68869
10159,68870
1085,68871
11439,68872
5182,68873
7374,68874
170,68875
1088,68876
1088,68877
1088,68878
1092,68879
15660,68880
1948,68881
11776,68882
3212,68883
2920,68884
11947,68885
9837,68886
12829,68887
16385,68888
18037,68889
15441,68890
2060,68891
18038,68892
361,68893
5043,68894
4607,68895
4612,68896
1204,68897
11464,68898
5885,68899
2148,68900
18039,68901
48,68902
18040,68903
6083,68904
18041,68905
520,68906
5430,68907
10328,68908
10001,68909
5469,68910
3060,68911
3060,68912
4051,68913
3067,68914
601,68915
611,68916
11803,68917
636,68918
3080,68919
5339,68920
6964,68921
18042,68922
16534,68923
3753,68924
9641,68925
9641,68926
6728,68927
1876,68928
5026,68929
7001,68930
6735,68931
1233,68932
4460,68933
10082,68934
9675,68935
18043,68936
12305,68937
8768,68938
3623,68939
10632,68940
4729,68941
4236,68942
10872,68943
11593,68944
18044,68945
1121,68946
18045,68947
7495,68948
3882,68949
5837,68950
5649,68951
3841,68952
18046,68953
307,68954
7870,68955
18047,68956
6877,68957
6193,68958
389,68959
397,68960
1735,68961
13700,68962
1364,68963
2652,68964
2148,68965
8922,68966
472,68967
1399,68968
4387,68969
529,68970
4018,68971
3715,68972
18048,68973
12504,68974
18049,68975
7741,68976
18050,68977
1845,68978
96,68979
5939,68980
3102,68981
8650,68982
730,68983
13027,68984
5442,68985
10434,68986
6784,68987
9709,68988
2486,68989
18051,68990
8742,68991
5352,68992
7803,68993
7199,68994
898,68995
1586,68996
16351,68997
13081,68998
14173,68999
15215,69000
1006,69001
1006,69002
1006,69003
8833,69004
1032,69005
15943,69006
18052,69007
162,69008
168,69009
1083,69010
1122,69011
1263,69012
170,69013
2034,69014
299,69015
16388,69016
5512,69017
4355,69018
4355,69019
2506,69020
2506,69021
4845,69022
1462,69023
4168,69024
10114,69025
10114,69026
16870,69027
16870,69028
7808,69029
11331,69030
11331,69031
1006,69032
14362,69033
9149,69034
18053,69035
4572,69036
14938,69037
6800,69038
6800,69039
17460,69040
17460,69041
17460,69042
17460,69043
8363,69044
1957,69045
8185,69046
5029,69047
7287,69048
8378,69049
13792,69050
18054,69051
2046,69052
3654,69053
16735,69054
179,69055
3900,69056
7868,69057
316,69058
1702,69059
1703,69060
1314,69061
2614,69062
8246,69063
18055,69064
3913,69065
25,69066
18056,69067
11599,69068
15285,69069
9217,69070
2093,69071
2093,69072
14333,69073
18057,69074
5869,69075
8910,69076
18058,69077
9959,69078
18059,69079
4619,69080
5317,69081
11146,69082
12218,69083
6621,69084
3977,69085
5056,69086
5697,69087
3279,69088
2658,69089
15361,69090
9504,69091
16653,69092
7154,69093
1209,69094
11700,69095
18060,69096
6810,69097
14250,69098
18061,69099
4376,69100
5595,69101
1419,69102
2184,69103
3056,69104
8940,69105
75,69106
10329,69107
6782,69108
11481,69109
12668,69110
3070,69111
10025,69112
3078,69113
8620,69114
3573,69115
16049,69116
2245,69117
16485,69118
18062,69119
15462,69120
13012,69121
4861,69122
17919,69123
8648,69124
14096,69125
13191,69126
15038,69127
4887,69128
716,69129
8972,69130
16395,69131
7609,69132
14920,69133
18063,69134
4915,69135
11494,69136
12742,69137
14116,69138
12747,69139
17551,69140
2834,69141
1239,69142
827,69143
1892,69144
1530,69145
15199,69146
3403,69147
2516,69148
7430,69149
12096,69150
4703,69151
13408,69152
2350,69153
869,69154
7115,69155
13741,69156
11315,69157
886,69158
904,69159
3804,69160
3804,69161
16876,69162
16876,69163
5812,69164
17373,69165
15242,69166
13934,69167
1591,69168
18064,69169
1599,69170
15968,69171
14173,69172
4254,69173
1020,69174
9333,69175
7067,69176
7067,69177
5005,69178
18065,69179
4267,69180
18066,69181
3445,69182
1264,69183
13651,69184
5640,69185
18067,69186
12201,69187
18068,69188
2034,69189
18069,69190
3907,69191
1710,69192
1710,69193
7525,69194
7525,69195
2133,69196
9081,69197
9081,69198
1767,69199
1656,69200
18070,69201
18071,69202
18072,69203
8935,69204
17855,69205
3053,69206
3053,69207
13552,69208
626,69209
7750,69210
7750,69211
18073,69212
658,69213
16301,69214
18074,69215
8656,69216
722,69217
4140,69218
4140,69219
3594,69220
8982,69221
2824,69222
14616,69223
7257,69224
7115,69225
1562,69226
10245,69227
247,69228
18075,69229
157,69230
14833,69231
14833,69232
2453,69233
11063,69234
1655,69235
2731,69236
1521,69237
12253,69238
5837,69239
18076,69240
2736,69241
8017,69242
13031,69243
9664,69244
9664,69245
18077,69246
11935,69247
2208,69248
18078,69249
4153,69250
4706,69251
12993,69252
6220,69253
18079,69254
14411,69255
15134,69256
5185,69257
18080,69258
16829,69259
18081,69260
2320,69261
18082,69262
14139,69263
9900,69266
4765,69267
18083,69268
9710,69269
18084,69270
8287,69272
361,69273
16253,69274
3730,69276
8960,69277
9691,69278
13359,69279
6032,69280
18085,69281
3513,69282
8875,69283
2070,69284
18086,69285
4681,69286
9691,69287
8875,69288
4245,69289
18087,69290
12999,69291
18088,69292
18089,69293
18090,69294
3292,69295
3292,69296
1792,69297
18091,69298
17681,69299
18092,69300
18093,69301
11443,69302
4948,69303
12811,69304
12811,69305
18094,69306
13650,69307
18095,69308
18096,69309
15578,69310
18097,69311
6221,69312
144,69313
14691,69314
4550,69315
12649,69316
18098,69317
2784,69318
13040,69319
18099,69320
18100,69321
7886,69323
15630,69324
18101,69326
18102,69327
18103,69329
18103,69330
18104,69331
741,69332
7066,69333
11377,69334
17465,69335
13323,69336
12476,69337
15133,69338
16438,69339
18105,69340
3268,69341
47,69342
14041,69343
2778,69344
18106,69345
3401,69346
3998,69349
15737,69350
8984,69351
9789,69352
18107,69353
18108,69355
8766,69356
18109,69357
18110,69358
6632,69359
599,69360
9364,69361
4352,69362
4004,69363
18111,69364
9664,69365
2967,69366
1394,69367
515,69368
8049,69369
12435,69370
18112,69371
18113,69372
1468,69373
3914,69374
6555,69375
9664,69376
8984,69377
18114,69378
11443,69380
15958,69381
9451,69382
12385,69383
18115,69384
10329,69385
10393,69386
10331,69387
15895,69390
18116,69391
9807,69392
9691,69393
2886,69394
295,69395
17640,69396
16638,69397
10178,69398
18117,69400
3482,69402
13152,69403
2084,69404
7688,69405
3526,69407
6696,69408
12649,69409
6279,69410
6279,69411
2787,69412
16469,69413
1920,69414
18118,69415
18119,69416
18120,69417
18121,69418
9392,69419
5834,69420
18122,69421
2975,69422
18123,69423
14704,69424
9473,69425
18124,69426
8584,69427
14751,69429
2547,69430
1458,69431
6105,69432
8040,69433
18125,69435
18126,69436
3156,69437
924,69438
18028,69439
18127,69440
5849,69441
9341,69442
18128,69443
8499,69445
18129,69446
8049,69449
12740,69450
4505,69453
5110,69457
9421,69462
3900,69463
2057,69464
18130,69465
18131,69472
18132,69482
15598,69484
6693,69485
5336,69494
14750,69508
18133,69512
18134,69529
5661,69533
6644,69534
397,69535
18135,69536
10933,69537
18136,69538
7764,69539
5000,69540
18137,69541
11260,69542
5156,69545
17965,69546
4544,69547
5978,69548
8779,69549
18138,69550
18139,69565
18140,69572
18141,69573
18142,69574
16592,69580
18143,69586
7744,69588
15965,69589
18144,69596
6885,69598
18145,69600
18146,69607
18147,69611
18148,69613
18149,69629
1433,69633
18150,69638
18151,69641
18152,69650
18153,69654
18154,69660
2768,69661
13043,69681
7091,69682
18155,69683
18156,69686
18157,69690
18158,69697
15382,69703
18159,69711
6653,69716
2622,69717
18147,69718
8180,69720
3498,69723
5746,69730
18160,69731
18161,69736
18162,69738
18163,69740
554,69745
18147,69754
18164,69759
18165,69761
12456,69762
8050,69764
4569,69770
18166,69771
18167,69773
18168,69774
17633,69775
12906,69776
18169,69778
18169,69779
10987,69780
3942,69782
18170,69785
7504,69786
17926,69788
18171,69790
18172,69791
2749,69794
18173,69795
4859,69796
18174,69797
8984,69798
8984,69799
18175,69800
18176,69801
10076,69802
8704,69803
9723,69807
16689,69808
12776,69809
18177,69810
18178,69811
17418,69812
18179,69813
17780,69815
18180,69816
18181,69817
18182,69818
14188,69820
16418,69821
18183,69822
10882,69828
7396,69829
6194,69834
18184,69835
18185,69836
11001,69845
18186,69846
18187,69856
18188,69882
18189,69894
12879,69904
18190,69905
18191,69906
18192,69907
14310,69909
18193,69910
18194,69911
18195,69912
17372,69913
18196,69920
5661,69924
18197,69925
18198,69926
18199,69927
18200,69928
18201,69930
18202,69931
4646,69933
12042,69934
18203,69936
18204,69937
18205,69938
796,69939
18206,69940
2838,69941
16396,69942
16625,69944
18207,69945
4505,69946
1606,69947
14673,69949
18036,69950
18208,69970
18058,69972
18209,69980
18210,69982
18211,69983
18212,69988
18213,69996
18214,70000
18215,70008
3994,70009
4639,70017
18216,70022
18147,70025
18217,70027
18218,70028
4391,70031
18219,70038
18220,70046
5520,70048
18221,70055
10006,70056
18222,70057
18223,70083
18224,70085
636,70088
18225,70095
18147,70117
7484,70127
18226,70129
2557,70131
18227,70143
6600,70145
18228,70159
1155,70160
18204,70161
18229,70162
2463,70163
1992,70177
15521,70181
18230,70182
401,70184
18147,70190
2557,70196
12281,70199
18231,70220
9273,70227
800,70229
16638,70237
7759,70238
18232,70250
18233,70251
18234,70252
18147,70262
18235,70264
18236,70273
18237,70283
7870,70284
18170,70285
11204,70287
18238,70288
6235,70289
10089,70290
14145,70291
18239,70292
18240,70294
18241,70310
18242,70318
18243,70327
18244,70331
18245,70333
5768,70335
857,70341
18246,70343
15982,70344
9664,70345
1941,70347
18247,70358
10009,70359
18248,70367
7276,70370
18249,70372
18172,70373
11078,70378
6876,70379
18250,70388
1745,70394
11162,70406
13387,70408
14058,70414
18251,70417
4437,70424
18252,70436
18253,70442
18254,70444
18255,70448
7637,70449
10680,70450
18256,70455
18257,70456
18258,70463
46,70476
18259,70480
18260,70481
18261,70518
12413,70523
18262,70524
9138,70526
18169,70536
18120,70538
2739,70540
15982,70541
18263,70542
8406,70548
18264,70549
18265,70561
18266,70567
18267,70569
18268,70579
1161,70582
18269,70583
18270,70593
3383,70606
10107,70607
16241,70610
17669,70611
551,70612
14718,70620
18271,70621
18272,70622
18273,70631
18147,70633
18274,70635
18275,70636
9664,70637
18276,70638
18277,70640
18278,70641
7398,70654
18279,70657
3973,70674
18280,70675
18281,70678
18282,70683
17210,70697
18283,70701
12651,70703
593,70707
11017,70716
3748,70720
18284,70724
18285,70748
18286,70750
12189,70751
18287,70753
18288,70755
15432,70762
18289,70766
1752,70767
18136,70768
8530,70769
18290,70770
9581,70771
16393,70772
18291,70773
18291,70774
8984,70775
18292,70776
18293,70778
8886,70781
18294,70782
18295,70789
18296,70792
18297,70807
1973,70817
18213,70822
18298,70838
8530,70848
5598,70856
18299,70862
18300,70882
18301,70888
106,70891
18302,70894
13902,70903
18303,70908
18304,70916
16945,70917
18305,70919
13253,70928
12383,70935
3863,70938
18306,70941
13976,70944
18307,70945
7566,70946
3900,70947
3900,70948
18308,70949
12353,70950
4772,70951
18309,70952
18310,70953
401,70954
11135,70955
12552,70956
18311,70957
18312,70959
10218,70960
2537,70961
9562,70963
14750,70964
18313,70965
5124,70967
677,70968
13581,70969
4301,70970
4301,70971
18314,70972
2831,70973
18315,70974
18316,70976
15488,70978
18317,70981
1695,70982
18318,70984
18319,70985
8984,70988
18172,70990
18223,70992
13551,70995
5656,70996
10111,70998
18100,70999
18320,71000
13678,71001
2768,71003
18321,71004
18322,71006
8037,71008
9664,71009
2839,71010
6042,71011
18323,71012
8118,71013
18324,71014
12363,71018
13132,71020
1939,71021
14671,71022
11062,71023
4352,71026
1457,71027
18203,71028
18325,71030
5146,71032
8867,71033
2086,71034
2086,71035
18326,71036
18117,71037
8028,71038
18327,71040
18327,71041
14838,71043
18328,71044
11798,71045
16249,71048
18201,71049
18329,71050
2680,71051
18330,71052
14053,71053
18117,71055
18331,71056
12401,71058
2784,71059
2512,71060
3139,71061
18332,71062
4227,71063
10451,71065
18333,71068
13651,71069
18334,71070
12650,71071
18335,71073
6653,71074
14787,71075
2863,71076
3101,71077
18169,71078
2739,71079
8017,71080
18117,71081
18336,71082
18315,71083
18337,71084
5419,71086
361,71087
4113,71088
14667,71089
12385,71091
18338,71092
5641,71093
18339,71094
9562,71095
3448,71096
6663,71097
10495,71099
12424,71100
4756,71103
18340,71104
18341,71105
18342,71106
18341,71107
16732,71108
17540,71109
7693,71110
2113,71111
18343,71112
12516,71113
16115,71114
4185,71117
17151,71118
1190,71121
10393,71122
12579,71123
9419,71124
18344,71126
9919,71127
18309,71128
2086,71129
7688,71130
7688,71131
2101,71134
401,71136
18345,71137
10165,71138
18201,71139
18346,71140
3964,71141
14864,71142
9550,71143
18172,71146
2711,71147
4402,71148
4840,71149
7744,71150
3730,71152
18348,71153
18098,71154
643,71155
18349,71157
6288,71158
12516,71159
16621,71160
9664,71162
3139,71163
18175,71164
4693,71165
7431,71167
4951,71169
941,71170
13211,71171
18350,71173
18351,71174
16241,71175
18352,71176
2982,71177
7755,71179
18353,71180
7259,71181
8779,71185
1464,71186
18354,71187
4113,71188
14904,71189
9931,71190
12202,71191
18355,71192
18356,71193
1686,71194
16732,71195
7520,71196
12,71197
6064,71198
17639,71199
5669,71200
4597,71201
6786,71202
14721,71205
9307,71206
9307,71207
18338,71209
11479,71210
3330,71211
12042,71212
12042,71213
15901,71215
13011,71216
105,71218
3134,71221
9664,71222
18175,71223
18175,71224
18357,71225
18358,71226
18359,71227
18360,71229
2944,71230
9807,71232
7831,71233
7837,71234
9225,71236
7483,71237
18361,71238
18362,71241
16742,71242
18363,71243
18364,71244
10053,71245
4227,71246
13650,71247
18169,71249
7889,71250
10588,71251
1386,71252
13011,71253
18365,71254
15805,71255
18366,71257
9390,71258
15795,71259
18,71260
5195,71261
1405,71262
1409,71263
18172,71264
15900,71265
6953,71267
13580,71268
18327,71269
13358,71270
1941,71272
11776,71273
18326,71274
18367,71275
18368,71277
5780,71278
18100,71279
13346,71280
11523,71282
7665,71283
18369,71285
3670,71286
7952,71288
18370,71289
665,71291
4505,71292
14136,71293
7522,71295
6663,71296
18371,71298
18372,71299
16753,71300
18373,71301
18318,71302
11129,71303
6786,71304
2675,71306
18330,71307
18374,71308
599,71309
12363,71310
12363,71311
1839,71312
2749,71313
2768,71317
18375,71319
12516,71320
1877,71321
6453,71322
18175,71323
18376,71324
10089,71325
18377,71326
6784,71327
13342,71328
18028,71332
18378,71334
6028,71335
18379,71337
18380,71338
18381,71339
4845,71342
18382,71343
18383,71344
18384,71345
9919,71346
4765,71347
6374,71349
4782,71350
18385,71351
664,71352
2774,71353
8658,71354
7788,71355
10089,71356
15895,71357
6144,71358
18315,71359
15522,71360
18386,71361
18387,71362
8447,71363
18388,71364
18389,71365
18390,71366
18391,71367
12900,71369
18392,71370
13484,71371
1313,71372
3492,71373
391,71374
18393,71375
14721,71377
18394,71378
18395,71380
13849,71381
8940,71382
9561,71384
3322,71385
564,71386
18396,71388
1242,71390
11296,71391
11935,71392
18397,71393
18397,71394
18398,71396
6007,71397
18399,71398
18028,71399
18400,71401
4373,71402
18401,71404
7355,71405
991,71406
13784,71407
8369,71408
7862,71409
13271,71410
18402,71411
5036,71412
2057,71413
2057,71414
18403,71415
18,71416
9925,71417
18404,71418
6374,71419
16249,71422
18405,71423
8920,71424
18406,71425
9259,71426
12971,71427
13843,71428
18407,71430
11711,71431
18172,71434
18172,71435
4837,71436
4402,71437
12363,71438
2749,71440
18408,71441
8959,71443
13881,71444
5218,71445
18409,71446
18410,71447
3139,71449
18411,71450
4937,71452
9120,71453
6042,71458
18412,71460
2419,71461
8816,71462
18413,71464
12136,71466
18183,71467
18414,71468
18123,71469
18415,71471
8635,71472
5978,71473
4490,71475
5499,71476
8390,71478
18416,71480
16116,71481
7275,71482
16528,71483
5031,71484
2600,71485
1378,71486
15853,71487
7978,71490
8027,71491
3139,71493
17607,71494
12552,71495
18172,71497
10378,71498
3369,71499
18417,71500
8755,71501
15993,71503
5908,71504
3742,71505
18418,71506
18172,71508
18419,71509
2408,71511
2408,71512
15740,71514
8900,71515
12353,71516
6670,71517
3726,71520
18420,71521
13518,71523
7666,71525
18421,71526
18109,71527
8352,71528
5089,71529
8489,71530
17632,71532
8181,71533
11798,71534
8394,71535
8900,71536
18169,71537
3492,71539
10923,71541
5116,71542
18422,71543
10707,71544
18423,71545
689,71551
6730,71552
18424,71553
118,71554
18099,71555
14803,71556
16187,71558
8257,71559
13423,71560
10588,71561
18355,71565
18425,71566
18426,71567
18427,71568
2967,71570
18428,71571
18429,71572
18430,71573
18431,71574
7922,71575
4622,71576
18432,71577
11009,71578
7724,71581
18338,71582
1824,71584
12053,71585
14661,71586
2775,71587
15926,71588
3769,71592
18433,71593
3141,71594
18434,71595
18332,71596
18397,71597
18435,71598
18436,71599
1037,71600
18437,71602
18438,71603
18439,71606
11182,71607
13183,71609
18440,71610
18441,71611
18442,71612
18443,71613
16601,71614
18444,71615
17790,71616
12353,71617
3508,71618
14279,71619
2924,71620
7733,71621
18445,71622
18446,71623
829,71624
5566,71626
18447,71627
361,71628
5912,71629
18448,71630
12561,71632
17934,71633
16732,71637
2057,71638
18379,71639
18449,71640
15691,71641
17227,71642
6528,71646
13510,71647
18450,71648
9969,71649
18147,71650
4366,71652
4366,71653
4635,71654
2675,71655
9527,71656
14366,71657
18451,71660
8567,71661
18243,71662
11643,71664
16558,71666
8040,71667
3139,71669
18452,71670
5232,71671
18453,71672
18100,71673
18454,71675
18455,71676
18177,71677
4242,71681
18456,71682
2408,71683
12811,71685
18278,71686
7374,71687
13953,71688
18457,71689
18458,71690
10492,71691
18459,71693
18460,71694
18166,71695
7566,71696
7566,71697
16241,71698
18428,71699
4588,71701
14704,71703
18461,71704
7584,71705
18462,71707
18463,71709
2680,71710
3046,71711
12399,71712
18464,71713
8008,71714
18465,71716
2774,71717
18466,71718
16396,71720
18467,71721
3162,71722
10437,71723
8833,71725
18109,71726
18468,71728
18469,71729
18469,71730
1744,71731
13423,71733
18470,71735
18471,71736
15554,71737
1325,71738
12773,71739
18472,71741
18473,71742
16438,71743
18474,71744
18475,71745
16304,71747
18476,71748
10089,71749
15634,71750
17516,71751
1606,71752
13356,71753
18170,71754
13037,71755
18477,71756
18478,71757
2976,71758
10707,71760
18479,71762
4454,71763
10236,71764
6034,71766
17643,71768
18480,71769
18481,71770
1514,71771
7566,71772
5270,71773
16957,71774
4067,71776
16856,71777
18482,71778
9562,71779
18483,71780
13150,71781
6663,71782
12850,71783
3763,71784
18223,71786
1037,71787
12806,71788
18484,71789
3054,71790
7786,71791
18355,71792
14330,71793
9401,71794
14838,71795
9422,71796
361,71797
11695,71799
8651,71801
11882,71802
12208,71803
17379,71806
18276,71807
18485,71810
18486,71811
7460,71812
18487,71813
18181,71814
18470,71815
990,71819
18488,71822
6620,71824
14708,71825
3690,71826
16957,71828
16957,71829
5900,71831
1799,71832
18489,71833
9571,71834
18490,71835
13715,71836
9593,71837
12294,71838
14767,71839
8049,71840
18491,71841
1527,71842
13917,71844
14645,71845
3185,71846
18492,71847
18367,71850
18493,71851
12053,71852
18411,71853
18494,71854
18495,71855
9952,71857
2571,71860
361,71862
361,71863
15590,71864
18496,71865
8875,71866
5082,71867
4210,71868
16993,71869
624,71870
18497,71871
18498,71873
4569,71874
9961,71875
5096,71878
8074,71879
5545,71880
18100,71881
7279,71882
7108,71883
10964,71884
4569,71885
3508,71886
18170,71888
18499,71889
12965,71890
9535,71891
18117,71892
18081,71893
12379,71894
17565,71895
18500,71897
8017,71899
10390,71900
6793,71901
16132,71903
18501,71904
11921,71905
2580,71906
18502,71907
2831,71910
18341,71911
11231,71912
18503,71914
15616,71915
18504,71917
18505,71918
18506,71919
941,71920
8630,71921
16562,71923
13385,71924
16558,71925
18175,71926
9333,71927
18507,71928
18508,71929
18256,71930
1514,71931
18403,71933
18509,71935
1360,71936
3054,71937
8663,71938
3128,71939
18101,71940
18510,71941
8868,71943
16241,71946
3916,71947
18172,71948
13735,71950
9436,71951
2711,71953
18084,71954
12294,71955
4273,71956
18511,71958
13557,71959
11204,71960
18494,71961
11031,71962
18512,71964
17589,71965
1081,71967
8384,71968
18513,71969
11489,71971
8033,71972
8779,71973
7778,71974
17252,71975
18379,71976
18514,71977
18515,71978
15992,71980
10931,71981
2675,71982
15922,71983
599,71984
12363,71985
14063,71986
4067,71988
15901,71989
1849,71990
18098,71991
1471,71992
15982,71993
4113,71994
5129,71995
6983,71996
18516,71998
7169,71999
14346,72000
18517,72001
3156,72004
18518,72005
4304,72006
971,72007
18036,72009
18278,72010
5723,72013
18519,72014
11273,72015
7688,72016
18520,72017
3508,72021
18521,72022
18098,72023
5978,72024
5239,72025
18522,72026
12157,72029
3503,72030
13509,72031
18523,72032
14734,72033
10147,72034
18183,72035
7393,72037
18524,72038
18520,72039
8257,72040
8591,72041
6456,72042
2954,72044
13656,72045
18525,72046
18013,72047
17762,72048
15876,72050
8962,72051
18202,72052
13332,72053
8779,72055
18419,72056
18527,72057
7561,72058
10432,72059
15716,72060
4214,72061
12187,72062
18528,72064
18447,72066
11665,72067
11494,72069
18126,72070
16108,72071
2259,72072
14169,72073
18529,72074
13178,72075
5677,72076
18349,72077
6074,72078
8454,72079
18406,72080
18172,72081
8875,72082
8040,72084
18530,72086
6786,72087
3513,72088
469,72089
18531,72090
6620,72091
3508,72092
11371,72093
14035,72095
3100,72096
17070,72097
8049,72098
18532,72099
5561,72100
14728,72101
10307,72102
15795,72103
1675,72104
4569,72105
3228,72107
18427,72108
18427,72109
9416,72110
2057,72113
1697,72115
8245,72116
16239,72117
2622,72118
16742,72119
6374,72121
18273,72122
6618,72123
13504,72124
8439,72125
11988,72126
10484,72127
13514,72128
13514,72129
18533,72130
12965,72131
8519,72135
3037,72136
8940,72138
18172,72140
18172,72141
18172,72142
9225,72143
5723,72144
4837,72145
13551,72146
18534,72148
18535,72149
18104,72150
8622,72151
8027,72152
3100,72153
15982,72154
18536,72156
18479,72157
16168,72158
9664,72159
18276,72160
18537,72161
18538,72162
17059,72163
6792,72164
18539,72165
18540,72166
5089,72167
18541,72168
6142,72169
5624,72170
8091,72171
9710,72172
18327,72173
18542,72174
18543,72175
4227,72176
1590,72177
18544,72178
18545,72179
14671,72181
2022,72183
14673,72184
18546,72185
18546,72186
295,72188
18547,72190
3985,72191
13669,72193
18548,72194
100,72195
18549,72196
9664,72199
18550,72200
12484,72201
11189,72205
18551,72206
16856,72207
18318,72208
18172,72209
18552,72210
4522,72212
4522,72213
8016,72214
8016,72215
14721,72216
6192,72217
18553,72218
18554,72219
4488,72220
7665,72222
2580,72223
12587,72224
3709,72225
7078,72226
16069,72231
4352,72232
47,72233
15921,72234
18555,72235
13314,72236
4756,72237
3159,72239
18556,72240
7631,72242
18557,72243
18558,72244
18024,72245
1077,72248
2602,72249
12654,72250
2741,72251
15667,72253
8095,72254
12208,72257
18559,72258
6304,72259
3964,72260
14673,72261
7522,72262
16878,72263
16366,72264
3636,72265
18560,72267
784,72268
13417,72269
1642,72270
941,72271
18561,72272
340,72274
3914,72276
16648,72277
18562,72278
18563,72279
6406,72280
18100,72281
9700,72285
1736,72287
2998,72288
7501,72289
8515,72290
8515,72291
18564,72293
18565,72294
18565,72295
13026,72297
3967,72300
10707,72301
18566,72302
9530,72303
10495,72304
2779,72305
18523,72306
8049,72307
10107,72308
18567,72309
13627,72310
17684,72311
18465,72312
14042,72314
18568,72315
18568,72316
3213,72318
18569,72319
1289,72320
10037,72322
10610,72323
723,72324
18570,72325
16404,72326
3447,72327
8779,72328
11046,72329
18571,72330
18572,72331
7459,72332
4300,72333
13646,72335
7111,72336
6663,72337
5780,72338
11399,72339
15579,72340
18573,72341
16957,72342
8830,72343
8371,72344
18574,72346
11204,72348
9274,72349
12488,72350
14397,72351
13561,72352
4117,72353
16856,72354
15315,72355
7733,72356
4569,72357
18575,72359
4756,72360
18576,72361
18577,72362
1326,72363
7688,72364
12159,72366
18578,72367
642,72369
642,72370
856,72371
13891,72373
18579,72374
1744,72375
3369,72377
3369,72378
3369,72379
10080,72380
10230,72381
16366,72382
4258,72383
14145,72384
18580,72386
18581,72387
12516,72388
17447,72389
18582,72390
11360,72391
18419,72393
18583,72395
4041,72396
11422,72397
18584,72398
18585,72399
7631,72400
18197,72402
653,72403
4868,72404
18103,72406
2728,72407
7657,72408
7657,72409
7288,72414
18379,72416
2067,72417
18586,72418
18090,72421
12212,72422
18372,72423
18587,72425
16256,72426
13656,72427
5883,72428
18588,72429
5697,72430
18589,72431
3700,72433
4371,72434
3299,72435
3709,72437
18275,72438
4027,72440
12649,72442
9562,72443
13441,72444
3063,72445
10532,72447
646,72448
16413,72449
653,72450
16194,72451
4428,72452
18331,72453
3123,72454
3763,72457
3128,72458
18590,72459
18479,72461
18175,72462
18591,72464
18592,72465
7788,72466
9691,72469
6144,72470
18315,72471
18327,72473
3156,72475
18543,72477
8122,72478
7054,72479
6767,72480
18593,72481
18594,72483
16672,72485
14671,72486
18484,72488
18484,72489
14248,72490
18137,72491
15123,72492
18595,72493
18596,72495
18597,72496
3238,72497
355,72498
15590,72499
7719,72500
18598,72501
8940,72502
4113,72503
18599,72504
18600,72505
18601,72506
17741,72507
2955,72509
18514,72510
518,72511
7506,72512
664,72513
3128,72514
18175,72515
4169,72516
8794,72518
6822,72519
18602,72520
18289,72523
11204,72525
18523,72527
18603,72528
11594,72529
18604,72530
8539,72531
3156,72532
9411,72534
3899,72535
18290,72537
794,72538
16132,72539
17227,72540
9527,72541
4063,72542
280,72543
2505,72544
16212,72545
18605,72546
7786,72547
6075,72548
13152,72550
18606,72551
14063,72552
18351,72553
13225,72554
13225,72555
4749,72556
18607,72557
18607,72558
18449,72559
8249,72560
14708,72561
18608,72562
10610,72563
9666,72564
11766,72565
15979,72566
18355,72567
2057,72570
8900,72572
9919,72573
3905,72574
12353,72575
18609,72576
2622,72577
6670,72579
8190,72580
18610,72581
18611,72582
18297,72583
427,72584
15675,72586
7182,72587
2175,72588
12637,72589
4004,72590
17972,72592
1143,72593
9562,72594
18612,72596
3063,72597
12363,72598
8017,72601
10335,72602
6967,72603
13011,72604
13011,72605
7761,72606
18613,72607
1514,72610
18614,72612
18592,72613
18441,72616
18138,72617
8328,72618
8816,72619
5000,72620
2022,72622
5494,72625
9545,72627
18615,72628
17059,72630
18616,72631
8122,72632
8887,72633
8887,72634
15338,72635
18617,72636
17741,72638
18618,72639
18618,72640
1560,72642
18619,72643
18620,72644
18621,72645
18622,72646
18623,72647
18624,72648
18625,72649
18624,72650
