gene_id,Entrez_Gene_Id,Hugo_Symbol
33923,,A3GALT2
34626,,AAED1
33629,,AAGAB
35857,,AAMDC
34456,,AANAT
34243,,AARSD1
34280,,AATK
18007,,AB019440.50
4136,,ABC7-42389800N19.1
33025,,ABCB9
36608,,ABCD3
34429,,ABHD12
35132,,ABHD14A
33573,,ABHD14B
35076,,ABHD17C
34421,,ABHD18
34553,,ABRACL
33263,,ABRAXAS1
33752,,ABRAXAS2
9360,,AC002472.13
12150,,AC002511.2
18177,,AC002539.2
13065,,AC003101.1
10179,,AC004014.3
18219,,AC004129.7
9208,,AC004158.2
7979,,AC004166.6
11428,,AC004381.6
13099,,AC004673.1
13389,,AC004840.9
14580,,AC004870.3
9552,,AC004870.5
10890,,AC004901.1
14733,,AC004987.9
9548,,AC005017.2
18309,,AC005041.11
11920,,AC005077.7
13466,,AC005255.6
17015,,AC005562.1
2947,,AC005863.1
16276,,AC006001.1
11899,,AC006023.8
13296,,AC006024.4
7088,,AC006026.10
9337,,AC006159.3
17672,,AC006322.1
15168,,AC006380.1
18509,,AC006432.1
12231,,AC006455.1
18182,,AC006548.26
10773,,AC007000.12
10163,,AC007131.2
17949,,AC007163.6
17641,,AC007238.1
18258,,AC007248.7
15144,,AC007277.3
10880,,AC007317.1
5039,,AC007318.5
10989,,AC007319.1
13056,,AC007353.1
14695,,AC007358.1
5152,,AC007364.1
17429,,AC007402.1
14333,,AC007405.6
11105,,AC007879.6
15493,,AC007881.4
7471,,AC007952.5
11411,,AC007969.5
16284,,AC008060.7
9817,,AC008079.9
17829,,AC008132.1
18066,,AC008132.13
13300,,AC008155.2
16064,,AC008163.4
10007,,AC008265.2
16648,,AC008268.2
18586,,AC008271.1
10554,,AC008278.3
15158,,AC008394.1
17664,,AC008410.1
13213,,AC008746.9
15755,,AC008747.1
16652,,AC008836.1
15834,,AC009014.3
17034,,AC009120.4
18248,,AC009120.8
17755,,AC009159.1
10654,,AC009312.1
13546,,AC009365.3
10761,,AC009403.2
13164,,AC009517.2
10374,,AC009784.3
18190,,AC009878.2
9561,,AC010091.1
17648,,AC010127.3
18089,,AC010150.2
16578,,AC010376.1
18340,,AC010455.1
16895,,AC010492.4
10233,,AC010546.1
17826,,AC010642.1
12930,,AC010731.4
14202,,AC010733.7
13495,,AC010739.1
11382,,AC010874.1
11897,,AC010976.2
5042,,AC010982.1
11011,,AC011288.2
10144,,AC011718.2
11083,,AC011747.6
18158,,AC012309.5
15342,,AC012317.1
18325,,AC012414.1
18467,,AC013248.2
10099,,AC013394.2
10121,,AC015818.3
18481,,AC016194.1
8086,,AC016251.1
14642,,AC016582.2
3245,,AC016700.4
9342,,AC016708.2
13995,,AC016734.2
9842,,AC016735.2
18372,,AC016737.1
10922,,AC016739.2
15286,,AC016757.3
9582,,AC016885.1
3912,,AC017083.3
18451,,AC018638.1
3550,,AC018720.10
16892,,AC018755.16
16746,,AC018804.6
14858,,AC018865.5
12873,,AC021218.2
4841,,AC022182.2
15585,,AC022210.2
9977,,AC022431.2
11937,,AC022596.2
8425,,AC023469.1
15351,,AC023490.2
9859,,AC024084.1
16190,,AC024132.1
9967,,AC024560.3
17754,,AC025287.1
17877,,AC025627.9
13197,,AC026150.5
18423,,AC026700.1
12629,,AC026797.1
18283,,AC027269.2
7887,,AC027612.3
12212,,AC027612.4
14001,,AC027612.6
11029,,AC027763.2
18457,,AC034198.7
14843,,AC034228.7
8087,,AC055873.1
5064,,AC060834.2
9840,,AC067959.1
17944,,AC068279.3
8168,,AC068538.2
13702,,AC069067.1
10214,,AC069213.1
10884,,AC069277.2
10650,,AC073218.1
10985,,AC073218.2
13166,,AC073236.3
14553,,AC073283.4
3555,,AC073310.4
69,,AC073343.13
7889,,AC073464.11
14203,,AC073464.7
18461,,AC073648.1
10402,,AC073869.1
18480,,AC073869.2
9443,,AC073869.20
11505,,AC074051.1
10135,,AC074212.3
10370,,AC074363.1
10822,,AC074391.1
17226,,AC074391.2
3426,,AC078899.1
9187,,AC078941.1
10988,,AC079305.11
12182,,AC079325.6
3498,,AC079354.1
5387,,AC079612.1
13692,,AC079776.6
18149,,AC079780.3
18131,,AC079834.1
14556,,AC079922.2
11192,,AC083873.4
4774,,AC083899.3
10882,,AC084193.1
18551,,AC084262.1
18092,,AC090573.1
18091,,AC091705.2
18385,,AC091736.1
17454,,AC092155.1
10651,,AC092155.4
16359,,AC092329.1
10984,,AC092594.1
18352,,AC092646.1
9436,,AC092651.1
12592,,AC092653.5
2625,,AC092675.3
18120,,AC092925.1
17001,,AC093616.4
11441,,AC093698.2
11679,,AC093802.1
9934,,AC093838.4
18311,,AC095061.1
10649,,AC096559.1
16752,,AC096574.4
6369,,AC096579.13
14734,,AC096582.8
7689,,AC096649.3
9929,,AC097374.2
17943,,AC098817.5
7688,,AC098826.4
7541,,AC099552.4
17645,,AC103563.2
18429,,AC103564.6
18380,,AC103564.7
14204,,AC104306.1
18199,,AC104441.1
15445,,AC104654.1
13153,,AC104809.3
18431,,AC104809.4
17121,,AC105339.2
18169,,AC105342.1
18606,,AC106795.1
17379,,AC106860.1
18577,,AC107083.1
16417,,AC107982.4
13658,,AC108142.1
18297,,AC108696.1
18507,,AC109351.1
12353,,AC109829.1
15913,,AC110769.1
18440,,AC112693.1
15915,,AC112715.2
14562,,AC112721.1
10991,,AC112721.2
18197,,AC113607.2
11527,,AC114755.5
9068,,AC114755.7
7886,,AC116050.1
4945,,AC116553.1
18458,,AC116562.1
16249,,AC117444.1
18422,,AC118282.1
4328,,AC118345.2
18393,,AC121157.1
16562,,AC126365.1
18208,,AC128653.1
18312,,AC131094.1
10482,,AC131097.3
17996,,AC131213.1
12999,,AC134698.1
18192,,AC135776.1
13831,,AC136604.1
16644,,AC138761.1
18615,,AC138783.11
6668,,AC140481.2
34392,,ACAA2
34754,,ACAP2
35056,,ACBD6
34541,,ACBD7
35148,,ACER3
34466,,ACKR1
34745,,ACOD1
34666,,ACOT13
33094,,ACOT4
34948,,ACOT6
34047,,ACP4
34535,,ACP5
33987,,ACP7
11685,,ACPL2
34313,,ACSM6
35454,,ACTL6A
35995,,ACTR6
35010,,ACYP1
36645,,ADA2
33803,,ADAM20
34079,,ADAM28
16857,,ADAMTS7P2
34552,,ADAT3
3219,,ADC
35678,,ADCYAP1
35882,,ADGRA2
36210,,ADGRA3
35505,,ADGRB1
33993,,ADGRB2
34752,,ADGRB3
34412,,ADGRD1
33986,,ADGRD2
35289,,ADGRE1
34893,,ADGRE2
36714,,ADGRE3
33618,,ADGRE5
35891,,ADGRF1
35475,,ADGRF2
34998,,ADGRF3
35218,,ADGRF4
34797,,ADGRF5
32802,,ADGRG1
33963,,ADGRG2
36530,,ADGRG3
36309,,ADGRG4
35104,,ADGRG5
34316,,ADGRG6
35635,,ADGRG7
36584,,ADGRL4
33797,,ADGRV1
35433,,ADHFE1
35809,,ADIG
35597,,ADIRF
36098,,ADK
35206,,ADM2
34119,,ADORA2B
32877,,ADPRM
34405,,ADRB1
34681,,ADRB2
36066,,ADRM1
35907,,AEN
33386,,AES
10909,,AF096876.1
14184,,AF165138.7
14357,,AF213884.1
15008,,AF228730.1
33387,,AFAP1L2
34357,,AFG1L
12347,,AGAP7
17691,,AGAP8
35966,,AGAP9
35567,,AGBL5
34638,,AGMAT
36105,,AGPAT1
33673,,AGPAT5
34019,,AGR3
34595,,AGTRAP
32770,,AHSP
35016,,AIF1L
33498,,AIPL1
18413,,AJ239321.3
14961,,AJ239322.1
33256,,AJM1
35911,,AJUBA
36702,,AK1
35865,,AK2
35092,,AK6
33212,,AKAIN1
36412,,AKAP1
32872,,AKAP7
34488,,AKIP1
36058,,AKIRIN1
35909,,AKIRIN2
36396,,AKR1C3
35813,,AKR1E2
15182,,AL022344.4
11786,,AL033381.1
12271,,AL035088.1
10512,,AL035610.2
18402,,AL049798.1
18088,,AL049831.1
18591,,AL121819.1
18357,,AL132819.1
18468,,AL135784.1
8983,,AL136160.1
18263,,AL136302.1
18115,,AL136987.1
18409,,AL137118.1
12143,,AL139812.1
18313,,AL157884.1
15943,,AL158091.1
18093,,AL161908.1
18538,,AL163952.2
18581,,AL353707.1
11322,,AL353997.4
12741,,AL354775.1
14245,,AL354984.2
9232,,AL355390.1
10315,,AL359853.1
11211,,AL359878.1
16321,,AL390335.1
11379,,AL445258.1
16115,,AL445384.1
14887,,AL450307.1
15489,,AL583842.1
18420,,AL589743.1
11784,,AL590483.1
18362,,AL590762.6
17856,,AL590874.1
18394,,AL591034.1
12585,,AL592063.1
18356,,AL592205.1
15386,,AL603965.1
3483,,AL626787.1
14889,,AL645944.1
18143,,AL646016.1
10832,,AL662890.1
36426,,ALG14
33995,,ALKAL1
35095,,ALKAL2
35434,,ALKBH2
33584,,ALKBH6
35616,,ALKBH7
33090,,ALOX5AP
35117,,ALPG
36461,,ALYREF
34484,,AMBN
33609,,AMDHD1
36093,,AMDHD2
35598,,AMY1B
33488,,AMZ2
35074,,ANAPC10
36208,,ANAPC13
33465,,ANG
35783,,ANGPT2
34723,,ANGPT4
34498,,ANGPTL8
34395,,ANKRA2
33742,,ANKRD10
34409,,ANKRD20A2
36096,,ANKRD23
35724,,ANKRD29
34545,,ANKRD39
34482,,ANKRD40
32897,,ANKRD40CL
34975,,ANKRD49
32830,,ANKRD53
32797,,ANKRD63
33587,,ANKRD65
34784,,ANKRD9
33325,,ANO10
34469,,ANOS1
35757,,ANP32D
33625,,ANXA1
34442,,ANXA2
9285,,AP000235.2
17331,,AP000322.53
18438,,AP000344.3
9821,,AP000345.1
1630,,AP000350.4
15113,,AP000362.1
15422,,AP000445.2
13941,,AP000525.9
18466,,AP000619.5
18160,,AP000997.1
18081,,AP001187.1
11038,,AP001597.1
17111,,AP001631.10
18140,,AP002364.1
13581,,AP002387.1
15708,,AP002806.1
10282,,AP002884.1
10284,,AP002954.4
8118,,AP005901.1
11244,,AP006216.11
34300,,AP2S1
35618,,AP4B1
34585,,AP4E1
33530,,AP5M1
33314,,APELA
34151,,APH1B
35021,,APOA2
36463,,APOBEC1
34150,,APOBEC2
34864,,APOBEC3C
34519,,APOBEC3H
33441,,APOC4
34361,,APOLD1
36413,,APOM
36541,,APOO
36145,,APOPT1
34847,,AQP2
34674,,AQP4
34741,,AQP5
12965,,AQPEP
17456,,AREGB
33321,,ARF3
34142,,ARF6
33716,,ARFGEF3
36147,,ARG1
34100,,ARHGAP45
33756,,ARHGAP8
33860,,ARHGEF35
35072,,ARHGEF39
34826,,ARID3C
36177,,ARIH2OS
34503,,ARL14
34974,,ARL14EPL
33376,,ARL16
33562,,ARL17A
33464,,ARL17B
35380,,ARL2BP
34059,,ARL5A
35174,,ARL6IP4
35584,,ARL6IP5
35952,,ARL8A
34477,,ARMC12
34287,,ARMCX1
35435,,ARMH1
34753,,ARMH2
35537,,ARMH3
36475,,ARMH4
35673,,ARMS2
33694,,ARMT1
36283,,ARPC3
34940,,ARPC4
35067,,ARPC5L
33772,,ARPIN
36675,,ARPP19
33110,,ARRB1
34414,,ARRDC4
36172,,ARRDC5
34919,,ARSB
35925,,ARSD
34074,,ARV1
36620,,ARVCF
33213,,ASAH2B
35741,,ASB13
36303,,ASB18
33670,,ASB3
34034,,ASB6
33268,,ASCL3
33093,,ASCL5
35280,,ASF1A
35038,,ASF1B
33357,,ASGR1
35259,,ASPHD1
36386,,ATF5
36643,,ATG10
36090,,ATG101
36168,,ATG12
36153,,ATG14
33635,,ATG4D
34402,,ATMIN
36113,,ATOH7
33914,,ATP1B1
34308,,ATP23
33834,,ATP5F1A
33698,,ATP5F1B
36715,,ATP5F1C
35023,,ATP5F1D
35704,,ATP5F1E
35914,,ATP5IF1
36240,,ATP5MC1
35924,,ATP5MC2
32908,,ATP5MC3
33037,,ATP5MD
35141,,ATP5ME
36041,,ATP5MF
36194,,ATP5MG
33917,,ATP5MGL
33952,,ATP5MPL
35131,,ATP5PB
36566,,ATP5PD
33862,,ATP5PF
36195,,ATP5PO
34591,,ATP6V0B
34628,,ATP6V1D
32984,,ATP6V1E2
34936,,ATP6V1FNB
36585,,ATP6V1G2
34889,,ATPAF2
35662,,AUH
34946,,AUNIP
33080,,AURKAIP1
35276,,AVP
36597,,AVPI1
10440,,AZI1
34051,,AZIN2
33509,,B3GLCT
33873,,B3GNT2
32780,,B3GNT5
36494,,B3GNT6
36706,,B3GNT7
35282,,B3GNT8
36277,,B3GNT9
35619,,B4GALT3
34491,,B4GALT7
33193,,B4GAT1
35383,,B9D1
36484,,B9D2
35993,,BABAM1
33269,,BABAM2
36036,,BAMBI
32909,,BANF1
36688,,BANF2
35450,,BARHL1
34463,,BATF3
35305,,BAX
33112,,BBC3
34350,,BBIP1
33448,,BBOF1
33877,,BBS10
34426,,BCAP31
35876,,BCAS4
36723,,BCDIN3D
34368,,BCKDHA
34713,,BCL10
36647,,BCL2L1
35250,,BCL2L10
35979,,BCL2L14
36131,,BCL7A
33096,,BCL7B
33483,,BCLAF3
8746,,BCMO1
35583,,BCO1
34291,,BDH1
33634,,BDH2
33379,,BDKRB2
35945,,BECN2
35370,,BEND5
35672,,BEND7
33593,,BEST4
35938,,BET1L
33047,,BEX2
34569,,BEX3
35494,,BEX5
33815,,BHLHA15
33971,,BHLHA9
34544,,BHLHE41
35231,,BHMG1
32854,,BICDL1
33692,,BICDL2
35972,,BICRA
35986,,BICRAL
32901,,BIK
34168,,BIN3
35763,,BIRC2
33801,,BIVM
34169,,BLCAP
36154,,BLOC1S5
34012,,BLVRB
36473,,BMF
34572,,BMP8B
13182,,BMS1P5
33427,,BMT2
35269,,BNIPL
36088,,BOLA1
36367,,BOLA2
35987,,BOLA2B
33462,,BORCS5
35679,,BORCS6
32946,,BORCS7
35649,,BORCS8
34883,,BPGM
36489,,BPIFA2
33651,,BPY2
35476,,BPY2B
35578,,BPY2C
33836,,BRD3OS
35697,,BRI3
35437,,BRICD5
34794,,BRIX1
35493,,BRMS1L
34561,,BSCL2
35318,,BST2
33245,,BTBD10
34501,,BTBD17
35216,,BTBD3
33097,,BTG3
32876,,BTG4
36333,,BUD23
17816,,BX088645.3
16802,,BX088651.1
16908,,BX842568.4
33696,,BZW1
36254,,C10ORF105
6970,,C10ORF118
35700,,C10ORF143
4082,,C10ORF68
35815,,C10ORF88
34768,,C10ORF99
33846,,C11ORF16
9167,,C11ORF35
33560,,C11ORF42
35703,,C11ORF45
35480,,C11ORF49
35691,,C11ORF58
36392,,C11ORF68
17067,,C11ORF82
34219,,C11ORF91
33827,,C11ORF94
34394,,C11ORF95
34521,,C11ORF97
10795,,C12ORF23
8054,,C12ORF39
34027,,C12ORF42
32902,,C12ORF45
34684,,C12ORF49
5616,,C12ORF55
36567,,C12ORF73
36696,,C13ORF42
33233,,C14ORF132
33893,,C14ORF178
34929,,C14ORF180
35622,,C14ORF93
36032,,C15ORF40
33234,,C15ORF65
13909,,C16ORF11
14360,,C16ORF80
35947,,C16ORF86
36047,,C16ORF89
16535,,C17ORF103
36609,,C17ORF107
36705,,C17ORF113
35189,,C17ORF58
5093,,C17ORF66
32823,,C17ORF67
35688,,C17ORF99
35595,,C18ORF21
34766,,C18ORF54
17913,,C18ORF56
5554,,C18ORF64
33885,,C19ORF25
6351,,C19ORF55
16002,,C19ORF59
18456,,C19ORF69
35980,,C19ORF70
33684,,C19ORF73
18317,,C19ORF77
34163,,C1GALT1C1
36659,,C1GALT1C1L
33915,,C1ORF105
34559,,C1ORF122
34947,,C1ORF131
33503,,C1ORF158
34691,,C1ORF159
12893,,C1ORF170
16724,,C1ORF172
1682,,C1ORF173
33445,,C1ORF174
33537,,C1ORF189
35535,,C1ORF210
34016,,C1ORF216
5641,,C1ORF222
1687,,C1ORF51
34954,,C1ORF54
34533,,C1ORF56
13490,,C1ORF65
33739,,C1QBP
35854,,C1QTNF12
36169,,C1QTNF2
36189,,C1QTNF3
35895,,C1QTNF4
34283,,C1QTNF9
15100,,C20ORF112
36507,,C20ORF144
35933,,C20ORF202
32777,,C20ORF203
36255,,C20ORF204
3437,,C20ORF26
35883,,C21ORF91
33828,,C22ORF31
36319,,C22ORF39
2440,,C22ORF43
34109,,C2CD4A
35538,,C2CD4B
36515,,C2CD4C
33910,,C2CD4D
33764,,C2CD6
33832,,C2ORF15
34025,,C2ORF40
5309,,C2ORF47
34865,,C2ORF49
35098,,C2ORF50
7680,,C2ORF53
29,,C2ORF62
33982,,C2ORF68
36115,,C2ORF92
33354,,C3AR1
33418,,C3ORF14
36467,,C3ORF22
32966,,C3ORF33
35561,,C3ORF36
33000,,C3ORF38
16046,,C3ORF55
8465,,C3ORF72
32868,,C3ORF80
11779,,C3ORF83
35479,,C3ORF84
35939,,C3ORF85
35420,,C4BPB
34492,,C4ORF19
4357,,C4ORF21
35235,,C4ORF3
3973,,C4ORF40
34802,,C4ORF48
33307,,C4ORF54
34240,,C5AR2
35846,,C5ORF15
34926,,C5ORF38
16266,,C5ORF48
35344,,C5ORF52
15454,,C5ORF54
33802,,C5ORF67
34167,,C6ORF106
36642,,C6ORF120
35185,,C6ORF136
33299,,C6ORF163
34220,,C6ORF223
36458,,C7ORF33
36707,,C7ORF61
2543,,C7ORF63
32924,,C8G
12045,,C8ORF47
34978,,C8ORF48
33578,,C8ORF59
33118,,C9ORF116
34823,,C9ORF129
33397,,C9ORF16
12172,,C9ORF37
36538,,C9ORF40
33359,,C9ORF43
35195,,C9ORF47
36491,,C9ORF85
34000,,C9ORF92
35329,,CA13
34549,,CA4
34874,,CA5A
33974,,CA8
36634,,CAAP1
32928,,CAB39
36391,,CABCOCO1
36493,,CACTIN
33999,,CADM4
32943,,CALCA
32816,,CALHM4
35803,,CALHM5
36483,,CALHM6
35062,,CALML5
33921,,CALY
34774,,CAMK1
33701,,CAMK2N2
35402,,CAMKK1
34033,,CAMLG
32885,,CANT1
36547,,CANX
34649,,CAPG
33793,,CAPNS1
35511,,CAPS
33183,,CAPZA2
33367,,CAPZA3
33546,,CARD19
34398,,CARD9
34862,,CARHSP1
35463,,CARMIL1
33922,,CARMIL2
35399,,CARMIL3
33809,,CARNMT1
33919,,CASC10
33708,,CASP12
33559,,CASP4
33599,,CASTOR1
34161,,CASTOR3
35375,,CATIP
35249,,CATSPERE
34382,,CATSPERZ
33372,,CAVIN1
33807,,CAVIN2
34543,,CAVIN3
36630,,CAVIN4
35271,,CBARP
35711,,CBFA2T2
35747,,CBFB
34997,,CBLL2
32974,,CBR1
33466,,CBR3
36505,,CBR4
32919,,CBWD3
35457,,CBWD5
32784,,CBX1
34406,,CBX7
33286,,CBY1
33431,,CC2D2B
35851,,CCDC103
10917,,CCDC104
33195,,CCDC106
33209,,CCDC107
922,,CCDC11
34970,,CCDC112
32835,,CCDC121
33865,,CCDC122
34767,,CCDC134
8093,,CCDC135
6109,,CCDC147
33555,,CCDC153
34715,,CCDC160
36480,,CCDC166
33119,,CCDC167
36468,,CCDC177
34892,,CCDC182
34790,,CCDC184
34174,,CCDC185
35572,,CCDC186
35931,,CCDC188
34696,,CCDC189
8386,,CCDC19
35735,,CCDC191
33985,,CCDC192
35300,,CCDC194
33116,,CCDC196
33062,,CCDC197
35449,,CCDC198
34878,,CCDC24
14903,,CCDC41
34354,,CCDC42
34898,,CCDC51
36529,,CCDC58
35708,,CCDC6
35500,,CCDC65
36260,,CCDC70
34475,,CCDC71L
33010,,CCDC84
36560,,CCDC85B
35061,,CCDC85C
33241,,CCDC86
35929,,CCDC90B
36080,,CCDC96
34921,,CCDC9B
36091,,CCER2
32904,,CCL1
33542,,CCL13
35775,,CCL19
34274,,CCL20
35942,,CCL21
36371,,CCL24
34858,,CCL27
33124,,CCL28
36223,,CCL7
32873,,CCNE2
36372,,CCNG1
34101,,CCNH
34317,,CCNI2
34850,,CCNT2
34711,,CCNYL1
33622,,CCS
36532,,CCSAP
35384,,CCT3
34232,,CCT7
34672,,CCT8
35200,,CD14
36603,,CD164L2
32845,,CD27
33930,,CD2BP2
35917,,CD300E
35226,,CD302
33368,,CD3D
34423,,CD3E
36104,,CD4
36357,,CD5
33120,,CD53
36663,,CD55
34579,,CD58
35263,,CD63
34244,,CD68
33154,,CD70
35230,,CD74
33481,,CDC14C
35921,,CDC23
36173,,CDC25A
34956,,CDC26
33520,,CDC34
34301,,CDC42EP2
36282,,CDC42EP5
35356,,CDC42SE2
35210,,CDC7
34611,,CDCA2
33148,,CDCA3
33991,,CDCA4
33487,,CDCA5
35103,,CDH1
36249,,CDK10
35532,,CDK20
33835,,CDK2AP1
36427,,CDK2AP2
33774,,CDK4
33196,,CDK5RAP3
33207,,CDK7
33569,,CDKN1A
32819,,CDKN1B
36482,,CDKN1C
36728,,CDKN2AIPNL
33826,,CDKN2B
35530,,CDKN3
32940,,CDPF1
36385,,CDRT4
33664,,CDSN
35314,,CDT1
33468,,CDV3
32813,,CDY1
35728,,CDY1B
32787,,CDY2A
33666,,CDY2B
33158,,CEACAM6
35442,,CEACAM7
36073,,CEBPA
36550,,CEBPD
32847,,CEBPZOS
35780,,CEMIP
34630,,CEMIP2
35219,,CEMP1
34246,,CENPA
34263,,CENPN
32887,,CENPU
35570,,CENPVL1
34276,,CENPVL3
35253,,CENPW
35265,,CENPX
34981,,CEP126
34344,,CEP131
33023,,CEP162
35612,,CEP19
35819,,CEP295
36414,,CEP295NL
35033,,CEP76
36580,,CEP83
36287,,CEP85L
36341,,CERS1
32938,,CES3
35313,,CFAP100
33034,,CFAP126
33897,,CFAP157
36432,,CFAP161
34601,,CFAP20
35760,,CFAP221
34604,,CFAP298
34999,,CFAP299
34578,,CFAP300
35328,,CFAP36
33337,,CFAP410
32989,,CFAP43
36470,,CFAP44
35661,,CFAP45
35215,,CFAP46
35284,,CFAP47
36055,,CFAP52
35065,,CFAP53
35315,,CFAP54
35589,,CFAP57
34238,,CFAP58
35894,,CFAP61
32874,,CFAP65
34616,,CFAP69
36124,,CFAP70
36593,,CFAP73
34603,,CFAP74
36637,,CFAP77
36572,,CFAP97
33098,,CFAP97D1
32960,,CFAP99
33279,,CFB
36220,,CFC1B
33892,,CFD
35888,,CFDP1
33896,,CGAS
36433,,CGB1
32918,,CGGBP1
15356,,CH17-132F21.1
34390,,CHAC2
35369,,CHCHD10
36178,,CHERP
32828,,CHKA
35403,,CHMP2B
33612,,CHMP4A
33640,,CHMP5
33228,,CHMP6
36237,,CHORDC1
36472,,CHP1
34410,,CHPT1
33586,,CHRAC1
35823,,CHRFAM7A
36183,,CHRNA3
35052,,CHRNB2
35462,,CHST14
35499,,CHSY1
34322,,CIAO1
34116,,CIAO2A
34617,,CIAO2B
34558,,CIAO3
36662,,CIART
35534,,CIP2A
35732,,CISD2
34736,,CITED1
33891,,CITED4
33602,,CKLF
35240,,CKS2
35663,,CLBA1
35840,,CLCC1
33339,,CLCF1
32952,,CLCN2
34087,,CLDN1
35255,,CLDN20
34625,,CLDN24
34644,,CLDN34
35822,,CLDN6
36583,,CLDN7
34257,,CLDND2
36700,,CLEC12B
33423,,CLEC18A
32796,,CLEC19A
34612,,CLEC20A
34702,,CLEC2L
36230,,CLEC3B
33285,,CLEC4A
36017,,CLEC4D
34891,,CLEC6A
35862,,CLECL1
36627,,CLHC1
34834,,CLK3
34831,,CLN5
33413,,CLN8
35946,,CLPSL1
36522,,CLPSL2
33588,,CLTRN
34058,,CLYBL
35804,,CMC2
36022,,CMTM2
35438,,CMTM3
34203,,CMTM8
35889,,CNBP
32799,,CNEP1R1
33714,,CNFN
36428,,CNMD
35260,,CNNM3
35759,,CNNM4
33717,,CNOT10
32808,,CNOT11
32772,,CNOT9
36302,,CNPY3
33702,,CNR2
34930,,CNRIP1
35653,,COA4
34078,,COA5
35546,,COA6
34759,,COIL
34106,,COMMD2
34966,,COMMD3
36008,,COMMD4
34089,,COMMD5
33697,,COMMD6
33457,,COMTD1
34264,,COP1
35639,,COPE
33396,,COPS5
35142,,COPS7A
34925,,COPS9
34896,,COPZ1
33582,,COQ8A
35771,,COQ8B
34329,,CORO1B
36636,,CORO2A
32792,,CORT
34770,,COTL1
36273,,COX14
36259,,COX16
36578,,COX17
34381,,COX19
34275,,COX5A
33733,,COX6A2
36434,,COX6B1
34952,,COX6B2
33965,,COX6C
33662,,COX7A1
33086,,COX7A2
33289,,COX7A2L
34486,,COX7B
36050,,COX7C
36143,,COX8A
35054,,COX8C
35478,,CPLANE1
35627,,CPLANE2
34614,,CPLX1
36654,,CPNE2
33287,,CPOX
36565,,CPSF4L
36348,,CPTP
10696,,CR812485.1
10420,,CR848007.2
34260,,CRABP2
33415,,CRACR2A
35800,,CRACR2B
34339,,CRADD
35920,,CRAMP1
36528,,CRAT
33722,,CRBN
32778,,CRCT1
33882,,CREB3
33035,,CREG1
34512,,CREG2
33100,,CRH
36304,,CRIP2
35828,,CRIP3
35949,,CRIPT
35648,,CRK
36610,,CRLS1
35575,,CROCC2
32977,,CRYAB
33773,,CRYBA1
33435,,CRYBB2
36718,,CRYBG1
33964,,CRYBG2
35749,,CRYGS
34073,,CRYL1
36544,,CRYZL1
35026,,CSAG1
34769,,CSDC2
32903,,CSF3R
33817,,CSK
34787,,CSNK2A2
32815,,CSNK2A3
34724,,CSNK2B
36003,,CSRP3
33585,,CST6
34592,,CSTF3
35350,,CT47A1
35379,,CT47A10
35540,,CT47A11
35000,,CT47A12
35969,,CT47A2
33156,,CT47A3
36449,,CT47A4
36203,,CT47A5
36191,,CT47A6
33767,,CT47A7
35571,,CT47A8
35246,,CT47A9
9195,,CT49
35588,,CT62
10997,,CT64
33416,,CT83
15688,,CTA-134P22.2
18407,,CTA-242H14.1
9198,,CTA-392E5.1
35886,,CTAG1B
36664,,CTAGE4
35396,,CTAGE8
15869,,CTB-1048E9.7
7846,,CTB-111H14.1
12497,,CTB-114C7.4
14212,,CTB-134H23.2
15348,,CTB-147C22.3
17204,,CTB-167G5.5
18271,,CTB-181F24.1
18383,,CTB-186H2.2
11611,,CTB-31N19.2
16927,,CTB-52I2.4
18432,,CTB-63M22.1
8503,,CTB-78H18.1
18493,,CTB-88F18.4
18397,,CTB-91J4.1
15535,,CTB-95D12.1
10663,,CTC-228N24.1
18135,,CTC-305H11.1
8929,,CTC-340A15.2
11006,,CTC-347C20.1
18501,,CTC-444N24.8
9770,,CTC-457E21.3
16358,,CTC-457E21.5
11759,,CTC-457E21.6
12121,,CTC-471F3.5
18563,,CTC-484M2.1
8803,,CTC-490E21.12
7637,,CTC-490E21.13
18399,,CTC-490G23.4
9220,,CTC-512J14.5
4552,,CTC-512J14.7
15269,,CTC-513N18.6
10564,,CTC-546K23.1
12630,,CTD-2001E22.1
8988,,CTD-2008A1.2
14618,,CTD-2014N11.1
18215,,CTD-2015A6.2
17792,,CTD-2015B23.2
16504,,CTD-2026G22.1
18194,,CTD-2104P17.1
15205,,CTD-2116F7.1
10561,,CTD-2127H9.1
18519,,CTD-2132H18.3
7454,,CTD-2140G10.2
10172,,CTD-2143L24.1
14130,,CTD-2144E22.10
18112,,CTD-2144E22.2
16598,,CTD-2192J16.15
7945,,CTD-2201E18.3
10242,,CTD-2210P24.6
9499,,CTD-2218G20.1
10472,,CTD-2251F13.1
18455,,CTD-2267D19.3
12005,,CTD-2269E23.2
11386,,CTD-2272G21.2
13706,,CTD-2287O16.3
17875,,CTD-2302E22.1
18187,,CTD-2306M5.1
10380,,CTD-2307P3.1
15189,,CTD-2313N18.8
18175,,CTD-2314B22.3
3982,,CTD-2324F15.2
10814,,CTD-2506J14.1
12650,,CTD-2526L21.2
10673,,CTD-2540L5.6
9207,,CTD-2544M6.1
16000,,CTD-2547E10.3
17594,,CTD-2554C21.3
12339,,CTD-2555A7.2
18270,,CTD-2557P19.4
16935,,CTD-2561J22.2
17478,,CTD-2571L23.6
17711,,CTD-2589O24.1
16514,,CTD-2611K5.5
16894,,CTD-2620I22.3
9320,,CTD-2647E9.1
9205,,CTD-3006G17.2
18441,,CTD-3032H12.2
13861,,CTD-3046C4.1
13600,,CTD-3049M7.1
16527,,CTD-3064H18.4
12401,,CTD-3074O7.2
11751,,CTD-3088G3.8
9776,,CTD-3162L10.5
12798,,CTD-3187F8.12
10867,,CTD-3193O13.9
15552,,CTD-3222D19.2
34902,,CTF1
4084,,CTGLF10P
12692,,CTGLF11P
4085,,CTGLF12P
33467,,CTHRC1
36087,,CTNNAL1
36312,,CTRL
33306,,CTSB
33142,,CTSH
35608,,CTSL
32899,,CTTNBP2NL
35858,,CTU1
35807,,CTU2
34114,,CTXN1
33145,,CTXN3
34735,,CTXND1
34461,,CUTA
33092,,CUTC
36577,,CWC15
36301,,CWC27
34241,,CWF19L1
35905,,CXCL14
36176,,CXCL3
33863,,CXCL8
35247,,CXORF38
32911,,CXORF40A
33898,,CXORF49
34928,,CXORF49B
35297,,CXORF51A
35556,,CXORF51B
10460,,CXORF64
35009,,CXXC1
8907,,CXXC11
36024,,CXXC4
33140,,CYB561D1
34242,,CYB561D2
34445,,CYB5D1
33521,,CYB5D2
18287,,CYB5P4
33335,,CYBA
34737,,CYBC1
14444,,CYORF17
35170,,CYP1A2
34408,,CYP26C1
34267,,CYP2D7
33972,,CYP2U1
33028,,CYREN
33901,,CYSRT1
36568,,DAD1
33411,,DAOA
5185,,DARC
35028,,DARS2
35410,,DAZ1
34934,,DAZ2
34751,,DAZ3
35432,,DAZ4
34453,,DAZAP2
35592,,DBP
35621,,DCAF1
33033,,DCANP1
34371,,DCD
33956,,DCP2
34353,,DCPS
34704,,DCTN5
36709,,DCTN6
36049,,DCTPP1
36340,,DCUN1D2
36370,,DDA1
35734,,DDAH1
33887,,DDIAS
35968,,DDIT3
34009,,DDIT4
33729,,DDT
34452,,DDX28
35738,,DDX50
36289,,DDX55
32782,,DEC1
34499,,DECR1
35400,,DECR2
34725,,DEFA1
34780,,DEFA1B
33369,,DEFA3
36331,,DEFB103A
35221,,DEFB103B
33453,,DEFB104B
36132,,DEFB105A
34763,,DEFB105B
34624,,DEFB106A
35696,,DEFB106B
33018,,DEFB107A
33604,,DEFB108B
17602,,DEFB108P4
17976,,DEFB109P1B
33671,,DEFB114
34851,,DEFB115
33788,,DEFB119
33358,,DEFB125
32937,,DEFB126
34189,,DEFB129
34231,,DEFB130A
36638,,DEFB130B
36011,,DEFB131A
33499,,DEFB131B
34598,,DEFB132
33117,,DEFB134
33171,,DEFB135
34697,,DEFB136
35705,,DEFB4A
34155,,DEFB4B
36555,,DEGS1
36621,,DEGS2
34141,,DELE1
34366,,DENND6B
34333,,DENR
33712,,DEPP1
36618,,DESI1
34424,,DEUP1
35299,,DEXI
35646,,DGCR6L
36548,,DGLUCY
33474,,DHDDS
34574,,DHDH
34214,,DHFR
34717,,DHFR2
33946,,DHPS
34113,,DHRS1
35302,,DHRS7B
36375,,DHRS7C
36268,,DHRS9
33800,,DHX15
35057,,DIO1
34070,,DIRC1
32769,,DISP3
15907,,DKFZP761J1410
11975,,DKFZP761K2322
33163,,DKKL1
32860,,DLEU7
35641,,DLK2
35365,,DLL4
35309,,DLX4
35222,,DMAC1
33623,,DMAC2
34685,,DMRTC1B
36264,,DMTN
33137,,DNAAF3
33454,,DNAAF4
35935,,DNAAF5
36197,,DNAH10OS
36495,,DNAJB13
32810,,DNAJB14
32809,,DNAJB5
33188,,DNAJC14
34003,,DNAJC15
33071,,DNAJC24
33400,,DNAJC28
36670,,DNAJC5
35017,,DNAJC5G
34332,,DNAJC8
34605,,DNAL4
33570,,DND1
36020,,DNLZ
36238,,DNPH1
34321,,DOHH
35443,,DOLK
34833,,DOLPP1
35055,,DOP1A
36321,,DOP1B
34040,,DPAGT1
33747,,DPEP2NB
34835,,DPP4
34914,,DPP7
36366,,DPY30
33723,,DR1
34212,,DRAM2
35011,,DRC3
35477,,DRC7
35156,,DRD4
35877,,DRG2
33823,,DRICH1
34046,,DSN1
34800,,DSTN
36314,,DTD2
34110,,DTWD1
36323,,DTX3
33616,,DUPD1
35362,,DUSP1
36037,,DUSP15
34652,,DUSP18
35398,,DUSP19
34693,,DUSP28
33534,,DUSP5
34536,,DXO
33639,,DYDC1
33668,,DYNC1LI2
34642,,DYNLT1
32841,,DYNLT3
36602,,E2F5
33726,,EBI3
33783,,EBLN1
33603,,ECD
36380,,ECHDC3
32865,,ECPAS
33740,,EDAR
34939,,EDDM13
35484,,EDDM3B
34434,,EDF1
35304,,EDN1
35345,,EDN2
35213,,EEF1AKMT1
35963,,EEF1AKMT2
34861,,EEF1AKMT3
36136,,EEF2KMT
36253,,EFCAB10
14911,,EFCAB4A
12725,,EFCAB4B
34067,,EFEMP1
34190,,EFHD1
33417,,EFHD2
36559,,EFL1
33144,,EFNA2
34112,,EFNA3
35220,,EFNA4
13198,,EFTUD1P1
33052,,EGLN3
34854,,EGR3
33497,,EID1
33302,,EIF1AD
32825,,EIF1AX
33690,,EIF1AY
34942,,EIF2B3
36035,,EIF2S1
35311,,EIF2S3B
17383,,EIF2S3L
35124,,EIF3CL
34134,,EIF3G
36068,,EIF4EBP3
36291,,EIF5
33066,,EIF5A
34778,,EIF6
36615,,EIPR1
34154,,ELF2
34671,,ELF5
35928,,ELK3
34092,,ELK4
34493,,ELOA
35826,,ELOA2
33113,,ELOA3
33615,,ELOB
32844,,ELOC
36588,,ELOF1
36305,,ELOVL3
34138,,ELP1
35614,,EMC1
36352,,EMC6
36517,,EMC8
36236,,EMC9
36279,,EME1
33275,,EMP1
36539,,EMP3
12788,,EMR4P
35163,,EMSY
33232,,ENDOG
34004,,ENHO
36509,,ENKD1
33260,,ENOPH1
36655,,ENPP4
34721,,ENPP5
33949,,ENPP6
35212,,ENTPD3
33308,,ENTPD6
35847,,ENTR1
33107,,ENY2
33681,,EOGT
36151,,EOMES
36234,,EPDR1
35143,,EPGN
35481,,EPHX1
34537,,EPHX2
34590,,EPHX4
36227,,EPO
34955,,EPPIN
36605,,EPS8L1
35112,,EPYC
34550,,ERBIN
36129,,ERCC1
35251,,EREG
35340,,ERFE
36038,,ERG28
34436,,ERH
34500,,ERI1
36488,,ERICH3
35936,,ERICH4
34457,,ERICH5
34303,,ERICH6
33953,,ERICH6B
35128,,ERLIN2
36729,,ERMN
33552,,ERO1A
33641,,ERO1B
33044,,ERP27
36632,,ERVMER34-1
35777,,ESS2
34686,,ETDB
32988,,ETFA
35508,,ETFBKMT
35392,,ETFRF1
35560,,EVA1A
33967,,EVA1B
34785,,EXOC1L
34795,,EXOSC1
36552,,EXOSC2
33728,,EXOSC6
33132,,F2R
34513,,FA2H
35753,,FAAP100
35474,,FAAP20
35623,,FAAP24
35699,,FABP2
33135,,FABP4
35014,,FABP5
34388,,FABP7
34230,,FABP9
33724,,FADD
33533,,FAIM2
9204,,FAM101A
32870,,FAM104B
2658,,FAM105B
35684,,FAM106A
33643,,FAM110C
36089,,FAM110D
35636,,FAM111A
35153,,FAM114A2
16795,,FAM115B
34849,,FAM117B
34905,,FAM118B
33575,,FAM136A
33672,,FAM153A
36617,,FAM156B
34663,,FAM162A
35582,,FAM163B
33886,,FAM167B
35871,,FAM173A
33833,,FAM173B
33236,,FAM183A
36229,,FAM185A
14267,,FAM188B2
35829,,FAM193B
8255,,FAM194A
8689,,FAM194B
34225,,FAM205C
35427,,FAM20A
33746,,FAM213B
34147,,FAM217A
34912,,FAM219B
6433,,FAM21B
33130,,FAM220A
34474,,FAM228A
33039,,FAM229A
35419,,FAM234A
34314,,FAM234B
33693,,FAM236D
33103,,FAM237A
36171,,FAM241A
33222,,FAM241B
35321,,FAM243A
32983,,FAM24A
35725,,FAM25G
11216,,FAM25HP
18526,,FAM27L
16683,,FAM35DP
36030,,FAM3A
34764,,FAM3B
10396,,FAM58BP
33126,,FAM69A
35656,,FAM72B
36665,,FAM89B
36099,,FAM92A
35158,,FAM98B
36390,,FAM9C
35591,,FANCD2OS
36501,,FARSA
36416,,FAXC
35576,,FBLIM1
36320,,FBLL1
35498,,FBXL2
33051,,FBXL21
32962,,FBXL22
34958,,FBXL5
34821,,FBXO10
35180,,FBXO2
36452,,FBXO27
34698,,FBXO36
33890,,FBXO4
35956,,FBXO44
35444,,FBXO48
36296,,FBXO6
34467,,FBXW5
34872,,FCER1G
11904,,FCGR1C
36651,,FCGR2C
34450,,FCMR
33194,,FDPS
34860,,FDX1
32846,,FDX2
33249,,FEM1B
35737,,FFAR2
36711,,FGF1
32817,,FGF11
32771,,FGF16
35086,,FGF17
34065,,FGF18
35172,,FGF20
34589,,FGF21
33950,,FGF22
33338,,FGF4
34907,,FGFBP1
35211,,FGFBP3
33561,,FGFR1OP
33340,,FGFR1OP2
33536,,FGL1
35025,,FIGLA
34259,,FIGNL2
36499,,FIS1
33855,,FITM1
32775,,FKBP1A
33067,,FKBP3
35967,,FKBP8
4027,,FKBP9L
33962,,FKBPL
35242,,FKTN
15244,,FLJ27365
18518,,FLJ45079
35233,,FLRT3
34237,,FLT3LG
36644,,FLYWCH2
35686,,FMC1
34894,,FN3KRP
33630,,FNDC10
35202,,FNDC11
35187,,FNDC4
35706,,FNDC9
34115,,FOPNL
33524,,FOSL1
36215,,FOXA1
33838,,FOXA3
36053,,FOXD1
35127,,FOXD2
35802,,FOXD4L1
35680,,FOXD4L4
33905,,FOXE3
32942,,FOXF2
34166,,FOXK2
33867,,FOXL2NB
34057,,FOXO6
34023,,FOXQ1
18612,,FP15737
36228,,FPGS
35761,,FRAT2
34583,,FRG2
33791,,FRG2B
34772,,FRG2C
33777,,FRMD5
17422,,FRMPD2P1
36361,,FRMPD3
35060,,FSBP
34830,,FUCA2
34295,,FUNDC1
34629,,FUOM
35461,,FUT11
36138,,FYB1
33391,,FYB2
35603,,FZD2
35166,,FZD8
36327,,FZD9
36122,,G0S2
33167,,G3BP1
34575,,GABARAP
34399,,GADD45A
32824,,GADD45G
34201,,GADD45GIP1
33419,,GAGE1
34597,,GAGE12B
33822,,GAGE12C
33532,,GAGE12D
35371,,GAGE12E
35611,,GAGE12F
36056,,GAGE12G
36326,,GAGE12H
32925,,GAGE12J
33884,,GAL
33934,,GAL3ST1
35138,,GALNT17
36359,,GALNT4
36694,,GALR3
33422,,GAR1
33628,,GAREM1
35755,,GAREM2
33178,,GAS1
33111,,GAS2L1
36679,,GAST
36004,,GATB
36200,,GATD1
36222,,GATD3A
34979,,GBX2
35229,,GCAT
35137,,GCH1
34173,,GCHFR
35758,,GCLC
33301,,GCLM
35083,,GCN1
36543,,GCNA
35934,,GCNT3
33646,,GCSH
34342,,GDAP2
34762,,GDF5
33438,,GDF5OS
36590,,GDF7
35919,,GDNF
34298,,GDPD3
34540,,GFER
35830,,GFOD2
35116,,GFRA4
36690,,GGH
35320,,GGT6
36347,,GIMAP4
33667,,GIMD1
35064,,GIP
36064,,GJA9
33197,,GJB1
34733,,GJB5
33143,,GJB6
35037,,GJB7
35550,,GJC3
33129,,GJD3
34197,,GKN2
36179,,GLIPR1
33754,,GLIPR2
33548,,GLIS2
33095,,GLMP
36021,,GLOD5
35863,,GLRX
35658,,GLRX2
35423,,GLRX5
35602,,GLT8D1
15570,,GLTPD1
35814,,GLYATL1B
35904,,GLYCTK
11700,,GMCL1P1
32859,,GMCL2
35818,,GMDS
34980,,GMFG
32788,,GMNN
33751,,GMPPB
35651,,GMPR2
34692,,GNA11
33959,,GNAL
35209,,GNB4
34362,,GNG11
34235,,GNG2
35048,,GNG3
35414,,GNL3
36252,,GNPNAT1
35050,,GNRH1
34094,,GNRH2
35377,,GNRHR
10731,,GOLGA6L18
33484,,GOLGA6L7
32831,,GOLGA6L9
34709,,GOLGA8G
34183,,GOLPH3L
36661,,GOLT1A
36730,,GON7
36335,,GOT1
34129,,GP1BB
36713,,GP9
35989,,GPAA1
33806,,GPAT3
35068,,GPAT4
34867,,GPATCH11
35277,,GPATCH3
34760,,GPC4
34534,,GPN3
33433,,GPR12
34252,,GPR135
34804,,GPR137B
35007,,GPR157
35631,,GPR180
33430,,GPR183
35790,,GPR21
35176,,GPR27
33246,,GPR33
34099,,GPR37
34041,,GPR37L1
35004,,GPR39
33989,,GPR62
34473,,GPR68
36019,,GPR78
36612,,GPS2
33187,,GPSM3
36587,,GPX1
34417,,GPX2
33968,,GPX8
36554,,GRAMD2A
36447,,GRAMD2B
34967,,GRAPL
35029,,GRK2
34750,,GRK3
34430,,GRP
35351,,GRPR
34886,,GRWD1
36135,,GRXCR1
33735,,GRXCR2
14048,,GS1-124K5.10
15839,,GS1-124K5.12
10275,,GS1-124K5.2
7538,,GS1-179L18.1
12192,,GS1-184P14.2
10579,,GS1-256O22.5
7476,,GS1-257G1.1
15569,,GS1-309P15.4
33872,,GSC2
35262,,GSDME
34435,,GSG1L2
35224,,GSK3A
36137,,GSKIP
35715,,GSTA4
36026,,GSTM1
35959,,GSTM2
35339,,GSTT2
34085,,GSTT2B
18351,,GSTTP1
34953,,GTF2A1L
35793,,GTF2E2
33362,,GTF2H2C
34024,,GTPBP2
35542,,GTSE1
35739,,GTSF1
34758,,GUCD1
36241,,GUCY1B1
35241,,GVQW1
35188,,GVQW3
34852,,GYG2
34032,,GZF1
35382,,H1FNT
34775,,H1FX
35022,,H2AFY2
32957,,H2BFS
33617,,HAAO
35272,,HACD1
33122,,HACD2
35164,,HACD3
33013,,HACD4
34080,,HAGHL
33818,,HAPLN2
33840,,HARBI1
35533,,HASPIN
35190,,HAUS1
34020,,HAUS2
33614,,HAUS4
35766,,HAUS6
33105,,HBA2
33685,,HBM
34054,,HBZ
33390,,HCCS
34186,,HCG22
34609,,HCRT
36110,,HCRTR1
33502,,HDAC2
932,,HDGFL2
33709,,HDGFL3
2490,,HDHD1P3
36640,,HDHD3
35990,,HDHD5
34809,,HEBP2
32935,,HENMT1
35667,,HEPN1
33574,,HES4
34002,,HES6
35937,,HEXDC
33087,,HEXIM2
32968,,HEYL
32781,,HGH1
32981,,HHLA3
34915,,HIF1AN
36190,,HIGD1B
34397,,HIGD2A
34181,,HIKESHI
33363,,HINT2
35551,,HINT3
34306,,HIST1H2AA
34137,,HIST1H2BN
33027,,HIST1H4C
35109,,HIST1H4H
33626,,HIST2H2AA3
33053,,HIST2H2AC
35140,,HIST2H3A
35978,,HIST2H3C
35135,,HJV
33883,,HLA-DMB
34957,,HLA-DOA
35447,,HLA-DPA1
34159,,HLA-DQB1
33899,,HLCS
35838,,HMGB1
34841,,HMGB3
35624,,HMGN1
33931,,HMGXB4
36453,,HMHB1
33981,,HMOX1
36299,,HMX1
35115,,HMX3
36485,,HNRNPA0
36534,,HNRNPA1L2
32917,,HNRNPAB
33004,,HNRNPC
36459,,HNRNPCL4
272,,HNRNPCP5
35778,,HNRNPH3
35001,,HOPX
35204,,HOXB6
33741,,HOXB8
35657,,HOXB9
34506,,HOXC12
33012,,HOXC9
36244,,HOXD1
33515,,HOXD11
36731,,HOXD4
36307,,HOXD8
36246,,HPCA
35483,,HPCAL1
33876,,HPDL
34722,,HPF1
34053,,HPGD
36398,,HPS6
33451,,HPX
32956,,HRAS
34056,,HRCT1
33330,,HRK
33970,,HS3ST6
12790,,HSA-MIR-1199
10375,,HSA-MIR-490
3602,,HSA-MIR-7162
34965,,HSBP1L1
33003,,HSD11B1
35687,,HSD11B2
34744,,HSD17B1
36680,,HSD17B10
33647,,HSD17B14
36231,,HSDL1
36668,,HSDL2
33002,,HSF4
35364,,HSFX1
33516,,HSFY1
34293,,HSFY2
35713,,HSPA13
36071,,HSPB11
33008,,HSPB2
33240,,HTATIP2
33975,,HTD2
36695,,HTR3E
34810,,HTR6
35107,,HUS1
34937,,HVCN1
36551,,HYAL1
34006,,HYAL2
33364,,HYLS1
33331,,HYPM
35964,,IAH1
33687,,IAPP
36497,,ICAM4
33961,,ICE1
35121,,ICE2
36313,,ICOSLG
33927,,ID1
33522,,ID2
34064,,IDH2
32996,,IDI1
34370,,IDI2
33703,,IDNK
35856,,IER3
36356,,IER3IP1
34132,,IER5
33676,,IER5L
33332,,IFFO2
35352,,IFI27
34439,,IFI35
36691,,IFI44L
34814,,IFIT1
35557,,IFIT3
3122,,IFLTD1
36511,,IFNA1
34334,,IFNA13
34471,,IFNA17
32912,,IFNA21
35293,,IFNA7
36025,,IFNAR1
35101,,IFNAR2
35880,,IFNB1
35824,,IFNGR1
34989,,IFNK
33393,,IFNL4
16489,,IFRG15
33336,,IFT20
33924,,IFT22
35270,,IFT43
33373,,IGFALS
33795,,IGFBP2
36553,,IGFBP4
33805,,IGFBP7
35837,,IGFBPL1
34765,,IGFLR1
33839,,IK
35983,,IKZF5
35568,,IL11RA
36631,,IL12B
33355,,IL17B
34273,,IL17D
34146,,IL1A
33395,,IL22RA2
33108,,IL31
34748,,IL32
35373,,IL33
34844,,IL34
33686,,IL36G
34076,,IL4
34639,,IL5
32991,,IL9
33250,,ILDR1
33988,,IMP3
35689,,IMPAD1
35024,,INAFM1
35786,,INAFM2
33912,,INAVA
34126,,ING2
36406,,INKA1
36526,,INKA2
34811,,INMT
34643,,INPP1
35647,,INSL3
33030,,INSL4
34732,,INSL6
35902,,INSM1
35012,,INSYN1
35430,,INSYN2
36332,,INSYN2B
33590,,INTS11
36339,,INTS13
36354,,INTS14
36164,,INTS6L
35629,,IP6K1
36077,,IPPK
35063,,IQANK1
4047,,IQCA1P1
33360,,IQCD
34031,,IQCF6
35817,,IQCM
33918,,IQCN
32798,,IRF2
35527,,IRF6
33780,,IRF8
35087,,IRGM
33595,,ISCA1
35536,,ISCA2
32820,,ISG15
34782,,ISOC2
36408,,ISYNA1
34664,,ITGB1BP1
34172,,ITGB1BP2
33525,,ITM2B
34776,,ITPKA
32970,,ITPRID1
35971,,ITPRID2
33293,,ITPRIPL1
34144,,IYD
35041,,IZUMO1R
35343,,IZUMO4
34960,,JADE1
34944,,JAGN1
34384,,JAM3
35665,,JAML
34052,,JCAD
34932,,JCHAIN
35082,,JDP2
32890,,JHY
34462,,JMJD7
36546,,JMJD8
34909,,JOSD1
36248,,JOSD2
36217,,JPT1
33388,,JPT2
36134,,JUND
35191,,KAAG1
35610,,KAT14
36689,,KATNAL1
33745,,KATNB1
34420,,KAZALD1
13759,,KB-1572G7.2
18151,,KB-1930G5.3
17176,,KB-67B5.12
36508,,KBTBD3
35999,,KBTBD4
34667,,KBTBD7
35701,,KCNA7
32893,,KCNC3
34328,,KCNE2
36582,,KCNE3
36562,,KCNE5
34014,,KCNG3
34229,,KCNIP2
35898,,KCNJ13
35147,,KCNJ9
35842,,KCNK1
33432,,KCNMB1
33192,,KCNQ1
33361,,KCTD17
33020,,KCTD2
35088,,KCTD6
35617,,KDELR2
33365,,KDELR3
34825,,KDF1
35409,,KDSR
34807,,KHDC1L
35841,,KHDC4
36595,,KIAA0513
35069,,KIAA0895L
35274,,KIAA0930
1764,,KIAA0947
521,,KIAA1009
33691,,KIAA1024L
35518,,KIAA1143
4187,,KIAA1199
436,,KIAA1239
4627,,KIAA1430
11016,,KIAA1432
32976,,KIAA1586
32995,,KIAA2012
33529,,KIF1BP
36350,,KIRREL1
34188,,KISS1
36216,,KISS1R
34517,,KIZ
33444,,KLC4
34600,,KLF2
34145,,KLF6
34393,,KLF9
35975,,KLHDC8B
32804,,KLHL21
35719,,KLHL22
33414,,KLHL35
35718,,KLLN
35388,,KLRC3
36444,,KLRC4
34708,,KLRF1
35513,,KLRF2
32969,,KLRG2
35102,,KLRK1
35485,,KMT5A
36542,,KMT5B
33271,,KMT5C
33403,,KNCN
34431,,KNL1
33902,,KRBA2
35754,,KRI1
34789,,KRT18
34812,,KRT27
36083,,KRT36
34048,,KRT40
34866,,KRTAP1-3
34857,,KRTAP10-2
33327,,KRTAP12-2
33442,,KRTAP12-4
34215,,KRTAP15-1
34588,,KRTAP17-1
33743,,KRTAP19-2
34906,,KRTAP19-8
35613,,KRTAP2-1
36308,,KRTAP2-2
35018,,KRTAP20-1
36198,,KRTAP21-3
36667,,KRTAP22-1
34176,,KRTAP22-2
36116,,KRTAP29-1
34788,,KRTAP3-3
33134,,KRTAP4-1
34018,,KRTAP4-2
35632,,KRTAP5-7
36118,,KRTAP6-3
33857,,KRTAP9-6
35415,,KRTAP9-7
34755,,KRTCAP2
35984,,KRTDAP
35452,,KTI12
35509,,KXD1
34528,,KYAT1
36181,,KYAT3
13758,,LA16C-60G3.6
8334,,LA16C-60G3.8
9868,,LA16C-83F12.6
34916,,LACTB
35168,,LACTB2
33531,,LAG3
34480,,LAGE3
36387,,LAMTOR3
34516,,LAMTOR4
34838,,LAMTOR5
35916,,LARGE1
33168,,LARGE2
33461,,LARP6
33253,,LAX1
33731,,LAYN
35526,,LBHD1
34555,,LCE1C
33527,,LCE3B
33682,,LCE3C
35849,,LCE3E
33383,,LCNL1
33026,,LDAH
33782,,LDOC1
33550,,LEAP2
34320,,LEMD1
34007,,LENEP
35808,,LEP
33762,,LEPROTL1
36717,,LETM2
35372,,LEXM
34587,,LGALS14
36084,,LGALS2
32973,,LGALS3
34646,,LGALS7
34373,,LGALS7B
33513,,LGALSL
33480,,LHB
36119,,LHFPL6
36611,,LHX3
36057,,LIMD1
33619,,LIMD2
36193,,LIMS3
36180,,LIMS4
36067,,LIN7C
10081,,LINC00238
3197,,LINC00478
18153,,LINC00948
7185,,LINC00969
13278,,LINC01125
14765,,LINC01171
35781,,LINS1
33282,,LIPG
34248,,LIX1
33594,,LKAAEAR1
8336,,LL22NC03-63E9.3
35186,,LLCFC1
33810,,LLPH
35659,,LMF2
36199,,LMNB1
33727,,LMNB2
34608,,LMNTD1
36170,,LMNTD2
33688,,LMO3
34495,,LMX1B
35977,,LNPK
14637,,LOC732538
35637,,LONP1
33175,,LOXL4
34407,,LPAR3
8604,,LPPR1
18019,,LPPR3
287,,LPPR4
8369,,LPPR5
32857,,LRAT
35893,,LRFN4
36225,,LRG1
35236,,LRMDA
34682,,LRP2BP
36158,,LRP5L
35645,,LRR1
32786,,LRRC14B
35196,,LRRC17
33598,,LRRC19
35866,,LRRC20
33150,,LRRC25
34675,,LRRC26
36457,,LRRC3C
33353,,LRRC45
33597,,LRRC57
35252,,LRRC58
35948,,LRRC74A
36439,,LRRC74B
32933,,LRRC75A
36606,,LRRC75B
34747,,LRRC8E
36310,,LSM10
36436,,LSM14B
33298,,LSM2
34191,,LSM4
35875,,LSM7
35850,,LSM8
35161,,LSMEM1
33929,,LTA
35178,,LTB4R2
32915,,LTC4S
36318,,LTO1
33136,,LUC7L2
32965,,LUM
36325,,LURAP1
36353,,LUZP6
32848,,LVRN
35431,,LY6L
34202,,LY75
35296,,LYPD1
35261,,LYPD5
34472,,LYPLA2
34449,,LYPLAL1
33211,,LYRM1
36388,,LYRM2
35563,,LYRM4
33654,,LYSMD2
34208,,LYSMD3
33283,,LYSMD4
36656,,LYVE1
34419,,M6PR
35915,,MAB21L4
35950,,MACO1
35906,,MAD2L1BP
35455,,MAFA
34712,,MAFF
36141,,MAFG
34829,,MAFK
33948,,MAGEA2B
34200,,MAGEA3
35586,,MAGEA9
33678,,MAGEB3
10748,,MAGEB6P1
36669,,MAGED4
33517,,MAGED4B
33176,,MAGOH
32827,,MAIP1
35674,,MAJIN
33680,,MAL2
33869,,MALT1
32878,,MAN1A1
33932,,MANEAL
36403,,MANF
33656,,MAP1LC3B
35547,,MAP1LC3B2
36130,,MAP3K20
36042,,MAP3K21
33808,,MAP6D1
13304,,MAPK6PS4
35199,,MAPK8IP1
34088,,MAPKAPK5
35558,,MAPRE2
34557,,MARC2
34490,,MARCH3
33102,,MARCH5
35292,,MARCOL
33997,,MARF1
34444,,MARS2
33218,,MAVS
34249,,MBD2
34443,,MBD3L1
33730,,MBD3L2
33765,,MBD3L2B
34511,,MBLAC1
34798,,MBNL3
33190,,MCEE
33219,,MCEMP1
34182,,MCHR1
36160,,MCRIP2
33152,,MCTS1
34250,,MCU
33620,,MCUB
33437,,MDFIC2
32837,,MED14OS
34108,,MED22
36657,,MED26
35090,,MED29
35516,,MED31
35731,,MED4
33276,,MED6
33580,,MEF2A
34870,,MEIG1
35791,,MEIKIN
34050,,MEIOB
33889,,MEIOC
33262,,MEIS3
36521,,MESD
36209,,MESP1
34560,,METRN
33601,,METTL1
33064,,METTL16
36213,,METTL17
33165,,METTL22
34627,,METTL24
33006,,METTL26
35788,,METTL27
35626,,METTL7B
33947,,MFAP4
33401,,MFSD10
36016,,MFSD12
35254,,MFSD13A
34345,,MFSD14A
33713,,MFSD14B
34104,,MFSD14C
36052,,MFSD3
35081,,MFSD4A
33492,,MFSD4B
36297,,MGAM2
33990,,MGARP
36563,,MGAT4D
35810,,MGP
34910,,MGST1
35577,,MICU1
35549,,MICU2
36127,,MICU3
32793,,MIF
32992,,MIF4GD
34218,,MIGA2
34217,,MILR1
34879,,MINDY1
35118,,MINDY2
34062,,MINDY3
33632,,MINDY4
36285,,MINDY4B
33549,,MINOS1
34836,,MIOX
7892,,MIR4435-1HG
34156,,MISP
36075,,MISP3
34372,,MIXL1
33770,,MKNK1
34839,,MKRN1
35093,,MKRN2
34554,,MKRN2OS
35496,,MLANA
35992,,MLC1
35762,,MLEC
33342,,MLF2
7875,,MLK4
36569,,MLLT11
12928,,MLTK
33631,,MLYCD
32858,,MMD
33452,,MMP23B
33252,,MMP24OS
32927,,MNS1
33526,,MOB1A
32931,,MOB3A
35695,,MOB3B
35440,,MOB3C
34888,,MOGAT1
35522,,MON1A
36015,,MORF4L1
33021,,MORF4L2
34657,,MORN3
32910,,MOSMO
34061,,MPC1
35183,,MPC2
36344,,MPG
32800,,MPHOSPH6
36330,,MPIG6B
34859,,MPLKIP
33579,,MPP3
34845,,MPV17L
33786,,MPV17L2
35059,,MPZL2
34253,,MPZL3
36270,,MRAP
5745,,MRC1L1
33858,,MRE11
36187,,MRFAP1
35243,,MRFAP1L1
36078,,MRGPRD
35040,,MRGPRE
34136,,MRLN
35394,,MRM2
36207,,MRM3
35324,,MRNIP
36586,,MRO
35779,,MROH7
33315,,MRPL1
34640,,MRPL12
33258,,MRPL15
35232,,MRPL16
33072,,MRPL17
35071,,MRPL18
32807,,MRPL27
35743,,MRPL30
33490,,MRPL33
36382,,MRPL34
33683,,MRPL36
34695,,MRPL41
35960,,MRPL44
36648,,MRPL52
35723,,MRPL53
33878,,MRPL54
36502,,MRPL55
35767,,MRPL57
36446,,MRPL58
33868,,MRPS11
34001,,MRPS12
35079,,MRPS16
36363,,MRPS18C
35234,,MRPS24
36275,,MRPS26
33711,,MRPS33
36336,,MRPS34
34383,,MRPS5
36686,,MRS2
34749,,MRTFA
34972,,MRTFB
33675,,MS4A18
34093,,MS4A2
36243,,MSANTD1
36407,,MSANTD2
34817,,MSMO1
35198,,MSMP
32773,,MSRB1
34977,,MSS51
5498,,MST4
34222,,MT-ATP6
33789,,MT-ATP8
34688,,MT-CO1
33888,,MT-CO3
33748,,MT-CYB
35367,,MT-ND4
33925,,MT-ND4L
36589,,MT-ND6
35806,,MT1A
32803,,MT1F
36086,,MT1H
33078,,MT1HL1
34739,,MT1M
33036,,MT1X
33434,,MT2A
34822,,MT3
35317,,MTCH1
33954,,MTCL1
34122,,MTCP1
34068,,MTERF1
34995,,MTERF2
32838,,MTERF3
34213,,MTERF4
4408,,MTERFD1
9942,,MTERFD2
4689,,MTERFD3
34729,,MTFMT
34049,,MTG1
33081,,MTHFS
33976,,MTHFSD
34459,,MTIF3
36708,,MTLN
36288,,MTMR9
35554,,MTREX
33079,,MTRNR2L10
36533,,MTRNR2L3
33104,,MTRNR2L4
36704,,MTRNR2L5
35312,,MTRNR2L6
33244,,MTRNR2L8
34348,,MUCL3
36159,,MXD1
33041,,MXD3
35922,,MXD4
34507,,MYCBP
36456,,MYCL
33377,,MYD88
35424,,MYDGF
35411,,MYL12A
34228,,MYL6
34982,,MYL9
35136,,MYLPF
34527,,MYMK
35541,,MYMX
34015,,MYORG
33856,,MYOT
35677,,MYOZ1
34239,,MYOZ3
35089,,MZB1
36029,,NAA38
36286,,NAA80
32843,,NABP2
34160,,NACC1
32941,,NACC2
33316,,NADK
32958,,NAGPA
32905,,NAIF1
35105,,NANOGP8
36678,,NANOS2
35839,,NANOS3
35327,,NAPG
34992,,NAPRT
7017,,NARG2
36506,,NARS
34931,,NAT14
33674,,NAT8B
33392,,NAXD
35633,,NAXE
36150,,NBDY
35961,,NBL1
10392,,NBPF16
13764,,NBPF23
14421,,NBPF24
34842,,NBPF6
34479,,NCALD
33567,,NCBP1
33589,,NCBP2-AS2
35504,,NCBP2L
34180,,NCBP3
34509,,NCF4
34185,,NDEL1
32920,,NDFIP1
33425,,NDRG4
35245,,NDUFA12
35836,,NDUFA13
34285,,NDUFA2
35100,,NDUFA3
35310,,NDUFA5
34705,,NDUFA7
34636,,NDUFAB1
35145,,NDUFAF1
34042,,NDUFAF6
36545,,NDUFAF7
35515,,NDUFAF8
34824,,NDUFB1
35225,,NDUFB11
36516,,NDUFB3
35794,,NDUFB6
34903,,NDUFS5
35036,,NDUFS6
33231,,NECAB2
35897,,NECAP2
36298,,NECTIN2
35564,,NECTIN3
35393,,NECTIN4
32888,,NEDD8
33906,,NEIL1
34175,,NEIL2
34164,,NEMP1
33229,,NEMP2
34846,,NEPRO
36262,,NEU2
33428,,NEURL1B
34205,,NEURL3
35795,,NEUROG1
33333,,NEUROG2
35322,,NEXMIF
35162,,NFE4
34125,,NFIL3
35441,,NFYB
33819,,NGB
33324,,NGF
35559,,NGRN
35376,,NHLRC2
36108,,NHP2
35298,,NICN1
36051,,NINJ1
36693,,NINJ2
35784,,NIP7
32978,,NIPAL2
34095,,NIPSNAP2
34376,,NKAPD1
35628,,NKIRAS1
35228,,NKX1-1
33239,,NKX1-2
34157,,NKX2-3
34950,,NKX2-4
35201,,NKX6-1
35729,,NKX6-2
33424,,NKX6-3
33459,,NLRP2B
34504,,NME3
33184,,NME6
33491,,NMI
33473,,NMRAL1
33210,,NMRK1
33966,,NMU
35859,,NNAT
35812,,NOCT
33821,,NOL4L
16427,,NOL5BP
34211,,NOP16
36206,,NOP53
33980,,NOSIP
33829,,NOXA1
36438,,NPAS1
36102,,NPAT
35047,,NPB
33170,,NPBWR1
35120,,NPIPA2
36245,,NPIPA3
34651,,NPIPB11
33518,,NPIPB13
34941,,NPIPB3
35722,,NPIPB6
33553,,NPIPB8
34803,,NPIPB9
33941,,NPPB
33661,,NPPC
33479,,NPTX1
34962,,NPW
35335,,NPY
32805,,NQO1
35237,,NR0B2
33983,,NR1H2
34690,,NR2C2AP
36165,,NRARP
34010,,NREP
36082,,NRIP2
33557,,NRIP3
34284,,NRN1L
34277,,NRTN
32795,,NSD2
34438,,NSD3
34130,,NSG1
35640,,NSMCE3
33658,,NT5C
34086,,NT5DC1
36365,,NT5M
34447,,NTAN1
34714,,NTHL1
36012,,NTMT1
33750,,NTN5
35495,,NTPCR
33660,,NUBP1
36095,,NUCB2
35078,,NUCKS1
36727,,NUDCD2
34013,,NUDT16
33069,,NUDT16L1
33611,,NUDT2
33908,,NUDT21
36284,,NUDT3
33936,,NUDT4B
13481,,NUDT4P1
33652,,NUDT7
35436,,NUP43
34531,,NUP58
33955,,NUP62CL
36161,,NUPR1
33248,,NUPR2
36013,,NUSAP1
35456,,NWD2
35890,,NXNL1
36292,,NXPH4
33235,,OAZ2
36351,,OCEL1
33814,,OCIAD2
35326,,OCLM
35805,,ODAPH
35792,,ODF3
34153,,ODF3B
36034,,ODF3L1
35173,,ODR4
33535,,OGA
34647,,OGFOD2
36092,,OGFRL1
33852,,OIP5
36513,,OLIG1
36556,,OMD
33264,,OMG
33494,,OMP
33476,,OOSP4B
34149,,OPRD1
34505,,OPRM1
33463,,OPRPN
33472,,OR10AC1
35486,,OR10AD1
35615,,OR10G2
34813,,OR10J4
35926,,OR13C7
34871,,OR13H1
33305,,OR1E3
33505,,OR1K1
33384,,OR1L1
35900,,OR1L8
33911,,OR2A42
32948,,OR2A5
33621,,OR2D2
32949,,OR2H2
35801,,OR2T29
35811,,OR2V1
35347,,OR2W1
33812,,OR4A8
35531,,OR4D1
36100,,OR4F17
33543,,OR4F21
33978,,OR4F3
35833,,OR4K2
34478,,OR4K3
32953,,OR4Q2
36535,,OR4S1
32862,,OR51H1
36719,,OR52E1
35341,,OR52W1
35742,,OR52Z1
33861,,OR56A5
33254,,OR5AC1
35487,,OR5AC2
36343,,OR5AL1
35740,,OR5AR1
35073,,OR5G3
34209,,OR5H8
35451,,OR5K2
35958,,OR6C3
34035,,OR6C6
32853,,OR6C65
33151,,OR7G2
34083,,OR8D4
35408,,ORC6
36069,,ORM2
33507,,OSBP
36002,,OSGEP
32881,,OSGEPL1
36672,,OSM
35267,,OST4
33848,,OSTC
32811,,OSTM1
34973,,OTOR
34446,,OTUB1
36204,,OTUB2
32783,,OTUD1
33874,,OTULIN
33920,,OTULINL
36558,,OTX1
33596,,OVCA2
35337,,OVOL1
33214,,OVOL2
32907,,OXLD1
33227,,OXSM
36031,,OXT
36692,,P2RY11
32980,,P2RY13
33199,,P2RY14
35903,,P2RY6
32998,,P3H1
33732,,P3H2
34986,,P3H3
35273,,P3H4
34369,,P4HA2
33284,,P4HB
35671,,PAAF1
33205,,PABPC1L2A
33266,,PACRGL
34633,,PAFAH1B1
36293,,PAFAH1B3
34098,,PAGE2
35860,,PAGE4
34586,,PAIP2
32922,,PAK5
33755,,PALM3
35901,,PANX1
1118,,PAPL
34184,,PAQR3
34290,,PAQR4
33763,,PAQR7
32864,,PARK7
34632,,PARP16
34143,,PATE3
34969,,PATE4
32906,,PATJ
34256,,PAWR
35913,,PAXX
34017,,PBK
33426,,PBOV1
36239,,PCARE
34347,,PCBD2
32867,,PCBP1
12924,,PCDP1
34727,,PCED1A
34060,,PCGF5
35765,,PCLAF
36389,,PCMT1
35031,,PCNX1
35397,,PCNX3
33705,,PCNX4
36316,,PCP2
33328,,PCP4L1
35690,,PCSK1N
36430,,PDCD1LG2
35676,,PDCD2
36450,,PDCD2L
36097,,PDCD5
34307,,PDE6H
33447,,PDF
33669,,PDGFB
34658,,PDK2
34387,,PDK3
33866,,PDLIM2
10261,,PDPK2
36007,,PDZD9
34066,,PDZK1IP1
36271,,PEAK3
35469,,PEBP1
35453,,PEBP4
35096,,PEF1
34411,,PEMT
36402,,PERM1
36685,,PET100
7588,,PET112
33174,,PET117
34318,,PEX11A
33281,,PEX11B
33123,,PEX13
36520,,PF4
33778,,PFDN5
35471,,PFDN6
33843,,PFN3
33329,,PFN4
32861,,PGA3
34343,,PGA4
35149,,PGAM1
35502,,PGAM2
35203,,PGBD4
33001,,PGGHG
36212,,PGLYRP2
36242,,PGP
34140,,PGPEP1
33471,,PGRMC1
33909,,PHB
34199,,PHETA1
33558,,PHETA2
33958,,PHF1
34319,,PHF10
36596,,PHF19
33470,,PHF24
34514,,PHLDA1
34855,,PHLDA2
33139,,PHLDA3
35256,,PHOSPHO2
34360,,PHYHIP
35151,,PHYKPL
35638,,PI3
35385,,PIAS4
11926,,PIDD
34875,,PIDD1
34645,,PIGA
32892,,PIGBOS1
35827,,PIGM
34071,,PIGP
35908,,PIGX
34911,,PIGY
33849,,PIH1D1
33851,,PIH1D2
32884,,PIH1D3
36486,,PIK3IP1
33155,,PIM2
34111,,PIM3
33994,,PIMREG
34422,,PIN1
33296,,PINK1
33799,,PINLYP
36074,,PIP4P1
36699,,PIP4P2
36401,,PITHD1
32945,,PITPNB
34556,,PITX1
36009,,PKD2
36666,,PKIB
35609,,PKIG
33939,,PKN1
34526,,PKP3
33565,,PLA2G10
36476,,PLA2G12A
33063,,PLA2G1B
36218,,PLA2G2A
33166,,PLA2G2E
33173,,PLA2G4B
35279,,PLAC1
35965,,PLAC9
35764,,PLAGL1
32840,,PLAGL2
36101,,PLBD1
36364,,PLCXD1
34337,,PLEKHA5
35683,,PLEKHG1
34563,,PLEKHJ1
33663,,PLEKHM2
35821,,PLEKHN1
33277,,PLET1
36423,,PLGLB1
3438,,PLK1S1
33180,,PLK2
35512,,PLPBP
35150,,PLPP1
34022,,PLPP2
32856,,PLPP3
35473,,PLPP4
34297,,PLPP5
33734,,PLPP6
34738,,PLPP7
32967,,PLPPR1
33545,,PLPPR2
34192,,PLPPR3
33230,,PLPPR4
33449,,PLPPR5
32971,,PLRG1
35798,,PLSCR3
35301,,PMF1
33114,,PMP2
35746,,PMP22
34233,,PNMA6A
32866,,PNMA6E
34028,,PNMA6F
36722,,PNMA8A
34425,,PNMT
33606,,PNPO
36076,,PNRC1
33650,,PNRC2
35119,,POC1A
36139,,PODXL2
33216,,POLD4
33707,,POLE2
34880,,POLE3
35625,,POLE4
35507,,POLH
34204,,POLR1D
35439,,POLR2G
33842,,POLR2H
34468,,POLR2I
36671,,POLR2J
36549,,POLR2J2
35045,,POLR2J3
35940,,POLR2K
34221,,POLR2M
35599,,POLR3G
34120,,POLR3K
34607,,POP5
34856,,POP7
36721,,POPDC3
36266,,POU2F3
13540,,PP13004
36123,,PPA1
33320,,PPAN
35368,,PPBP
34097,,PPDPFL
33309,,PPIAL4D
36724,,PPIB
33278,,PPID
33627,,PPIF
34292,,PPIH
33926,,PPIL3
33538,,PPIL6
34728,,PPM1L
33202,,PPP1CA
36192,,PPP1R11
35912,,PPP1R12C
33288,,PPP1R14A
33294,,PPP1R14B
35820,,PPP1R14C
34011,,PPP1R15B
36575,,PPP1R2B
35308,,PPP1R2C
17019,,PPP1R2P3
16207,,PPP1R2P9
36377,,PPP1R3B
34917,,PPP1R3G
36261,,PPP2CB
36466,,PPP4R3A
35417,,PPP4R3C
34524,,PPP5D1
35154,,PPP6C
36652,,PQBP1
34581,,PQLC2L
35716,,PRAC1
35654,,PRADC1
17043,,PRAG1
35152,,PRAMEF14
35223,,PRAMEF15
32975,,PRAMEF20
35416,,PRAMEF33
35756,,PRAMEF7
33944,,PRAMEF8
33005,,PRAMEF9
34828,,PRAP1
33904,,PRDX1
32774,,PRELID2
32961,,PRELID3A
36311,,PRELID3B
36054,,PRKAB1
33581,,PRKAB2
32812,,PRKACA
34082,,PRKACG
36395,,PRKN
18186,,PRKRIRP9
32939,,PRM1
35331,,PRMT1
9493,,PRMT10
35129,,PRMT6
36658,,PRMT9
34121,,PRNP
36592,,PROC
36233,,PROCA1
36676,,PROCR
36267,,PROK2
36334,,PRORY
18347,,PROSC
36424,,PROSER2
36265,,PROSER3
12613,,PROSP
32994,,PRPF38B
33009,,PRPF4B
35953,,PRPH2
33871,,PRPS2
34648,,PRR13
34716,,PRR15
36001,,PRR18
33645,,PRR20A
35832,,PRR20B
35283,,PRR20C
35994,,PRR20D
34072,,PRR20E
34416,,PRR20G
36094,,PRR23C
36478,,PRR23D1
35714,,PRR27
33292,,PRR29
35418,,PRR30
35787,,PRR32
33469,,PRR34
33065,,PRR35
36027,,PRR36
35843,,PRR4
35973,,PRR5
36626,,PRR7
36460,,PRRC1
35864,,PRRG4
33969,,PRRT3
33992,,PRRX2
35585,,PRTFDC1
33106,,PRTN3
33784,,PRUNE1
34103,,PRY
33203,,PRY2
36201,,PSCA
33127,,PSKH1
33511,,PSMA4
33060,,PSMA6
33551,,PSMB6
33744,,PSMB7
36349,,PSMB8
34127,,PSMB9
34029,,PSMC1
34206,,PSMC5
35248,,PSMD10
33913,,PSMD14
33519,,PSMD2
33374,,PSMD6
35468,,PSMD7
36712,,PSME2
33790,,PSME3
35668,,PSMF1
34805,,PSMG1
33450,,PSMG4
34619,,PSPN
36498,,PTAR1
35717,,PTCD2
35954,,PTGES
34799,,PTGES3
34117,,PTGES3L
33501,,PTGR1
33115,,PTH
33776,,PTH2
34694,,PTMA
36633,,PTMS
34670,,PTP4A1
36272,,PTP4A3
35133,,PTPA
33322,,PTPN11
35032,,PTPN20
35278,,PTPRCAP
32875,,PTRH2
32916,,PTRHD1
35466,,PTS
34341,,PTTG2
35488,,PUDP
36368,,PUF60
36072,,PUM3
35489,,PURG
35974,,PVALB
33366,,PVALEF
36481,,PWWP2A
35291,,PWWP3A
34971,,PXMP2
36045,,PXYLP1
34885,,PYCR2
32889,,PYCR3
34551,,PYM1
35144,,PYROXD2
35573,,PYURF
33916,,QPCT
34615,,QRFP
34783,,QTRT2
35774,,R3HDM4
35587,,RAB11A
36629,,RAB15
35294,,RAB19
36635,,RAB23
34546,,RAB27B
33659,,RAB29
35046,,RAB2B
33243,,RAB38
33475,,RAB3A
34567,,RAB3B
33689,,RAB3IP
34440,,RAB40AL
34124,,RAB4A
33613,,RAB4B
35421,,RAB5C
34922,,RAB5IF
33816,,RAB6D
33429,,RAB7A
34623,,RABAC1
17259,,RABL5
35395,,RAC3
33781,,RACK1
36379,,RAD9A
33389,,RAET1L
33313,,RALY
33455,,RAMAC
36280,,RAMP1
35167,,RAMP2
34247,,RAMP3
36622,,RANBP1
35506,,RANGRF
33928,,RARRES2
35019,,RASD1
35927,,RASL11B
33738,,RASL12
33757,,RASSF10
36673,,RAX
33938,,RBBP9
35660,,RBKS
36060,,RBM18
34596,,RBM24
35650,,RBM4
35789,,RBM43
33583,,RBM48
32791,,RBM4B
34631,,RBM7
36247,,RBMX2
35799,,RBMY1B
35524,,RBMY1D
33341,,RBMY1E
35214,,RBMY1F
36126,,RBMY1J
35467,,RBP1
33554,,RBP7
33500,,RBPMS
33405,,RBSN
33058,,RBX1
34983,,RCAN2
33031,,RCAN3
34634,,RCBTB1
36536,,RCCD1
35108,,RD3L
36205,,RDH11
33091,,RDH12
35710,,RDH13
36464,,RDH14
35528,,REC114
34961,,REELD1
34091,,REEP6
34985,,RELCH
35620,,REM2
36235,,RETN
34288,,RETREG1
36125,,RETREG2
33979,,RETREG3
34179,,REX1BD
36619,,REXO5
33318,,RFFL
35962,,RFLNA
35323,,RFLNB
32987,,RFPL4B
33038,,RFT1
33220,,RFWD3
35726,,RFXAP
34566,,RGCC
34679,,RGPD5
35745,,RGPD6
36046,,RGS1
36451,,RGS10
36625,,RGS16
35720,,RHBDD3
33607,,RHEBL1
34194,,RHNO1
36422,,RHOB
36258,,RHOC
33191,,RHOD
35981,,RHOF
33563,,RHOQ
33159,,RHOV
35491,,RHOXF2
34580,,RHOXF2B
35386,,RIC1
33270,,RIDA
35165,,RILP
35366,,RIMBP3C
35286,,RIMS3
33133,,RIOK3
32801,,RIOX1
35106,,RIOX2
36503,,RIPOR1
36182,,RIPOR3
32850,,RLBP1
35306,,RLN1
35401,,RMC1
35955,,RMI2
33089,,RMND5B
18404,,RN7SL611P
18303,,RN7SL710P
18272,,RN7SL816P
36448,,RNASE12
32879,,RNASE3
33350,,RNASE4
32894,,RNASE8
33796,,RNASEH2B
35330,,RNASEK
33185,,RNASET2
36148,,RND1
34984,,RNF113A
34938,,RNF121
33200,,RNF125
32818,,RNF130
34170,,RNF133
36221,,RNF135
35171,,RNF14
35208,,RNF141
33879,,RNF152
35736,,RNF166
36018,,RNF186
34707,,RNF19A
35266,,RNF208
33977,,RNF212B
34363,,RNF222
35596,,RNF223
34268,,RNF225
34378,,RNF227
35490,,RNF26
35873,,RNF32
36442,,RNF34
32882,,RNFT1
34385,,RNPC3
33323,,RNPEP
18580,,RP1-152L7.1
11174,,RP1-153P14.8
10683,,RP1-154K9.2
10464,,RP1-203P18.1
5530,,RP1-228P16.4
18278,,RP1-232L22__A.1
10156,,RP1-232L22__B.1
13472,,RP1-241P17.4
12639,,RP1-265C24.8
18230,,RP1-269M15.3
9243,,RP1-274L7.1
13642,,RP1-32I10.10
10120,,RP1-37N7.3
14301,,RP1-46F2.2
9379,,RP1-62O9.3
9045,,RP1-65P5.1
18218,,RP1-6P5.2
12168,,RP1-84O15.1
10376,,RP1-84O15.2
18415,,RP1-90J20.11
12679,,RP11-100G15.7
7944,,RP11-1023L17.1
9500,,RP11-1023L17.2
17704,,RP11-1033A18.1
11929,,RP11-1038A11.2
10495,,RP11-104G3.2
3167,,RP11-1055B8.7
9206,,RP11-106M3.2
12875,,RP11-107C16.2
11867,,RP11-107P7.5
14912,,RP11-1081L13.3
10470,,RP11-1084J3.4
17646,,RP11-109E12.1
11919,,RP11-10F11.2
10181,,RP11-10H3.1
18487,,RP11-10J21.4
10755,,RP11-10O22.1
17720,,RP11-1100L3.4
10904,,RP11-1109M24.16
4055,,RP11-1112C15.1
13593,,RP11-112J1.2
18363,,RP11-112J3.16
15938,,RP11-1137G4.3
8630,,RP11-113D6.10
18042,,RP11-113D6.6
4698,,RP11-114H24.2
18294,,RP11-115A15.4
8090,,RP11-1166P10.1
14848,,RP11-1166P10.6
18558,,RP11-119H12.3
11526,,RP11-120D5.1
15003,,RP11-1217F2.1
18077,,RP11-1217F2.15
4883,,RP11-121L10.3
2711,,RP11-1220K2.2
18220,,RP11-122G11.1
10505,,RP11-123O22.1
18475,,RP11-1267H10.3
10184,,RP11-127H5.1
13765,,RP11-12A2.1
12868,,RP11-130F10.1
11007,,RP11-133F8.2
11014,,RP11-134O21.1
18189,,RP11-136I14.2
11004,,RP11-138I17.1
5195,,RP11-1396O13.13
7584,,RP11-1396O13.14
3967,,RP11-1396O13.15
18150,,RP11-139G7.1
14634,,RP11-1407O15.2
10350,,RP11-141J13.5
9699,,RP11-143N13.1
18392,,RP11-144L1.4
3562,,RP11-145E5.5
9867,,RP11-146N18.1
16805,,RP11-149F8.3
3895,,RP11-14N7.2
8572,,RP11-150O12.3
10189,,RP11-154D17.1
15291,,RP11-157J24.1
12358,,RP11-15B17.1
18043,,RP11-160C18.2
4061,,RP11-160N1.10
13178,,RP11-160N1.8
17795,,RP11-160N1.9
16393,,RP11-163O19.10
14762,,RP11-163O19.11
8171,,RP11-163O19.8
10329,,RP11-166O4.1
13226,,RP11-167P23.2
8659,,RP11-168K9.2
1674,,RP11-169K16.7
16921,,RP11-16E18.1
10298,,RP11-16L9.4
11752,,RP11-170L3.6
16397,,RP11-170L3.7
17372,,RP11-172F10.1
15060,,RP11-173D3.2
18498,,RP11-175I6.5
7810,,RP11-178C3.2
10194,,RP11-179A16.1
9849,,RP11-17E2.2
10385,,RP11-17M15.2
18014,,RP11-17M15.4
11000,,RP11-180C1.1
16538,,RP11-181C3.1
14326,,RP11-182J1.12
9592,,RP11-182N22.7
16783,,RP11-184C23.4
12752,,RP11-187O7.3
18141,,RP11-18O15.1
18588,,RP11-192C21.1
9999,,RP11-196D18.5
17613,,RP11-196E1.3
6852,,RP11-19N8.2
18124,,RP11-200A13.3
12418,,RP11-201K10.3
8653,,RP11-201M22.1
16449,,RP11-203I2.1
12969,,RP11-204E9.1
17531,,RP11-204N11.1
9884,,RP11-206L10.2
9389,,RP11-206L10.8
17555,,RP11-206L10.9
15979,,RP11-208P4.1
10187,,RP11-20A20.2
18300,,RP11-20J1.1
13379,,RP11-211N8.2
16808,,RP11-213G2.3
18062,,RP11-215A21.2
9854,,RP11-217C7.1
10754,,RP11-217E22.5
9866,,RP11-218F4.1
4803,,RP11-219C20.1
18139,,RP11-219J21.2
9862,,RP11-21L23.4
18503,,RP11-220H4.2
18247,,RP11-222O23.1
3118,,RP11-22B23.1
18442,,RP11-22N12.2
10306,,RP11-230G5.2
10691,,RP11-231C14.4
13261,,RP11-231P20.2
2471,,RP11-235G24.1
1665,,RP11-23E10.4
9267,,RP11-23F23.2
12163,,RP11-241F15.1
17542,,RP11-241F15.7
18421,,RP11-244H18.4
14937,,RP11-244H3.1
10568,,RP11-246K15.1
4664,,RP11-247A12.2
11743,,RP11-248G5.8
235,,RP11-24M17.5
17609,,RP11-252A24.2
10266,,RP11-258B16.1
9263,,RP11-258J10.1
18254,,RP11-259G18.1
10658,,RP11-25H12.1
16711,,RP11-25I15.1
9251,,RP11-260O18.1
14952,,RP11-261C10.2
9427,,RP11-261C10.3
9919,,RP11-261C10.7
10297,,RP11-262D11.2
16803,,RP11-262H14.1
5070,,RP11-262H14.4
16804,,RP11-262H14.7
9702,,RP11-266L9.4
10560,,RP11-269F21.1
14027,,RP11-269M20.1
14675,,RP11-26F2.1
15840,,RP11-274B21.2
16500,,RP11-274B21.3
18489,,RP11-274B21.4
9971,,RP11-274J2.1
15298,,RP11-276H19.1
12831,,RP11-277B15.1
18226,,RP11-279O17.3
12681,,RP11-27I1.4
12581,,RP11-280O1.2
4846,,RP11-282E4.1
10006,,RP11-286H14.4
18148,,RP11-287F9.1
18266,,RP11-291J9.2
18203,,RP11-291L22.4
9593,,RP11-292B8.1
15864,,RP11-293B20.2
11935,,RP11-293B20.3
14540,,RP11-293F5.8
13047,,RP11-293M10.4
18564,,RP11-293M10.5
10200,,RP11-293N14.1
9273,,RP11-295G12.1
2690,,RP11-296E7.1
17516,,RP11-296I10.6
9063,,RP11-296O14.3
10751,,RP11-297H3.3
9960,,RP11-298O21.5
15635,,RP11-299H22.5
15687,,RP11-29H23.6
6588,,RP11-2C24.4
14404,,RP11-2C24.5
18605,,RP11-2E11.9
10088,,RP11-2F9.3
14543,,RP11-302M6.4
10241,,RP11-305L7.3
13985,,RP11-306I1.1
16291,,RP11-307E17.8
13544,,RP11-309L24.6
10508,,RP11-30J20.1
18335,,RP11-311P8.2
18234,,RP11-312A15.1
18213,,RP11-313E19.1
13189,,RP11-313I2.10
14095,,RP11-313I2.7
9199,,RP11-313J2.1
9147,,RP11-314D7.2
10889,,RP11-314N14.1
11027,,RP11-314P15.2
12050,,RP11-318K12.1
18511,,RP11-318K12.3
16103,,RP11-320A16.1
14376,,RP11-321E2.5
12960,,RP11-321E2.6
10383,,RP11-323I15.5
10166,,RP11-324C10.1
3084,,RP11-324H6.5
18227,,RP11-325K19.6
17135,,RP11-326K13.2
18410,,RP11-327P2.5
14123,,RP11-32B5.1
17910,,RP11-32B5.2
10183,,RP11-32K4.1
16470,,RP11-332E19.2
18400,,RP11-332P22.2
9365,,RP11-333E13.4
18239,,RP11-339D23.1
10758,,RP11-340A13.3
14581,,RP11-340I6.6
18241,,RP11-344G13.1
11727,,RP11-344N10.5
17286,,RP11-344N17.3
11147,,RP11-345F18.1
10232,,RP11-347C12.1
9706,,RP11-347C12.2
8031,,RP11-347H15.5
15912,,RP11-350G8.3
17683,,RP11-351E7.2
3328,,RP11-351I21.6
13549,,RP11-351I21.7
15000,,RP11-351J23.1
12381,,RP11-352D3.2
9295,,RP11-353N4.2
14838,,RP11-353N4.7
10473,,RP11-354I13.1
18327,,RP11-354I13.2
16083,,RP11-354K1.1
18277,,RP11-356C4.3
9041,,RP11-356I2.1
18285,,RP11-357H3.1
18295,,RP11-358H9.1
14094,,RP11-358N4.6
10174,,RP11-35J1.1
10896,,RP11-362K2.2
14413,,RP11-364B14.1
18364,,RP11-366N18.2
18211,,RP11-367J11.3
17633,,RP11-367J7.4
12447,,RP11-368J21.3
11015,,RP11-369K17.1
13704,,RP11-36C20.1
11061,,RP11-377K22.2
18373,,RP11-379B18.3
18267,,RP11-379J13.2
10885,,RP11-384F7.1
10813,,RP11-384J4.2
5990,,RP11-385D13.1
13242,,RP11-388K12.1
8312,,RP11-388M20.7
10811,,RP11-38H17.1
10496,,RP11-391M20.1
10809,,RP11-392O17.1
13040,,RP11-394A14.2
7294,,RP11-395L14.17
10812,,RP11-399H11.3
2911,,RP11-3D23.1
11686,,RP11-3P17.3
9079,,RP11-3P17.4
18152,,RP11-402G3.6
14024,,RP11-402J6.3
10311,,RP11-403I13.4
15662,,RP11-403I13.8
18462,,RP11-404K5.1
8922,,RP11-404K5.2
18003,,RP11-407N17.6
10682,,RP11-40F8.2
16761,,RP11-40M23.1
14176,,RP11-410N8.1
13140,,RP11-410N8.4
1668,,RP11-411B10.5
16508,,RP11-415I12.2
14210,,RP11-415I12.3
10577,,RP11-416N4.4
10167,,RP11-416O18.1
15779,,RP11-417J8.3
14684,,RP11-417J8.6
10759,,RP11-419C19.2
17424,,RP11-420A23.1
14269,,RP11-420J11.1
8322,,RP11-420K14.1
9121,,RP11-420N3.2
14948,,RP11-421L10.1
13480,,RP11-423O2.5
12058,,RP11-424E7.3
17571,,RP11-426L16.8
17309,,RP11-428P16.2
18268,,RP11-429G17.2
18445,,RP11-429J17.7
16864,,RP11-42I10.1
18367,,RP11-42O15.3
10573,,RP11-430C1.1
10170,,RP11-431M7.3
10662,,RP11-434D9.1
16925,,RP11-434O22.1
6519,,RP11-435B5.4
14420,,RP11-435B5.5
9040,,RP11-436D23.1
18611,,RP11-436J20.1
13958,,RP11-436P7.2
12572,,RP11-439A17.4
17027,,RP11-439E19.3
11155,,RP11-43F13.3
14706,,RP11-440K22.1
17353,,RP11-442N24__B.1
10927,,RP11-443P15.2
9843,,RP11-444A22.1
18166,,RP11-444C12.1
11005,,RP11-445O3.2
9646,,RP11-448P19.1
5078,,RP11-451K18.7
15023,,RP11-451M19.3
12208,,RP11-451O13.1
10660,,RP11-452C8.1
12514,,RP11-452G18.2
4227,,RP11-454P7.1
18616,,RP11-454P7.3
14206,,RP11-455G16.1
12090,,RP11-456J20.1
3074,,RP11-460N11.2
9033,,RP11-460N16.1
10553,,RP11-463J7.2
11041,,RP11-465B22.3
9850,,RP11-466J24.1
17073,,RP11-466L17.1
12505,,RP11-467H10.2
18592,,RP11-467L19.11
4935,,RP11-467N20.5
1799,,RP11-468B6.1
7484,,RP11-468E2.9
18584,,RP11-469E19.1
18204,,RP11-469N6.1
18332,,RP11-46D6.5
11001,,RP11-472K22.1
18121,,RP11-473M10.3
12082,,RP11-474D1.3
10934,,RP11-475C16.1
5799,,RP11-477N12.3
17972,,RP11-479O9.2
10381,,RP11-47I22.2
18304,,RP11-47L3.1
9863,,RP11-480C22.1
13987,,RP11-480I12.4
18547,,RP11-481N16.1
18156,,RP11-483K5.2
17467,,RP11-485M7.3
10903,,RP11-488I20.8
2464,,RP11-488L18.3
18471,,RP11-490G8.1
9677,,RP11-492D6.3
11610,,RP11-496I2.2
18205,,RP11-496I2.5
17904,,RP11-496I9.1
12009,,RP11-497H16.2
16426,,RP11-497H16.6
12950,,RP11-503N18.1
18319,,RP11-503N18.3
15443,,RP11-504P24.3
18502,,RP11-506B6.5
12690,,RP11-508N22.9
2473,,RP11-50E11.3
7723,,RP11-510H23.1
15175,,RP11-510I21.1
18260,,RP11-510I6.2
18058,,RP11-517B11.2
12199,,RP11-51L5.5
17241,,RP11-51L5.7
13601,,RP11-523L20.2
10190,,RP11-525A16.4
16661,,RP11-525E9.1
10474,,RP11-525K10.1
14527,,RP11-526A4.1
10608,,RP11-526D8.7
18568,,RP11-528M18.3
13653,,RP11-533E19.2
18527,,RP11-535M15.2
15340,,RP11-536C10.12
10186,,RP11-536O18.1
15179,,RP11-537H15.4
10557,,RP11-539G18.2
18478,,RP11-540B6.2
9839,,RP11-541F9.2
15155,,RP11-542P2.1
15166,,RP11-544L8__B.4
15581,,RP11-545A16.3
11708,,RP11-545I5.3
18490,,RP11-546K22.3
14982,,RP11-548H18.2
14537,,RP11-548K12.10
12835,,RP11-548K12.11
16799,,RP11-54D18.3
4140,,RP11-551L14.1
5422,,RP11-553A10.1
9974,,RP11-553P9.1
9044,,RP11-554I8.1
10559,,RP11-556I14.2
9409,,RP11-556K13.1
14454,,RP11-556N21.1
12651,,RP11-561N12.2
9425,,RP11-563D10.1
10195,,RP11-563P16.1
8285,,RP11-564C4.6
15981,,RP11-564D11.3
12840,,RP11-566F5.1
10854,,RP11-566K19.6
12372,,RP11-566K19.9
12229,,RP11-568A7.1
14591,,RP11-56A10.1
12710,,RP11-56P9.10
15982,,RP11-56P9.11
17583,,RP11-56P9.4
18343,,RP11-574F11.3
13724,,RP11-574M7.1
16534,,RP11-574M7.2
18225,,RP11-583F24.7
17281,,RP11-584P21.2
10762,,RP11-586K2.1
18170,,RP11-588F10.1
17662,,RP11-589F5.3
10302,,RP11-594N15.2
12524,,RP11-597A11.3
16573,,RP11-597A11.4
16317,,RP11-597A11.6
7347,,RP11-598D12.1
14129,,RP11-598D12.3
10962,,RP11-598D12.4
9111,,RP11-598F7.1
17719,,RP11-599J14.2
11992,,RP11-59E19.1
16396,,RP11-603B24.1
18360,,RP11-603B24.6
10756,,RP11-608O21.1
15619,,RP11-60C6.5
18375,,RP11-60C6.6
12364,,RP11-613M10.9
18233,,RP11-614F17.2
18541,,RP11-616M22.10
10899,,RP11-61O1.1
10507,,RP11-624C23.1
10892,,RP11-624D11.2
10672,,RP11-624J12.1
7346,,RP11-626K17.5
17513,,RP11-632K20.2
13590,,RP11-638F5.1
9211,,RP11-638L3.1
9904,,RP11-640M9.1
9340,,RP11-640M9.2
5167,,RP11-642P15.1
9700,,RP11-645C24.2
14225,,RP11-64D22.2
14617,,RP11-64K12.1
10794,,RP11-650K20.3
18495,,RP11-652G5.2
7741,,RP11-656G20.1
17713,,RP11-659G9.1
14845,,RP11-65D24.2
14021,,RP11-663P9.2
10895,,RP11-664H17.1
18318,,RP11-666A20.3
18302,,RP11-669B18.1
16561,,RP11-671M22.4
8016,,RP11-672F9.1
14375,,RP11-673E1.3
10358,,RP11-677O4.3
9743,,RP11-677O4.4
8169,,RP11-678B3.2
12648,,RP11-678B3.3
18301,,RP11-680E19.1
1250,,RP11-683L23.1
5765,,RP11-687M24.4
10201,,RP11-689C9.1
10199,,RP11-693J15.4
17992,,RP11-693N9.2
9191,,RP11-6B4.1
2472,,RP11-700P18.2
10655,,RP11-702L6.4
12190,,RP11-706O15.1
14983,,RP11-707F2.1
4114,,RP11-707M1.1
9270,,RP11-708B6.2
11003,,RP11-710F7.3
16308,,RP11-713P17.3
10270,,RP11-716O23.2
10164,,RP11-71E19.1
18209,,RP11-71G7.1
9201,,RP11-71J2.1
16764,,RP11-71N10.1
17130,,RP11-723O4.6
12516,,RP11-726G1.1
17393,,RP11-728K20.1
12011,,RP11-72L22.1
18500,,RP11-72M10.4
15185,,RP11-72M10.5
9278,,RP11-72M17.1
9851,,RP11-731D1.4
9283,,RP11-736G13.1
14764,,RP11-736I10.2
11020,,RP11-736K20.6
14293,,RP11-738O11.9
16136,,RP11-744H18.1
10197,,RP11-744N12.3
10203,,RP11-746B8.1
14227,,RP11-747H12.1
18450,,RP11-747H12.7
11142,,RP11-751L19.1
10757,,RP11-752D24.3
9666,,RP11-754I20.1
3139,,RP11-754I20.3
10709,,RP11-756P10.3
17017,,RP11-758I14.3
15514,,RP11-75L1.6
3228,,RP11-763B22.9
18133,,RP11-764K9.1
10378,,RP11-764K9.4
5885,,RP11-766F14.2
10810,,RP11-774D14.1
11465,,RP11-774O3.3
10468,,RP11-775H9.1
7742,,RP11-777J24.1
14993,,RP11-779O18.1
18506,,RP11-782C8.1
3478,,RP11-782C8.2
10705,,RP11-790I12.1
2925,,RP11-790I12.2
18207,,RP11-795H16.2
6818,,RP11-798K3.2
7787,,RP11-79C23.1
18212,,RP11-79E3.2
18417,,RP11-805F19.4
12833,,RP11-809F4.2
3410,,RP11-80F22.10
8344,,RP11-80F22.5
13668,,RP11-80F22.9
15743,,RP11-810H18.1
13667,,RP11-812E19.5
864,,RP11-812E19.9
14397,,RP11-813N20.1
18245,,RP11-817J15.2
13726,,RP11-81M19.1
18542,,RP11-822E23.8
16963,,RP11-834C11.4
10304,,RP11-847H18.2
2663,,RP11-848G14.5
7340,,RP11-84C10.2
11394,,RP11-854K16.3
17886,,RP11-85L21.4
17334,,RP11-85L21.6
17120,,RP11-85O21.2
16292,,RP11-86L19.2
17200,,RP11-87H9.3
18244,,RP11-885L14.1
5381,,RP11-890B15.2
16439,,RP11-894J14.5
18365,,RP11-89K11.1
10185,,RP11-89M16.1
12625,,RP11-8L2.1
18006,,RP11-909M7.3
14104,,RP11-923I11.6
11582,,RP11-93O17.2
10191,,RP11-945A11.2
9906,,RP11-94I2.1
9046,,RP11-94P11.4
13408,,RP11-958N24.2
16332,,RP11-95H3.1
18130,,RP11-95P13.2
17443,,RP11-97N5.2
18100,,RP11-989E6.11
18452,,RP11-98N22.6
12086,,RP11-998D10.4
9264,,RP11-99H20.1
14547,,RP11-9L18.2
7180,,RP13-140E4.1
18183,,RP13-147D17.1
7125,,RP13-157F18.2
11045,,RP13-221M14.4
16383,,RP13-228J13.1
9557,,RP13-254B10.1
7559,,RP13-266I11.1
12846,,RP13-379L11.2
18545,,RP13-379L11.3
17458,,RP13-39P12.2
17392,,RP13-580B18.1
18405,,RP13-685P2.8
17897,,RP13-77O11.11
35020,,RP2
2915,,RP3-341D10.1
18228,,RP3-389A20.2
17064,,RP3-406P24.1
9983,,RP3-416J7.5
5716,,RP3-470B24.5
11008,,RP3-510L9.1
9060,,RP4-595K12.2
18524,,RP4-597N16.4
9244,,RP4-601K24.1
10492,,RP4-604G5.3
11179,,RP4-662A9.2
18550,,RP4-697K14.3
9284,,RP4-723E3.1
11013,,RP4-742N3.1
3549,,RP4-791C19.1
12415,,RP4-799D16.1
18328,,RP4-801G22.3
10680,,RP5-1043L13.1
7854,,RP5-1052I5.2
9247,,RP5-1061H20.5
13250,,RP5-1063M23.2
13978,,RP5-1086K13.1
18045,,RP5-1119A7.11
17628,,RP5-1180C18.1
9403,,RP5-1198O20.4
4255,,RP5-828H9.1
11960,,RP5-845O24.3
18164,,RP5-849L7.1
18188,,RP5-859M6.1
9245,,RP5-898J17.1
3381,,RP5-944M2.3
10983,,RP5-965F6.2
9061,,RP5-998N21.4
16645,,RP6-105D16.1
12902,,RP6-206I17.1
35872,,RPA3
36537,,RPAIN
35579,,RPH3AL
36564,,RPL10A
33356,,RPL11
34265,,RPL12
35835,,RPL13
34105,,RPL15
36523,,RPL17
33128,,RPL18
33011,,RPL21
33059,,RPL22
33830,,RPL22L1
34520,,RPL27
36378,,RPL29
33514,,RPL30
33973,,RPL34
35085,,RPL35A
35043,,RPL36A
34324,,RPL36AL
34573,,RPL39L
36531,,RPL41
33443,,RPL6
33638,,RPL8
33349,,RPL9
33019,,RPLP2
36492,,RPP25
35607,,RPP25L
35288,,RPP30
33399,,RPP38
35944,,RPRM
32963,,RPRML
32822,,RPS11
33084,,RPS13
35574,,RPS14
36639,,RPS17
35744,,RPS19BP1
33408,,RPS2
33657,,RPS20
34455,,RPS25
36581,,RPS27L
35590,,RPS28
35991,,RPS4Y1
34223,,RPS9
33907,,RPUSD1
36346,,RPUSD3
35459,,RPUSD4
34522,,RRAGA
34465,,RRAGB
35013,,RRAGC
33375,,RRM2
35976,,RRM2B
34662,,RRP36
35099,,RRS1
33398,,RS1
34039,,RSAD1
36251,,RSPH14
36419,,RSPO4
33486,,RSRP1
36591,,RTBDN
17784,,RTDR1
33070,,RTF2
33760,,RTKN2
33099,,RTL10
34026,,RTL3
34427,,RTL4
36196,,RTL5
36328,,RTL6
35772,,RTL8A
34107,,RTL8B
36571,,RTL8C
35675,,RTL9
35869,,RTN4IP1
32794,,RTN4RL1
33766,,RTP3
35998,,RTP5
33247,,RTRAF
35868,,RUBCN
33382,,RUBCNL
36527,,RUFY2
32768,,RWDD1
34494,,RWDD2A
34923,,RWDD3
36376,,RXFP4
36653,,RXYLT1
34584,,S100A10
34650,,S100A12
35404,,S100A13
34539,,S100A4
33903,,S100A5
36103,,S100A6
34418,,S100A7
35177,,S100P
35844,,S100Z
35281,,S1PR3
35353,,S1PR5
32986,,SAA1
34389,,SAC3D1
34654,,SAE1
36570,,SAMD1
34356,,SAMD13
36600,,SAMD14
34400,,SAP25
36142,,SAP30
34757,,SAP30L
34261,,SAPCD2
35334,,SAR1B
35712,,SARAF
33016,,SARNP
32898,,SAT1
35870,,SAT2
33737,,SAV1
34796,,SAXO1
34791,,SAXO2
35354,,SBSPON
36525,,SC5D
33048,,SCAMP3
35125,,SCAND1
5898,,SCAND3
35666,,SCGB1D1
33824,,SCGB1D2
34021,,SCGB2A2
33719,,SCGB3A1
34245,,SCGB3A2
33715,,SCIMP
34310,,SCN1B
33540,,SDC3
33605,,SDHAF3
33410,,SDHAF4
32886,,SDHB
35581,,SDHD
36573,,SDR39U1
33576,,SDR9C7
33014,,SEC22C
35111,,SELENOF
35681,,SELENOH
35816,,SELENOI
34266,,SELENOK
36345,,SELENOM
36300,,SELENON
33493,,SELENOO
34837,,SELENOP
34251,,SELENOS
35644,,SELENOT
33736,,SELENOV
32895,,SELENOW
11414,,SELK
13761,,SELO
5877,,SELT
3629,,SELV
35770,,SENP8
16226,,SEP15
7086,,SEPP1
35405,,SEPT5
34873,,SEPT8
35285,,SERAC1
36561,,SERF1A
35733,,SERF1B
33624,,SERINC1
35930,,SERINC4
35604,,SERP2
35785,,SERPINA10
35325,,SERPINA2
12754,,SERPINA2P
35600,,SERPINB1
35555,,SERPINE2
36184,,SERTM2
33378,,SETD4
33679,,SETD6
33297,,SF3B6
34884,,SFR1
34964,,SFT2D1
35426,,SFT2D3
35988,,SFTPD
33792,,SGCG
36682,,SGF29
36720,,SGO1
35005,,SGO2
34637,,SGTA
33109,,SGTB
36062,,SH2D3A
34055,,SH3BGRL3
35525,,SHCBP1L
36518,,SHE
34327,,SHF
34311,,SHISA4
34927,,SHISA8
36624,,SHISAL1
34481,,SHISAL2A
35867,,SHISAL2B
36510,,SHLD1
36281,,SHLD2
33043,,SHLD3
33076,,SHMT2
35182,,SHTN1
34689,,SIAH2
32839,,SIRT6
33506,,SIT1
33221,,SIVA1
36474,,SKA2
32913,,SKA3
36214,,SKAP2
34887,,SLA2
33804,,SLAMF9
36701,,SLBP
34876,,SLC10A1
35049,,SLC16A1
36437,,SLC16A13
32849,,SLC16A3
35413,,SLC1A2
32869,,SLC1A4
36040,,SLC1A5
35848,,SLC1A7
33706,,SLC22A18
34719,,SLC22A3
34700,,SLC22A31
36155,,SLC24A1
34036,,SLC25A11
35520,,SLC25A15
32993,,SLC25A20
33637,,SLC25A26
33421,,SLC25A30
32883,,SLC25A39
33215,,SLC25A4
33610,,SLC25A48
34897,,SLC25A51
34819,,SLC25A6
33847,,SLC26A2
33769,,SLC2A1
33352,,SLC2A4
34304,,SLC30A6
35655,,SLC31A1
33412,,SLC35A1
34582,,SLC35E2A
33351,,SLC35E4
36111,,SLC35G1
36315,,SLC35G4
33407,,SLC37A4
33404,,SLC38A5
32790,,SLC38A6
34441,,SLC39A13
34502,,SLC39A14
36295,,SLC39A5
34226,,SLC39A8
34570,,SLC39A9
35514,,SLC45A3
34606,,SLC46A2
34286,,SLC49A3
33162,,SLC51A
35290,,SLC7A6
35003,,SLC8B1
36059,,SLC9A5
32855,,SLF1
36613,,SLF2
36226,,SLFN13
34730,,SLFNL1
36010,,SLIRP
35407,,SLPI
32891,,SLX1A
34485,,SLX1B
33029,,SMAD9
35941,,SMARCD2
34853,,SMARCE1
36703,,SMCO1
34564,,SMCO3
10456,,SMEK3P
34602,,SMIM1
36445,,SMIM10L1
33311,,SMIM10L2A
35110,,SMIM10L2B
36504,,SMIM11A
35134,,SMIM12
34195,,SMIM15
33057,,SMIM18
33274,,SMIM2
33768,,SMIM22
34404,,SMIM23
35834,,SMIM24
36576,,SMIM26
32833,,SMIM27
35943,,SMIM28
34756,,SMIM29
36429,,SMIM30
36114,,SMIM31
35566,,SMIM32
33257,,SMIM34A
36023,,SMIM35
36106,,SMIM36
36604,,SMIM4
34577,,SMIM43
34177,,SMIM5
33042,,SMIM6
36166,,SMIM9
34661,,SMLR1
35782,,SMN1
33880,,SMN2
34990,,SMNDC1
33653,,SMPD2
36394,,SMPDL3A
36440,,SMS
33592,,SMU1
33380,,SMUG1
35238,,SNAI3
35217,,SNAP23
35643,,SNAP29
34165,,SNAPC5
35748,,SNCB
35181,,SNCG
36109,,SNF8
34994,,SNN
34742,,SNORC
10176,,SNORD45
18223,,SNOU13
34548,,SNRNP25
34008,,SNRNP27
33050,,SNRNP35
36112,,SNRPA
36294,,SNRPA1
35853,,SNRPD2
35985,,SNRPG
33544,,SNU13
36462,,SNUPN
35682,,SNW1
34515,,SNX10
34294,,SNX11
34432,,SNX17
33718,,SNX18
34655,,SNX20
33157,,SNX21
33088,,SNX27
36514,,SNX3
33633,,SNX30
34968,,SNX4
35381,,SOCS3
34171,,SOD1
5998,,SOGA2
34781,,SOHLH2
34576,,SORT1
35338,,SOST
36121,,SOX15
34904,,SOX17
34131,,SPA17
35523,,SPAAR
36598,,SPACA4
36677,,SPACA5
33223,,SPACA5B
33960,,SPACA6
33547,,SPACA9
35123,,SPAG11A
34196,,SPAG8
34718,,SPANXA1
34063,,SPANXA2
32836,,SPANXB1
35374,,SPANXN5
32964,,SPATA2
34635,,SPATA25
11641,,SPATA31B1
34331,,SPATA45
34890,,SPATA46
33186,,SPATA48
36322,,SPATA9
34508,,SPATC1L
34613,,SPC24
35268,,SPCS1
35391,,SPDEF
34483,,SPDL1
32950,,SPDYC
35355,,SPDYE16
35207,,SPDYE2
35545,,SPDYE2B
36471,,SPDYE5
33566,,SPEM2
35970,,SPHAR
33957,,SPHK1
34355,,SPHK2
34701,,SPIN2A
32930,,SPINDOC
33345,,SPINK14
34816,,SPINK2
34703,,SPINK4
34547,,SPINT2
33945,,SPINT3
36477,,SPINT4
32932,,SPNS3
34198,,SPOUT1
34090,,SPRED2
34571,,SPRR1A
34996,,SPRR2A
33217,,SPRR2B
32863,,SPRYD7
36519,,SPTY2D1OS
35544,,SPX
36028,,SQLE
34882,,SQOR
35336,,SRA1
33496,,SRARP
15900,,SRCRB4D
35034,,SREBF1
36014,,SRFBP1
34656,,SRGN
35361,,SRI
34820,,SRP54
35357,,SRPRA
36512,,SRSF10
32852,,SRY
32834,,SS18L2
33495,,SSBP4
35428,,SSC4D
34367,,SSR2
33164,,SSR4
35996,,SST
34470,,SSX2
13778,,SSX6
6046,,SSX8
32990,,ST6GALNAC1
33406,,STAC3
36250,,STARD4
33512,,STATH
36175,,STBD1
36646,,STC2
34279,,STH
34123,,STIMATE
35139,,STK17A
35349,,STK24
33456,,STK26
35776,,STK38L
35896,,STKLD1
34525,,STMN2
33312,,STMP1
32926,,STN1
34620,,STOM
36418,,STOML2
36417,,STPG3
34135,,STPG4
34451,,STUM
33720,,STX19
34660,,STYX
35039,,SULT1A1
33371,,SULT1A3
34734,,SULT1A4
36374,,SUMF1
34622,,SUMO2
35084,,SUMO3
36146,,SUMO4
33771,,SUPT7L
35113,,SURF1
34069,,SURF2
36120,,SURF4
32880,,SUSD6
33181,,SUV39H2
18530,,SUZ12P
34818,,SVBP
10039,,SVILP1
35422,,SVIP
32951,,SWSAP1
34665,,SYCE2
33251,,SYN1
33844,,SYNDIG1
34476,,SYNDIG1L
33409,,SYNE4
36607,,SYNJ2BP
35146,,SYNPO2L
35348,,SYPL1
33850,,SYS1
36393,,SYTL1
34761,,TAC3
34562,,TADA3
36048,,TAF10
34710,,TAF11
34523,,TAF13
36157,,TAF1D
36616,,TALDO1
33894,,TAPBPL
34653,,TARM1
32929,,TAS2R10
35446,,TAS2R20
33700,,TAS2R30
36290,,TAS2R4
33085,,TAS2R43
33303,,TAS2R50
34532,,TAS2R8
34538,,TAS2R9
36174,,TATDN3
33295,,TAX1BP1
33935,,TAX1BP3
34396,,TAZ
35363,,TBC1D19
34848,,TBC1D26
36540,,TBCA
35412,,TBXT
34900,,TCAF1
36117,,TCAF2
36070,,TCAP
36162,,TCEAL1
33310,,TCEAL7
34338,,TCEAL8
36487,,TCEAL9
35885,,TCF15
33304,,TCF19
32982,,TCF21
34464,,TCF23
34565,,TCF24
34281,,TCFL5
35179,,TCHP
33101,,TCIM
32947,,TCL1B
34963,,TCTA
33749,,TCTEX1D2
36579,,TCTEX1D4
34433,,TDO2
35519,,TEAD4
33813,,TEDC1
33138,,TEDC2
36257,,TEF
33600,,TEKT5
33870,,TENT2
36278,,TENT4A
34037,,TENT4B
35042,,TENT5A
35389,,TENT5B
34193,,TENT5C
35692,,TENT5D
35160,,TERB1
34315,,TERB2
36404,,TERF2
33300,,TESC
33779,,TESMIN
33147,,TEX22
34403,,TEX38
34808,,TEX43
34187,,TEX44
34918,,TEX45
33984,,TEX46
35358,,TEX47
34863,,TEX48
36641,,TEX49
34793,,TEX50
34299,,TEX51
35193,,TEX53
33636,,TFAP2E
36384,,TFF3
35503,,TFG
34542,,TFPT
34139,,TGFB1
33172,,TGFB1I1
35630,,TGFB3
33482,,TGFBR3L
36306,,TGIF2
35594,,THAP12
32871,,THAP4
34530,,THAP8
33344,,THBD
35316,,THEM4
36599,,THEM5
34005,,THEM6
35874,,THEMIS2
33436,,THOC7
33131,,THTPA
34351,,THUMPD3
33343,,THY1
33326,,TICAM2
36557,,TIFA
33204,,TIGAR
34951,,TIGD1
35008,,TIGD2
33572,,TIMM10
34374,,TIMM10B
34364,,TIMM17A
35126,,TIMM29
34599,,TIMM50
34659,,TIMM8A
36490,,TINCR
35634,,TINF2
33477,,TIPARP
34843,,TIPIN
34673,,TIRAP
36649,,TK2
35053,,TKFC
32914,,TLCD1
36628,,TLCD2
36276,,TLE7
32979,,TLNRD1
34743,,TLX1
34618,,TM2D2
36683,,TM2D3
35670,,TM4SF18
34827,,TM4SF4
36405,,TM9SF1
33787,,TMA7
35044,,TMBIM1
36469,,TMBIM4
33699,,TMBIM6
33370,,TMCO2
35702,,TMED1
35287,,TMED2
35077,,TMED3
34740,,TMED4
35543,,TMEM102
36697,,TMEM105
34346,,TMEM109
35951,,TMEM11
32789,,TMEM115
35448,,TMEM121B
34943,,TMEM123
36006,,TMEM125
35264,,TMEM130
33710,,TMEM131L
34868,,TMEM136
36274,,TMEM141
34296,,TMEM144
34084,,TMEM14C
33056,,TMEM150A
35227,,TMEM167B
36152,,TMEM17
34272,,TMEM170A
33073,,TMEM170B
36725,,TMEM171
35155,,TMEM173
36107,,TMEM18
34340,,TMEM181
34458,,TMEM186
32832,,TMEM187
33875,,TMEM189
34949,,TMEM206
34669,,TMEM211
34993,,TMEM212
33402,,TMEM217
36660,,TMEM218
34792,,TMEM221
33082,,TMEM223
35130,,TMEM225B
34326,,TMEM230
33420,,TMEM231
33267,,TMEM238
34379,,TMEM240
33523,,TMEM250
35157,,TMEM253
34043,,TMEM254
36188,,TMEM256
36358,,TMEM258
35730,,TMEM259
33508,,TMEM260
33161,,TMEM262
32955,,TMEM263
32954,,TMEM266
33255,,TMEM267
34518,,TMEM268
33055,,TMEM270
34706,,TMEM273
33068,,TMEM30B
35693,,TMEM31
36140,,TMEM35A
35529,,TMEM35B
33125,,TMEM38A
33032,,TMEM39B
33831,,TMEM41A
34680,,TMEM42
35470,,TMEM43
34976,,TMEM50A
35694,,TMEM51
33564,,TMEM52
35750,,TMEM59
7995,,TMEM66
34959,,TMEM69
35465,,TMEM70
36156,,TMEM79
32851,,TMEM88
33853,,TMEM88B
35642,,TMEM91
34460,,TMEM94
34777,,TMEM95
33077,,TMIE
35825,,TMIGD3
34262,,TMOD3
33290,,TMPRSS3
33046,,TMSB10
34330,,TMSB15A
35727,,TMSB15B
35051,,TMSB4X
36465,,TMSB4Y
36144,,TMX2
36065,,TNFAIP1
36317,,TNFAIP3
34529,,TNFAIP8L1
33317,,TNFAIP8L2
33348,,TNFAIP8L3
33825,,TNFRSF13C
33785,,TNFRSF18
34924,,TNFSF12
33346,,TNFSF13
36383,,TNFSF13B
36455,,TNFSF15
34377,,TNFSF18
33577,,TNFSF8
33007,,TNNI1
36409,,TNS2
33334,,TOB1
34349,,TOGARAM1
33198,,TOGARAM2
34594,,TOMM20
35892,,TOMM20L
33237,,TOMM5
33864,,TOMM6
36163,,TOMM7
33272,,TOMM70
34726,,TOPORS
36256,,TOR1A
35881,,TOR2A
35066,,TP53TG3
34162,,TP53TG3B
36574,,TP53TG3C
32923,,TPBGL
35445,,TPCN1
33440,,TPCN2
35342,,TPD52L1
35709,,TPGS1
34413,,TPM2
36149,,TPPP2
35861,,TPRG1L
35773,,TPRN
33998,,TPSG1
35360,,TRADD
35070,,TRAF2
34254,,TRAF3IP2
36496,,TRAPPC2
35169,,TRAPPC2B
33394,,TRAPPC2L
34096,,TRAPPC5
34746,,TRAPPC6B
34832,,TRARG1
35548,,TREX1
34935,,TRIM11
33721,,TRIM13
36441,,TRIM16
35425,,TRIM28
36716,,TRIM34
34352,,TRIM35
34081,,TRIM38
33568,,TRIM40
35464,,TRIM49D2
35721,,TRIM50
34454,,TRIM54
34305,,TRIM6
34678,,TRIM61
34302,,TRIM62
35580,,TRIM64
36063,,TRIM74
33556,,TRIM8
32936,,TRIP10
33153,,TRIR
34991,,TRMO
34391,,TRMT10A
35593,,TRMT112
36601,,TRMT1L
35517,,TRMT5
34920,,TRMT6
33061,,TRMT61A
36128,,TRMT9B
34899,,TRMU
33460,,TRNP1
33141,,TRPT1
33937,,TSEN54
33591,,TSG101
34358,,TSPAN13
35910,,TSPAN32
33177,,TSPO
35855,,TSPO2
33758,,TSPOAP1
35257,,TSPY10
33933,,TSPY3
35114,,TSPY4
35957,,TSR1
36431,,TSR3
32842,,TSSC4
33201,,TSSK4
35094,,TSTD1
35482,,TSTD2
34207,,TSTD3
32785,,TTC1
1147,,TTC18
33280,,TTC36
4102,,TTC40
33900,,TTC9
35492,,TTC9B
36681,,TTC9C
10542,,TTLL13
34133,,TTPAL
36373,,TUBB4B
33642,,TUBE1
34415,,TUT4
35295,,TUT7
33446,,TVP23A
33794,,TWF2
33478,,TWIST2
35205,,TWNK
33665,,TXN2
33528,,TXNDC15
34895,,TXNDC17
34497,,TXNL4A
36005,,TXNL4B
33224,,TXNRD3
36061,,TYMP
34699,,TYROBP
12202,,U1
14053,,U66059.29
9050,,U91319.1
33208,,UBA52
35387,,UBA7
34386,,UBALD2
35669,,UBAP1
36698,,UBAP1L
35080,,UBD
33160,,UBE2D4
34216,,UBE2E1
35751,,UBE2G1
33225,,UBE2G2
33940,,UBE2J2
35601,,UBE2L5
18571,,UBE2L5P
35429,,UBE2Q1
35378,,UBE2S
35319,,UBE2T
35332,,UBE2V2
33206,,UBL3
36337,,UBL4A
36420,,UBL5
35923,,UBLCP1
32821,,UBTD1
34687,,UBTD2
35239,,UBXN2A
36079,,UCHL1
33022,,UCHL3
36033,,UCHL5
34510,,UCK1
35472,,UCK2
34178,,UCN
33895,,UCP1
36399,,UCP2
34045,,UFD1
34621,,ULBP3
32944,,UMAD1
36594,,UNC119
33381,,UNC50
34270,,UNC5CL
34309,,UNCX
35194,,UPK1A
36684,,UPK3BL1
34075,,UQCC3
34375,,UQCR11
33649,,UQCRB
35845,,UQCRFS1
33238,,UQCRHL
35552,,UQCRQ
33169,,URAD
33054,,UROD
35122,,USF2
36224,,USF3
35652,,USP1
34840,,USP17L1
34676,,USP17L10
33075,,USP17L11
36421,,USP17L12
35918,,USP17L13
34401,,USP17L15
32934,,USP17L17
35605,,USP17L18
35027,,USP17L19
35275,,USP17L2
33049,,USP17L20
34731,,USP17L21
34365,,USP17L22
36324,,USP17L23
33015,,USP17L24
33319,,USP17L25
34610,,USP17L26
34773,,USP17L27
34271,,USP17L28
35333,,USP17L29
34038,,USP17L3
36133,,USP17L30
35521,,USP17L5
34158,,USP17L8
36360,,USP49
33608,,UTF1
35346,,UTP11
35752,,UTP23
32806,,UTP25
32959,,UTP3
35698,,UTP4
34593,,UTS2R
34988,,UXT
35769,,VAMP1
33775,,VAMP2
33759,,VAMP3
33854,,VAMP5
35460,,VAMP8
35982,,VANGL1
36269,,VASP
33040,,VBP1
34779,,VCPKMT
33458,,VCX2
35359,,VCY
35030,,VCY1B
34448,,VEGFD
33242,,VHL
36435,,VHLL
34496,,VIRMA
34152,,VKORC1
35244,,VKORC1L1
35497,,VMA21
32814,,VN1R1
36650,,VN1R3
33182,,VPREB3
34325,,VPS25
36524,,VPS26A
34336,,VPS26C
33083,,VPS28
35192,,VPS29
34255,,VPS35L
33265,,VPS37B
34258,,VPS50
33261,,VPS52
33347,,VSIG10L
36186,,VSIR
35878,,VSNL1
33841,,VTI1A
36219,,VTI1B
35091,,VWA1
34118,,VXN
35797,,WAPL
33942,,WARS2
35606,,WAS
33385,,WASHC1
33045,,WASHC2A
32896,,WASHC2C
34323,,WASHC3
34312,,WASHC4
36167,,WASHC5
35159,,WDCP
36085,,WDR18
36263,,WDR34
34236,,WDR45B
36614,,WDR5
3263,,WDR52
36674,,WDR53
8358,,WDR65
7420,,WDR96
34668,,WDR97
34148,,WFDC1
34077,,WFDC10A
36623,,WFDC10B
35768,,WFDC12
34806,,WFDC3
33259,,WFDC5
33648,,WFDC6
34801,,WFDC8
36415,,WHRN
18557,,WI2-1896O14.1
6428,,WI2-1959D15.1
12645,,WI2-2373I1.1
18460,,WI2-2994D6.1
14677,,WI2-3308P17.2
17345,,WI2-3658N16.1
12268,,WI2-81516E3.1
36454,,WIPI1
34269,,WNT6
34771,,WNT7B
34786,,WNT8B
34641,,XAF1
33725,,XAGE1A
36044,,XAGE1B
36355,,XAGE2
33695,,XK
34437,,XKR8
34913,,XRCC2
35184,,XRCC3
17565,,XXBAC-B33L19.3
16023,,XXBAC-B444P24.10
9985,,XXBAC-BPG299F13.16
9526,,XXBAC-BPGBPG24O18.1
4848,,XXYAC-YM21GA2.7
6561,,XXYAC-YRM2039.2
18147,,Y_RNA
32826,,YAE1
36342,,YARS2
32900,,YBEY
36081,,YBX2
33179,,YDJC
36726,,YEATS4
33439,,YIPF2
36732,,YIPF4
36185,,YJEFN3
35879,,YJU2
36338,,YKT6
34869,,YPEL3
36710,,YPEL4
35390,,YPEL5
36362,,YRDC
36369,,YTHDF1
33859,,YWHAH
33837,,YWHAZ
18521,,Z97352.1
33845,,ZAR1
33226,,ZBED3
35932,,ZBED8
34224,,ZBED9
32985,,ZBTB12
35501,,ZBTB14
32921,,ZBTB24
36687,,ZBTB25
35884,,ZBTB45
32999,,ZBTB8OS
35006,,ZC2HC1C
35197,,ZC3H12D
34677,,ZC3HAV1L
35097,,ZC3HC1
35569,,ZCCHC12
33273,,ZCCHC24
34380,,ZCCHC9
33811,,ZDHHC2
35002,,ZDHHC24
35796,,ZDHHC3
36425,,ZDHHC7
34210,,ZFAND2A
33943,,ZFAND5
33539,,ZFP1
33571,,ZFP30
34945,,ZFP36L1
33541,,ZFP36L2
32776,,ZFP69B
33704,,ZFPM1
32972,,ZFYVE21
34282,,ZG16
33017,,ZGRF1
33753,,ZMAT2
35303,,ZMAT5
32997,,ZMPSTE24
34489,,ZMYND19
35035,,ZNF101
33820,,ZNF140
33761,,ZNF175
34128,,ZNF207
36410,,ZNF212
34908,,ZNF233
36500,,ZNF234
33121,,ZNF251
35899,,ZNF26
33074,,ZNF263
33146,,ZNF273
33655,,ZNF296
35307,,ZNF3
34428,,ZNF319
33996,,ZNF32
34030,,ZNF324
36232,,ZNF329
33677,,ZNF345
34487,,ZNF395
34289,,ZNF396
33951,,ZNF397
35458,,ZNF41
35058,,ZNF415
33881,,ZNF428
34234,,ZNF470
35258,,ZNF487
33189,,ZNF506
35831,,ZNF510
34720,,ZNF524
35685,,ZNF529
15849,,ZNF542
35406,,ZNF561
34227,,ZNF563
36397,,ZNF571
33024,,ZNF576
36000,,ZNF579
35539,,ZNF580
35997,,ZNF620
34102,,ZNF622
33644,,ZNF630
35553,,ZNF639
35707,,ZNF652
34044,,ZNF654
33504,,ZNF66
33149,,ZNF660
35887,,ZNF682
36329,,ZNF684
34901,,ZNF705B
7738,,ZNF705C
34683,,ZNF705G
34359,,ZNF706
36202,,ZNF713
36039,,ZNF724
35510,,ZNF726
36211,,ZNF735
34278,,ZNF738
36479,,ZNF74
36411,,ZNF766
17159,,ZNF767
34987,,ZNF774
36381,,ZNF775
33291,,ZNF785
34568,,ZNF786
33489,,ZNF787
35175,,ZNF793
35075,,ZNF814
34877,,ZNF837
36443,,ZNF84
9804,,ZNF840
34815,,ZNF852
33485,,ZNF860
35015,,ZNF878
35664,,ZNF891
34881,,ZNRD1
32779,,ZNRF1
34335,,ZPBP2
32829,,ZPR1
33798,,ZSCAN16
33510,,ZSCAN26
35565,,ZSCAN29
35852,,ZSCAN5C
34933,,ZSCAN9
36400,,ZSWIM9
36043,,ZUP1
35562,,ZYX
3435,1,A1BG
3647,10,NAT2
8826,100,ADA
4229,1000,CDH2
6878,10000,AKT3
10345,10002,NR2E3
5950,10003,NAALAD2
14303,100033413,SNORD116-1
18459,100033415,SNORD116-3
3600,100033419,SNORD116-7
18099,100033422,SNORD116-10
2840,100033429,SNORD116-17
13597,100033437,SNORD115-2
18382,100033442,SNORD115-5
18540,100033446,SNORD115-9
17741,100033449,SNORD115-12
18377,100033458,SNORD115-19
18361,100033801,SNORD115-25
11286,100033805,SNORD115-31
12760,100033808,SNORD115-34
18579,100033813,SNORD115-39
16713,100033818,SNORD115-44
15470,100033821,SNORD116-29
14488,100037417,DDTL
17694,100038246,TLX1NB
6986,10004,NAALADL1
12123,100049587,SIGLEC14
6639,10005,ACOT8
15385,10006,ABI1
12194,10007,GNPDA1
5182,10009,ZBTB33
12842,1001,CDH3
2935,10010,TANK
9559,100101267,POM121C
17770,100101467,ZSCAN30
17089,100124535,SNORA36C
10033,100124538,SNORA70C
12789,100125288,ZGLP1
14015,100125556,FAM86JP
18125,100126297,MIR300
18103,100126301,MIR509-2
9144,100126303,MIR890
16483,100126313,MIR744
7081,100126324,MIR934
18483,100126329,MIR941-1
17736,100126336,MIR208B
13109,100126341,MIR891A
14665,100126345,MIR889
18354,100126354,MIR297
3850,100126572,GJE1
18598,100127905,SMIM11P1
16268,100127922,SUMO2P6
15448,100127945,SOCS5P3
3315,100127950,HECW1-IT1
13862,100127983,C8ORF88
17647,100127989,MED15P4
17790,100128190,SLC9B1P1
8137,100128254,FAM90A28P
14056,100128264,HTR5A-AS1
13535,100128327,TRAPPC3L
18253,100128384,VN1R65P
13661,100128459,CCNJP1
18080,100128511,NEBL-AS1
11883,100128569,C19ORF71
15141,100128590,SLC8A1-AS1
12740,100128626,PPP1R2P10
6636,100128675,HPN-AS1
16153,100128771,EIF4BP3
9602,100128782,LINC00476
13911,100128788,SRRM2-AS1
12997,100128890,FAM66B
2334,100128927,ZBTB42
8873,100128963,RPL3P9
15388,100129007,FMO8P
15707,100129032,GLYATL1P1
14782,100129075,KTN1-AS1
15082,100129123,ACE3P
1190,100129271,C1ORF68
2971,100129278,TDRD15
14655,100129405,MSTO2P
3314,100129460,DPY19L1P1
16378,100129464,CXORF28
8981,100129528,MUC8
3427,100129543,ZNF730
5693,100129583,FAM47E
9102,100129622,RSU1P1
8091,100129631,IGHV2OR16-5
10418,100129669,IZUMO3
6047,100129692,EIF4BP9
13509,100129696,TFP1
11151,100129714,RCC2P8
5700,100129792,CCDC152
16169,100129794,SLC25A21-AS1
18544,100129800,ZNF807
15429,100129842,ZNF737
11798,100129866,EI24P2
14882,10013,HDAC6
16209,100130017,FTLP10
4674,100130105,TRIM51CP
2398,100130108,ZNF849P
17463,100130109,SNRPEP4
18184,100130204,NIPA2P2
6022,100130302,SUPT20HL1
17180,100130557,NFYC-AS1
18259,100130687,FABP5P6
12963,100130733,LRRC70
9581,100130742,LRRC69
13028,100130776,AGAP2-AS1
18185,100130821,OSBPL9P1
12844,100130827,SBK3
9146,100130873,CARM1P1
17562,100130892,RPL7P32
18201,100130898,FLYWCH1P1
11358,100130934,ZNF663P
15682,100130935,CSAG4
16865,100130958,SYCE1L
1798,100130988,C7ORF72
13849,100131017,ZNF316
8173,100131027,SLC25A5P4
17796,100131084,DNM1P17
10136,100131137,BSPH1
9611,100131193,CCDC183-AS1
9212,100131208,SNAP25-AS1
11075,100131234,MIR181A1HG
9938,100131390,SP9
9478,100131415,OR7E163P
11039,100131434,LINC00893
15401,100131439,CD300LD
18154,100131535,RPL5P28
10848,100131539,ZNF705E
17893,100131726,FAM83A-AS1
12314,100131755,ARMCX4
12915,100131810,ADH5P3
10665,100131814,LINC00271
14702,100131827,ZNF717
497,100131897,FAM196B
3639,100131902,KRTAP25-1
14320,100131934,LETM1P2
17247,100131971,RPS26P54
15297,100131997,FAM27E3
10799,100131998,RRN3P3
9482,100132066,ALG1L3P
13903,100132101,HERC2P7
15174,100132103,FAM66E
13877,100132116,ACTA2-AS1
16297,100132159,CALML3-AS1
17400,100132169,WASIR2
8994,100132247,NPIPB5
10000,100132308,SLC29A4P2
5139,100132386,KRTAP4-9
1189,100132406,NBPF10
9351,100132464,FAM99B
13716,100132467,RNF2P1
6633,100132476,KRTAP4-7
7713,100132510,GLRXP3
11287,100132565,GOLGA8F
9310,100132601,GAPDHP68
18388,100132617,SNX18P23
12459,100132707,PAXIP1-AS2
18098,100132766,PABPC1P8
12032,100132832,PMS2P9
17580,100132916,FAM159B
9094,100132923,FAM66D
13003,100132938,AQP7P4
13116,100132979,GOLGA8DP
10441,100132992,HMGN1P30
16656,100133005,RASA4DP
15350,100133163,BCRP7
10604,100133172,FAM66A
15434,100133190,ADIRF-AS1
18608,100133251,PRR23D2
15511,100133308,RSU1P2
8541,100133311,HOXA-AS3
14141,100133991,MAP3K14-AS1
17827,100134015,UBOX5-AS1
16280,100134713,NDUFB2-AS1
12780,100134934,TEN1
17676,100134938,UPK3BL
4716,10014,HDAC5
9511,100144494,KDELC1P1
12540,100144596,LINC00029
13154,10015,PDCD6IP
18330,100151641,PHKG1P4
11656,100151643,KRTAP20-4
9496,10016,PDCD6
10782,100170229,SRRM5
11410,10018,BCL2L11
15563,100188953,LINC00092
10379,10019,SH2B3
12340,100190938,RAMP2-AS1
11025,100190939,TPT1-AS1
2433,1002,CDH4
5605,10020,GNE
6471,10021,HCN4
4192,100216544,DNM1P47
17154,10022,INSL5
12509,10023,FRAT1
6227,10024,TROAP
9753,10025,MED16
9897,10026,PIGK
14002,100270832,RPL5P9
18282,100270839,RPL5P17
16531,100270870,RPS7P7
18144,100270938,RPL17P12
18240,100270975,RPL30P1
17557,100271087,RPS20P22
18513,100271332,RPL36AP21
3628,100271386,RPS4XP20
18531,100271575,RPS26P49
15709,100271702,LINC00940
16139,100271715,ARHGEF33
13750,100271846,ERVV-2
14157,100271849,MEF2B
16791,100271927,RASA4B
18067,100272147,CMC4
2620,100286979,ANAPC1P1
12841,100287029,DDX11L10
3966,100287045,FAM90A26
14671,100287084,ZNF72AP
7900,100287191,HNRNPA1P47
2397,100287226,ZNF729
10499,100287284,MANSC4
9710,100287372,IGHV3OR16-13
15843,100287399,POTEB2
13545,100287482,SMKR1
17090,100287718,ANKRD66
10070,100287887,RPL13AP25
6515,100287898,TTC34
10107,100288072,SDR42E2
11514,100288122,LDLRAD4-AS1
4576,100288142,NBPF20
9308,100288198,HMGN3-AS1
5237,100288332,NPIPA5
16832,100288346,NCAM1-AS1
10993,100288428,LMCD1-AS1
18231,100288470,REXO1L11P
5433,100288485,MTRNR2L7
9225,100288540,POM121B
11864,100288690,FAM21FP
7117,100288797,TMEM239
14458,100288805,HYDIN2
16244,100288897,FAR2P3
14052,100289017,MOXD2P
4062,100289124,FAM27E2
14753,100289237,CEP164P1
1955,100289259,ZFYVE9P1
7266,100289574,HERC2P4
18216,100289579,NDUFA5P9
13451,100289635,ZNF605
9952,100289640,PPATP1
15172,100289678,ZNF783
5588,100293090,MTND4P12
9796,100293516,ZNF587B
2351,1003,CDH5
18246,100302128,MIR1302-3
1026,100302146,MIR1302-5
14448,100302148,MIR1263
15679,100302157,MIR1185-1
17813,100302159,MIR548F3
12826,100302169,MIR320D2
3513,100302177,MIR1269A
18084,100302191,MIR548I4
16632,100302195,MIR320C2
12799,100302205,MIR1283-2
15633,100302209,MIR1185-2
12378,100302213,MIR1181
2888,100302265,MIR1283-1
17492,100302268,MIR1285-2
12908,100302401,RASAL2-AS1
4186,100302666,CSPG4P13
10475,100302692,FTX
17870,100310846,ANKRD61
18221,100312789,VN1R35P
8397,100313769,MIR320B2
18036,100313772,MIR548M
18095,100313822,MIR513B
9572,100313895,MIR548F4
14548,100329108,GCSHP5
13763,100329135,TRPC5OS
11336,10036,CHAF1A
18516,100379584,RNY4P14
15861,10038,PARP2
10787,100381270,ZBED6
13698,10039,PARP3
51,1004,CDH6
1578,10040,TOM1L1
14282,100418715,SEPT7P4
14449,100418737,KRT8P33
9540,100418750,KRT8P42
13306,100418751,GOLGA2P1
17947,100418774,PHBP4
12733,100418781,KRT8P39
17228,100418792,KRT18P54
17987,100418799,KRT8P38
14014,100418804,PHBP8
13989,100418819,IPO8P1
14252,100418905,NBEAP3
10510,100418975,SNX18P3
18406,100419004,SNX18P24
12758,100419006,NF1P1
15154,100419062,FOSL1P1
16217,100419068,PNLIPP1
14463,100419185,PDLIM1P4
14507,100419337,CENPIP1
11982,100420005,FAR2P4
14055,100420072,EI24P4
14981,100420203,CICP16
18439,100420257,CICP27
4317,100420341,SEC63P1
2753,100421008,SLC9B1P3
10817,100421114,CROCCP5
16890,100421129,IFNL3P1
17509,100421131,RCC2P6
18414,100421137,DPPA2P1
17054,100421340,FNDC3CP
13656,100421363,ANKRD20A17P
15130,100421768,UBE2Q2P12
14229,100421796,EEF1A1P19
12951,100421803,ENPP7P9
12037,100421829,EEF1A1P10
10226,100421860,ENPP7P8
12405,100421865,EEF1A1P3
15019,100422505,ATP8A2P1
9469,100422603,ST13P15
13685,100422608,SLC25A24P2
14217,100422624,SLC25A15P1
18384,100422636,SLC25A15P4
16355,100422691,ITGB1P1
16161,100422823,MIR4300
8391,100422839,MIR3119-1
9903,100422844,MIR3118-3
6364,100422856,MIR3123
6673,100422901,MIR3135A
18590,100422924,MIR4303
12391,100422928,MIR3127
14120,100422954,MIR4309
16423,100422960,MIR3179-1
13338,100422974,MIR3178
5985,100422995,MIR3175
10400,100422996,MIR4262
18198,100423039,MIR3132
10926,100423043,MIR4269
5010,100423062,IGLL5
1060,10043,TOM1
8013,10044,SH2D3C
11947,10046,MAMLD1
15776,100462809,RSL24D1P8
10122,100462977,MTRNR2L1
17245,10047,CST8
2501,10048,RANBP9
12837,10049,DNAJB6
9248,100499171,LINC00276
9326,100499466,LINC00674
11206,100499483,CCDC180
13930,1005,CDH7
7308,10050,SLC17A4
5324,100500824,MIR3650
11733,100500844,MIR3664
11082,100500849,MIR3916
18444,100500869,MIR3672
18196,100500881,MIR3688-1
15005,100500896,MIR3666
14789,100500904,MIR3942
15995,100500938,CCDC179
10657,100505385,IQCJ-SCHIP1
13705,100505678,STARD4-AS1
5029,100505741,SPATA1
14502,100505753,KRTAP16-1
4265,100505852,ZNF355P
14579,100505879,KIF25-AS1
16519,100505929,C21ORF37
9277,100505967,LINC00645
17361,100505993,TMEM210
10558,100506035,LINC00989
7189,100506049,LRRC72
4606,100506243,KRBOX1
7984,100506330,WBP1LP2
17126,100506334,LINC00649
9053,100506376,TTLL10-AS1
9048,100506433,LINC00648
9848,100506555,PVRL3-AS1
5390,100506564,THEGL
9237,100506581,C16ORF95
2862,100506650,C17ORF112
2160,100506658,OCLN
11022,100506660,DDX11-AS1
7804,100506736,SLFN12L
4155,100506759,OR7E37P
13806,100506783,HOXD-AS2
1341,100506866,TTN-AS1
17771,100506888,TCEB3CL2
16941,100506994,PTPRG-AS1
12260,100507003,GFY
3890,100507044,NBPF5P
6735,100507055,LRCOL1
15811,100507098,ADAMTS9-AS2
13072,100507246,SNHG16
15940,100507290,ZNF865
15368,100507401,LRP4-AS1
10332,100507415,FAM220CP
11715,100507421,TMEM178B
14851,100507433,ZNF571-AS1
16654,100507436,MICA
3876,100507490,ZNF859P
5465,100507679,MUC22
7920,10051,SMC4
4717,10052,GJC1
4335,100526664,LY75-CD302
5867,100526693,ARPC4-TTLL3
14884,100526737,RBM14-RBM4
13037,100526761,CCDC169-SOHLH2
17040,100526835,FPGT-TNNI3K
11555,100526836,BLOC1S5-TXNDC5
4752,100527960,MROH7-TTC4
16734,100527963,PMF1-BGLAP
17172,100528020,FAM187A
5294,100529261,CHURC1-FNTB
7814,100529855,ZNF625-ZNF20
16177,10053,AP1M2
14250,100532737,ATP6V1G2-DDX39B
18224,100533674,NPAP1P4
13979,100533719,ANKRD20A14P
13848,100533952,RBAK-RBAKDN
4874,100534595,HNRNPUL2-BSCL2
248,10054,UBA2
13809,10056,FARSB
421,10057,ABCC5
11107,10058,ABCB6
6293,10059,DNM1L
3154,1006,CDH8
5958,10060,ABCC9
2214,10061,ABCF2
18090,100616165,AC083899.3
1245,100616273,MIR451B
7107,100616333,MIR3689C
5720,100616354,MIR550A3
5411,100616362,MIR4533
11337,100616371,MIR4746
2772,10062,NR1H3
9279,100628307,DIO2-AS1
9374,100631254,CSPG4P11
17957,100631383,FAM47E-STBD1
16816,100652748,TIMM23B
18453,100652781,SNX29P1
8066,100652801,NXT1P1
15895,100652857,TMCO5B
14622,10066,SCAMP2
16619,10068,IL18BP
11362,10069,RWDD2B
1765,1007,CDH9
2704,10071,MUC12
15032,10072,DPP3
5369,10075,HUWE1
9401,10076,PTPRU
11359,10079,ATP9A
50,1008,CDH10
18010,10081,PDCD7
8693,10082,GPC6
9049,100820829,MYZAP
100,10083,USH1C
6736,100846996,MIR5007
12425,100847012,MIR5004
3520,10085,EDIL3
15638,100856809,OR3A5P
10669,100859921,LINC00536
5922,10086,HHLA1
16763,100862662,ALDH1L1-AS2
18424,100862672,RNY3P9
12496,10087,COL4A3BP
18520,100873335,RNA5-8SP5
18281,100873432,RNA5SP167
18496,100873502,RNA5SP246
18235,100873545,RNA5SP292
17320,100873571,RNA5-8SP2
18155,100873639,RNA5SP384
18255,100873715,RNA5SP472
18262,100873719,RNA5SP477
18279,100873740,RNU6-31P
11269,100873793,PHF2P2
18575,100873794,ASNSP5
14265,100873967,LSP1P2
18250,100874045,MEAF6P1
9043,100874052,LINC00534
8984,100874057,LINC00283
12654,100874100,STEAP2-AS1
10886,100874112,CCDC39-AS1
10977,100874120,ZNF630-AS1
9047,100874143,LINC00358
18446,100874160,LINC00404
18236,100874176,LINC00448
18269,100874185,FRMD6-AS2
17657,100874218,ATP13A5-AS1
14013,100874237,CACNA2D3-AS1
6787,100874244,NAALADL2-AS2
16386,100874287,TSPY24P
15845,100874381,NPIPP1
8237,100874392,ANKRD20A12P
18314,100874512,SPTLC1P5
5020,100874520,PCMTD1P1
12732,100885789,IFNG-AS1
15426,100885850,PTGES3L-AARSD1
18310,100887075,ARHGAP42P1
9969,100887746,UNC93B7
7926,100887748,UNC93B8
17708,10089,KCNK7
8180,1009,CDH11
16525,10090,UST
5505,10092,ARPC5
17674,10095,ARPC1B
5863,10096,ACTR3
7883,10097,ACTR2
16955,10098,TSPAN5
13736,10099,TSPAN3
18292,100996259,FAM106B
18035,100996279,LINC00269
14847,100996331,POTEB
4203,100996541,FAM157C
10644,100996648,TCP11X2
16302,101,ADAM8
1387,1010,CDH12
11963,10100,TSPAN2
16860,10101,NUBP2
13898,10102,TSFM
8234,10103,TSPAN1
8664,101055625,OVCH1-AS1
11288,101059918,GOLGA8R
12278,101059938,NPIPA7
15930,101059953,NPIPA8
16943,10106,CTDSP2
3829,101060146,CHMP1B2P
18408,101060171,ARMC4P1
892,101060321,TBC1D3G
13437,10107,TRIM10
5864,10109,ARPC2
7827,10110,SGK2
17198,10111,RAD50
11915,10112,KIF20A
7679,10113,PREB
3748,10114,HIPK3
6621,10117,ENAM
2855,1012,CDH13
15142,10120,ACTR1B
4096,10121,ACTR1A
15694,10123,ARL4C
14660,10124,ARL4A
6469,10125,RASGRP1
3911,10128,LRPPRC
1233,10129,FRY
14707,101290506,LRRFIP1P1
2357,1013,CDH15
9431,10130,PDIA6
14308,10131,TRAP1
12688,10133,OPTN
11712,10135,NAMPT
14330,10136,CELA3A
8823,10137,RBM12
11253,10138,YAF2
5007,10139,ARFRP1
3411,1014,CDH16
8260,10141,C4ORF6
2029,10142,AKAP9
7171,10143,CLEC3A
3978,10144,FAM13A
2394,10147,SUGP2
6607,10149,GPR64
6099,1015,CDH17
9276,10150,MBNL2
9616,10151,HNRNPA3P1
16246,10152,ABI2
11088,10153,CEBPZ
763,10154,PLXNC1
14049,10156,RASA4
5023,10157,AASS
15892,10159,ATP6AP2
3016,1016,CDH18
8067,10160,FARP1
5480,10161,LPAR6
10227,10162,LPCAT3
11052,10163,WASF2
2355,10164,CHST4
1430,10165,SLC25A13
12452,10168,ZNF197
13335,10169,SERF2
5291,1017,CDK2
16973,10171,RCL1
3815,10172,ZNF256
8571,10174,SORBS3
4927,10175,CNIH1
17973,101752399,STAG3L5P-PVRIG2P-PILRB
170,10178,TENM1
7271,1018,CDK3
1355,10180,RBM6
9948,10181,RBM5
14987,10184,LHFPL2
16841,10186,LHFP
7924,10188,TNK2
18549,10190,TXNDC9
11859,101926917,ANKRD18CP
3149,101927601,GOLGA6L19
2689,101928601,MEI4
18276,101928616,LINC00354
18289,101928931,SEMA3B-AS1
17956,101928999,IQCF5-AS1
16479,101929198,ATP13A4-AS1
10571,101929222,DISC1FP1
10562,101929423,MEF2C-AS1
17608,101929530,FANCD2P2
16300,101929590,NRG3-AS1
17723,10193,RNF41
4234,10194,TSHZ1
14708,10195,ALG3
5398,10196,PRMT3
13034,10198,MPHOSPH9
11671,10199,MPHOSPH10
10779,102,ADAM10
15007,1020,CDK5
7006,10202,DHRS2
9449,10203,CALCRL
14133,10204,NUTF2
2036,10207,INADL
13195,10208,USPL1
17105,10209,EIF1
16788,1021,CDK6
17474,10211,FLOT1
17591,10212,DDX39A
6317,10214,SSX3
16371,10215,OLIG2
2058,10216,PRG4
388,10217,CTDSPL
11959,10218,ANGPTL7
17007,10219,KLRG1
14920,10220,GDF11
16571,10221,TRIB1
5457,10223,GPA33
13119,10224,ZNF443
5686,10225,CD96
17026,10226,PLIN3
6654,10228,STX6
15931,10229,COQ7
15306,10232,MSLN
7770,10233,LRRC23
6985,10235,RASGRP2
15330,10236,HNRNPR
1574,10237,SLC35B1
14805,10238,DCAF7
3781,10239,AP3S2
16315,1024,CDK8
10729,10240,MRPS31
5140,10241,CALCOCO2
13512,10242,KCNMB2
13046,10243,GPHN
4071,10244,RABEPK
17923,10245,TIMM17B
6690,10246,SLC17A2
8580,10247,HRSP12
1861,10249,GLYAT
11208,1025,CDK9
1186,10250,SRRM1
12152,10251,SPRY3
16259,10252,SPRY1
15054,10253,SPRY2
1718,10254,STAM2
9398,10256,CNKSR1
2824,10257,ABCC4
11443,102577425,ARHGAP23P1
1540,10260,DENND4A
131,10261,IGSF6
293,10262,SF3B4
15307,10265,IRX5
16022,10270,AKAP8
17323,10272,FSTL3
17556,102723626,TUBB8P8
13106,102724167,PABPC5-AS1
5543,102724430,KRT8P50
11370,102724473,GAGE10
15768,102724668,DPY19L1P2
10734,102724928,CCNYL3
16031,10273,STUB1
2644,10274,STAG1
2235,10276,NET1
4565,10277,UBE4B
12746,10278,EFS
5897,10279,PRSS16
15012,10280,SIGMAR1
4033,10282,BET1
16168,10284,SAP18
2581,10286,BCAS2
14183,10287,RGS19
253,10288,LILRB2
12937,10289,EIF1B
9228,1029,CDKN2A
2635,10290,SPEG
18465,102902672,LINC00843
13223,10291,SF3A1
16757,10293,TRAIP
14798,10294,DNAJA2
2006,10295,BCKDK
6324,10296,MAEA
6482,10297,APC2
13935,10298,PAK4
7235,10299,MARCH6
3839,103,ADAR
9662,10301,DLEU1
18329,10307,APBB3
6143,10308,ZNF267
16541,10309,CCNO
17460,1031,CDKN2C
14827,10311,DSCR3
10061,10312,TCIRG1
3367,10313,RTN3
7500,10314,LANCL1
14494,10316,NMUR1
5823,10317,B3GALT5
11162,10318,TNIP1
2231,10319,LAMC3
7634,1032,CDKN2D
5520,10320,IKZF1
2687,10321,CRISP3
17209,10322,SMYD5
17833,10324,KLHL41
4994,10326,SIRPB1
13976,10327,AKR1A1
11261,10329,TMEM5
10726,10330,CNPY2
8796,10331,B3GNT3
935,10332,CLEC4M
16651,10333,TLR6
10225,10335,MRVI1
9477,10336,PCGF3
2447,10343,PKDREJ
12653,10344,CCL26
2694,10345,TRDN
1854,10346,TRIM22
6479,10347,ABCA7
6041,10349,ABCA10
5807,10350,ABCA9
2865,10351,ABCA8
16753,10354,HMGB1P5
9807,10357,HMGB1P1
3022,1036,CDO1
11223,10360,NPM3
1443,10361,NPM2
14818,10362,HMG20B
7021,10363,HMG20A
8089,10368,CACNG3
10681,10369,CACNG2
12228,10370,CITED2
1106,10371,SEMA3A
11026,103752583,LINC01075
2803,10376,TUBA1B
6234,10379,IRF9
15756,1038,CDR1
2603,10380,BPNT1
4479,10381,TUBB3
16885,10382,TUBB4A
13530,10384,BTN3A3
15836,10385,BTN2A2
5562,10388,SYCP2
11446,10389,SCML2
9701,1039,CDR2
13954,10390,CEPT1
7019,10391,CORO2B
9281,103910,MYL12B
6930,10392,NOD1
5128,10394,PRG3
6421,10395,DLC1
11466,10396,ATP8A1
8203,10397,NDRG1
6772,104,ADARB1
6908,1040,CDS1
5648,10401,PIAS3
9252,10402,ST3GAL6
17012,10403,NDC80
9388,10404,CPQ
14927,10406,WFDC2
5337,10407,SPAG11B
7709,10409,BASP1
2548,10410,IFITM3
13585,10411,RAPGEF3
11602,10412,NSA2
8213,10413,YAP1
5280,10417,SPON2
2263,10418,SPON1
1114,10419,PRMT5
11059,10420,TESK2
6838,10422,UBAC1
12471,10423,CDIPT
12220,10424,PGRMC2
14264,10425,ARIH2
7426,10426,TUBGCP3
1757,10427,SEC24B
4568,1043,CD52
13352,10430,TMEM147
5945,10432,RBM14
3064,10434,LYPLA1
9856,104355138,LINC01162
1588,10437,IFI30
10317,10438,C1D
6957,10439,OLFM1
14573,1044,CDX1
8216,10443,N4BP2L2
13719,10444,ZER1
4142,10445,MCRS1
2524,10446,LRRN2
15171,10447,FAM3C
4170,104472715,SNHG14
1510,1045,CDX2
11961,10450,PPIE
3889,10451,VAV3
17408,10452,TOMM40
2443,10454,TAB1
8265,10455,ECI2
1959,10456,HAX1
9547,10457,GPNMB
5630,10458,BAIAP2
16719,10459,MAD2L2
2456,1046,CDX4
11694,10460,TACC3
14423,10461,MERTK
15072,10462,CLEC10A
2647,10463,SLC30A9
4456,10464,PIBF1
7155,10466,COG5
12836,10467,ZNHIT1
6538,10468,FST
17553,10469,TIMM44
1380,1047,CLGN
11839,10472,ZBTB18
9525,10473,HMGN4
9356,10476,ATP5H
370,10477,UBE2E3
16377,10478,SLC25A17
8865,10479,SLC9A6
6488,1048,CEACAM5
6287,10480,EIF3M
8759,10481,HOXB13
696,10482,NXF1
15481,10483,SEC23B
4162,10484,SEC23A
298,10485,C1ORF61
1408,10486,CAP2
16065,10487,CAP1
9869,10489,LRRC41
9947,10491,CRTAP
7451,10492,SYNCRIP
15345,10493,VAT1
14263,10494,STK25
6031,10495,ENOX2
615,10497,UNC13B
8790,10498,CARM1
10017,10499,NCOA2
632,105,ADARB2
5575,10500,SEMA6C
9757,10501,SEMA6B
7884,10505,SEMA4F
7746,10507,SEMA4D
12373,10509,SEMA4B
14251,1051,CEBPB
4031,10512,SEMA3C
6308,10513,APPBP2
874,10514,MYBBP1A
7485,10516,FBLN5
3161,10517,FBXW10
7022,10518,CIB2
11295,10519,CIB1
8817,10520,ZNF211
16404,10521,DDX17
12332,10522,DEAF1
11237,10524,KAT5
5954,10525,HYOU1
3761,10526,IPO8
13881,10527,IPO7
14173,10528,NOP56
16815,10529,C10ORF113
1849,10529,NEBL
12745,1053,CEBPE
3077,10531,PITRM1
15543,10533,ATG7
16482,10534,SSSCA1
9180,10535,RNASEH2A
728,10536,LEPREL2
11037,105369219,SIRPB3P
3718,105375355,UPK3B
7663,105378803,LRRC53
5975,10538,BATF
3094,10539,GLRX3
17593,1054,CEBPG
11258,10540,DCTN2
4661,10541,ANP32B
16976,10549,PRDX4
3545,10551,AGR2
5468,10552,ARPC1A
16112,10555,AGPAT2
4065,10558,SPTLC1
13720,1056,CEL
6186,10560,SLC19A2
6648,10561,IFI44
7005,10562,OLFM4
12001,10563,CXCL13
1025,10564,ARFGEF2
6277,10565,ARFGEF1
2290,10566,AKAP3
6254,10568,SLC34A2
16407,10569,SLU7
14451,1057,CELP
2257,10570,DPYSL4
16472,10573,MRPL28
3666,10575,CCT4
4902,10576,CCT2
5414,10577,NPC2
350,10578,GNLY
6626,10579,TACC2
3741,10580,SORBS1
11489,10581,IFITM2
14358,10584,COLEC10
6955,10585,POMT1
7503,10586,MAB21L2
156,10587,TXNRD2
11732,10589,DRAP1
13357,1059,CENPB
6922,10590,SCGN
7747,10592,SMC2
3793,10594,PRPF8
1167,10595,ERN2
8814,10597,TRAPPC2P1
15058,10598,AHSA1
14530,10599,SLCO1B1
6904,1060,CENPC
18030,10600,USP16
9841,10602,CDC42EP3
2208,10603,SH2B2
15361,10605,PAIP1
7531,10606,PAICS
3606,10607,TBL3
11327,10609,LEPREL4
15268,10610,ST6GALNAC2
4624,10611,PDLIM5
13723,10612,TRIM3
4094,10613,ERLIN1
10863,10614,HEXIM1
4952,10615,SPAG5
14669,10616,RBCK1
346,10617,STAMBP
5858,10618,TGOLN2
5057,1062,CENPE
10346,10620,ARID3B
10784,10621,POLR3F
11896,10623,POLR3C
6361,10625,IVNS1ABP
5495,10628,TXNIP
17990,10629,TAF6L
2064,1063,CENPF
9887,10630,PDPN
114,10631,POSTN
11662,10632,ATP5L
14649,10633,RASL10A
12334,10635,RAD51AP1
13388,10636,RGS14
13687,10637,LEFTY1
7169,10640,EXOC5
4788,10641,NPRL2
4303,10642,IGF2BP1
3313,10643,IGF2BP3
424,10644,IGF2BP2
5533,10645,CAMKK2
16655,106478960,CYP2AC1P
6899,106478970,HTR3E-AS1
18202,106478999,RNA5SP206
12839,106479050,KSR1P1
18473,106479216,RN7SKP270
18222,106479592,RNU4-74P
18191,106479711,RNU6-328P
18214,106479866,RNU6-679P
18298,106479917,RNU6-793P
18181,106480072,RNU6-1150P
18391,106480120,RNU6-1271P
18105,106480234,HNRNPA3P15
18428,106480253,KLF2P1
18306,106480414,RNU2-26P
3136,106480416,PRR20FP
18261,106480527,RN7SL714P
8943,106480789,ALG1L11P
18163,106480794,MRPL42P6
18232,106481214,RNU6-119P
18264,106481260,RNU6-259P
18532,106481324,RNU6-458P
18322,106481349,RNU6-532P
18249,106481428,RNU6-784P
18412,106481509,RNU6-1041P
18082,106481555,RNU6-1191P
3459,106481605,TCP11X3P
18146,106481640,RNU2-20P
14005,10651,MTX2
13268,10654,PMVK
18251,10655,DMRT2
4655,10656,KHDRBS3
12888,10657,KHDRBS1
9202,10658,CELF1
1458,10659,CELF2
2852,1066,CES1
5748,10660,LBX1
5633,10661,KLF1
13697,10663,CXCR6
2353,10664,CTCF
4375,10665,C6ORF10
7633,10666,CD226
17851,106660612,LINC00680
10566,10667,FARS2
5538,10668,CGRRF1
2076,10669,CGREF1
15668,10672,GNA13
17651,10675,CSPG5
1954,10677,AVIL
11940,1068,CETN1
11291,10681,GNB5
14835,10682,EBP
2878,10683,DLL3
5878,10686,CLDN16
10529,10687,PNMA2
11948,1069,CETN2
9990,10690,FUT9
17179,10691,GMEB1
14716,10692,RRH
6753,10693,CCT6B
6902,10699,CORIN
13241,107,ADCY1
5701,1070,CETN3
7084,107063538,AHCYP8
2903,107080639,ANKRD62P1
11307,1071,CETP
13980,10712,FAM189B
16004,107126285,LINC00266-1
11675,107126360,AOX3P
11978,10713,USP39
12676,107133486,CDK2AP2P2
4492,107133522,DHX40P1
4881,10714,POLD3
5189,10716,TBR1
5287,107161144,DTX2P1
5746,10718,NRG3
263,1072,CFL1
1751,10720,UGT2B11
8462,10721,POLQ
3011,10723,SLC12A7
8623,10724,MGEA5
4478,10725,NFAT5
9054,10726,NUDC
3388,1073,CFL2
6718,10730,YME1L1
7232,10733,PLK4
2544,10734,STAG3
5566,10735,STAG2
18055,10736,SIX2
6641,10738,RFPL3
9824,10739,RFPL2
15909,10742,RAI2
2362,10743,RAI1
12900,10745,PHTF1
17473,10746,MAP3K2
13476,10747,MASP2
3120,10748,KLRAP1
11319,10749,KIF1C
14403,1075,CTSC
9724,10750,GRAP
6385,10752,CHL1
1703,10753,CAPN9
4730,10755,GIPC1
14247,10762,NUP50
11,10763,NES
1296,10765,KDM5B
16024,10766,TOB2
3305,10767,HBS1L
9411,10768,AHCYL1
17212,10771,ZMYND11
4420,10773,ZBTB6
7439,10775,POP4
3258,10777,ARPP21
17823,10778,ZNF271
16350,10781,ZNF266
11355,10782,ZNF274
9607,10783,NEK6
11766,10785,WDR4
8266,10786,SLC17A3
12601,10787,NCKAP1
3517,10788,IQGAP2
4992,10794,ZNF460
5967,10795,ZNF268
15248,10797,MTHFD2
9169,10798,OR5I1
18172,107986730,CICP24
7714,10799,RPP40
464,108,ADCY2
14050,1080,CFTR
6608,10800,CYSLTR1
2378,10801,SEPT9
6203,10802,SEC24A
11539,10803,CCR9
10585,10806,SDCCAG8
18050,10807,SDCCAG3
11272,10808,HSPH1
16640,10809,STARD10
11703,1081,CGA
12523,10810,WASF3
7653,10813,UTP14A
8505,10814,CPLX2
11541,10817,FRS3
16584,10818,FRS2
3181,1082,CGB
11943,1082,CGB3
13885,10825,NEU3
15323,10826,FAXDC2
5567,10838,ZNF275
6489,1084,CEACAM3
6163,10840,ALDH1L1
7370,10841,FTCD
12981,10842,PPP1R17
13012,10844,TUBGCP2
1539,10845,CLPX
3310,10846,PDE10A
4197,10847,SRCAP
148,10848,PPP1R13L
2884,10849,CD3EAP
16258,10855,HPSE
10633,10856,RUVBL2
2332,10858,CYP46A1
991,10859,LILRB1
18593,1086,CEACAMP11
5315,10861,SLC26A1
13161,10864,SLC22A7
9930,10865,ARID5A
12972,10866,HCP5
724,10867,TSPAN9
12054,10868,USP20
12941,10869,USP19
2875,10870,HCST
909,10871,CD300C
11240,10873,ME3
13297,10875,FGL2
14508,10876,EDDM3A
312,10877,CFHR4
2599,10878,CFHR3
1973,10879,SMR3B
963,1088,CEACAM8
11860,10880,ACTL7B
14068,10881,ACTL7A
10292,10882,C1QL1
3985,10884,MRPS30
7669,10885,WDR3
7930,10886,NPFFR2
8903,10887,PROKR1
14096,10888,GPR83
6006,1089,CEACAM4
5386,10890,RAB10
434,10891,PPARGC1A
10636,10893,MMP24
13019,10897,YIF1A
13712,10898,CPSF4
7861,10899,JTB
6616,109,ADCY3
16873,10900,RUNDC3A
17737,10901,DHRS4
2165,10902,BRD8
8377,10903,MTMR11
9246,10905,MAN1A2
10286,10906,TRAFD1
7052,10908,PNPLA6
7254,10910,SUGT1
3213,10911,UTS2
9119,10914,PAPOLA
2673,10915,TCERG1
14323,10916,MAGED2
12636,10917,BTNL3
5285,10919,EHMT2
16005,10920,COPS8
853,10921,RNPS1
10792,10922,FASTK
468,10923,SUB1
1428,10926,DBF4
15509,10927,SPIN1
15644,10928,RALBP1
11241,10929,SRSF8
7304,10934,MORF4
8024,10935,PRDX3
15690,10936,GPR75
13883,10938,EHD1
7358,10939,AFG3L2
7322,10940,POP1
16070,10941,UGT2A1
17190,10942,PRSS21
8157,10943,MSL3
15313,10945,KDELR1
17570,10946,SF3A3
8576,10947,AP3M2
4713,10948,STARD3
17871,10952,SEC61B
2020,10953,TOMM34
5194,10954,PDIA5
8825,10955,SERINC3
4447,10956,OS9
17438,1096,CEACAMP8
14574,10960,LMAN2
17340,10961,ERP29
15926,10963,STIP1
16089,10965,ACOT2
16343,10966,RAB40B
3221,10969,EBNA1BP2
2304,10970,CKAP4
13151,10971,YWHAQ
17058,10972,TMED10
523,10973,ASCC3
16055,109731405,PDXDC2P
18106,10978,CLP1
2829,10979,FERMT2
16891,1098,CEACAMP10
17411,10980,COPS6
10219,10981,RAB32
11002,10983,CCNI
5224,10985,GCN1L1
4905,10988,METAP2
7525,10989,IMMT
4249,10990,LILRB5
5270,10991,SLC38A3
3582,10992,SF3B2
15194,10993,SDS
4502,10994,ILVBL
15213,10998,SLC27A5
12053,10999,SLC27A4
17560,11000,SLC27A3
1534,11001,SLC27A2
10515,11004,KIF2C
4367,11005,SPINK5
6312,11006,LILRB4
12583,11009,IL24
905,1101,CHAD
12107,11011,TLK2
14906,11012,KLK11
1158,11016,ATF7
1749,11019,LIAS
8690,1102,RCBTB2
7219,11020,IFT27
776,11021,RAB35
8379,11022,TDRKH
1468,11023,VAX1
9794,11024,LILRA1
2419,11025,LILRB3
990,11026,LILRA3
4514,11027,LILRA2
1460,1103,CHAT
10908,11031,RAB31
5909,11033,ADAP1
7619,11035,RIPK3
8410,11037,STON1
14418,1104,RCC1
1483,11041,B3GNT1
10239,11043,MID2
463,11044,PAPD7
15234,11046,SLC35D2
2667,1105,CHD1
8059,11052,CPSF6
9358,11054,OGFR
547,11055,ZPBP
16006,11056,DDX52
9688,11057,ABHD2
10020,11059,WWP1
3783,1106,CHD2
8094,11060,WWP2
115,11061,LECT1
6933,11062,DUS4L
5709,11063,SOX30
3735,11064,CNTRL
14179,11065,UBE2C
3929,11069,RAPGEF4
11754,1107,CHD3
5047,11073,TOPBP1
14724,11074,TRIM31
15899,11076,TPPP
7176,11077,HSF2BP
158,11078,TRIOBP
11043,11079,RER1
224,1108,CHD4
7664,11080,DNAJB4
3129,11081,KERA
1390,11082,ESM1
5005,11083,DIDO1
291,11085,ADAM30
6683,11086,ADAM29
2750,1109,AKR1C4
5163,11092,C9ORF9
629,11093,ADAMTS13
10035,11094,CACFD1
106,11095,ADAMTS8
1258,11096,ADAMTS5
12030,11097,NUPL2
12297,11098,PRSS23
6135,11099,PTPN21
2124,111,ADCY5
8804,11100,HNRNPUL1
6971,11101,ATE1
11581,11102,RPP14
1230,11103,KRR1
10836,11104,KATNA1
242,11105,PRDM7
2147,11107,PRDM5
4149,11108,PRDM4
4680,1111,CHEK1
72,11112,HIBADH
3594,11113,CIT
2075,11117,EMILIN1
5204,11118,BTN3A2
507,11119,BTN3A1
8712,1112,FOXN3
5592,11120,BTN2A1
1017,11122,PTPRT
9058,11124,FAF1
10391,11126,CD160
17499,11127,KIF3A
3573,11128,POLR3A
1935,11129,CLASRP
17738,1113,CHGA
14755,11130,ZWINT
5713,11131,CAPN11
8439,11132,CAPN10
149,11133,KPTN
1063,11135,CDC42EP1
7060,11136,SLC7A9
767,11137,PWP1
7686,11138,TBC1D8
4996,1114,CHGB
18386,11140,CDC37
1946,11141,IL1RAPL1
6758,11143,KAT7
15219,11144,DMC1
5943,11145,PLA2G16
2932,11146,GLMN
8456,11148,HHLA2
7721,11149,BVES
7025,11151,CORO1A
16676,11152,WDR45
5400,11153,FICD
10287,11154,AP4S1
7110,11155,LDB3
14026,11157,LSM6
5147,11158,RABL2B
12923,11159,RABL2A
15830,1116,CHI3L1
6741,11161,C14ORF1
14365,11162,NUDT6
13588,11163,NUDT4
9316,11164,NUDT5
1884,11166,SOX21
410,11167,FSTL1
3073,11168,PSIP1
5439,11169,WDHD1
3891,1117,CHI3L2
17811,11170,FAM107A
8974,11171,STRAP
2517,11173,ADAMTS7
54,11174,ADAMTS6
751,11176,BAZ2A
12747,11177,BAZ1A
4051,11178,LZTS1
10715,11179,ZNF277
9915,1118,CHIT1
11118,11180,WDR6
2286,11181,TREH
12295,11182,SLC2A6
6235,11183,MAP4K5
12794,11184,MAP4K1
15148,11186,RASSF1
4548,11188,NISCH
12574,11189,CELF3
3862,11190,CEP250
10419,11191,PTENP1
15051,11193,WBP4
5211,11194,ABCB8
6843,11196,SEC23IP
11873,11197,WIF1
797,11198,SUPT16H
3981,11199,ANXA10
2802,112,ADCY6
15431,1120,CHKB
8843,11200,CHEK2
4497,11201,POLI
11432,11202,KLK8
5274,11209,MST1P2
2913,1121,CHM
9353,11211,FZD10
4402,11212,PROSC
5477,11213,IRAK3
8222,11214,AKAP13
7142,11215,AKAP11
7032,11216,AKAP10
15672,11218,DDX20
1096,11219,TREX2
2068,1122,CHML
319,11221,DUSP10
11132,11222,MRPL3
3216,11223,MST1L
15180,11224,RPL35
4143,11226,GALNT6
1335,11227,GALNT5
17599,11228,RASSF8
2094,1123,CHN1
1075,11230,PRAF2
5429,11231,SEC63
15523,11232,POLG2
6566,11234,HPS5
7921,11235,PDCD10
15826,11236,RNF139
10364,11237,RNF24
12191,11238,CA5B
14926,112398,EGLN2
4023,1124,CHN2
12414,11240,PADI2
4512,112401,BIRC8
13553,11244,ZHX1
13334,11245,GPR176
12851,112464,PRKCDBP
11304,112476,PRRT2
16091,112479,ERI2
14849,11248,NXPH3
3495,11249,NXPH2
13710,112495,GTF3C6
2978,11250,GPR45
15617,11251,PTGDR2
1065,11252,PACSIN2
9165,11253,MAN1B1
5829,11254,SLC6A14
5003,11255,HRH3
15886,11258,DCTN3
10996,11259,FILIP1L
14554,112597,LINC00152
10538,11260,XPOT
17967,112609,MRAP2
12490,112616,CMTM7
2104,11262,SP140
14351,11264,PXMP4
14546,11266,DUSP12
5091,11269,DDX19B
16496,11270,NRM
8810,112703,FAM71E1
358,112714,TUBA3E
2349,11273,ATXN2L
6604,11274,USP18
4011,112744,IL17F
8487,11275,KLHL2
1902,112755,STX1B
1247,11276,SYNRG
5576,112770,C1ORF85
12742,11278,KLF12
11617,11279,KLF8
697,1128,CHRM1
3939,11280,SCN11A
6578,112802,KRT71
5913,11281,POU6F2
16202,112812,FDX1L
17162,112817,HOGA1
13832,11282,MGAT4B
7817,11283,CYP4F8
14167,11284,PNKP
8075,112840,WDR89
15467,112849,L3HYPDH
11901,112858,TP53RK
3204,112885,PHF21B
2210,1129,CHRM2
17716,112936,VPS26B
8050,112937,GLB1L3
13479,112950,MED8
7027,113,ADCY7
3490,1130,LYST
9736,113026,PLCD3
4128,11309,SLCO2B1
7876,1131,CHRM3
6055,11311,VPS45
3051,113115,MTFR2
14349,11314,CD300A
819,113146,AHNAK2
1022,11317,RBPJL
675,113174,SAAL1
10780,113178,SCAMP4
17235,11318,GPR182
8634,1132,CHRM4
6667,11320,MGAT4A
12528,113201,CASC4
11840,11321,GPN1
10864,11322,TMC6
624,113220,KIF12
12882,113235,SLC46A1
729,113246,C12ORF57
16593,11325,DDX42
3764,113251,LARP4
1078,11326,VSIG4
15855,113263,GLCCI1
10354,113277,TMEM106A
9798,113278,SLC52A3
8272,11328,FKBP9
7590,11329,STK38
14125,1133,CHRM5
16721,11330,CTRC
14235,11331,PHB2
14362,11332,ACOT7
10526,11333,PDAP1
12889,11334,TUSC2
17199,11335,CBX3
12287,11336,EXOC3
5300,11338,U2AF2
7527,1134,CHRNA1
13114,11340,EXOSC8
17959,11341,SCRG1
15446,113419,TEX261
13701,11342,RNF13
9872,11343,MGLL
2487,11345,GABARAPL2
14541,113452,TMEM54
4588,113457,TUBA3D
9982,11346,SYNPO
7994,1135,CHRNA2
10522,113510,HELQ
13380,113540,CMTM1
11609,113622,ADPRHL1
3593,113675,SDSL
5006,1137,CHRNA4
14885,113730,KLHDC7B
13301,113763,ZBED6CL
10095,1138,CHRNA5
9141,113828,FAM83F
8927,113829,SLC35A4
9769,113835,ZNF257
10491,113878,DTX2
6793,1139,CHRNA7
3070,114,ADCY8
12881,1140,CHRNB1
4517,114026,ZIM3
13975,114034,TOE1
4296,114049,WBSCR22
2323,114088,TRIM9
3959,114112,TXNRD3NB
15235,114131,UCN3
1602,114132,SIGLEC11
14771,114134,SLC2A13
10361,114195,SIGLEC22P
10013,1142,CHRNB3
16855,1143,CHRNB4
4382,114327,EFHC1
16671,114336,CGB2
4338,1144,CHRND
13920,1145,CHRNE
2610,114548,NLRP3
2549,114571,SLC22A9
14697,1146,CHRNG
15331,114625,ERMAP
3163,114659,LRRC37B
13769,1147,CHUK
13609,114757,CYGB
7766,114769,CARD16
8382,114771,PGLYRP3
3156,114780,PKD1L2
7717,114781,BTBD9
4511,114783,LMTK3
2034,114784,CSMD2
17267,114785,MBD6
1819,114786,XKR4
1776,114787,GPRIN1
84,114788,CSMD3
9608,114789,SLC25A25
1201,114790,STK11IP
3145,114791,TUBGCP5
522,114792,KLHL32
2981,114793,FMNL2
12818,114794,ELFN2
4153,114795,TMEM132B
2314,114798,SLITRK1
17520,114799,ESCO1
2617,114800,CCDC85A
529,114801,TMEM200A
279,114803,MYSM1
11430,114804,RNF157
2090,114805,GALNT13
13790,114814,GNRHR2
653,114815,SORCS1
4327,114818,KLHL29
12564,114819,CROCCP3
8003,114822,RHPN1
6311,114823,LENG8
2922,114824,PNMA5
6305,114826,SMYD4
9394,114827,FHAD1
301,114836,SLAMF6
6762,114876,OSBPL1A
14602,114879,OSBPL5
1340,114880,OSBPL6
5488,114881,OSBPL7
9652,114882,OSBPL8
6185,114883,OSBPL9
8449,114884,OSBPL10
7300,114885,OSBPL11
16402,114897,C1QTNF1
15645,1149,CIDEA
16833,114902,C1QTNF5
8846,114904,C1QTNF6
2646,114905,C1QTNF7
17980,114907,FBXO32
2723,114926,SMIM19
4539,114928,GPRASP2
8942,114960,TSGA13
11569,114971,PTPMT1
2228,114987,WDR31
9323,114990,VASN
11924,114991,ZNF618
4702,115,ADCY9
4641,115004,MB21D1
3902,115019,SLC26A9
17768,115024,NT5C3B
12119,115098,CCDC124
8002,115111,SLC26A7
1928,115196,ZNF554
14302,1152,CKB
8863,115201,ATG4A
9663,115207,KCTD12
8888,115209,OMA1
11467,115265,DDIT4L
10694,115273,RAB42
8801,115290,FBXO17
1984,115294,PCMTD1
10267,1153,CIRBP
12503,115330,GPR146
1287,115350,FCRL1
4758,115352,FCRL3
17810,115353,LRRC42
5838,115361,GBP4
12569,115362,GBP5
17081,115399,LRRC56
11845,1154,CISH
8540,115416,MALSU1
5526,115426,UHRF2
15720,1155,TBCB
16172,115509,ZNF689
7186,115548,FCHO2
10425,115557,ARHGEF25
7402,115560,ZNF501
5027,115584,SLC5A11
7555,115653,KIR3DL3
4591,115677,NOSTRIN
1925,115701,ALPK2
3177,115703,ARHGAP33
9013,115704,EVI5L
15721,115727,RASGRP4
7777,115749,C12ORF56
15714,115752,DIS3L
14676,115761,ARL11
2406,1158,CKM
15800,115825,WDFY2
12006,115827,RAB3C
6585,1159,CKMT1B
5448,115948,CCDC151
16081,115950,ZNF653
3287,1160,CKMT2
2220,116039,OSR2
11235,116071,BATF2
2281,116085,SLC22A12
12539,116092,DNTTIP1
11470,1161,ERCC8
13294,116113,FOXP4
10969,116115,ZNF526
13271,116123,FMO9P
11910,116135,LRRC3B
8525,116138,KLHDC3
1195,116143,WDR92
10327,116150,NUS1
11953,116151,FAM210B
6248,116154,PHACTR3
6602,116159,CYYR1
14613,116173,CMTM5
17743,116179,TGM7
7700,116211,TM4SF19
11721,116224,FAM122A
4763,116228,COX20
9123,116236,ABHD15
10835,116254,GINM1
4474,116285,ACSM1
7565,1163,CKS1B
12043,116328,C8ORF34
8971,116337,PANX3
9533,116369,SLC26A8
16994,116442,RAB39B
7416,116443,GRIN3A
10966,116444,GRIN3B
5069,116447,TOP1MT
2136,116449,CLNK
13796,116461,TSEN15
5506,116496,FAM129A
1979,116511,MAS1L
11245,116519,APOA5
8646,116535,MRGPRF
16595,116729,PPP1R27
10447,116835,HSPA12B
7470,116840,CNTROB
2605,116841,SNAP47
532,116843,SLC18B1
417,116931,MED12L
17656,116933,CLRN1-AS1
3008,116966,WDR17
10052,116969,ART5
11664,116983,ACAP3
435,116984,ARAP2
1659,116985,ARAP1
3125,116986,AGAP2
6193,116987,AGAP1
211,116988,AGAP3
6549,117,ADCYAP1R1
4760,117143,TADA1
6987,117144,CATSPER1
8161,117154,DACH2
14126,117155,CATSPER2
17181,117157,SH2D1B
16116,117166,WFIKKN1
1683,117178,SSX2IP
3747,117194,MRGPRX2
1857,117195,MRGPRX3
8291,117196,MRGPRX4
17312,117245,HRASLS5
4961,117246,FTSJ3
11477,117247,SLC16A10
13695,117248,GALNT15
4376,117283,IP6K3
18028,117285,DEFB118
8794,117286,CIB3
6271,117289,TAGAP
8258,1173,AP2M1
5914,1174,AP1S1
12677,117531,TMC1
2424,117532,TMC2
13616,117579,RLN3
3933,117583,PARD3B
14521,1176,AP3S1
500,117608,ZNF354B
12379,1178,CLC
3885,1179,CLCA1
6680,118,ADD1
1983,1180,CLCN1
3007,1182,CLCN3
13365,1183,CLCN4
6778,1184,CLCN5
5957,118426,LOH12CR1
3476,118427,OLFM3
7460,118429,ANTXR2
16311,118430,MUCL1
17945,118433,RPL23AP7
641,118461,C10ORF71
16822,118472,ZNF511
18396,118487,CHCHD1
3868,1185,CLCN6
10348,1186,CLCN7
660,118611,C10ORF90
16301,118663,BTBD16
4671,118672,PSTK
273,1187,CLCNKA
3344,118738,ZNF488
218,118788,PIK3AP1
17597,1188,CLCNKB
17364,118812,MORN4
17310,118813,ZFYVE27
15613,118856,MMP21
6108,118924,FRA10AC1
1464,118932,ANKRD22
10047,118980,SFXN2
7603,118987,PDZD8
13996,119,ADD2
12691,119016,AGAP4
16075,1191,CLU
3736,119180,LYZL2
5060,1192,CLIC1
259,1193,CLIC2
11220,119385,AGAP11
10048,119391,GSTO2
17163,119395,CALHM3
13569,119467,CLRN3
15988,1195,CLK1
12694,119504,ANAPC16
2254,119548,PNLIPRP3
16159,119559,SFXN4
4300,119587,CPXM2
15271,1196,CLK2
669,119678,OR52E2
6844,119679,OR52J3
12174,119682,OR51L1
16454,119687,OR51A7
8628,119692,OR51S1
668,119694,OR51F2
2762,119695,OR52R1
15027,119710,C11ORF74
2775,119749,OR4C46
2773,119750,OR4C2P
3358,119764,OR4X2
3099,119765,OR4B1
9629,119772,OR52M1
1471,119774,OR52K2
3397,12,SERPINA3
3742,120,ADD3
9107,1200,TPP1
5940,120065,OR5P2
8290,120066,OR5P3
2269,120071,GYLTL1B
16053,1201,CLN3
3755,120103,SLC36A4
2787,120114,FAT3
15035,120126,UBTFL2
15465,120224,TMEM45B
15615,120227,CYP2R1
16829,120237,DBX1
710,120376,COLCA2
15394,120400,NXPE1
8046,120406,NXPE2
4679,120425,AMICA1
17214,120528,CYCSP25
15925,120534,ARL14EP
8036,120586,OR8I2
1153,1207,CLNS1A
5611,120775,OR2D3
12704,120793,OR56A4
3353,120796,OR56A1
17965,1208,CLPS
1476,120824,TRIM51GP
18613,120863,DEPDC4
108,120892,LRRK2
4509,1209,CLPTM1
6294,120935,CCDC38
9648,120939,TMEM52B
741,121006,FAM186A
12076,121014,TUBB8P5
1831,1211,CLTA
13729,121129,OR2AP1
8056,121130,OR10P1
499,1212,CLTB
11260,121227,LRIG3
6128,121256,TMEM132D
8684,121260,SLC15A4
4444,121273,C12ORF54
14298,121274,ZNF641
757,121278,TPH2
7630,1213,CLTC
7774,121340,SP7
7194,121364,OR10A7
2806,121391,KRT74
17398,121441,NEDD1
14775,121457,IKBIP
7548,1215,CMA1
6576,121504,HIST4H4
5768,121512,FGD4
11585,121536,AEBP2
16840,121549,ASCL4
1159,121551,BTBD11
7779,121599,SPIC
5026,121601,ANO4
9654,121643,FOXN4
15628,121665,SPPL3
6739,121793,TEX29
8301,121981,PPIAP26
8065,122011,CSNK1A1L
1511,122042,RXFP2
2821,122046,TEX26
2313,122060,SLAIN1
4923,122258,SPACA7
2333,122402,TDRD9
11498,122481,AK7
15541,122509,IFI27L1
17367,122525,C14ORF28
13051,122618,PLD4
10344,122622,ADSSL1
2827,122651,RNASE11
14237,122706,PSMB11
796,122740,OR4K14
2826,122742,OR4L1
8175,122748,OR11H6
2513,122773,KLHDC1
1523,122786,FRMD6
11278,122809,SOCS4
12087,122830,NAA30
6178,122876,GPHB5
15872,122945,NOXRED1
8204,123,PLIN2
17409,1230,CCR1
809,123016,TTC8
13333,123036,TC2N
3395,123041,SLC24A4
14616,123096,SLC25A29
1886,123103,KLHL33
11587,123169,LEO1
2115,1232,CCR3
15518,123264,SLC51B
5486,123283,TARSL2
2111,1233,CCR4
16170,123346,HIGD2B
15262,123355,LRRC28
12609,1234,CCR5
6548,1235,CCR6
16853,123591,C15ORF27
13067,1236,CCR7
10231,123606,NIPA1
846,123624,AGBL1
11750,123688,HYKK
16145,1237,CCR8
8085,123720,WHAMM
15519,123722,FSD2
15304,123745,PLA2G4E
7796,123775,C16ORF46
16171,123787,PRSS29P
9461,1238,ACKR2
5626,123872,DNAAF1
4473,123876,ACSM2A
13914,123879,DCUN1D3
10963,123970,C16ORF78
7152,124,ADH1A
15049,1240,CMKLR1
16079,124044,SPATA2L
15202,124045,SPATA33
12762,124056,NOXO1
17850,124093,CCDC78
16585,1241,LTB4R
9865,124149,ANKRD26P1
17475,124152,IQCK
17009,124220,ZG16B
13456,124221,PRSS30P
9718,124245,ZC3H18
238,124274,GPR139
6304,124359,CDYL2
3090,1244,ABCC2
10798,124401,ANKS3
10858,124402,UBALD1
11301,124404,SEPT12
3609,124411,ZNF720
7550,124446,TMEM219
3607,124454,EARS2
17769,124512,METTL23
16341,124535,HSF5
4719,124538,OR4D2
15079,124540,MSI2
15551,124565,SLC38A10
8762,124590,USH1G
8115,124599,CD300LB
1916,124602,KIF19
4709,124739,USP43
14143,124773,C17ORF64
899,124783,SPATA32
5096,124801,LSM12
14140,124808,CCDC43
15753,124817,CNTD1
11755,124842,TMEM132E
7628,124857,WFIKKN2
2371,124872,B4GALNT2
13134,124912,SPACA3
3618,124925,SEZ6
6145,124930,ANKRD13B
17757,124935,SLC43A2
17759,124944,C17ORF49
9377,124961,ZFP3
17191,124976,SPNS2
12105,124989,EFCAB13
1573,124995,MRPL10
12250,124997,WDR81
2499,125,ADH1B
9741,125058,TBC1D16
17622,125061,AFMID
16337,125113,KRT222
12440,125150,ZSWIM7
15474,125170,MIEF2
6347,125206,SLC5A10
18017,125228,FAM210A
6042,125336,LOXHD1
13208,125476,INO80C
8879,125488,TTC39C
6147,125704,FAM69C
7350,1258,CNGB1
13467,125893,ZNF816
8474,1259,CNGA1
8329,125919,ZNF543
13210,125931,CEACAM20
13465,125950,RAVER1
7201,125958,OR7D4
1116,125962,OR7G1
4498,125963,OR1M1
4977,125972,CALR3
11340,125981,ACER1
449,126,ADH1C
7449,1260,CNGA2
2418,126014,OSCAR
2417,126017,ZNF813
16888,126068,ZNF441
5632,126069,ZNF491
3626,126070,ZNF440
16351,126075,CCDC159
16141,1261,CNGA3
13085,126123,IZUMO2
3182,126129,CPT1C
7822,126133,ALDH16A1
5216,1262,CNGA4
3433,126204,NLRP13
996,126205,NLRP8
3635,126206,NLRP5
15243,126231,ZNF573
15480,126235,RPS4XP21
15867,126248,WDR88
9012,126259,TMIGD2
14406,126272,EID2B
16881,126295,ZNF57
14486,126298,IRGQ
13265,1263,PLK3
16484,126306,JSRP1
13613,126326,GIPC3
17878,126328,NDUFA11
4976,126370,OR1I1
11900,126374,WTIP
14160,126375,ZNF792
9130,126393,HSPB6
10802,1264,CNN1
947,126402,CCDC105
7055,126410,CYP4F22
2017,126432,RINL
4972,1265,CNN2
9011,126520,PLK5
13620,126526,C19ORF47
17243,126541,OR10H4
16966,126549,ANKLE1
9214,1266,CNN3
15534,126626,GABPB2
295,126637,TCHHL1
9416,126638,RPTN
14685,126668,TDRD10
16175,1267,CNP
17220,126755,LRRC38
13781,126767,AADACL3
16680,126789,PUSL1
10247,126792,B3GALT6
5062,1268,CNR1
4545,126820,WDR63
11580,126823,KLHDC9
3234,126859,AXDND1
15247,126868,MAB21L3
17207,126969,SLC44A3
13237,127,ADH4
14339,1270,CNTF
6054,127002,ATXN7L2
13428,127003,C1ORF194
7677,127059,OR2M5
2527,127062,OR2M3
18,127064,OR2T12
1313,127066,OR14C36
7207,127068,OR2T34
2969,127069,OR2T10
2070,127074,OR2T4
2071,127077,OR2T11
1829,1271,CNTFR
16737,127124,ATP6V1G3
109,1272,CNTN1
8367,127247,ASB17
14939,127253,TYW3
6801,127255,LRRIQ3
6612,127294,MYOM3
8183,127343,DMBX1
2050,127385,OR10J5
16694,127428,TCEANC2
2574,127435,PODN
14681,127495,LRRC39
14456,127534,GJB4
3650,127540,HMGB4
12349,127544,RNF19B
16229,127579,DCST2
321,127602,DNAH14
8402,127608,OR2AJ1
6659,127623,OR2B11
7868,127665,ZNF648
14523,127670,TEDDM1
5628,1277,COL1A1
16486,127700,OSCP1
10387,127707,KLHDC7A
3471,127731,VWA5B1
9889,127733,UBXN10
4314,127795,C1ORF87
1213,1278,COL1A2
8897,127833,SYT2
13984,127933,UHMK1
15689,127943,FCRLB
15917,128,ADH5
1227,1280,COL2A1
1308,128025,WDR64
11067,128077,LIX1L
372,1281,COL3A1
6363,128153,SPATA17
10398,128178,EDARADD
793,1282,COL4A1
8359,128209,KLF17
10583,128229,TSACC
299,128239,IQGAP3
15573,128272,ARHGEF19
2066,128312,HIST3H2BB
12155,128344,PIFO
15557,128346,C1ORF162
5652,128360,OR10T2
11069,128366,OR6P1
16735,128367,OR10X1
10394,128368,OR10Z1
15136,128370,OR6K4P
7566,128371,OR6K6
7387,128372,OR6N1
6629,1284,COL4A2
10974,128408,BHLHE23
1034,128414,NKAIN4
18029,128434,VSTM2L
4261,128439,SNHG11
16474,128486,FITM2
7581,1285,COL4A3
4264,128506,OCSTAMP
2432,128553,TSHZ2
5680,1286,COL4A4
6247,128602,C20ORF85
1618,128611,ZNF831
13356,128637,TBC1D20
1609,128646,SIRPD
10138,128653,C20ORF141
3190,128674,PROKR2
8165,1287,COL4A5
8143,128710,SLX4IP
1644,1288,COL4A6
2426,128817,CSTL1
8820,128820,CST9LP1
9213,128821,CST9L
18027,128822,CST9
12265,128826,C20ORF166
254,128859,BPIFB6
14177,128861,BPIFA3
3818,128866,CHMP4B
1256,128869,PIGU
2429,128876,FAM83C
86,1289,COL5A1
1629,128954,GAB4
16901,128989,TANGO2
373,1290,COL5A2
13416,129025,ZNF280A
6605,129049,SGSM1
1634,129080,EMID1
4531,1291,COL6A1
17830,129138,ANKRD54
1942,1292,COL6A2
1709,129285,PPP1R21
8247,129293,TRABD2A
2988,1293,COL6A3
3944,1294,COL7A1
13807,129401,NUP35
367,129446,XIRP2
17948,129450,TYW5
12943,1295,COL8A1
8905,129521,NMS
16744,129530,LYG1
18056,129531,MITD1
5681,129563,DIS3L2
17354,1296,COL8A2
14656,129607,CMPK2
3907,129642,MBOAT2
185,129684,CNTNAP5
16212,129685,TAF8
517,1297,COL9A1
15132,1298,COL9A2
4779,129804,FBLN7
11385,129807,NEU4
7226,129831,RBM45
14510,129852,C2ORF73
7396,129868,TRIM43
12598,129880,BBS5
1337,129881,CCDC173
1033,1299,COL9A3
11577,13,AADAC
17579,130,ADH6
11706,1300,COL10A1
12597,130013,ACMSD
12603,130026,ICA1L
16747,130074,FAM168B
4040,130075,OR9A4
1281,1301,COL11A1
16490,130106,CIB4
3467,130120,REG3G
11778,130132,RFTN2
1410,1302,COL11A2
1319,130271,PLEKHH2
519,1303,COL12A1
14696,130340,AP1S3
18470,130355,C2ORF76
1132,130367,SGPP2
2091,130399,ACVR1C
17639,130497,OSR1
13768,1305,COL13A1
3908,130502,TTC32
7297,130507,UBR3
13280,130535,KCTD18
2985,130540,ALS2CR12
16740,130557,ZNF513
5115,130560,SPATA3
2089,130574,LYPD6
9444,130576,LYPD6B
17865,130589,GALM
1838,1306,COL15A1
14395,130612,TMEM198
16706,130617,ZFAND2B
3873,1307,COL16A1
17649,130700,PSMB3P2
10401,130733,TMEM178A
6383,130749,CPO
6671,130752,MDH1B
13112,1308,COL17A1
6827,130814,PQLC3
15691,130827,TMEM182
15587,130940,CCDC148
5188,130951,M1AP
6535,131,ADH7
2181,1310,COL19A1
413,131034,CPNE4
2639,131096,KCNH8
7058,1311,COMP
17410,131118,DNAJC19
9473,131149,OTOL1
14974,131177,FAM3D
11945,1312,COMT
7910,131368,ZPLD1
14462,131375,LYZL4
7401,131377,KLHL40
12579,1314,COPA
7151,131405,TRIM71
12948,131408,FAM131A
3956,131450,CD200R1
16247,131474,CHCHD4
14084,1315,COPB1
16253,131540,ZDHHC19
405,131544,CRYBG3
7909,131566,DCBLD2
2998,131578,LRRC15
12949,131583,FAM43A
13508,131601,TPRA1
412,131669,UROC1
5162,1318,SLC31A2
1365,131873,COL6A6
10320,131890,GRK7
3261,131909,FAM172BP
16765,131920,TMEM207
14424,131965,METTL6
9944,132001,TAMM41
4601,132014,IL17RE
14710,132112,RTP1
16095,132141,IQCF1
5421,132160,PPM1M
11120,132200,C3ORF49
14975,132203,SNTN
1359,132204,SYNPR
18610,132228,LSMEM2
7915,132243,H1FOO
3515,132320,SCLT1
6393,132321,C4ORF33
452,132430,PABPC4L
13317,1326,MAP3K8
3005,132612,ADAD1
9495,132625,ZFP42
2143,132660,LIN54
443,132671,SPATA18
6752,1327,COX4I1
9486,132724,TMPRSS11B
11145,132789,GNPDA2
7234,132851,SPATA4
7501,132864,CPEB2
2133,132884,EVC2
18296,1329,COX5B
5318,132946,ARL9
1652,132949,AASDH
5882,132954,PDCL2
15593,132989,C4ORF36
12706,133,ADM
9490,133022,TRAM1L1
5514,133060,OTOP1
7931,133308,SLC9B2
14986,133383,SETD9
1391,133396,IL31RA
1389,133418,EMB
3021,133482,SLCO6A1
498,133491,C5ORF47
1402,133522,PPARGC1B
3018,133558,MROH2B
6201,133584,EGFLAM
15390,133686,NADK2
6396,133688,UGT3A1
7407,133690,CAPSL
17102,1337,COX6A1
14571,133746,JMY
13421,133874,C5ORF58
11158,133923,ZNF474
4628,133957,CCDC127
1297,134,ADORA1
2172,134083,OR2Y1
7940,134111,UBE2QL1
4630,134121,C5ORF49
11469,134147,CMBL
3989,134187,POU5F2
8490,134218,DNAJC21
59,134265,AFAP1L1
11698,134266,GRPEL2
3286,134288,TMEM174
16376,1343,COX6B1P3
6081,134353,LSM11
17466,134359,POC5
6541,134391,GPR151
6687,134430,WDR36
3028,134466,ZNF300P1
483,134526,ACOT12
12012,134548,SOWAHA
17581,134549,SHROOM1
17303,134553,C5ORF24
15703,134637,ADAT2
9158,134701,RIPPLY2
7210,134728,IRAK1BP1
9538,134829,CLVS2
530,134860,TAAR9
7240,134864,TAAR1
5206,134957,STXBP5
18136,134997,PPIAP29
12543,135,ADORA2A
12028,135112,NCOA7
4392,135138,PACRG
10600,135152,B3GAT2
7801,1352,COX10
5714,135228,CD109
11817,135250,RAET1E
14044,135293,PM20D2
12359,135295,SRSF12
3804,1353,COX11
14577,135398,C6ORF141
17004,135458,HUS1B
16452,1355,COX15
14334,1356,CP
4374,135656,DPCR1
15676,1357,CPA1
4835,1358,CPA2
8550,135886,WBSCR28
7406,1359,CPA3
2713,135924,OR9A2
2714,135932,TMEM139
2212,135935,NOBOX
1440,135941,OR2A14
18299,135942,OR2A15P
2716,135946,OR6B1
4044,135948,OR2F2
2127,1360,CPB1
15372,1361,CPB2
11713,136157,SSU72P8
14361,1362,CPD
554,136227,COL26A1
8566,136242,PRSS37
11191,136263,SSMEM1
4026,136288,C7ORF57
6537,1363,CPE
8564,136306,SVOPL
8563,136319,MTPN
2708,136332,LRGUK
12662,136371,ASB10
6859,1364,CLDN4
15786,1365,CLDN3
12035,136540,PRSS3P3
2712,136541,PRSS58
5085,1368,CPM
1141,136895,C7ORF31
3348,1369,CPN1
7156,136991,ASZ1
6900,1370,CPN2
15923,137075,CLDN23
8588,137209,ZNF572
377,1373,CPS1
15856,137362,GOT1L1
13307,137392,FAM92A1
14092,1374,CPT1A
11195,137492,VPS37A
15655,1375,CPT1B
15439,1376,CPT2
7158,137695,TMEM68
5733,137735,ABRA
14919,137797,LYPD2
3238,1378,CR1
12275,137814,NKX2-6
9585,137835,TMEM71
1442,137868,SGCZ
7600,137886,UBXN2B
8396,1379,CR1L
595,137902,PXDNL
10377,137964,AGPAT6
3330,137970,UNC5D
5038,1380,CR2
4844,138009,DCAF4L2
6329,138046,RALYL
7139,138050,HGSNAT
16934,138065,RNF183
15929,1381,CRABP1
1835,138199,C9ORF41
1834,138240,C9ORF57
9265,138255,C9ORF135
10038,138307,LCN8
16813,138311,FAM69B
14074,138428,PTRH1
9164,138429,PIP5KL1
2739,138474,TAF1L
4543,1385,CREB1
11102,1386,ATF2
13558,138639,PTPDC1
10670,138649,ANKRD19P
5623,1387,CREBBP
3727,138724,C9ORF131
6406,1388,ATF6B
6952,138802,OR13C8
621,138803,OR13C3
3730,138804,OR13C4
15959,138805,OR13F1
12051,138882,OR1N2
13717,138883,OR1N1
13023,1389,CREBL2
17161,138948,DBH-AS1
3082,1390,CREM
2460,139065,SLITRK4
3462,139067,SPANXN3
4739,139081,MAGEC3
3824,139105,BEND2
1094,139135,PASD1
12823,139163,SALL1P1
1088,139170,DCAF12L1
6181,139189,DGKK
7181,139221,MUM1L1
17523,139231,FAM199X
3826,139285,AMER1
7712,1393,CRHBP
15658,139322,APOOL
7079,139324,HDX
12822,139334,IMPDH1P4
1948,139378,GPR112
2489,1394,CRHR1
14833,139411,PTCHD1
6505,139422,MAGEB10
11772,139425,DCAF8L1
6699,1395,CRHR2
9026,139562,OTUD6A
8857,139596,UPRT
7835,139599,MAGEE2
16586,1396,CRIP1
9832,139604,MAGEB16
13103,139628,FOXR2
7375,139716,GAB3
7082,139728,PNCK
15123,139735,ZFP92
3210,139741,ACTRT1
7840,139760,GPR119
15119,139793,PAGE3
1646,139804,RBMXL3
1947,139818,DOCK11
13647,139886,SPIN4
15977,1399,CRKL
14561,14,AAMP
13148,140,ADORA3
4796,1400,CRMP1
2462,140032,RPS4Y2
2591,1401,CRP
2897,140258,KRTAP13-1
4529,140290,TCP10L
14274,1404,HAPLN1
17808,140432,RNF113B
1804,140453,MUC17
2908,140456,ASB11
13126,140458,ASB5
11589,140460,ASB7
12464,140461,ASB8
16552,140462,ASB9
16113,140465,MYL6B
14533,140467,ZNF358
1338,140469,MYO3B
3446,140564,APOBEC3D
17631,140576,S100A16
2895,140578,CHODL
15173,140596,DEFB104A
16530,140597,TCEAL2
9788,1406,CRX
5385,140609,NEK7
16100,140612,ZFP28
2030,140625,ACTRT2
13754,140628,GATA5
6601,140679,SLC32A1
12188,140680,C20ORF96
16369,140685,ZBTB46
14888,140687,GCNT7
1615,140689,CBLN4
5822,140690,CTCFL
15062,140691,TRIM69
12264,140699,MROH8
13589,1407,CRY1
10638,140700,SAMD10
9808,140701,ABHD16B
8331,140706,CCM2L
8063,140707,BRI3BP
2891,140710,SOGA1
12312,140711,TLDC2
12845,140730,RIMS4
13091,140731,ANKRD60
17828,140732,SUN5
1120,140733,MACROD2
8761,140735,DYNLL2
14557,140738,TMEM37
12489,140739,UBE2F
6965,140766,ADAMTS14
1978,140767,NRSN1
13061,140775,SMCR8
2268,1408,CRY2
5973,140801,RPL10L
5738,140803,TRPM6
9650,140807,KRT72
17776,140809,SRXN1
9801,140823,ROMO1
14487,140825,NEURL2
14410,140831,ZSWIM3
4263,140834,C20ORF62
12129,140838,NANP
10363,140850,DEFB127
17139,140856,SCP2D1
12413,140862,ISM1
10875,140865,LINC00686
7204,140871,CFTRP1
12538,140873,C20ORF173
8333,140876,FAM65C
3191,140880,CST11
13633,140883,ZNF280B
7203,140885,SIRPA
10155,140886,PABPC5
14427,140890,SREK1
2434,140893,RBBP8NL
6771,140894,CNBD2
16373,1409,CRYAA
6600,140901,STK35
15217,140902,R3HDML
8460,141,ADPRH
9453,1412,CRYBA2
7280,1413,CRYBA4
12815,1414,CRYBB1
16902,1416,CRYBB2P1
16205,1417,CRYBB3
7579,1418,CRYGA
9071,1419,CRYGB
1702,142,PARP1
9451,1420,CRYGC
10924,1421,CRYGD
14007,1423,CRYGFP
14416,142678,MIB2
12056,142680,SLC34A3
3898,142683,ITLN2
12142,142684,RAB40A
8199,142685,ASB15
1358,142686,ASB14
15657,142689,ASB12
2346,1428,CRYM
6282,142891,SAMD8
16121,1429,CRYZ
7756,142910,LIPJ
4860,142940,TRUB1
1509,143,PARP4
8615,143098,MPP7
11649,1431,CS
640,143162,FRMPD2
12641,1432,MAPK14
13876,143244,EIF5AL1
1851,143279,HECTD2
6111,143379,C10ORF82
11728,143384,CACUL1
7175,1434,CSE1L
2765,143425,SYT9
10570,143458,LDLRAD3
4965,143471,PSMA8
666,143496,OR52B4
14446,1435,CSF1
17701,143501,C11ORF40
3852,143502,OR52I2
6440,143503,OR51E1
12173,143506,SSU72P3
6570,143570,XRRA1
1403,1436,CSF1R
3352,143630,UBQLNL
8030,143662,MUC15
5951,143684,FAM76B
12298,143686,SESN3
3583,143689,PIWIL4
15452,1437,CSF2
3642,1438,CSF2RA
16052,143872,ARHGAP42
6290,143872,TMEM133
7422,143884,CWF19L2
16631,143888,KDELC2
3445,1439,CSF2RB
8106,1440,CSF3
1481,144097,C11ORF84
673,144100,PLEKHA7
16828,144106,ST13P5
10947,144108,SPTY2D1
8631,144110,TMEM86A
4107,144124,OR10A5
6845,144125,OR2AG1
5610,144132,DNHD1
8668,144165,PRICKLE1
6992,144195,SLC2A14
2864,1442,CSH1
5084,144245,ALG10B
14405,1443,CSH2
10727,144321,GLIPR1L2
12739,144347,FAM101A
13326,144348,ZNF664
17854,144363,LYRM5
6759,1444,CSHL1
8666,144402,CPNE8
6734,144404,TMEM120B
6783,144406,WDR66
6127,144423,GLT1D1
13587,144448,TSPAN19
11262,144453,BEST3
10066,144455,E2F7
17167,144501,KRT80
225,144568,A2ML1
8676,144577,C12ORF66
15904,144581,RPL14P1
14892,1446,CSN1S1
17818,144608,C12ORF60
18599,144638,ST13P3
12369,144699,FBXL14
1376,1447,CSN2
7614,144715,RAD9B
6325,1448,CSN3
8688,144809,FAM216B
17236,144811,LACC1
4914,145173,B3GALTL
17230,1452,CSNK1A1
15056,145241,ADAM21P1
13403,145258,GSC
3396,145264,SERPINA12
6467,145270,PRIMA1
5347,145282,MIPOL1
17192,1453,CSNK1D
14783,145376,PPP1R36
5110,1454,CSNK1E
2324,145407,C14ORF37
12749,145447,ABHD12B
6465,145482,PTGR2
14873,145483,FAM161B
15866,1455,CSNK1G2
2327,145501,ISM2
2328,145508,CEP128
14345,145553,MDP1
4464,145567,TTC7B
801,145581,LRFN5
11388,1456,CSNK1G3
15063,145645,C15ORF43
5143,1457,CSNK2A1
9339,145773,FAM81A
2929,145814,PGPEP1L
8221,145853,C15ORF61
13455,145858,C15ORF32
16858,145864,HAPLN3
9689,145873,MESP2
7016,145942,TMCO5A
10100,145946,SPATA8
842,145957,NRG4
9799,146,ADRA1D
1532,146057,TTBK2
14922,146059,CDAN1
17435,146110,RPL7P47
8099,146167,SLC38A8
8732,146177,VWA3A
5487,146183,OTOA
1243,146198,ZFP90
4632,1462,VCAN
241,146206,RLTPR
4476,146212,KCTD19
9714,146223,CMTM4
16333,146227,BEAN1
13748,1463,NCAN
15068,146310,RNF151
10623,146330,FBXL16
12097,146336,SSTR5-AS1
5090,146378,C16ORF92
14625,146395,GSG1L
1900,1464,CSPG4
4469,146434,ZNF597
15424,146439,CCDC64B
4200,146456,TMED6
17156,1465,CSRP1
7433,146542,ZNF688
2007,146547,PRSS36
5137,146562,C16ORF71
758,1466,CSRP2
8766,146664,MGAT5B
16689,146691,TOM1L2
246,146705,ENTHD2
9007,146705,TEPSIN
15346,146712,B3GNTL1
913,146713,RBFOX3
3805,146722,CD300LF
15083,146723,C17ORF77
5240,146754,DNAH2
17822,146771,TCAM1P
1579,146779,EFCAB3
12183,1468,SLC25A10
2010,146802,SLC47A2
7093,146822,CDRT15
7351,146845,WDR16
1565,146850,PIK3R6
17761,146852,ODF4
16174,146853,C17ORF50
4953,146861,SLC35G3
7033,146862,UNC45B
7037,146894,CD300LG
4257,1469,CST1
4213,146909,KIF18B
10861,146923,RUNDC1
3030,147,ADRA1B
14175,1470,CST2
11509,147007,TMEM199
16867,147015,DHRS13
10119,147040,KCTD11
15407,1471,CST3
12782,147111,NOTUM
11334,147138,TMC8
7802,147166,TRIM16L
18565,147172,LRRC37BP1
13343,147179,WIPF2
12441,147183,KRT25
15642,147184,TMEM99
7214,147199,SCGB1C1
1612,1472,CST4
14136,147228,KRT17P1
5105,1473,CST5
7813,147323,STARD6
11515,147339,C18ORF25
4230,147372,CCBE1
7095,147381,CBLN2
8120,147407,SLC25A52
140,147409,DSG4
14483,147495,APCDD1
14705,1475,CSTA
16183,1476,CSTB
13622,147646,C19ORF84
4246,147657,ZNF480
4988,147658,ZNF534
1606,147660,ZNF578
17276,147664,ERVV-1
13624,147670,SMIM17
16365,147685,C19ORF18
15847,147686,ZNF418
2423,147687,ZNF417
12801,147694,ZNF548
8808,147699,PPM1N
2894,1477,CSTF1
15648,147700,KLC3
4984,147710,IGSF23
4245,147711,ZNF285B
7819,147719,LYPD4
11758,147741,ZNF560
12263,147744,TMEM190
5364,147746,HIPK4
6768,147798,TMC4
11375,1478,CSTF2
11353,147808,ZNF784
11349,147872,CCDC155
12796,147906,DACT3
3632,147912,SIX5
970,147920,IGFL2
6004,147923,ZNF420
5817,147929,ZNF565
3187,147945,NLRP4
16364,147948,ZNF582
16094,147949,ZNF583
12793,147965,FAM98C
10765,147968,CAPN12
2874,147991,DPY19L3
9574,148,ADRA1A
14643,148003,LGALS16
8123,148022,TICAM1
2868,148066,ZNRF4
5253,148103,ZNF599
10359,148109,FAM187B
950,148113,CILP2
12116,148156,ZNF558
7059,148198,ZNF98
6269,1482,NKX2-5
13137,148206,ZNF714
15553,148213,ZNF681
929,148229,ATP8B3
16179,148231,LINC00905
15087,148252,DIRAS1
12785,148254,ZNF555
9132,148266,ZNF569
6043,148268,ZNF570
8236,148281,SYT6
11079,148304,C1ORF74
10697,148327,CREB3L4
5834,148345,C1ORF127
6655,148362,BROX
11040,148398,SAMD11
7666,148423,C1ORF52
15437,148479,PHF13
17853,148534,TMEM56
4318,148545,NBPF4
281,148581,UBE2U
10249,1486,CTBS
17489,148641,SLC35F3
2132,1487,CTBP1
12582,148713,PTPRVP
292,148738,HFE2
6650,148741,ANKRD35
15138,148753,FAM163A
6658,148789,B3GALNT2
2256,1488,CTBP2
12913,148808,MFSD4
11077,148811,PM20D1
17924,148818,HSD17B7P1
5661,148823,GCSAML
2043,148867,SLC30A7
8882,148870,CCDC27
4751,148979,GLIS1
15324,1490,CTGF
7670,149013,NBPF12
5033,149018,LELP1
7083,149041,RC3H1
8355,149069,DCDC2B
12830,149076,ZNF362
5504,149095,DCST1
10309,1491,CTH
4581,149111,CNIH3
9895,149233,IL23R
13273,149281,METTL11B
6874,149297,FAM78B
5675,1493,CTLA4
15583,149371,EXOC8
9891,149420,PDIK1L
175,149461,CLDN19
13974,149478,BTBD19
5572,149483,CCDC17
6873,149499,LRRC71
11916,1495,CTNNA1
16441,149563,C1ORF64
349,1496,CTNNA2
12587,149603,RNF187
5456,149628,PYHIN1
12209,149647,FAM71A
1019,149699,GTSF1L
15343,1497,CTNS
13939,149775,GNAS-AS1
8229,149840,C20ORF196
6390,1499,CTNNB1
10449,149934,NCOR1P1
4999,149951,COMMD7
3440,149954,BPIFB4
8151,149992,ANKRD30BP2
7829,149998,LIPI
1466,150,ADRA2A
7763,1500,CTNND1
11435,150000,ABCC13
17110,150082,LCA5L
16372,150084,IGSF5
16900,150094,SIK1
48,1501,CTNND2
12809,150142,ZNF295-AS1
9489,150159,SLC9B1
1049,150160,CCT8L2
8839,150165,XKR3
17915,150209,AIFM3
13221,150244,ZDHHC8P1
17785,150248,C22ORF15
16947,150274,HSCB
4273,150275,CCDC117
7070,150280,HORMAD2
14388,150297,C22ORF42
4312,1503,CTPS1
16905,150350,ENTHD1
15726,150353,DNAJB7
11365,150356,CHADL
2493,150365,MEI1
12267,150368,FAM109B
9828,150372,NFAM1
10503,150379,PNPLA5
8096,1504,CTRB1
9932,150465,TTL
3920,150468,CKAP2L
7894,150472,CBWD2
2624,150483,TEKT4
16611,150554,YWHAZP2
8416,150572,SMYD1
14010,150677,OTOS
17951,150678,MYEOV2
9151,150681,OR6B3
17642,150684,COMMD1
9439,150696,PROM2
3932,150709,ANKAR
13804,150726,FBXO41
14693,150737,TTC30B
12450,150763,GPAT2
14079,1509,CTSD
16924,150928,PTMAP5
17182,150946,GAREML
2618,150962,PUS10
183,151,ADRA2B
13383,1510,CTSE
14960,151011,SEPT10
7580,151050,KANSL1L
7523,151056,PLB1
9669,1511,CTSG
6191,151112,ZSWIM2
10883,151126,ZNF385B
11101,151188,ARL6IP6
1723,151194,METTL21A
7296,151230,KLHL23
12600,151242,PPP1R1C
7691,151246,SGOL2
7577,151254,ALS2CR11
2632,151258,SLC38A11
11677,151278,CCDC140
12487,151295,SLC23A3
8893,1513,CTSK
11460,151306,GPBAR1
8249,151313,FAHD2B
7681,151325,MYADML
15140,151354,FAM84A
14201,151354,LRATD1
11456,151393,RMDN2
2987,151473,SLC16A14
5606,1515,CTSV
17300,151507,MSL3P1
343,151516,ASPRV1
1964,151525,WDSUB1
3252,151531,UPP2
12599,151556,GPR155
15319,151579,BZW1P2
9961,151613,TTC14
2992,151636,DTX3L
9950,151647,FAM19A4
9945,151649,PP2D1
2990,151651,EFHB
6077,151790,WDR49
10826,151827,LRRC34
5580,151835,CPNE9
3504,151871,DPPA2
4614,151887,CCDC80
12454,151888,BTLA
6200,1519,CTSO
16146,151903,CCDC12
10168,151963,MB21D2
4610,151987,PPP4R2
13820,152,ADRA2C
13792,1520,CTSS
8916,152002,XXYLT1
1832,152006,RNF38
11129,152015,ROPN1B
16248,152098,ZCWPW2
4125,1521,CTSW
8447,152100,CMC1
3676,152110,NEK10
5389,152118,C3ORF79
10887,152137,CCDC50
5157,152138,PYDC2
6895,152185,SPICE1
15824,152195,NUDT16P1
15231,1522,CTSZ
392,152206,CCDC13
8445,152273,FGD5
556,1523,CUX1
386,152330,CNTN4
9190,1524,CX3CR1
6677,152404,IGSF11
13155,152405,C3ORF30
6831,152485,ZNF827
15103,1525,CXADR
12004,152503,SH3D19
11999,152518,NFXL1
15765,152519,NIPAL1
17480,152573,SHISA3
3971,152579,SCFD2
4550,152687,ZNF595
16540,152756,FAM218A
6533,152789,JAKMIP1
12255,1528,CYB5A
6391,152815,THAP6
5881,152831,KLB
14205,152877,FAM53A
17958,152926,PPM1K
14271,152940,C4ORF45
15698,152992,TRMT44
10928,153020,RASGEF1B
15016,153090,DAB2IP
12457,153129,SLC38A9
6689,153201,SLC36A2
17256,153218,SPINK13
10710,153222,CREBRF
10830,153241,CEP120
5198,153339,TMEM167A
17869,153364,MBLAC2
1394,153396,TMEM161B
13205,1534,CYB561
5158,153478,PLEKHG4B
12008,153562,MARVELD2
12628,153572,IRX2
8509,153579,BTNL9
12821,1536,CYBB
14989,153642,ARSK
14864,153643,FAM81B
2661,153657,TTC23L
2222,1537,CYC1
492,153745,FAM71B
16445,153769,SH3RF2
14275,153770,PLAC8L1
7837,1538,CYLC1
1405,153830,RNF145
2745,1539,CYLC2
14045,153918,ZC2HC1B
12854,1540,CYLD
503,154007,SNRNP48
16682,154043,CNKSR3
6411,154075,SAMD3
7964,154091,SLC2A12
14721,154141,MBOAT1
11702,154150,HDGFL1
9996,154197,PNLDC1
7724,154214,RNF217
8938,154215,NKAIN2
15502,154288,KHDC3L
16432,1543,CYP1A1
5328,154313,CFAP206
14994,154386,C6ORF195
5904,154442,BVES-AS1
8408,1545,CYP1B1
5599,154661,RUNDC3B
1797,154664,ABCA13
14739,154743,C7ORF60
16282,154754,PRSS3P2
11193,154791,C7ORF55
13108,154796,AMOT
2519,1548,CYP2A6
2790,154810,AMOTL1
17974,154865,IQUB
13390,154881,KCTD7
6597,1549,CYP2A7
7985,154907,C7ORF66
14058,155,ADRB3
4983,1550,CYP2A7P1
8565,155006,TMEM213
578,155038,GIMAP8
13302,155051,CRYGN
4045,155054,ZNF425
7321,155061,ZNF746
13165,155066,ATP6V0E2
209,1551,CYP3A7
10010,155100,CCT8L1P
7380,155184,SLC2A7
12230,155185,AMZ1
7362,1553,CYP2A13
9368,155368,WBSCR27
17534,155382,VPS37D
2215,155435,RBM33
5365,1555,CYP2B6
12258,1556,CYP2B7P
2246,1557,CYP2C19
650,1558,CYP2C8
5124,1559,CYP2C9
1863,156,ADRBK1
6721,1562,CYP2C18
5261,1565,CYP2D6
1260,157,ADRBK2
7191,1571,CYP2E1
961,1572,CYP2F1
7852,1573,CYP2J2
16392,157376,FER1L6-AS2
8587,157378,TMEM65
15294,157506,RDH10
3724,157530,ST13P6
8582,157567,ANKRD46
2545,157570,ESCO2
14743,157574,FBXO16
2703,1576,CYP3A4
18076,157627,LINC00599
12460,157638,FAM84B
10775,157657,C8ORF37
3068,157680,VPS13B
15337,157695,TDRP
12663,157697,ERICH1
17232,1577,CYP3A5
7140,157724,SLC7A13
12291,157739,TDH
2728,157753,TMEM74
15788,157769,FAM91A1
15787,157777,MCMDC2
5920,157807,CLVS1
591,157855,KCNU1
12567,1579,CYP4A11
7246,157922,CAMSAP1
16440,157983,C9ORF66
4275,158,ADSL
1274,1580,CYP4B1
14896,158035,LINC00032
4060,158038,LINGO2
10942,158046,NXNL2
12686,158056,MAMDC4
2232,158062,LCN6
4665,158067,AK8
13561,158078,EEF1A1P5
11639,1581,CYP7A1
14072,158131,OR1Q1
8012,158135,TTLL11
6101,158158,RASEF
3739,158160,HSD17B7P2
188,1582,CYP8B1
4411,158219,TTC39B
12430,158228,FAM201A
11482,158234,TRMT10B
4072,158248,TTC16
16960,158293,FAM120AOS
4059,158297,FAM154A
4185,1583,CYP11A1
611,158326,FREM1
1265,158358,KIAA2026
16210,158381,ATP8B5P
7417,158399,ZNF483
6427,1584,CYP11B1
3731,158401,C9ORF84
7544,158405,KIAA1958
14495,158431,ZNF782
619,158471,PRUNE2
2738,1585,CYP11B2
8852,158506,ZNF645
7654,158521,FMR1NB
6355,158584,FAAH2
9384,158586,ZXDB
15545,1586,CYP17A1
13551,1587,ADAM3A
7076,158724,FAM47A
11771,158747,MOSPD2
3461,158763,ARHGAP36
11436,158787,RIBC1
4286,158798,AKAP14
8989,1588,CYP19A1
2458,158800,RHOXF1
6024,158809,MAGEB6
10152,158830,CXORF65
16626,158833,AWAT1
7078,158835,AWAT2
3828,158866,ZDHHC15
17788,158880,USP51
6405,1589,CYP21A2
4284,158931,TCEAL6
5828,158983,H2BFWT
13431,159,ADSS
202,1590,CYP21A1P
11378,159090,FAM122B
6356,159091,FAM122C
1614,1591,CYP24A1
14929,159162,RBMY2FP
6842,159195,USP54
2756,1592,CYP26A1
12832,1593,CYP27A1
11259,1594,CYP27B1
2200,1595,CYP51A1
677,159963,SLC5A12
2788,159989,CCDC67
8742,16,AARS
12887,160,AP2A1
7,1600,DAB1
8658,160065,PATE1
475,1601,DAB2
3372,160140,C11ORF65
1516,1602,DACH1
16462,160287,LDHAL6A
3591,160335,TMTC2
11557,160364,CLEC12A
2301,160418,TMTC3
2300,160419,C12ORF50
2512,160428,ALDH1L2
14972,1605,DAG1
6335,160518,DENND5B
1504,1606,DGKA
10339,160622,GRASP
70,1607,DGKB
2303,160728,SLC5A8
16313,160760,PPTC7
3130,160762,CCDC63
775,160777,CCDC60
194,1608,DGKG
4921,160824,SP3P
4455,160851,DGKH
10827,1609,DGKQ
1470,161,AP2A2
13132,1610,DAO
5225,161003,STOML3
4804,1611,DAP
120,161142,FAM71D
14784,161145,TMEM229B
16849,161176,LINC00341
11281,161176,SYNE3
6462,161198,CLEC14A
1953,1612,DAPK1
13196,161271,OR4H12P
5816,1613,DAPK3
802,161357,MDGA2
1525,161394,SAMD15
12406,161424,NOP9
4931,161436,EML5
5783,161497,STRC
8423,1615,DARS
5235,161502,C15ORF26
14792,161514,TBC1D21
4180,161582,DYX1C1
1411,1616,DAXX
10619,161725,OTUD7A
15240,161742,SPRED1
9458,1618,DAZL
15274,161823,ADAL
6343,161829,EXD1
8078,161835,FSIP1
6590,161931,ADAD2
15115,162,AP1B1
4070,1620,BRINP1
11807,162073,ITPRIPL2
1553,162083,C16ORF82
13871,1621,DBH
7687,1622,DBI
8760,162282,ANKFN1
12442,162333,MARCH10
12306,162387,MFSD6L
7199,162394,SLFN5
1572,162417,NAGS
4212,162427,FAM134C
10907,162461,TMEM92
11330,162466,PHOSPHO1
1907,162494,RHBDL3
5547,162514,TRPV3
10859,162515,SLC16A11
16609,162517,FBXO39
16874,162540,SPPL2C
16568,162605,KRT28
15344,162632,USP32P1
4225,162655,ZNF519
9009,162699,TCEB3C
17142,1627,DBN1
8235,1629,DBT
985,162962,ZNF836
4247,162963,ZNF610
7641,162966,ZNF600
2416,162967,ZNF320
15212,162968,ZNF497
1001,162972,ZNF550
15277,162989,DEDD2
16549,162993,ZNF846
6596,162998,OR7D2
3798,163,AP2B1
5250,1630,DCC
17285,163049,ZNF791
14243,163050,ZNF564
7815,163051,ZNF709
12534,163059,ZNF433
14164,163071,ZNF114
9778,163081,ZNF567
8800,163087,ZNF383
12184,163115,ZNF781
15742,163126,EID2
16670,163131,ZNF780B
10739,163154,PRR22
1593,163175,LGI4
12529,1632,ECI1
11614,163223,ZNF676
13138,163227,ZNF100
10268,163255,ZNF540
8373,163259,DENND2C
2142,1633,DCK
285,163351,GBP6
5346,1634,DCN
4754,163479,FNDC7
5277,163486,DENND1B
7708,1635,DCTD
1693,163589,TDRD5
2056,163590,TOR1AIP2
5141,1636,ACE
13231,163688,CALML6
9027,163702,IFNLR1
10910,163742,SLC25A3P1
17533,163747,C1ORF177
8238,163778,SPRR4
2575,163782,KANK4
6034,163786,SASS6
13666,1638,DCT
17150,163859,SDE2
14461,163882,CNST
3914,1639,DCTN1
11667,163933,FAM43B
8095,164,AP1G1
12483,164045,HFM1
10158,1641,DCX
5377,164118,TTC24
5647,164153,UBL4B
16830,1642,DDB1
17932,164237,WFDC13
7067,164284,APCDD1L
4112,1643,DDB2
6855,164312,LRRN4
17453,164380,CST13P
6246,164395,TTLL9
7977,1644,DDC
16157,1645,AKR1C1
18052,164592,CCDC116
1266,1646,AKR1C2
2021,164633,CABP7
8154,164656,TMPRSS6
3447,164684,WBP2NL
5017,164714,TTLL8
6672,164781,DAW1
3918,164832,LONRF2
545,165,AEBP1
6182,1650,DDOST
4778,165055,CCDC138
11086,165082,GPR113
16750,165100,C2ORF57
2973,165140,OXER1
7879,165186,FAM179A
10586,165215,FAM171B
15143,165257,C1QL2
4768,1653,DDX1
9834,1654,DDX3X
9005,1655,DDX5
344,165530,CLEC4F
9927,165545,DQX1
5953,1656,DDX6
3683,165631,PARP15
3961,165679,SPTSSB
1769,1657,DMXL1
11630,165721,DNAJB8
409,165829,GPR156
4715,1659,DHX8
5190,165904,XIRP1
5426,165918,RNF168
7391,1660,DHX9
13813,166012,CHST13
16843,1661,DHX9P1
11424,1662,DDX10
5614,1663,DDX11
11989,166336,PRICKLE2
15411,166348,KBTBD12
9492,166378,SPATA5
6536,166379,BBS12
4359,166614,DCLK2
5317,166647,GPR125
7233,166655,TRIM60
43,166752,FREM3
13157,166785,MMAA
4795,166793,ZBTB49
1653,166824,RASSF6
9853,166863,RBM46
8570,1669,DEFA4
11150,166929,SGMS2
3516,166968,MIER3
3019,166979,CDC20B
9090,167,CRISP1
17975,1670,DEFA5
9093,1671,DEFA6
473,167127,UGT3A2
15883,167153,PAPD4
15506,1672,DEFB1
8491,167359,NIM1K
3500,1674,DES
14029,167465,ZNF366
17457,167555,FAM151B
12201,1676,DFFA
2691,167681,PRSS35
10506,167691,LCA5
11956,1677,DFFB
11707,167826,OLIG3
14429,167838,TXLNB
14047,168002,DACT2
5715,168090,C6ORF118
10009,168330,PRSS3P1
11788,168374,ZNF92
7540,168391,GALNTL5
6777,168400,DDX53
7315,168417,ZNF679
4833,168451,THAP5
16465,168474,SEPHS1P1
8546,168507,PKD1L1
14740,168537,GIMAP7
12996,168544,ZNF467
2506,168667,BMPER
5910,1687,DFNA5
563,168850,ZNF800
1823,168975,CNBD1
1236,1690,COCH
17684,169026,SLC30A8
601,169044,COL22A1
1825,169166,SNX31
17234,169200,TMEM64
15747,169270,ZNF596
8574,169355,IDO2
9877,169522,KCNV2
1842,169611,OLFML2A
10188,169693,TMEM252
17984,169714,QSOX2
605,169792,GLIS3
3733,169834,ZNF883
10029,169841,ZNF169
9289,169966,FAM46D
16436,169981,SPIN3
2450,170062,FAM47B
3450,170063,CXORF22
5018,170067,SUPT20HL2
16907,170082,TCEANC
13367,170302,ARX
6720,170370,FAM170B
14754,170371,C10ORF128
15021,170392,OIT3
6972,170394,PWWP2B
15624,170482,CLEC4C
14647,170487,ACTL10
12214,170506,DHX36
15697,170572,HTR3C
9350,170575,GIMAP1
12877,170589,GPHA2
2910,170626,XAGE3
8854,170627,XAGE5
17421,170679,PSORS1C1
13837,170680,PSORS1C2
6251,170685,NUDT10
223,170689,ADAMTS15
2657,170690,ADAMTS16
4191,170691,ADAMTS17
871,170692,ADAMTS18
15592,170712,COX7B2
15152,170825,GSX2
4003,170954,PPP1R18
16599,170958,ZNF525
17606,170959,ZNF431
15150,170960,ZNF721
931,170961,ANKRD24
8663,171017,ZNF384
5891,171019,ADAMTS19
14387,171023,ASXL1
42,171024,SYNPO2
11018,171389,NLRP6
13081,171392,ZNF675
16477,171423,PDIA3P1
15804,171427,CYP2F2P
7833,171482,FAM9A
13470,171483,FAM9B
15373,171546,SPTSSA
1416,171558,PTCRA
159,171568,POLR3H
7473,171586,ABHD3
11563,1716,DGUOK
15033,1717,DHCR7
16728,1718,DHCR24
17122,172,AFG3L1P
3791,1723,DHODH
16674,1727,CYB5R3
15954,1729,DIAPH1
1377,173,AFM
9290,1730,DIAPH2
4706,1731,SEPT1
17059,1734,DIO2
13405,1735,DIO3
7147,1736,DKC1
11243,1737,DLAT
1658,1738,DLD
5314,1739,DLG1
16257,174,AFP
105,1740,DLG2
11832,1741,DLG3
7031,1742,DLG4
13330,1743,DLST
368,1745,DLX1
15851,1746,DLX2
15309,1747,DLX3
552,1749,DLX5
2155,175,AGA
13542,1750,DLX6
1469,1755,DMBT1
1072,1756,DMD
9610,1757,SARDH
2145,1758,DMP1
13869,1759,DNM1
3406,176,ACAN
3633,1760,DMPK
7213,1761,DMRT1
5142,1762,DMWD
3087,1763,DNA2
6395,1767,DNAH5
3247,1768,DNAH6
63,1769,DNAH8
3039,177,AGER
885,1770,DNAH9
16546,1773,DNASE1
15433,1774,DNASE1L1
14368,1775,DNASE1L2
14565,1776,DNASE1L3
13078,1777,DNASE2
817,1778,DYNC1H1
3475,178,AGL
2702,1780,DYNC1I1
8428,1781,DYNC1I2
15974,1785,DNM2
1268,1786,DNMT1
5432,1787,TRDMT1
2074,1788,DNMT3A
3192,1789,DNMT3B
7248,1791,DNTT
1853,1793,DOCK1
1209,1794,DOCK2
4607,1795,DOCK3
347,1796,DOK1
1164,18,ABAT
12102,1800,DPEP1
13059,1801,DPH1
9292,1802,DPH2
4048,1804,DPP6
16233,1805,DPT
7855,1806,DPYD
3335,1807,DPYS
12040,1808,DPYSL2
58,1809,DPYSL3
10290,181,AGRP
10527,1811,SLC26A3
2171,1812,DRD1
11868,1813,DRD2
5687,1814,DRD3
38,1816,DRD5
5041,1817,DRD5P1
7383,1818,DRD5P2
4521,182,JAG1
8783,1820,ARID3A
1084,1821,DRP2
1495,1822,ATN1
8776,1823,DSC1
3422,1824,DSC2
7044,1825,DSC3
1044,1826,DSCAM
9383,1827,RCAN1
1584,1828,DSG1
6763,1829,DSG2
5305,183,AGT
3169,1830,DSG3
12272,1831,TSC22D3
199,1832,DSP
2144,1834,DSPP
1922,1837,DTNA
21,1838,DTNB
14990,1839,HBEGF
10259,1840,DTX1
30,1841,DTYMK
13444,1842,ECM2
26,1844,DUSP2
14532,1845,DUSP3
11416,1846,DUSP4
11265,1848,DUSP6
16123,1849,DUSP7
9470,185,AGTR1
16195,1850,DUSP8
4287,1852,DUSP9
1663,1854,DUT
5832,1855,DVL1
11877,1856,DVL2
422,1857,DVL3
1941,1859,DYRK1A
1263,186,AGTR2
8821,1869,E2F1
5757,187,APLNR
14417,1870,E2F2
11009,1871,E2F3
5794,1874,E2F4
5854,1876,E2F6
12178,1877,E4F1
3530,1879,EBF1
3217,1889,ECE1
6073,189,AGXT
10968,1891,ECH1
8288,1892,ECHS1
8378,1893,ECM1
7529,1894,ECT2
9025,1896,EDA
1454,19,ABCA1
12138,190,NR0B1
7285,1901,S1PR1
8205,1902,LPAR1
15976,1908,EDN3
1761,1909,EDNRA
11616,191,AHCY
6738,1910,EDNRB
1498,1911,PHC1
4570,1912,PHC2
4544,1915,EEF1A1
6016,1917,EEF1A2
12336,192111,PGAM5
16135,192217,OXCT2P1
6755,192666,KRT24
12352,192668,CYS1
11054,192669,AGO3
12387,192670,AGO4
14793,192683,SCAMP5
7299,1933,EEF1B2
12671,1936,EEF1D
4431,1937,EEF1G
9756,1938,EEF2
18369,1939,EIF2D
16230,1942,EFNA1
14718,1946,EFNA5
11372,1947,EFNB1
14113,1948,EFNB2
16214,1949,EFNB3
3980,1950,EGF
394,1951,CELSR3
8,1952,CELSR2
269,1953,MEGF6
962,1954,MEGF8
14071,1955,MEGF9
206,1956,EGFR
15674,1958,EGR1
13000,195814,SDR16C5
10844,195828,ZNF367
10532,1959,EGR2
13767,195977,ANTXRL
5065,196,AHR
6112,196051,PPAPDC1A
13575,196074,METTL15
9926,1961,EGR4
8960,196120,SSU72P5
2996,1962,EHHADH
11230,196294,IMMP1L
6976,196335,OR56B4
11254,196374,KRT78
17317,196383,RILPL2
4151,196385,DNAH10
11023,196394,AMN1
12727,196415,C12ORF77
5130,196441,ZFC3H1
8679,196446,MYRFL
1879,196463,PLBD2
17929,196472,FAM71C
10067,196477,CCER1
5789,196483,FAM86A
15623,196500,PIANP
11248,196513,DCP1B
1113,196527,ANO6
1995,196528,ARID2
2825,196541,METTL21C
15772,1967,EIF2B1
12061,196740,VSTM4
16823,196743,PAOX
7111,196792,FAM24B
16379,1968,EIF2S3
7007,196883,ADCY4
10248,1969,EPHA2
11277,196913,C14ORF183
8718,196951,FAM227B
12095,196968,DNM1P46
13907,196996,GRAMD2
425,197,AHSG
13734,197021,LCTL
11289,197131,UBR1
10730,197135,PATL2
16078,197196,LINC00311
11313,197257,LDHD
9235,197258,FUK
5796,197259,MLKL
8998,1973,EIF4A1
13744,197320,ZNF778
7028,197322,ACSF3
2488,197331,TUBB8P7
5403,197335,WDR90
10624,197342,EME2
17401,197350,CASP16
11299,197358,NLRC3
8226,197370,NSMCE1
14490,1974,EIF4A2
10109,197407,ZNF48
15626,1975,EIF4B
11564,1977,EIF4E
6704,1978,EIF4EBP1
16158,1979,EIF4EBP2
2532,1981,EIF4G1
15735,1982,EIF4G2
15499,199,AIF1
8672,1990,CELA1
16879,1991,ELANE
8192,199221,DZIP1L
2640,199223,TTC21A
8593,1993,ELAVL2
7200,1994,ELAVL1
2390,1995,ELAVL3
8886,1996,ELAVL4
17083,199692,ZNF627
15556,199699,DAND5
9319,1997,ELF1
5102,199704,ZNF585A
993,199713,NLRP7
1933,199720,GGN
12409,199746,U2AF1L4
9768,199777,ZNF626
3627,199786,FAM129C
976,199800,ADM5
2047,199834,LCE4A
11403,199870,FAM76A
6609,1999,ELF3
5149,199920,C1ORF168
8347,199953,TMEM201
6868,199964,TMEM61
13682,199974,CYP4Z1
18447,199990,C1ORF86
2799,2,A2M
2233,20,ABCA2
1179,2000,ELF4
1957,200008,CDCP2
8361,200010,SLC5A9
16224,200014,CC2D1B
18168,200025,PFN1P3
1284,200030,NBPF11
5842,200035,NUDT17
14654,200081,TXLNA
5150,200132,TCTEX1D1
16387,200149,TUBB8P6
5851,200150,PLD5
17637,200159,C1ORF100
9,200162,SPAG17
2048,200186,CRTC2
11046,200197,TMEM51-AS1
13417,2002,ELK1
2606,200205,IBA57
15975,200232,FAM209A
4274,200312,RNF215
16418,200315,APOBEC3A
10640,200316,APOBEC3F
3917,200403,VWA3B
3667,200420,ALMS1P
6665,200424,TET3
12211,200523,TEX37
9299,200558,APLF
7693,200576,PIKFYVE
8551,2006,ELN
1707,200634,KRTCAP3
9218,200810,ALG1L
3679,200844,C3ORF67
8915,200879,LIPH
11683,200894,ARL13B
16464,200895,DHFRL1
5231,2009,EML1
14978,200909,HTR3D
11140,200933,FBXO45
13819,200958,MUC20
3503,200959,GABRR3
10467,2010,EMD
1151,2011,MARK2
5406,201134,CEP112
15802,201158,TVP23C
11429,201161,CENPV
17517,201163,FLCN
13341,201164,PLD6
4214,201176,ARHGAP27
12773,201181,ZNF385C
8751,201229,LYRM9
10546,201243,C17ORF74
15428,201266,SLC39A11
13345,201283,AMZ2P1
14807,201292,TRIM65
10355,201294,UNC13D
16868,201299,RDM1
8992,2013,EMP2
7050,201456,FBXO15
13348,201475,RAB12
1929,2015,EMR1
12310,201501,ZBTB7C
153,201514,ZNF584
8141,201516,ZSCAN4
17076,201562,PTPLB
3938,201595,STT3B
18449,2016,EMX1
397,201625,DNAH12
11799,201626,PDE12
398,201627,DENND6A
3958,201633,TIGIT
1486,2017,CTTN
11154,201725,C4ORF46
6645,201780,SLC10A4
9873,201798,TIGD4
16770,201799,TMEM154
4099,2018,EMX2
12624,201895,SMIM14
15732,2019,EN1
14984,201931,TMEM192
17440,201965,RWDD4
6326,201973,PRIMPOL
4383,202,AIM1
13167,2020,EN2
9483,202018,TAPT1
10489,202051,SPATA24
5201,202052,DNAJC18
4813,202134,FAM153B
2157,202151,RANBP3L
17095,2022,ENG
10760,202243,CCDC125
6358,2023,ENO1
13521,202309,GAPT
2534,202333,CMYA5
3996,202374,STK32A
4762,2025,ENO1P1
4009,202500,TCTE1
6694,202559,KHDRBS2
16837,2026,ENO2
16866,2027,ENO3
9972,2028,ENPEP
5650,2029,ENSA
14895,202915,TMEM184A
15884,2030,SLC29A1
15364,203054,ADCK5
6426,203062,TSNARE1
9036,203068,TUBB
4649,203069,R3HCC1
1813,203074,PRSS55
3722,203076,C8ORF74
16796,203100,HTRA4
6214,203102,ADAM32
4052,203190,LGI3
8280,203228,C9ORF72
6562,203238,CCDC171
11803,203259,FAM219A
8603,203286,ANKS6
9183,2033,EP300
2227,203328,SUSD3
17208,2034,EPAS1
12345,203427,SLC25A43
257,203430,ZCCHC5
4540,203447,NRK
11053,2035,EPB41
12825,203522,DDX26B
15121,203523,ZNF449
4522,2036,EPB41L1
12427,2037,EPB41L2
833,2038,EPB42
8342,203859,ANO5
14108,204010,RPSAP52
574,2041,EPHA1
403,2042,EPHA3
3784,204219,CERS3
1725,2043,EPHA4
6903,2044,EPHA5
1551,204474,PDILT
2692,2045,EPHA7
8351,2046,EPHA8
6897,2047,EPHB1
8352,2048,EPHB2
2889,204801,NLRP11
8890,204851,HIPK1
423,2049,EPHB3
4753,204962,SLC44A5
14652,205,AK4
2206,2050,EPHB4
6212,2051,EPHB6
6883,205147,AMER3
17611,205327,C2ORF69
11268,2054,STX2
4347,205428,C3ORF58
13703,205564,SENP5
17449,2057,EPOR
3505,205717,KIAA2018
15,2058,EPRS
5322,205860,TRIML2
11252,2059,EPS8
13064,206,AK4P1
11575,2060,EPS15
3425,2063,NR2F6
3997,206358,SLC36A1
5243,2064,ERBB2
12498,206426,PIP5K1P1
4683,2065,ERBB3
1131,2066,ERBB4
10550,2068,ERCC2
12089,207,AKT1
3711,2070,EYA4
15220,207063,DHRSX
2627,2071,ERCC3
5138,2072,ERCC4
3596,2073,ERCC5
4855,2074,ERCC6
1597,2077,ERF
5258,2078,ERG
15722,208,AKT2
7357,2081,ERN1
1427,2086,ERV3-1
6044,2091,FBL
4919,2098,ESD
536,2099,ESR1
2002,21,ABCA3
1455,210,ALAD
4929,2100,ESR2
15031,2101,ESRRA
12751,2103,ESRRB
11455,2104,ESRRG
15290,2107,ETF1
981,2109,ETFB
2118,211,ALAS1
15767,2110,ETFDH
3375,2113,ETS1
17439,2114,ETS2
203,2115,ETV1
4981,2116,ETV2
5844,2117,ETV3
17024,2118,ETV4
18059,2119,ETV5
1077,212,ALAS2
4441,2120,ETV6
2134,2121,EVC
419,2122,MECOM
8103,2123,EVI2A
10574,2124,EVI2B
9175,2125,EVPL
1426,2128,EVX1
5055,213,ALB
5636,2130,EWSR1
5734,2131,EXT1
2770,2132,EXT2
15279,2134,EXTL1
13789,2135,EXTL2
4053,2137,EXTL3
3332,2138,EYA1
8829,2139,EYA2
5193,214,ALCAM
10209,2140,EYA3
4487,2145,EZH1
9262,2146,EZH2
13576,2147,F2
5640,215,ABCD1
13127,2150,F2RL1
13435,2151,F2RL2
14414,2152,F3
2053,2153,F5
15666,2155,F7
1098,2157,F8
16913,2158,F9
7483,2159,F10
13556,216,ALDH1A1
459,2160,F11
8930,2161,F12
3034,2162,F13A1
7871,2165,F13B
14445,2166,FAAH
9928,2168,FABP1
15050,217,ALDH2
13679,2170,FABP3
16446,2172,FABP6
6346,2175,FANCA
9601,2176,FANCC
9364,2177,FANCD2
6086,2178,FANCE
5549,218,ALDH3A1
3010,2180,ACSL1
12322,2181,ACSL3
17063,2182,ACSL4
17876,2184,FAH
10774,2185,PTK2B
4219,2186,BPTF
11770,2187,FANCB
13186,2188,FANCF
9314,2189,FANCG
10941,219,ALDH1B1
4336,2191,FAP
11525,2192,FBLN1
2201,219285,SAMD9L
13036,219287,AMER2
8346,219293,ATAD3C
14475,219333,USP12
8768,2194,FASN
4454,219409,GSX1
15513,219417,OR8U1
5756,219428,OR4C16
2777,219429,OR4C11
15616,219431,OR4S2
3578,219432,OR4C6
3103,219436,OR5D14
3361,219437,OR5L1
3362,219438,OR5D18
3363,219445,OR7E5P
10723,219447,OR5AS1
4119,219453,OR8K5
2270,219464,OR5T2
3105,219469,OR8H1
6982,219473,OR8K3
4869,219477,OR8J1
689,219479,OR5R1
8210,219482,OR5M3
11233,219484,OR5M8
2780,219487,OR5M11
1386,2195,FAT1
15186,219527,LRRC55
5758,219537,SMTNL1
17165,219541,MED19
3720,219557,C7ORF62
551,219578,ZNF804B
12239,219595,FOLH1B
60,2196,FAT2
643,219621,C10ORF107
13245,219623,TMEM26
17096,219670,ENKUR
13564,219681,ARMC3
7419,219699,UNC5B
7250,2197,FAU
5340,219736,STOX1
12235,219743,TYSND1
13181,219749,ZNF25
13397,219770,GJD4
3083,219771,CCNY
645,219793,TBATA
719,219855,SLC37A2
15464,219858,OR8B12
718,219865,OR8G5
3374,219869,OR10G8
8047,219870,OR10G9
11952,219873,OR10S1
2793,219874,OR6T1
13891,219875,OR4D5
18476,219899,TBCEL
4787,2199,FBLN2
1152,219927,MRPL21
15042,219938,SPATA19
8293,219952,OR6Q1
5079,219954,OR9I1
4429,219956,OR9Q1
1224,219957,OR9Q2
6220,219958,OR1S2
5129,219959,OR1S1
10059,219960,OR10Q1
9634,219965,OR5B17
8038,219968,OR5B21
14763,219970,GLYATL2
691,219972,MPEG1
4870,219981,OR5A2
1479,219982,OR5A1
3580,219983,OR4D6
5759,219986,OR4D11
10280,219988,PATL1
2274,219990,OOSP2
13187,219995,MS4A15
8159,22,ABCB7
4700,220,ALDH1A3
1894,2200,FBN1
2276,220001,VWCE
4872,220002,CYB561A3
2277,220004,PPP1R32
8044,220032,GDPD4
16831,220047,CCDC83
12718,220064,ORAOV1
15188,220070,SHANK2-AS3
10777,220074,LRTOMT
15053,220082,SPERT
4808,2201,FBN2
7004,220108,FAM124A
17481,220112,CTAGE3P
16316,220115,TPTE2P3
923,220134,SKA1
6000,220164,DOK6
6575,220296,HEPACAM
3565,2203,FBP1
6039,220323,OAF
11647,220359,TIGD3
13887,220382,FAM181B
4129,220388,CCDC89
14169,2204,FCAR
6231,220416,LRRC63
16468,220429,CTAGE10P
17895,220433,RPS4XP16
8385,2205,FCER1A
11323,220594,USP32P2
10916,220717,RPLP0P6
17590,2208,FCER2
15222,220885,RPSAP15
11905,2209,FCGR1A
14596,220929,ZNF438
3346,220963,SLC16A9
1462,220965,FAM13C
3571,220972,MARCH8
5043,220988,HNRNPA3
8170,220992,ZNF485
3753,221,ALDH3B1
8375,2210,FCGR1B
1220,221002,RASGEF1A
13567,221035,REEP3
4086,221037,JMJD1C
4078,221044,UCMA
7753,221060,C10ORF111
1847,221061,FAM171A1
636,221074,SLC39A12
12689,221078,NSUN6
11215,221079,ARL5B
16618,221091,LRRN4CL
6115,221092,HNRNPUL2
5753,221120,ALKBH3
3772,221143,N6AMT2
3133,221178,SPATA13
10113,221188,GPR114
16054,221191,PRSS54
302,2212,FCGR2A
2853,221223,CES5A
9222,221262,C6ORF183
17428,221262,CCDC162P
3542,221264,AK9
6826,2213,FCGR2B
4386,221302,ZUFSP
16958,221303,FAM162B
7962,221322,TBC1D32
9535,221336,BEND6
3534,221357,GSTA5
4819,221391,OPN5
3302,221393,GPR115
10664,221395,GPR116
303,2214,FCGR3A
8936,221400,TDRD6
4818,221409,SPATS1
7718,221421,RSPH9
15254,221424,LRRC73
18274,221438,TREML5P
12643,221442,ADCY10P1
1414,221443,OARD1
1412,221458,KIF6
511,221472,FGD2
14996,221476,PI16
9307,221477,C6ORF89
5327,221491,C6ORF1
16448,221496,LEMD2
3482,2215,FCGR3B
15501,221504,ZBTB9
3036,221656,KDM1B
9086,221687,RNF182
10596,221692,PHACTR1
5299,2217,FCGRT
16495,221710,SMIM13
4000,221711,SYCP2L
12968,221718,LINC00518
1778,221749,PXDC1
11012,221785,ZSCAN25
17675,221786,FAM200A
6273,221806,VWDE
9545,221823,PRPS1L1
15363,221830,TWISTNB
8539,221833,SP8
15167,221838,EEF1A1P6
7728,221895,JAZF1
2547,2219,FCN1
14737,221908,PPP1R35
1803,221914,GPC2
13847,221927,BRAT1
539,221935,SDK1
15001,221937,FOXK1
3544,221938,MMD2
6209,221955,DAGLB
540,221960,CCZ1B
5430,221981,THSD7A
17187,222,ALDH3B2
630,2220,FCN2
2698,222008,VSTM2A
4828,222166,MTURN
13853,222183,SRRM3
7136,222194,RSBN1L
7737,2222,FDFT1
4398,222223,KIAA1324L
11789,222229,LRWD1
12991,222235,FBXL13
10603,222236,NAPEPLD
4035,222255,ATXN7L1
7320,222256,CDHR3
8982,222484,LNX2
7795,222487,GPR97
8531,222537,HS3ST5
2184,222545,GPRC6A
4387,222546,RFX6
527,222553,SLC35F1
4639,222584,FAM83B
512,222611,GPR111
15854,222658,KCTD20
11172,222659,PXT1
9156,222662,LHFPL5
2178,222663,SCUBE3
6545,222696,ZSCAN23
9529,222698,NKAPL
7974,222894,FERD3L
10937,222950,NYAP1
15418,222962,SLC29A4
3312,222967,RSPH10B
13794,223,ALDH9A1
3716,223075,CCDC129
15922,223082,ZNRF2
76,223117,SEMA3D
3806,2232,FDXR
8780,2235,FECH
15029,2237,FEN1
9209,224,ALDH3A2
4807,2241,FER
12302,2242,FES
1762,2243,FGA
454,2244,FGB
12477,2245,FGD1
2469,2247,FGF2
703,2248,FGF3
8667,225,ABCD2
5883,2250,FGF5
7769,2251,FGF6
7468,2252,FGF7
13007,2253,FGF8
17908,2254,FGF9
11781,2255,FGF10
6949,225689,MAPK15
427,2257,FGF12
10160,2258,FGF13
10953,2259,FGF14
9864,226,ALDOA
7543,2260,FGFR1
3963,2261,FGFR3
5968,2262,GPC5
3744,2263,FGFR2
6918,2264,FGFR4
17884,2266,FGG
4,2268,FGR
2608,2271,FH
7697,2272,FHIT
16992,2273,FHL1
12485,2274,FHL2
11450,2275,FHL3
12820,2277,FIGF
7354,22794,CASC3
5229,22795,NID2
1305,22796,COG2
8557,22797,TFEC
1807,22798,LAMB4
672,22800,RRAS2
840,22801,ITGA11
3886,22802,CLCA4
6770,22803,XRN2
12307,22806,IKZF3
5677,22807,IKZF2
15451,22808,MRAS
8404,2281,FKBP1B
6678,22820,COPG1
7547,22821,RASA3
7096,22823,MTF2
5321,22824,HSPA4L
6547,22828,SCAF8
14909,22829,NLGN4Y
7102,22836,RHOBTB3
1129,22837,COBLL1
12635,22838,RNF44
4260,22839,DLGAP4
3350,22841,RAB11FIP2
13462,22843,PPM1E
216,22844,FRMPD1
15712,22846,VASH1
953,22847,ZNF507
6188,22848,AAK1
6967,22849,CPEB3
7489,22850,ADNP2
6432,22852,ANKRD26
12986,22853,LMTK2
2580,22854,NTNG1
16569,22858,ICK
10442,22859,ADGRL1
9764,22859,LPHN1
7333,2286,FKBP2
4206,22861,NLRP1
6175,22862,FNDC3A
4145,22864,R3HDM2
3846,22865,SLITRK3
256,22866,CNKSR2
4595,22868,FASTKD2
12380,22870,PPP6R1
5049,22871,NLGN1
16767,22872,SEC31A
8694,22873,DZIP1
11838,22874,PLEKHA6
5289,22876,INPP5F
9657,22877,MLXIP
2380,22878,TRAPPC8
14135,22879,MON1B
13020,2288,FKBP4
15739,22880,MORC2
15165,22881,ANKRD6
3069,22882,ZHX2
12562,22883,CLSTN1
8612,22884,WDR37
1401,22885,ABLIM3
10552,22887,FOXJ3
12537,22888,UBOX5
12484,22889,KIAA0907
7716,2289,FKBP5
2514,22890,ZBTB1
7190,22891,ZNF365
9680,22893,BAHD1
1517,22894,DIS3
3592,22895,RPH3A
3115,22897,CEP164
13174,22898,DENND3
881,22899,ARHGEF15
10845,229,ALDOB
4159,2290,FOXG1
5818,22900,CARD8
5552,22901,ARSG
4294,22902,RUFY3
6480,22904,SBNO2
9725,22905,EPN2
6074,22906,TRAK1
1354,22907,DHX30
17390,22908,SACM1L
5134,22909,FAN1
10310,22911,WDR47
448,22915,MMRN1
15360,22916,NCBP2
11545,22917,ZP1
8819,22918,CD93
15985,22919,MAPRE1
2054,22920,KIFAP3
4422,22921,MSRB2
17297,22924,MAPRE3
4780,22925,PLA2R1
5846,22926,ATF6
5927,22927,HABP4
7551,22928,SEPHS2
6104,22929,SEPHS1
3670,22930,RAB3GAP1
2940,22931,RAB18
3319,22932,POMZP3
5362,22933,SIRT2
1713,22934,RPIA
9979,22936,ELL2
5582,22937,SCAP
8101,2294,FOXF1
8967,22941,SHANK2
3086,22943,DKK1
6958,22944,KIN
6078,22948,CCT5
13800,22950,SLC4A1AP
2817,22953,P2RX2
2229,22954,TRIM32
7561,22955,SCMH1
10769,2296,FOXC1
15863,22970,RPL41P2
3816,22974,TPX2
6814,22976,PAXIP1
14329,22977,AKR7A3
8624,22978,NT5C2
14840,22979,EFR3B
5288,2298,FOXD4
3413,22980,TCF25
1173,22981,NINL
5272,22982,DIP2C
3424,22983,MAST1
652,22984,PDCD11
3387,22985,ACIN1
2758,22986,SORCS3
5887,22987,SV2C
4612,22989,MYH15
18040,2299,FOXI1
1999,22990,PCNX
14437,22992,KDM2A
5708,22993,HMGXB3
127,22995,CEP152
4750,22996,TTC39A
4134,22997,IGSF9B
5515,22998,LIMCH1
518,22999,RIMS1
15956,23,ABCF1
3796,230,ALDOC
2356,2300,FOXL1
3977,23001,WDFY3
10540,23002,DAAM1
5620,23005,MAPKBP1
16608,23007,PLCH1
14584,23008,KLHDC10
15047,23011,RAB21
4745,23013,SPEN
14777,23014,FBXO21
17434,23015,GOLGA8A
11117,23016,EXOSC7
3789,23019,CNOT1
13608,2302,FOXJ1
1197,23020,SNRNP200
9347,23022,PALLD
9466,23023,TMCC1
2119,23024,PDZRN3
949,23025,UNC13A
1885,23026,MYO16
16029,23028,KDM1A
10397,23029,RBM34
7797,2303,FOXC2
3625,23030,KDM4B
12120,23031,MAST3
3883,23032,USP33
2937,23033,DOPEY1
7621,23034,SAMD4A
10114,23035,PHLPP2
3047,23036,ZNF292
12961,23037,PDZD2
12565,23038,WDTC1
10840,23039,XPO7
8011,2304,FOXE1
330,23040,MYT1L
4147,23041,MON2
5790,23042,PDXDC1
2130,23043,TNIK
5849,23046,KIF21B
4154,23047,PDS5B
6217,23048,FNBP1
4471,23049,SMG1
11928,2305,FOXM1
16473,23051,ZHX3
15300,23052,ENDOD1
92,23053,ZSWIM8
9332,23054,NCOA6
2597,23057,NMNAT2
12470,23059,CLUAP1
838,23060,ZNF609
13290,23061,TBC1D9B
3787,23062,GGA2
16049,23063,WAPAL
11210,23064,SETX
4340,23066,CAND2
777,23067,SETD1B
18101,2307,FOXS1
12426,23070,CMTR1
13445,23071,ERP44
2198,23072,HECW1
8061,23074,UHRF1BP1L
9630,23075,SWAP70
1627,23076,RRP1B
6737,23077,MYCBP2
1512,23078,VWA8
8217,2308,FOXO1
10567,23080,AVL9
6711,23081,KDM4C
2250,23082,PPRC1
7113,23085,ERC1
3756,23086,EXPH5
12872,23089,PEG10
3541,2309,FOXO3
2851,23090,ZNF423
9274,23091,ZC3H13
8499,23092,ARHGAP26
6466,23093,TTLL5
7144,23094,SIPA1L3
9886,23095,KIF1B
10457,23096,IQSEC2
7722,23097,CDK19
8752,23098,SARM1
9163,23099,ZBTB43
16279,231,AKR1B1
11463,23101,MCF2L2
16854,23102,TBC1D2B
15596,23105,FSTL4
7711,23107,MRPS27
4204,23108,RAP1GAP2
14382,23109,DDN
15548,23111,SPART
6454,23111,SPG20
2444,23112,TNRC6B
5466,23113,CUL9
2063,23114,NFASC
8218,23116,FAM179B
6928,23118,TAB2
15382,23119,HIC2
2046,2312,FLG
493,23120,ATP10B
11115,23122,CLASP2
14482,23125,CAMTA2
6651,23126,POGZ
3487,23127,COLGALT2
8913,23129,PLXND1
8660,2313,FLI1
9108,23130,ATG2A
4488,23131,GPATCH8
7695,23132,RAD54L2
13373,23133,PHF8
6631,23135,KDM6B
2866,23136,EPB41L3
3728,23137,SMC5
9520,23138,N4BP3
12388,23139,MAST2
3416,2314,FLII
5798,23140,ZZEF1
6129,23141,ANKLE2
17197,23142,DCUN1D4
785,23143,LRCH1
8590,23144,ZC3H3
577,23145,SSPO
9349,23148,NACAD
7057,23149,FCHO1
191,23150,FRMD4B
11658,23151,GRAMD4
6490,23152,CIC
12204,23154,NCDN
3460,23157,SEPT6
6267,23158,TBC1D9
4289,2316,FLNA
11087,23160,WDR43
541,23161,SNX13
11932,23162,MAPK8IP3
13463,23163,GGA3
3617,23164,MPRIP
566,23165,NUP205
395,23166,STAB1
6100,23167,EFR3A
5135,23168,RTF1
1680,23169,SLC35D1
5192,2317,FLNB
16975,23170,TTLL12
17494,23171,GPD1L
7585,23173,METAP1
3792,23174,ZCCHC14
4325,23175,LPIN1
11094,23177,CEP68
385,23178,PASK
11074,23179,RGL1
564,2318,FLNC
1730,23180,RFTN1
2901,23181,DIP2A
14499,23184,MESDC2
5743,23185,LARP4B
11282,23186,RCOR1
10283,23187,PHLDB1
10607,23189,KANK1
5991,2319,FLOT2
364,23190,UBXN4
7342,23191,CYFIP1
8906,23192,ATG4B
11491,23193,GANAB
466,23194,FBXL7
1419,23195,MDN1
8600,23196,FAM120A
15597,23197,FAF2
8411,23198,PSME4
132,23199,GSE1
5690,23200,ATP11B
13449,23201,FAM168A
11484,23203,PMPCA
17586,23204,ARL6IP1
8723,23205,ACSBG1
17140,23208,SYT11
2311,2321,FLT1
17273,23210,JMJD6
15968,23211,ZC3H4
12319,23213,SULF1
4705,23214,XPO6
3899,23215,PRRC2C
3271,23216,TBC1D1
8787,23217,ZFR2
11462,23218,NBEAL2
8243,23219,FBXO28
11271,2322,FLT3
5941,23220,DTX4
10221,23221,RHOBTB2
2248,23223,RRP12
119,23224,SYNE2
187,23225,NUP210
12935,23228,PLCL2
6161,23229,ARHGEF9
3075,23230,VPS13A
4352,23231,SEL1L3
9104,23232,TBC1D12
7682,23233,EXOC6B
6106,23234,DNAJC9
10615,23235,SIK2
1006,23236,PLCB1
12670,23237,ARC
1926,23239,PHLPP1
4368,2324,FLT4
10488,23240,KIAA0922
820,23241,PACS2
8939,23242,COBL
1352,23243,ANKRD28
5427,23244,PDS5A
626,23245,ASTN2
5792,23247,KIAA0556
7287,23248,RPRD2
17189,23250,ATP11A
17271,23251,KIAA1024
14933,23252,OTUD3
4223,23253,ANKRD12
9149,23254,KAZN
10778,23256,SCFD1
15026,23258,DENND5A
16480,23259,DDHD2
3485,2326,FMO1
5453,23261,CAMTA1
10563,23262,PPIP5K2
3774,23263,MCF2L
10746,23264,ZC3H7B
12781,23265,EXOC7
16952,23266,ADGRL2
7665,23266,LPHN2
5075,23268,DNMBP
1531,23269,MGA
10820,2327,FMO2
4385,23270,TSPYL4
11906,23271,CAMSAP2
7100,23272,FAM208A
7345,23274,CLEC16A
9814,23275,POFUT2
17867,23276,KLHL18
11317,23277,CLUH
1859,23279,NUP160
2594,2328,FMO3
6453,23281,MTUS2
16481,23283,CSTF2T
14466,23284,ADGRL3
444,23284,LPHN3
10325,23286,WWC1
1989,23287,AGTPBP1
2190,23288,IQCE
15441,2329,FMO4
13387,23291,FBXW11
4481,23293,SMG6
3301,23294,ANKS1A
10103,23295,MGRN1
9099,23299,BICD2
4320,2330,FMO5
1710,23301,EHBP1
3414,23302,WSCD1
8201,23303,KIF13B
8524,23304,UBR2
5326,23305,ACSL6
10511,23306,TMEM194A
2928,23307,FKBP15
10386,23309,SIN3B
11598,2331,FMOD
1994,23310,NCAPD3
836,23312,DMXL2
4783,23314,SATB2
1257,23315,SLC9A8
2813,23316,CUX2
13815,23317,DNAJC13
5644,23318,ZCCHC11
2919,2332,FMR1
7122,23321,TRIM2
12766,23322,RPGRIP1L
13515,23324,MAN2B2
12434,23325,KIAA1033
4951,23326,USP22
3624,23327,NEDD4L
535,23328,SASH1
3766,23329,TBC1D30
1633,23331,TTC28
8188,23332,CLASP1
10177,23333,DPY19L1
1123,23334,SZT2
7046,23335,WDR7
3605,23336,SYNM
8263,23338,JADE2
6237,23339,VPS39
2920,2334,AFF2
1673,23341,DNAJC16
6228,23344,ESYT1
4018,23345,SYNE1
3168,23347,SMCHD1
5168,23348,DOCK9
2740,23349,KIAA1045
8432,2335,FN1
416,23350,U2SURP
15751,23351,KHNYN
3,23352,UBR4
8271,23353,SUN1
16360,23354,HAUS5
10321,23355,VPS8
4559,23357,ANGEL1
1187,23358,USP24
10288,23359,FAM189A1
15421,23360,FNBP4
6589,23361,ZNF629
5380,23362,PSD3
1200,23363,OBSL1
8656,23365,ARHGEF12
7976,23366,KIAA0895
5894,23367,LARP1
7257,23368,PPP1R13B
6805,23369,PUM2
13075,23370,ARHGEF18
7610,23371,TENC1
10967,23373,CRTC1
11178,23376,UFL1
5751,23378,RRP8
3237,23380,SRGAP2
5035,23381,SMG5
12167,23382,AHCYL2
14158,23383,MAU2
15114,23384,SPECC1L
180,23385,NCSTN
11480,23386,NUDCD3
4130,23387,SIK3
773,23389,MED13L
10014,2339,FNTA
6174,23390,ZDHHC17
3342,23392,KIAA0368
4525,23394,ADNP
3941,23395,LARS2
6001,23396,PIP5K1C
6666,23397,NCAPH
17018,23398,PPWD1
10626,23399,CTDNEP1
11049,23400,ATP13A2
6008,23403,FBXO46
3143,23405,DICER1
10831,23408,SIRT5
13033,23409,SIRT4
10336,23410,SIRT3
13005,23411,SIRT1
12055,23413,NCS1
8944,23414,ZFPM2
7808,23415,KCNH4
8055,23416,KCNH3
313,23418,CRB1
15710,2342,FNTB
8731,23420,NOMO1
12898,23421,ITGB3BP
1837,23424,TDRD7
754,23426,GRIP1
6233,23428,SLC7A8
11991,23429,RYBP
3407,23430,TPSD1
8390,23432,GPR161
4307,23435,TARDBP
1675,23436,CELA3B
6915,23438,HARS2
17344,23439,ATP1B4
3518,23440,OTP
2042,23443,SLC35A3
10030,23446,SLC44A1
17563,23450,SF3B3
5459,23451,SF3B1
17983,23452,ANGPTL2
6657,23456,ABCB10
5755,2346,FOLH1
135,23460,ABCA6
11756,23461,ABCA5
15457,23462,HEY1
12448,23463,ICMT
9826,23466,CBX6
16904,23467,NPTXR
17416,23468,CBX5
15702,23469,PHF3
12838,23471,TRAM1
11628,23473,CAPN7
5175,23474,ETHE1
7024,23475,QPRT
1930,23476,BRD4
10621,23478,SEC11A
17366,23479,ISCU
17991,2348,FOLR1
12985,23480,SEC61G
12136,23481,PES1
17730,23483,TGDS
14277,23493,HEY2
15073,23495,TNFRSF13B
13972,23499,KIAA0754
275,23499,MACF1
6989,2350,FOLR2
11010,23500,DAAM2
4167,23503,ZFYVE26
2308,23504,RIMBP2
2085,23505,TMEM131
17133,23506,GLTSCR1L
2494,23507,LRRC8B
12802,23509,POFUT1
16295,23511,NUP188
890,23512,SUZ12
11200,23513,SCRIB
10668,23514,SPIDR
1043,23515,MORC3
478,23517,SKIV2L2
363,23518,R3HDM1
2283,2352,FOLR3
15919,23520,ANP32C
5557,23521,RPL13A
6218,23522,KAT6B
4270,23523,CABIN1
5348,23524,SRRM2
6854,23526,HMHA1
4547,23528,ZNF281
17237,2353,FOS
7305,23530,NNT
1121,23532,PRAME
7799,23533,PIK3R5
565,23534,TNPO3
3155,23536,ADAT1
10946,23538,OR52A1
15484,23539,SLC16A8
17013,2354,FOSB
15653,23541,SEC14L2
5263,23542,MAPK8IP2
2022,23543,RBFOX2
1632,23544,SEZ6L
8683,23545,ATP6V0A2
12186,23546,SYNGR4
4250,23547,LILRA4
18574,23548,TTC33
4786,23549,DNPEP
14955,2355,FOSL2
6190,23550,PSD4
17787,23551,RASD2
3324,23553,HYAL4
10891,23554,TSPAN12
17080,23555,TSPAN15
12784,23556,PIGN
15911,23557,SNAPIN
5997,23558,WBP2
17000,23559,WBP1
217,23560,GTPBP4
12885,23562,CLDN14
8097,23563,CHST5
15417,23564,DDAH2
6917,23567,ZNF346
5275,23569,PADI4
10692,2357,FPR1
1605,2358,FPR2
13607,23580,CDC42EP4
4240,23581,CASP14
12198,23582,CCNDBP1
11247,23584,VSIG2
13554,23586,DDX58
15967,23587,ELP5
10077,23588,KLHDC2
1119,2359,FPR3
6431,23590,PDSS1
8677,23592,LEMD3
1980,23595,ORC3
10516,23596,OPN3
3825,23597,ACOT9
6249,23598,PATZ1
4631,23600,AMACR
2710,23601,CLEC5A
7613,23603,CORO1C
17615,23604,DAPK2
11177,23607,CD2AP
6045,23613,ZMYND8
15567,23616,SH3BP1
18044,23617,TSSK2
998,23619,ZIM2
12589,23620,NTSR2
17314,23621,BACE1
4756,23623,RUSC1
11559,23624,CBLC
8832,23626,SPO11
4254,23627,PRND
15353,23632,CA14
6359,23633,KPNA6
8924,23635,SSBP2
7640,23636,NUP62
8282,23637,RABGAP1
3337,23639,LRRC6
14880,23640,HSPBP1
5921,23643,LY96
5795,23644,EDC4
7821,23645,PPP1R15A
12475,23646,PLD3
16558,23647,ARFIP2
8887,23648,SSBP3
3751,23649,POLA2
3117,23650,TRIM29
1944,23654,PLXNB2
11468,23657,SLC7A11
16274,23658,LSM5
9715,23659,PLA2G15
6327,23660,ZKSCAN5
3162,23666,UBBP4
8596,23670,TMEM2
4781,23671,TMEFF2
10308,23673,STX12
14651,23676,SMPX
6888,23677,SH3BP4
8577,23678,SGK3
10766,23683,PRKD3
10990,23704,KCNE4
9109,23705,CADM1
1641,23708,GSPT2
15191,23710,GABARAPL1
2359,23729,SHPK
6330,23731,TMEM245
2746,23732,FRRS1L
824,23742,NPAP1
16653,23743,BHMT2
17916,23751,TOP3BP1
1053,23753,SDF2L1
3202,23759,PPIL2
12137,23761,PISD
14854,23762,OSBP2
9816,23765,IL17RA
8709,23768,FLRT2
699,23769,FLRT1
13098,23774,BRD1
17206,23780,APOL2
7831,23783,ANKRD62P1-PARP4P3
2902,23784,POTEH
1051,23786,BCL2L13
12238,23788,MTCH2
7524,238,ALK
876,239,ALOX12
2742,2395,FXN
2578,24,ABCA4
7453,240,ALOX5
9385,24137,KIF4A
10335,24138,IFIT5
4510,24139,EML2
17246,24140,FTSJ1
6013,24141,LAMP5
11657,24144,TFIP11
6094,24146,CLDN15
14292,24147,FJX1
10975,24148,PRPF6
7461,24149,ZNF318
5352,242,ALOX12B
12533,243,ALOX12P1
11705,2444,FRK
2857,245,ALOX12P2
8406,245711,SPDYA
6724,245802,MS4A6E
9992,245806,VGLL2
12989,245812,CNPY4
3043,245913,DEFB110
8527,245915,DEFB112
5900,245927,DEFB113
6014,245930,DEFB116
2428,245934,DEFB121
15099,245936,DEFB123
10365,245937,DEFB124
13088,245939,DEFB128
6707,245972,ATP6V0D2
2073,245973,ATP6V1C2
7217,246,ALOX15
17077,246175,CNOT6L
7353,246176,GAS2L2
16634,246181,AKR7L
11895,246182,AKR7A2P1
764,246213,SLC17A8
14953,246243,RNASEH1
9991,246269,LACE1
12715,246330,PELI3
11767,246704,LINC00315
16324,246720,DYNLL1P1
17216,246777,SPESP1
2348,246778,IL27
17048,247,ALOX15B
4566,2475,MTOR
8435,248,ALPI
3280,2483,FRG1
5509,2487,FRZB
2266,2488,FSHB
3872,249,ALPL
8231,2491,CENPI
8167,2492,FSHR
314,2494,NR5A2
5760,2495,FTH1
12685,25,ABL1
16751,250,ALPP
17661,2502,FTH1P10
4599,251,ALPPL2
14646,2512,FTL
1817,2515,ADAM2
13316,2516,NR5A1
12848,2517,FUCA1
1556,2521,FUS
18023,2523,FUT1
9330,2524,FUT2
4561,2525,FUT3
16684,2526,FUT4
13209,2527,FUT5
5631,2528,FUT6
15582,252839,TMEM9
2234,2529,FUT7
11331,252983,STXBP4
11560,252995,FNDC5
5778,2530,FUT8
6211,253012,HEPACAM2
2140,253017,TECRL
15602,253018,HCG27
9231,253128,LINC00612
1057,253143,PRR14L
7491,253190,SERHL2
1388,253260,RICTOR
1975,2533,FYB
13830,253314,EIF4E1B
3048,2534,FYN
9617,253430,IPMK
1740,253461,ZBTB38
11537,253558,LCLAT1
401,253559,CADM2
9539,253582,TMEM244
1108,253650,ANKRD18A
12153,2537,IFI6
10834,253714,MMS22L
3572,253725,FAM21C
8625,253738,EBF3
6414,253769,WDR27
16068,253782,CERS6
17061,2538,G6PC
6337,253827,MSRB3
2482,253832,ZDHHC20
5004,253868,C20ORF166-AS1
5376,2539,G6PD
11853,253933,OR7E39P
14097,253935,ANGPTL5
7740,253943,YTHDF3
8306,253959,RALGAPA1
8705,253970,SFTA3
9705,253980,KCTD13
14558,254042,METAP1D
6935,254048,UBN2
7001,254050,LRRC43
3645,254065,BRWD3
8642,254102,EHBP1L1
8643,254122,SNX32
9844,254128,NIFK-AS1
15656,254158,CXORF58
14921,254170,FBXO33
17484,254173,TTLL10
6846,254187,TSGA10IP
17313,254225,RNF169
1059,254240,BPIFC
12552,254251,LCORL
15258,254263,CNIH2
6166,254268,AKNAD1
13925,254272,TBC1D28
6102,254295,PHYHD1
4389,254394,MCM9
10648,254428,SLC41A1
9638,254439,C11ORF86
14788,254531,LPCAT4
8041,254552,NUDT8
11954,2547,XRCC6
5860,254773,LYG2
8000,254778,C8ORF46
17316,254783,OR6C74
13073,2548,GAA
3686,254827,NAALADL2
2613,254879,OR2T6
3506,254887,ZDHHC23
17660,2549,GAB1
13482,254910,LCE5A
9605,254956,MORN5
13442,254958,REXO1L1P
7748,254973,OR1L4
4637,2550,GABBR1
6969,255022,CALHM1
11352,255043,TMEM86B
6481,255057,C19ORF26
17037,255061,TAC4
4528,2551,GABPA
4785,255101,CCDC108
10816,255104,TMCO4
8479,255119,C4ORF22
16560,255189,PLA2G4F
5740,255220,TXNDC8
3884,255231,MCOLN2
6120,255239,ANKK1
17437,255275,MYADML2
13453,2553,GABPB1
6450,255394,TCP11L2
1104,2554,GABRA1
13513,255403,ZNF718
14102,255411,LINC00935
61,255426,RASGEF1C
9087,255488,RNF144B
1100,2555,GABRA2
2654,255520,ELMOD2
5374,2556,GABRA3
12637,255626,HIST1H2BA
284,255631,COL24A1
17284,255649,OOSP1
3970,2557,GABRA4
14082,255725,OR52B2
9893,255738,PCSK9
2146,255743,NPNT
4171,2558,GABRA5
4728,255809,C19ORF38
9475,255812,SDHAP1
14632,255877,BCL6B
7182,2559,GABRA6
15177,255926,ADAM5
10821,255928,SYT14
3383,255967,PAN3
440,2560,GABRB1
6398,256006,ANKRD31
6580,256021,C12ORF79
4519,256051,ZNF549
1204,256076,COL6A5
1977,2561,GABRB2
9855,256130,TMEM196
16304,256144,OR4C3
2749,256158,HMCN2
3101,256190,OR4C50P
1891,2562,GABRB3
14137,256223,CDRT15L2
6929,256227,STEAP1B
15211,256236,NAPSB
9676,256281,NUDT14
16710,256297,PTF1A
267,2563,GABRD
17302,256309,CCDC110
4792,256356,GK5
4676,256364,EML3
12753,256369,LINC00521
5329,256380,SCML4
811,256394,SERPINA11
4740,2564,GABRE
5645,256435,ST6GALNAC3
12422,256471,MFSD8
14498,256472,TMEM151A
3272,2565,GABRG1
95,256536,TCERG1L
1138,2566,GABRG2
5265,256643,CXORF23
2842,256646,NUTM1
9860,256691,MAMDC2
4172,2567,GABRG3
11264,256710,GLIPR1L1
10150,256714,MAP7D2
1895,256764,WDR72
8501,2568,GABRP
8206,256815,C10ORF67
2761,256892,OR51F1
3303,2569,GABRR1
7053,256949,KANK3
8547,256979,SUN3
9508,256987,SERINC5
14890,257,ALX3
4012,2570,GABRR2
7602,257019,FRMD3
326,257044,C1ORF101
2386,257062,CATSPERD
15782,257068,PLCXD2
1099,2571,GAD1
6032,257101,ZNF683
6360,257106,ARHGAP30
4613,257144,GCSAM
4678,257160,RNF214
13983,257177,C1ORF192
9294,257194,NEGR1
3343,2572,GAD2
2680,257202,GPX6
15482,257203,DSCR9
4642,257218,SHPRH
11367,257240,KLHL34
16492,257313,UTS2B
15817,257364,SNX33
6025,257397,TAB3
9455,257407,C2ORF72
15664,257415,FAM133B
7488,257468,MEIS3P2
2768,25758,KIAA1549L
9751,25759,SHC2
10106,257629,ANKS4B
6850,25764,HYPK
11870,25766,PRPF40B
612,25769,SLC24A2
13097,25771,TBC1D22A
18032,25775,C22ORF24
12819,25777,SUN2
11971,25778,DSTYK
12917,25780,RASGRP3
318,25782,RAB3GAP2
6559,25788,RAD54B
8126,25789,TMEM59L
12849,25791,NGEF
13718,25792,CIZ1
7832,25793,FBXO7
14638,25794,FSCN2
9357,25796,PGLS
17861,2580,GAK
2382,25800,SLC39A6
11674,25801,GCA
13488,25802,LMOD1
14956,25806,VAX2
8156,25809,TTLL1
8710,2581,GALC
5146,25812,POM121L1P
13096,25813,SAMM50
6160,25814,ATXN10
9196,25816,TNFAIP8
11553,25817,FAM19A5
11762,25818,KLK5
4567,2582,GALE
2555,25820,ARIH1
8529,25821,MTO1
10951,25824,PRDX5
14246,25825,BACE2
14830,25829,TMEM184B
9651,2583,B4GALNT1
13640,25830,SULT4A1
8704,25831,HECTD1
5031,25832,NBPF14
1877,25834,MGAT4C
5323,25836,NIPBL
11504,25837,RAB26
8743,25839,COG4
14806,2584,GALK1
15964,25840,METTL7A
8632,25841,ABTB2
13433,25843,MOB4
10412,25844,YIPF3
10659,25849,PARM1
8311,2585,GALK2
7980,25851,TECPR1
15249,25852,ARMC8
10843,25853,DCAF12
458,25854,FAM149A
9637,25855,BRMS1
8606,25861,DFNB31
971,25865,PRKD2
12886,2587,GALR1
6036,25870,SUMF2
1587,25873,RPL36
16839,25875,LETMD1
15876,25876,SPEF1
1068,25878,MXRA5
13474,25879,DCAF13
9719,2588,GALNS
5763,25884,CHRDL2
2081,25885,POLR1A
11350,25888,ZNF473
5249,2589,GALNT1
1735,25890,ABI3BP
12709,25891,PAMR1
1310,25893,TRIM58
8738,25894,PLEKHG4
16583,25895,METTL21B
1700,25896,INTS7
5319,25898,RCHY1
16037,259,AMBP
9186,2590,GALNT2
6991,25900,IFFO1
12399,25901,CCDC28A
13660,25902,MTHFD1L
1290,25903,OLFML2B
10849,25906,ANAPC15
12316,25907,TMEM158
3905,25909,AHCTF1
7896,2591,GALNT3
13880,25911,DPCD
16107,25912,C1ORF43
1215,25913,POT1
1927,25914,RTTN
12492,25915,NDUFAF3
12610,259173,ALS2CL
13838,259197,NCR3
16288,2592,GALT
16156,25920,NELFB
3366,25921,ZDHHC5
2683,259215,LY6G6F
657,259217,HSPA12A
5219,25923,ATL3
16817,259230,SGMS1
791,259232,NALCN
8149,259239,WFDC11
2114,25924,MYRIP
3637,259240,WFDC9
3097,259249,MRGPRX1
919,25925,ZNF521
2376,25926,NOL11
3488,259266,ASPM
5596,25928,SOSTDC1
5052,259282,BOD1L1
14935,259283,MDS2
6096,259285,TAS2R39
1217,259286,TAS2R40
7104,259287,TAS2R41
11850,25929,GEMIN5
3588,259290,TAS2R31
14608,259292,TAS2R46
11740,259294,TAS2R19
17773,2593,GAMT
6823,25930,PTPN23
14822,259307,IL4I1
1453,259308,FAM205A
13260,25932,CLIC4
18348,25934,NIPSNAP3A
12914,25936,NSL1
16096,25937,WWTR1
1521,25938,HEATR5A
5410,25939,SAMHD1
9298,25940,FAM98A
6820,25941,TPGS2
7430,25942,SIN3A
13751,25943,C20ORF194
7911,25945,PVRL3
1503,25946,ZNF385A
11186,25948,KBTBD2
17387,25949,SYF2
14304,2595,GANC
7901,25953,PNKD
5936,25956,SEC31B
16073,25957,PNISR
942,25959,KANK2
406,2596,GAP43
2721,25960,GPR124
6840,25961,NUDT13
6815,25962,KIAA1429
6299,25963,TMEM87A
5259,25966,C2CD2
8662,2597,GAPDH
9704,25970,SH2B1
3879,25973,PARS2
3875,25974,MMACHC
6606,25975,EGFL6
17995,25977,NECAP1
11764,25980,AAR2
1969,25981,DNAH1
14344,25983,NGDN
8107,25984,KRT23
14294,25987,TSKU
11737,25988,HINFP
5444,25989,ULK3
9344,25992,SNED1
17954,25994,HIGD1A
1993,25996,REXO2
6410,25998,IBTK
8799,25999,CLIP3
2213,26,AOC1
13915,26000,TBC1D10B
13921,26001,RNF167
3049,26002,MOXD1
8427,26003,GORASP2
3369,26005,C2CD3
1480,26007,DAK
10389,26009,ZZZ3
11104,26010,SPATS2L
705,26011,TENM4
5527,26012,NSMF
1938,26013,L3MBTL1
1530,26015,RPAP1
16889,26017,FAM32A
11990,26018,LRIG1
2237,26019,UPF2
7091,26020,LRP10
1909,26022,TMEM98
2204,26024,PTCD1
3993,26025,PCDHGA12
1278,26027,ACOT11
7517,260293,CYP4X1
4460,26030,PLEKHG3
5519,26031,OSBPL3
5868,26032,SUSD5
3091,26033,ATRNL1
9541,26034,IPCEF1
17386,26035,GLCE
3045,26036,ZNF451
2830,26037,SIPA1L1
9391,26038,CHD5
13940,26039,SS18L1
5812,26040,SETBP1
289,260425,MAGI3
12530,260429,PRSS33
12162,26043,UBXN7
14626,260434,PYDC1
10706,260436,FDCSP
15160,26045,LRRTM2
9020,26046,LTN1
2717,26047,CNTNAP2
7265,26048,ZNF500
13420,26049,FAM169A
2315,26050,SLITRK5
14321,26051,PPP1R16B
11070,26052,DNM3
6782,26053,AUTS2
13708,26054,SENP6
7683,26056,RAB11FIP5
1753,26057,ANKRD17
2105,26058,GIGYF2
3950,26059,ERC2
9304,26060,APPL1
7906,26061,HACL1
8489,26064,RAI14
2399,26065,LSM14A
133,26073,POLDIP2
13942,26080,FAM230C
4711,26083,TBC1D29
5425,26084,ARHGEF26
12797,26085,KLK13
14899,26086,GPSM1
17452,26088,GGA1
10944,26091,HERC4
17635,26092,TOR1AIP1
15402,26093,CCDC9
4695,26094,DCAF4
11670,26097,CHTOP
7162,26098,EDRF1
7847,26099,SZRD1
12979,26100,WIPI2
8621,26103,LRIT1
6745,26108,PYGO1
3529,26112,CCDC69
9880,26115,TANC2
8750,26118,WSB1
12866,26119,LDLRAP1
8812,26121,PRPF31
2088,26122,EPC2
5125,26123,TCTN3
10042,26128,KIAA1279
15611,26130,GAPVD1
10452,26133,TRPC4AP
8185,26135,SERBP1
5123,26136,TES
13419,26137,ZBTB20
10016,26138,LINC00588
9152,26140,TTLL3
1598,26145,IRF2BP1
5682,26146,TRAF3IP1
14288,26149,ZNF658
13188,2615,LRRC32
10641,26150,RIBC2
15475,26151,NAT9
8144,26152,ZNF337
1238,26153,KIF26A
3673,26154,ABCA12
11955,26155,NOC2L
10732,26156,RSL1D1
5600,26157,GIMAP2
336,26160,IFT172
16182,26164,MTG2
5737,26165,SPATA31A7
9584,26166,RGS22
1770,26167,PCDHB5
17587,26168,SENP3
8542,2617,GARS
15760,261726,TIPRL
8872,261729,STEAP2
1790,26173,INTS1
4744,261734,NPHP4
17238,26175,TMEM251
3198,2618,GART
10857,26184,OR1F2P
1309,26188,OR1C1
16688,26189,OR1A2
4419,26190,FBXW2
2958,26191,PTPN22
10372,262,AMD1
8029,2620,GAS2
15102,26205,GMEB2
5246,26207,PITPNC1
6232,2621,GAS6
5729,26211,OR2F1
6544,26212,OR2B6
14751,26219,OR1J4
13457,2622,GAS8
8302,26224,FBXL3
10646,26227,PHGDH
1373,26228,STAP1
14901,26229,B3GAT3
15822,2623,GATA1
1422,26230,TIAM2
11753,26231,LRRC29
12672,26233,FBXL6
14336,26235,FBXL4
17936,26239,LCE2B
9465,2624,GATA2
6810,26240,FAM50B
7877,26245,OR2M4
5662,26246,OR2L2
2526,26247,OR2L1P
18448,26248,OR2K2
3991,26249,KLHL3
12059,2625,GATA3
18018,26251,KCNG2
1870,26253,CLEC4E
1698,26254,OPTC
15010,26255,PTTG3P
17470,26256,CABYR
16017,26257,NKX2-8
9355,26258,BLOC1S6
3131,26259,FBXW8
584,2626,GATA4
7598,26260,FBXO25
10838,26261,FBXO24
17961,26262,TSPAN17
10347,26263,FBXO22
8562,26266,SLC13A4
13844,26268,FBXO9
4362,26269,FBXO8
11335,2627,GATA6
9995,26271,FBXO5
14087,26273,FBXO3
14965,26275,HIBCH
3782,26276,VPS33B
2310,26278,SACS
11903,26279,PLA2G2D
15774,2628,GATM
2457,26280,IL1RAPL2
13062,26284,ERAL1
9811,26285,CLDN17
10877,26286,ARFGAP3
17693,26287,ANKRD2
3882,26289,AK5
16563,2629,GBA
6728,26290,GALNT8
16827,26297,SERGEF
18585,26298,EHF
3840,2630,GBAP1
15858,26301,GBGT1
17258,2631,GBAS
9951,2632,GBE1
10087,26322,OR4H6P
16730,2633,GBP1
10871,26330,GAPDHS
11341,26333,OR7A17
17774,26335,OR7A15P
686,26338,OR5L2
8455,26339,OR5K1
7667,2634,GBP2
1361,26341,OR5H1
9150,2635,GBP3
14778,26353,HSPB8
7138,2636,GBX1
6681,2638,GC
17108,2639,GCDH
5021,2641,GCG
7042,2642,GCGR
3056,2645,GCK
17114,2646,GCKR
11642,26468,LHX6
8421,26469,PTPN18
18161,2647,BLOC1S1
6345,26470,SEZ6L2
17802,26473,OR7E16P
5845,26476,OR10J1
11458,26479,OR7E62P
15425,2648,KAT2A
10334,2649,NR6A1
4888,26492,OR8G2P
8048,26493,OR8B8
4889,26494,OR8G1
3355,26496,OR10A3
10063,26497,OR10D3
8076,26499,PLEK2
1070,265,AMELX
5395,2650,GCNT1
14147,26502,NARF
11635,26503,SLC17A5
4858,26507,CNNM1
4092,26509,MYOF
2176,2651,GCNT2
1136,26511,CHIC2
1514,26512,INTS6
16880,26517,TIMM13
17406,2652,OPN1MW
6236,26520,TIMM9
11425,26521,TIMM8B
10477,26523,AGO1
5775,26524,LATS2
7893,26525,IL36RN
8791,26526,TSPAN16
15669,26528,DAZAP1
13531,26529,OR12D2
7953,26530,OR12D1
14723,26531,OR11A1
948,26532,OR10H3
8697,26533,OR10G3
9015,26538,OR10H2
2871,26539,OR10H1
16834,26541,OR10D1P
10132,2657,GDF1
17765,26574,AATF
9260,26575,RGS17
1648,26576,SRPK3
5271,26577,PCOLCE2
13557,26578,OSTF1
11019,26579,MYEOV
17690,2658,GDF2
9371,26585,GREM1
4920,26586,CKAP2
17134,26589,MRPL46
6121,26595,OR8B2
17375,266,AMELY
2984,2660,MSTN
6551,26608,TBL2
4278,26609,VCX
14572,2661,GDF9
9268,26610,ELP4
14325,26614,OR7E66P
8955,2662,GDF10
15758,26628,OR7E47P
13951,2664,GDI1
11823,26640,OR7E33P
16748,26645,OR7E28P
3808,26648,OR7E24
13563,2665,GDI2
11701,266553,OFCC1
18138,26656,OR7D1P
6349,26658,OR7C2
8124,26659,OR7A5
16033,266625,NDUFA9P1
5011,266629,SEC14L3
14155,26664,OR7C1
17413,266655,LINC00094
4501,26668,OR7A3P
6795,266697,POM121L4P
18288,266703,ASH2LP1
17022,266722,HS6ST3
3531,266727,MDGA1
3110,266743,NPAS4
17278,266747,RGL4
12626,266812,NAP1L5
7511,26682,OR4F4
18572,26686,OR4E2
3067,2669,GEM
10711,26694,OR2U2P
14722,26695,OR2U1P
3466,26696,OR2T1
4093,266971,PIPSL
3708,266977,GPR110
5350,267,AMFR
16606,2670,GFAP
8245,267002,PGBD2
8619,267004,PGBD3
4816,26707,OR2J2
10712,26713,OR2H5P
7410,26716,OR2H1
16487,2672,GFI1
9925,2673,GFPT1
15017,26735,OR1L3
656,2674,GFRA1
13867,26740,OR1J2
2312,26747,NUFIP1
15176,2675,GFRA2
12584,26750,RPS6KC1
7678,26751,SH3YL1
485,2676,GFRA3
3293,26762,HAVCR1
16899,26765,SNORD12C
14958,2677,GGCX
1259,2678,GGT1
14674,26783,SNORA65
15109,2679,GGT3P
15377,268,AMH
17263,2681,GGTA1P
18566,26821,SNORA74A
10980,26824,RNU11
10494,2683,B4GALT1
13626,2686,GGT7
13943,2687,GGT5
15272,26872,STEAP1
8591,26873,OPLAH
4722,2688,GH1
5996,2689,GH2
13897,269,AMHR2
3285,2690,GHR
7646,2691,GHRH
5912,2692,GHRHR
8469,2693,GHSR
16030,2694,GIF
14862,26952,SMR3A
10416,26953,RANBP6
16792,26958,COPG2
7505,26959,HBP1
11036,2696,GIPR
4917,26960,NBEA
528,2697,GJA1
2883,26974,ZNF285
7946,2698,GJA1P1
9708,26982,ABCD1P3
11725,26983,ABCD1P2
2123,26984,SEC22A
17692,26985,AP3M1
5068,26986,PABPC1
10443,26993,AKAP8L
11962,26994,RNF11
4073,26995,TRUB2
13957,26996,GPR160
14709,26998,FETUB
3703,26999,CYFIP2
6257,27,ABL2
3892,270,AMPD1
15773,2700,GJA3
10003,27000,DNAJC2
8308,27004,TCL6
8388,27005,USP21
16223,2701,GJA4
3326,27010,TPK1
8585,27012,KCNV1
4597,27013,CNPPD1
1452,27019,DNAI1
6870,2702,GJA5
11747,27020,NPTN
16997,27022,FOXD3
14791,27023,FOXB1
2045,2703,GJA8
17008,27030,MLH3
10252,27031,NPHP3
11131,27032,ATP2C1
955,27033,ZBTB32
4440,27034,ACAD8
8861,27035,NOX1
979,27036,SIGLEC7
13141,27037,TRMT2A
4633,27039,PKD2L2
16330,27040,LAT
1299,27042,DIEXF
12439,27043,PELP1
7987,27044,SND1
8686,2706,GJB2
4299,27063,ANKRD1
14746,27067,STAU2
3004,27068,PPA2
6966,27069,GHITM
9892,2707,GJB3
14841,27071,DAPP1
5721,27072,VPS41
2131,27074,LAMP3
9782,27076,LYPD3
5233,27079,RPUSD2
3336,27085,MTBP
399,27086,FOXP1
13894,27087,B3GAT1
627,27090,ST6GALNAC4
4963,27091,CACNG5
15754,27092,CACNG4
18350,27093,KCNMB3P1
13125,27094,KCNMB3
10981,27095,TRAPPC3
17941,27097,TAF5L
13775,27098,CLUL1
9410,271,AMPD2
1637,2710,GK
17573,27101,CACYBP
1140,27102,EIF2AK1
12257,27106,ARRDC2
13700,27107,ZBTB11
6463,27109,ATP5S
15314,27111,SDCBP2
166,27112,FAM155B
17970,27115,PDE7B
4622,2712,GK2
5918,27121,DKK4
17874,27122,DKK3
10323,27123,DKK2
9823,27124,INPP5J
3701,27125,AFF4
161,27127,SMC1B
16903,27128,CYTH4
13783,27129,HSPB7
17498,2713,GK3P
13559,27130,INVS
1010,27131,SNX5
6592,27132,CPNE7
7341,27133,KCNH5
2385,27134,TJP3
1363,27136,MORC1
18001,27141,CIDEB
6964,27143,PALD1
11636,27145,FILIP1
1372,27146,FAM184B
2927,27147,DENND2A
4784,27148,STK36
10740,27151,CPAMD8
3693,27152,INTU
210,27153,ZNF777
12398,27154,BRPF3
12234,27158,NDOR1
12899,27159,CHIA
10806,27160,INGX
7245,27161,AGO2
18280,27163,NAAA
6594,27164,SALL3
12519,27165,GLS2
14719,27166,PRELID1
7838,2717,GLA
9297,27173,SLC39A1
13381,27175,TUBG2
15951,27177,IL36B
8420,27178,IL37
5862,27179,IL36A
2413,27180,SIGLEC9
983,27181,SIGLEC8
12438,27183,VPS4A
3489,27185,DISC1
17756,27189,IL17C
7841,2719,GPC3
13949,27197,GPR82
12738,27198,HCAR1
10617,27199,OXGR1
2262,272,AMPD3
12936,2720,GLB1
15199,27229,TUBGCP4
13816,27230,SERP1
18021,27231,NMRK2
15993,27232,GNMT
7891,27233,SULT1C4
17834,27235,COQ2
5462,27236,ARFIP1
14218,27237,ARHGEF16
6858,27238,GPKOW
1869,27239,GPR162
12982,27241,BBS9
11176,27242,TNFRSF21
7644,27243,CHMP2A
16543,27244,SESN1
9055,27245,AHDC1
17065,27246,RNF115
15355,27247,NFU1
11457,27248,ERLEC1
16388,27249,MMADHC
655,27250,PDCD4
7567,27252,KLHL20
3137,27253,PCDH17
8441,27255,CNTN6
10012,27257,LSM1
9075,27258,LSM3
514,27283,TINAG
9970,27284,SULT1B1
15387,27285,TEKT2
10808,27286,SRPX2
12431,27287,VENTX
13447,27288,RBMXL2
13142,27291,R3HCC1L
3987,27292,DIMT1
15950,27293,SMPDL3B
3697,27295,PDLIM3
13776,27296,TP53TG5
13766,27297,CRCP
4401,27299,ADAMDEC1
4025,273,AMPH
13964,27300,ZNF544
10805,27301,APEX2
11095,27302,BMP10
4602,27303,RBMS3
1027,27304,MOCS3
5695,27306,HPGDS
4358,27309,ZNF330
608,2731,GLDC
3370,27314,RAB30
4104,27315,PGAP2
7842,27316,RBMX
13715,27319,BHLHE22
7978,27320,TNRC18P2
866,27324,TOX3
2005,27327,TNRC6A
1083,27328,PCDH11X
6052,27329,ANGPTL3
4662,2733,GLE1
11373,27330,RPS6KA6
4772,27332,ZNF638
10590,27333,GOLIM4
4536,27334,P2RY10
2877,27335,EIF3K
3833,27336,HTATSF1
6114,27339,PRPF19
7267,2734,GLG1
1232,27340,UTP20
10693,27341,RRP7A
13391,27342,RABGEF1
14757,27343,POLL
11263,27345,KCNMB4
11590,27346,TMEM97
5153,27347,STK39
13870,27348,TOR1B
17053,27349,MCAT
753,2735,GLI1
17055,27352,SGSM3
357,2736,GLI2
1795,2737,GLI3
9588,2738,GLI4
18072,2739,GLO1
1329,274,BIN1
6923,2740,GLP1R
1775,2741,GLRA1
6021,2742,GLRA2
2080,27429,HTRA2
9194,2743,GLRB
2169,27430,MAT2B
11855,27434,POLM
12918,27436,EML4
1050,27439,CECR6
11983,2744,GLS
6017,27440,CECR5
4267,27443,CECR2
207,27445,PCLO
5934,2746,GLUD1
7839,2747,GLUD2
12612,275,AMT
16122,2752,GLUL
16461,276,AMY1A
1774,2760,GM2A
12317,2761,GM2AP1
13402,2764,GMFB
10471,2765,GML
12499,2766,GMPR
4020,2768,GNA12
4726,2769,GNA15
5598,2770,GNAI1
14973,2771,GNAI2
17629,2773,GNAI3
13917,2775,GNAO1
2744,2776,GNAQ
9019,2778,GNAS
3946,2779,GNAT1
11777,278,AMY1C
8370,2780,GNAT2
16520,2781,GNAZ
12560,2782,GNB1
12990,2783,GNB2
17315,2784,GNB3
13233,2786,GNG4
17088,2787,GNG5
5815,2788,GNG7
2579,279,AMY2A
10333,2790,GNG10
10178,2792,GNGT1
12106,2793,GNGT2
13835,2794,GNL1
15193,2799,GNS
15665,28,ABO
3226,280,AMY2B
13377,2800,GOLGA1
17894,2801,GOLGA2
6130,2802,GOLGA3
9460,2803,GOLGA4
3264,2804,GOLGB1
13602,2806,GOT2
18002,280655,IGBP1P1
6354,280657,SSX6
11371,280658,SSX7
3451,280660,SSX9
17934,280661,EIF1AXP1
18426,281,AMYP1
10786,2810,SFN
14241,2811,GP1BA
6301,2813,GP2
16766,2814,GP5
1349,2817,GPC1
17550,2819,GPD1
10519,2820,GPD2
13749,2821,GPI
6084,2822,GPLD1
13948,28227,PPP2R3B
6832,2823,GPM6A
1031,28231,SLCO4A1
847,28232,SLCO3A1
4895,28234,SLCO1B3
10578,2824,GPM6B
3934,2825,GPR1
9735,2826,CCR10
249,282616,IFNL2
14162,282617,IFNL3
11518,282618,IFNL1
12432,282679,AQP11
9400,2827,GPR3
17341,282706,DAOA-AS1
3964,282754,OR4D12P
16826,282763,OR51B5
687,282770,OR10AG1
6817,282775,OR5J2
7761,282776,OR8V1P
11345,2828,GPR4
13030,282809,POC1B
11168,282890,ZNF311
2641,2829,XCR1
2754,282966,C10ORF53
661,282973,JAKMIP3
12511,282974,STK32C
9614,282980,LINC00700
13152,28299,IGKV1-5
14078,282991,BLOC1S2
654,282996,RBM20
13534,2830,GPR6
17362,283008,NUTM2E
10041,283025,C10ORF40
17751,28306,IGHV3OR16-10
4198,28307,IGHV3OR16-9
5024,283078,MKX
8616,283080,C10ORF126
8313,28309,IGHV3OR16-7
5217,283092,OR4C13
1860,283093,OR4C12
14760,283111,OR51V1
3359,283116,TRIM49B
9709,28312,IGHV1OR16-4
5944,283130,SLC25A45
10893,283131,NEAT1
7767,283149,BCL9L
6224,283150,FOXR1
6292,283159,OR8D1
7437,28316,CDH20
16835,283160,OR8D2
8298,283162,OR8B4
2839,28317,IGHV4OR15-8
14436,283189,OR9G4
9633,283193,OR5AZ1P
9861,283197,LINC00301
13757,2832,NPBWR2
8177,28320,IGHV1OR15-6
8649,283208,P4HA3
8650,283209,PGM2L1
17906,283219,KCTD21
16050,283232,TMEM80
10613,283234,CCDC88B
8640,283238,SLC22A24
13725,283248,RCOR2
2774,283257,TRIM51FP
4109,283284,IGSF22
3095,283297,OR10A4
7332,283298,OLFML1
5370,2833,CXCR3
14080,283303,MRGPRG-AS1
2299,283310,OTOGL
1497,283316,CD163L1
18601,28332,IGHD2OR15-2B
18359,28333,IGHD2OR15-2A
8976,283337,ZNF740
17718,283345,RPL13P5
16700,283349,RASSF3
6628,283358,B4GALNT3
11393,283373,ANKRD52
11872,283377,SPRYD4
12083,283383,GPR133
5938,2834,PRLHR
1996,283417,DPY19L2
8973,283420,CLEC9A
8680,283431,GAS2L3
770,283446,MYO1H
4908,283450,HECTD4
5617,283455,KSR2
12737,283459,GATC
15771,283461,C12ORF40
3376,283463,MUC19
12433,283464,GXYLT1
6040,283471,TMPRSS12
9665,283487,LINC00346
7339,283489,CHAMP1
18477,283491,OR7E156P
17999,283514,SIAH3
11494,283518,KCNRG
4913,283537,SLC46A3
15197,283547,LINC00639
2828,283554,GPR137C
7784,283571,PROX2
14664,283576,ZDHHC22
3857,283578,TMED8
6468,283598,C14ORF177
12755,283600,SLC25A47
17348,283635,FAM177A1
11283,283638,CEP170B
8713,283643,C14ORF80
4466,283652,SLC24A5
11746,283659,PRTG
6742,283685,GOLGA6L2
7014,283694,OR4N4
13599,283726,FAM154B
8716,283748,PLA2G4D
7428,283755,HERC2P3
18517,28376,IGHVII-15-1
5541,283767,GOLGA6L1
8727,283777,FAM169B
3778,283796,GOLGA8I
11780,2838,GPR15
17930,283820,NOMO2
14122,28383,IGHV7-27
6474,283847,CCDC79
5238,283848,CES4A
6751,283849,EXOC3L1
14787,28385,IGHV6-1
14310,283867,LINC00922
16641,28387,IGHV5-78
18341,283875,LINC00514
1890,28388,IGHV5-51
17748,283897,C16ORF54
14213,283899,INO80E
7623,28391,IGHV4-61
5979,28392,IGHV4-59
17170,283932,FBXL19-AS1
8735,283933,ZNF843
11548,283948,NHLRC4
8077,28395,IGHV4-34
18013,283951,C16ORF91
17010,283953,TMEM114
822,28396,IGHV4-31
8741,283971,CLEC18C
5358,283985,FADS6
5629,283987,HID1
17342,283994,LINC00868
18316,283999,TMEM235
2221,284,ANGPT1
10318,2840,GPR17
11499,28400,IGHV4-28
3807,284001,CCDC57
12177,28401,IGHV4-4
10118,284013,VMO1
16591,284029,LINC00324
3160,284047,CCDC144B
5356,284058,KANSL1
5803,284067,C17ORF105
15643,284069,FAM171A2
5446,284071,C17ORF104
9124,284076,TTLL6
8219,28408,IGHV3-74
17763,284085,KRT18P55
6632,284086,NEK8
17740,28409,IGHV3-73
5094,284099,C17ORF78
17731,2841,GPR18
10437,284100,YWHAEP7
16628,284106,CISD3
15198,28411,IGHV3-71
11510,284110,GSDMA
8747,284111,SLC13A5
16872,284116,KRT42P
6593,284119,PTRF
11285,28412,IGHV3-66
13669,284123,FAM27E5
17762,284123,FAM27L
14905,284129,SLC26A11
9006,284131,ENDOV
16198,28414,IGHV3-64
14668,284161,GDPD1
13672,284167,POLRMTP1
14315,284185,LINC00482
2363,284194,LGALS9B
10064,2842,GPR19
2837,28420,IGHV3-53
13611,284207,METRNL
918,284217,LAMA1
6342,28423,IGHV3-49
2819,284232,ANKRD20A9P
1240,28424,IGHV3-48
18582,28425,IGHV3-47
4966,284252,KCTD1
8778,284254,DYNAP
1924,284257,BOD1L2
9051,284260,LINC00907
16596,284266,SIGLEC15
6477,284273,ZADH2
9749,284274,SMIM21
16850,28428,IGHV3-41
16345,284293,HMSD
6011,284297,SSC5D
1449,2843,GPR20
8140,284306,ZNF547
9135,284307,ZIK1
2890,284309,ZNF776
5560,284312,ZSCAN1
7012,28432,IGHV3-35
4243,284323,ZNF780A
17595,284325,C19ORF54
2403,284338,PRR19
12411,284339,TMEM145
14644,284340,CXCL17
9783,284346,ZNF575
12795,284349,ZNF283
10205,284352,PPP1R37
9785,284353,NKPD1
10783,284355,TPRX1
11347,284358,MAMSTR
15210,284359,IZUMO1
16215,284361,EMC10
15096,284366,KLK9
9790,284367,SIGLEC17P
6010,284369,SIGLECL1
6155,284370,ZNF615
5273,284371,ZNF841
9179,284382,ACTL9
13747,284383,OR2Z1
821,28439,IGHV3-30
8792,284390,ZNF763
14485,284391,ZNF844
9773,284402,SCGB2B2
3429,284403,WDR62
16398,284406,ZFP82
17173,284415,VSTM1
14170,284417,TMEM150B
8813,284418,FAM71E2
6584,28442,IGHV3-23
16884,284427,SLC25A41
18548,284428,MBD3L5
18353,28443,IGHV3-22
15242,284433,OR10H5
13617,284434,NWD1
16060,284439,SLC25A42
3144,28444,IGHV3-21
5101,284443,ZNF493
12757,28445,IGHV3-20
10130,284451,ODF3L2
1117,284459,HKR1
10086,28446,IGHV3-19
9412,284467,FAM19A3
11284,28447,IGHV3-16
5232,28448,IGHV3-15
16228,284485,RIIAD1
7011,28449,IGHV3-13
6048,284498,C1ORF167
12656,2845,GPR22
17433,28450,IGHV3-11
4465,28451,IGHV3-9
16408,28452,IGHV3-7
8403,284521,OR2L13
3233,284525,SLC9C2
1193,284532,OR14A16
7562,284541,CYP4A22
6255,284546,C1ORF185
1162,28455,IGHV2-26
10250,284565,NBPF15
14346,28457,IGHV2-5
12912,284573,LINC00303
2912,2846,LPAR4
5646,284611,FAM102B
12570,284612,SYPL2
11405,284615,ANKRD34A
16137,284618,RUSC1-AS1
5540,28464,IGHV1-58
7013,28465,IGHV1-46
8885,284654,RSPO1
9057,284656,EPHA10
15398,28466,IGHV1-45
5781,28467,IGHV1-24
9910,284680,C1ORF111
12154,284695,ZNF326
9899,284697,BTBD8
3474,284697,KIAA1107
13973,284716,RIMKLA
7222,284723,SLC25A34
16221,284729,ESPNP
5539,28473,IGHV1-3
7068,284756,C20ORF197
4252,284759,SIRPB2
12337,28476,IGHJ5
15810,2848,GPR25
2427,284802,FRG1B
15889,284821,RPL13AP7
7069,284827,KRTAP13-4
12445,284836,LINC00319
18570,28486,IGHD6-19
8026,2849,GPR26
18358,28490,IGHD5-18
5012,284904,SEC14L4
18110,28492,IGHD5-5
16239,284948,SH2D6
8418,284958,NT5DC4
6670,284992,CCDC150
9440,284996,RNF149
15762,285016,FAM150B
18126,28502,IGHD2-21
3254,285025,CCDC141
18539,28503,IGHD2-15
16238,285051,C2ORF61
18336,28506,IGHD1-26
10271,28511,NKIRAS2
2982,285116,AHCTF1P1
2383,28513,CDH19
7594,28514,DLL1
18430,285141,ERICH2
17543,285154,CYP1B1-AS1
7692,285172,FAM126B
1344,285175,UNC80
17734,28518,TRDV1
10404,285180,RUFY4
14692,285189,PLGLA
9931,285190,RGPD4
2994,285195,SLC9A9
16401,2852,GPER1
14781,28522,TRDJ1
404,285220,EPHA6
12940,285231,FBXW12
12744,28526,TRDC
6674,285267,ZNF619
6389,285268,ZNF621
14704,285282,RABL3
3713,2853,GPR31
5688,285311,C3ORF56
9471,285313,IGSF10
14970,285326,LINC00692
18085,285329,UBQLN4P1
5873,285331,CCDC66
5513,285335,SLC9C1
12607,285343,TCAIM
10752,285375,LINC00620
12934,285381,DPH3
11690,285382,C3ORF70
4351,285386,TPRG1
5104,2854,GPR32
5691,285429,DCAF4L1
14570,285440,CYP4V2
10322,285464,CRIPAK
16069,285489,DOK7
18210,285492,LINC00955
8259,285498,RNF212
11761,2855,GPR32P1
10171,285501,LINC01098
10592,285512,FAM13A-AS1
4800,285513,GPRIN3
14425,285521,COX18
438,285525,YIPF7
442,285527,FRYL
9494,285533,RNF175
10704,285550,FAM200B
2651,285555,STPG2
18485,28557,TRBV30
81,28558,TRBV29-1
11554,285588,EFCAB9
12036,28559,TRBV28
9085,285590,SH3PXD2B
8506,285598,ARL10
16281,28560,TRBV27
8494,285600,KIAA0825
9509,285601,GPR150
3521,285605,DTWD2
12966,285613,RELL2
13714,28562,TRBV25-1
12010,285622,NBPF22P
1810,28563,TRBV24-1
15783,285636,C5ORF51
12423,285641,SLC36A3
3029,285643,KIF4B
16110,285659,OR2V2
16794,28566,TRBV21-1
14863,285668,C5ORF64
4042,28567,TRBV20-1
1976,285671,RNF180
5325,285672,SREK1IP1
9521,285676,ZNF454
501,285679,C5ORF60
9570,28568,TRBV19
17566,2857,GPR34
13526,285704,RGMB
16556,285753,CEP57L1
4014,285761,DCBLD1
17962,285780,LY86-AS1
502,285782,CAGE1
13441,28582,TRBV11-1
4041,28584,TRBV10-2
5161,285848,PNPLA1
11173,285849,COX6A1P2
16152,28585,TRBV10-1
4007,285852,TREML4
14528,285855,RPL7L1
8940,285877,POM121L12
4839,285888,CNPY1
16630,2859,GPR35
12993,28590,TRBV7-8
14337,285905,INTS4L1
12031,285908,LINC00174
4646,28591,TRBV7-7
15505,28592,TRBV7-6
18078,28593,TRBV7-5
8567,28594,TRBV7-4
3546,285941,C7ORF71
10008,28595,TRBV7-3
6089,285955,SPDYE1
17441,285958,SNHG15
13857,285965,EPHA1-AS1
3851,285966,FAM115C
6938,28597,TRBV7-1
12660,285973,ATG9B
80,28598,TRBV6-9
12988,285989,ZNF789
4840,286,ANK1
16126,28600,TRBV6-7
6555,28601,TRBV6-6
9568,286016,TPI1P2
5210,28603,TRBV6-4
1814,286046,XKR6
13243,286053,NSMCE2
7734,28606,TRBV6-1
13176,286075,ZNF707
14750,286077,FAM83H
16793,28608,TRBV5-7
5915,28610,TRBV5-5
16412,286101,ZNF252P
1809,28611,TRBV5-4
5727,28612,TRBV5-3
602,286122,C8ORF31
13310,286128,ZFP41
11856,286133,SCARA5
6937,28614,TRBV5-1
17093,286144,TRIQK
4652,286148,DPY19L4
3560,286151,FBXO43
7735,28616,TRBV4-2
4837,28617,TRBV4-1
9042,286183,NKAIN3
10688,286187,PPP1R42
13328,2862,MLNR
7751,286204,CRB2
14897,286205,SCAI
13560,286207,C9ORF117
16283,28622,TRBJ2-7
8950,286234,SPATA31E1
10846,286256,LCN12
12276,286257,C9ORF142
13562,286310,LCN1P1
16192,286319,TUSC1
11791,286336,FAM78A
17857,286343,LURAP1L
6279,286362,OR13C9
4417,286365,OR13D1
1811,28638,TRBC2
16807,286380,FOXD4L3
9129,2864,FFAR1
8866,286410,ATP11C
15533,286411,LINC00632
8700,28642,TRAV39
2917,286423,MRRFP1
12385,286436,H2BFM
1520,28644,TRAV38-1
11661,286451,YIPF6
6822,286464,CHDC2
18433,28648,TRAV34
3454,286495,TTC3P1
11374,286499,FAM133A
9774,2865,FFAR3
6023,286514,MAGEB18
15789,28653,TRAV29DV5
14193,286530,P2RY8
4291,286554,BCORP1
16187,286557,RBMY1A3P
18416,28657,TRAV26-1
7845,286573,TPTE2P4
18504,28659,TRAV24
6486,2866,GPR42
17447,28661,TRAV22
18176,28662,TRAV21
1235,28663,TRAV20
16318,28664,TRAV19
13043,28666,TRAV17
16686,28667,TRAV16
8071,28670,TRAV13-2
18614,28671,TRAV13-1
18537,28672,TRAV12-3
9668,28674,TRAV12-1
340,286749,STON1-GTF2A1L
17035,286753,TUSC5
13592,28676,TRAV10
3386,28678,TRAV9-1
15630,28679,TRAV8-7
1371,2868,GRK4
17733,28680,TRAV8-6
2319,28682,TRAV8-4
11562,286826,LIN9
16444,286827,TRIM59
10591,286828,CSN1S2AP
4693,28683,TRAV8-3
9667,28685,TRAV8-1
11547,28686,TRAV7
5481,28688,TRAV5
1501,286887,KRT6C
16964,28689,TRAV4
658,2869,GRK5
8699,28691,TRAV2
8698,28692,TRAV1-2
1378,287,ANK2
16957,2870,GRK6
5048,287015,TRIM42
15842,28711,TRAJ44
6242,2872,MKNK2
2320,28724,TRAJ31
15524,2873,GPS1
6583,28733,TRAJ22
18206,28734,TRAJ21
6459,28742,TRAJ13
18491,28743,TRAJ12
3561,2875,GPT
16846,28752,TRAJ3
2438,28770,IGLV11-55
6500,28773,IGLV9-49
15777,28775,IGLV7-46
13468,28776,IGLV7-43
11830,28778,IGLV6-57
12224,2878,GPX3
18094,28780,IGLV5-48
2439,28781,IGLV5-45
18109,28783,IGLV5-37
14189,28784,IGLV4-69
13632,28785,IGLV4-60
13425,2879,GPX4
8840,28791,IGLV3-27
18127,28793,IGLV3-25
8841,28796,IGLV3-21
18107,28797,IGLV3-19
2243,288,ANK3
1409,2880,GPX5
18437,28801,IGLV3-13
4269,28804,IGLV3-9
9820,28809,IGLV3-1
5825,28811,IGLV2-33
1054,28813,IGLV2-23
1055,28814,IGLV2-18
15112,28815,IGLV2-14
8337,28817,IGLV2-8
15281,2882,GPX7
6019,28820,IGLV1-51
6640,28821,IGLV1-50
5260,28822,IGLV1-47
9819,28824,IGLV1-41
8335,28825,IGLV1-40
18604,28827,IGLJ7
15652,28832,IGLJ2
18443,28847,IGKV2OR22-4
17071,2885,GRB2
15108,28850,IGKV1OR22-5
16592,2886,GRB7
16554,28866,IGKV1OR2-3
16108,28869,IGKV6D-41
6091,2887,GRB10
1714,28870,IGKV6D-21
2623,28874,IGKV3D-20
13999,28875,IGKV3D-15
14000,28876,IGKV3D-11
12927,2888,GRB14
7293,28881,IGKV2D-30
16742,28882,IGKV2D-29
9341,28883,IGKV2D-28
16240,28884,IGKV2D-26
8904,28885,IGKV2D-24
13691,28888,IGKV2D-18
8609,2889,RAPGEF1
9438,28890,IGKV2D-10
12921,28891,IGKV1D-43
17644,28892,IGKV1D-42
18118,28899,IGKV1D-22
3292,2890,GRIA1
3248,28900,IGKV1D-17
1325,28901,IGKV1D-16
2084,28902,IGKV1D-13
12594,28903,IGKV1D-12
16241,28904,IGKV1D-8
13998,28906,IGKV6-21
17643,28907,IGKV5-2
456,2891,GRIA2
9437,28912,IGKV3-20
7885,28913,IGKV3-15
5669,28914,IGKV3-11
11672,28915,IGKV3-7
2083,28919,IGKV2-30
7374,2892,GRIA3
17493,28920,IGKV2-29
3915,28923,IGKV2-24
10481,28926,IGKV2-18
4886,2893,GRIA4
6644,28930,IGKV1-39
2976,28935,IGKV1-27
18123,28937,IGKV1-17
7224,28938,IGKV1-16
13690,28939,IGKV1-13
3088,2894,GRID1
2975,28940,IGKV1-12
11979,28941,IGKV1-9
2622,28942,IGKV1-8
13498,28943,IGKV1-6
16043,28947,IGKJ4
11409,28948,IGKJ3
5056,2895,GRID2
9921,28951,TRIB2
5451,28952,CCDC22
7368,28954,REM1
13269,28956,LAMTOR2
16287,28957,MRPS28
5550,28958,COA3
4647,28959,TMEM176B
8758,2896,GRN
9210,28964,GIT1
3523,28965,SLC27A6
14842,28966,SNX24
17419,28968,SLC6A16
9997,28969,BZW2
1622,2897,GRIK1
10894,28970,C11ORF54
13836,28973,MRPS18B
9381,28974,C19ORF53
1739,28976,ACAD9
18401,28977,MRPL42
17855,28978,TMEM14A
3540,2898,GRIK2
771,28981,IFT81
3904,28982,FLVCR1
4354,28983,TMPRSS11E
16910,28986,MAGEH1
11507,28987,NOB1
11854,28988,DBNL
1677,2899,GRIK3
16211,28990,ASTE1
14091,28992,MACROD1
11714,28996,HIPK2
7159,28998,MRPL13
8912,28999,KLF15
17123,29,ABR
2342,290,ANPEP
4887,2900,GRIK4
6007,2901,GRIK5
10535,29015,SLC43A3
9612,2902,GRIN1
4654,29028,ATAD2
5545,2903,GRIN2A
16983,29035,C16ORF72
226,2904,GRIN2B
12308,2905,GRIN2C
8134,2906,GRIN2D
6702,29062,WDR91
6197,29063,ZCCHC4
17747,29066,ZC3H7A
12724,29068,ZBTB44
9098,2907,GRINA
12768,29070,CCDC113
5869,29072,SETD2
1785,29078,NDUFAF4
14032,2908,NR3C1
15984,29080,CCDC59
6379,29081,METTL5
3957,29083,GTPBP8
9315,29085,PHPT1
17203,29087,THYN1
2885,2909,ARHGAP35
11573,29090,TIMM21
14846,29091,STXBP6
18165,29092,LINC00339
13829,29093,MRPL22
7253,29095,ORMDL2
14839,29097,CNIH4
7759,29099,COMMD9
14627,29100,TMEM208
10815,29101,SSU72
2660,29102,DROSHA
14185,29104,N6AMT1
10572,29106,SCG3
10139,29107,NXT1
7026,29108,PYCARD
1559,29109,FHOD1
2187,2911,GRM1
16621,29110,TBK1
14725,29113,C6ORF15
16762,29114,TAGLN3
1582,29115,SAP30BP
16269,29116,MYLIP
7196,29117,BRD7
2552,29118,DDX25
5165,29119,CTNNA3
3947,2912,GRM2
15396,29121,CLEC2D
12939,29122,PRSS50
7029,29123,ANKRD11
4982,29124,LGALS13
13184,29125,C11ORF21
17381,29126,CD274
17166,29127,RACGAP1
12787,29128,UHRF1
549,2913,GRM3
8522,2914,GRM4
2941,2915,GRM5
8508,2916,GRM6
8442,2917,GRM7
562,2918,GRM8
10487,2919,CXCL1
7516,292,SLC25A5
16577,2920,CXCL2
13733,2923,PDIA3
6906,2926,GRSF1
6896,2932,GSK3B
14871,2934,GSN
10733,2935,GSPT1
589,2936,GSR
11357,2937,GSS
17666,2938,GSTA1
10524,2939,GSTA2
12227,2940,GSTA3
15837,2942,GSTA6P
7286,2947,GSTM3
1684,2948,GSTM4
8371,2949,GSTM5
14380,2950,GSTP1
10618,2954,GSTZ1
9871,2956,MSH6
10343,2957,GTF2A1
15471,2958,GTF2A2
9898,2959,GTF2B
8461,2960,GTF2E1
10631,2962,GTF2F1
14612,2963,GTF2F2
17201,2965,GTF2H1
7710,2966,GTF2H2
1882,2967,GTF2H3
14658,2968,GTF2H4
7729,2969,GTF2I
13731,2971,GTF3A
12527,2972,BRF1
3384,2974,GUCY1B2
2347,2975,GTF3C1
8246,2976,GTF3C2
14599,29760,BLNK
1940,29761,USP25
2771,29763,PACSIN3
16008,29765,TMOD4
15064,29767,TMOD2
709,2977,GUCY1A2
11892,29774,POM121L9P
1943,29775,CARD10
8518,29777,ABT1
9534,2978,GUCA1A
10246,29780,PARVB
5262,29781,NCAPH2
18567,29785,CYP2S1
12355,29789,OLA1
16014,2979,GUCA1B
17374,29796,UQCR10
12813,29797,POM121L8P
7575,29798,C2ORF27A
15404,29799,YPEL1
15808,2980,GUCA2A
14875,29800,ZDHHC1
9818,29801,ZDHHC8
18464,29803,REPIN1
13681,2981,GUCA2B
18589,2982,GUCY1A1
7937,2982,GUCY1A3
4625,2983,GUCY1B3
11250,2984,GUCY2C
5664,29841,GRHL1
10920,29842,TFCP2L1
5437,29843,SENP1
665,29850,TRPM5
8430,29851,ICOS
15818,29855,UBN1
5180,2986,GUCY2F
1302,2987,GUK1
15799,29880,ALG5
5209,29881,NPC1L1
12687,29882,ANAPC2
14586,29883,CNOT7
9309,29886,SNX8
11445,29888,STRN4
5835,29889,GNL2
3678,29890,RBM15B
11444,29893,PSMC3IP
1828,29894,CPSF1
11818,29896,TRA2A
8889,29899,GPSM2
11187,2990,GUSB
2305,29902,FAM216A
14479,29904,EEF2K
1923,29906,ST8SIA5
2550,29907,SNX15
14861,29909,GPR171
4237,29911,HOOK2
7656,29914,UBIAD1
766,29915,HCFC2
11034,29919,C18ORF8
9958,2992,GYG1
13272,29922,NME7
14051,29923,HILPDA
995,29924,EPN1
379,29926,GMPPA
17465,29927,SEC61A1
14800,29928,TIMM22
15539,29929,ALG6
8485,2993,GYPA
2668,29930,PCDHB1
3398,29933,GPR132
16184,29934,SNX12
10459,29935,RPA4
14688,29937,NENF
9082,2994,GYPB
7960,29940,DSE
16696,29941,PKN3
8348,29943,PADI1
1095,29944,PNMA3
12953,29945,ANAPC4
7636,29946,SERTAD3
10143,29947,DNMT3L
5987,29948,OSGIN1
14256,29949,IL19
5308,2995,GYPC
6150,29950,SERTAD1
736,29951,PDZRN4
3767,29953,TRHDE
7010,29954,POMT2
8894,29956,CERS2
14941,29957,SLC25A24
3519,29958,DMGDH
15584,29959,NRBP1
9975,2996,GYPE
17132,29964,PRICKLE4
15791,29965,CDIP1
15965,29966,STRN3
8874,29967,LRP12
10497,29968,PSAT1
10004,29969,MDFIC
9331,2997,GYS1
4793,29970,SCHIP1
8018,29974,A1CF
18561,29978,UBQLN2
4414,29979,UBQLN1
2294,2998,GYS2
17350,29980,DONSON
13873,29982,NRBF2
15378,29985,SLC39A3
15055,29986,SLC39A2
13868,29988,SLC2A8
9229,29989,OBP2B
3140,2999,GZMH
4556,29990,PILRB
10037,29991,OBP2A
4644,29992,PILRA
9986,29993,PACSIN1
6377,29994,BAZ2B
8443,29995,LMCD1
16181,29997,GLTSCR2
14386,29998,GLTSCR1
5725,29999,FSCN3
13583,3,A2MP1
6619,30,ACAA1
12532,3000,GUCY2D
943,30000,TNPO2
10342,30001,ERO1L
10060,30008,EFEMP2
901,30009,TBX21
9503,3001,GZMA
2193,30010,NXPH1
14672,30011,SH3KBP1
8502,30012,TLX3
14614,3002,GZMB
6685,3003,GZMK
9752,3004,GZMM
14191,3005,H1F0
6402,3006,HIST1H1C
13693,30061,SLC40A1
8267,3007,HIST1H1D
17115,3008,HIST1H1E
12638,3009,HIST1H1B
4002,3010,HIST1H1T
16270,3012,HIST1H2AE
10770,3013,HIST1H2AD
11246,3014,H2AFX
15766,3015,H2AFZ
17891,3017,HIST1H2BD
14331,3020,H3F3A
18522,3021,H3F3B
6205,3024,HIST1H1A
6438,3026,HABP2
1664,3029,HAGH
3910,3030,HADHA
333,3032,HADHB
14270,3033,HADH
8978,3034,HAL
5464,3035,HARS
13211,3036,HAS1
9096,3037,HAS2
17052,3038,HAS3
17896,3039,HBA1
15024,3043,HBB
6285,3045,HBD
13959,3046,HBE1
16160,3047,HBG1
6790,3048,HBG2
16979,3049,HBQ1
9103,305,ANXA2P3
14478,3051,HBZP1
15650,3053,SERPIND1
1097,3054,HCFC1
1012,3055,HCK
2122,3059,HCLS1
2648,306,ANXA3
3536,3062,HCRTR2
1743,3064,HTT
5,3065,HDAC1
4467,3067,HDC
7386,3068,HDGF
7694,3069,HDLBP
6664,307,ANXA4
8957,3070,HELLS
749,3071,NCKAP1L
1541,3073,HEXA
3988,3074,HEXB
311,3075,CFH
11389,3077,HFE
1696,3078,CFHR1
7935,308,ANXA5
13986,3080,CFHR2
2991,3081,HGD
1042,30811,HUNK
16989,30812,SOX8
16366,30813,VSX1
17338,30815,ST6GALNAC6
9563,30816,ERVW-1
946,30817,EMR2
11673,30818,KCNIP3
1802,3082,HGF
3998,30820,KCNIP1
15953,3083,HGFAC
3296,30832,ZNF354C
10632,30835,CD209
4316,30836,DNTTIP2
17370,30837,SOCS7
590,3084,NRG1
1893,30844,EHD4
10211,30845,EHD3
7363,30846,EHD2
15778,30848,CTAG2
3265,30849,PIK3R4
16877,30850,CDR2L
16819,3087,HHEX
10932,309,ANXA6
15966,3090,HIC1
7427,3091,HIF1A
5286,3092,HIP1
12393,3093,UBE2K
11914,3094,HINT1
504,3096,HIVEP1
534,3097,HIVEP2
15980,3098,HK1
3844,3099,HK2
2860,31,ACACA
6435,310,ANXA7
8507,3101,HK3
13259,3104,ZBTB48
3300,3105,HLA-A
5120,3106,HLA-B
3705,3107,HLA-C
4817,3108,HLA-DMA
9619,311,ANXA11
13858,3110,MNX1
10597,3112,HLA-DOB
14040,3115,HLA-DPB1
13422,3117,HLA-DQA1
1210,3118,HLA-DQA2
2733,312,ANXA13
16779,3120,HLA-DQB2
3707,3122,HLA-DRA
16216,3123,HLA-DRB1
10326,3127,HLA-DRB5
4024,313,AOAH
5806,3131,HLF
18265,3132,HLA-DRB9
5159,3133,HLA-E
10218,3134,HLA-F
9530,3135,HLA-G
12226,3138,HLA-K
16637,3139,HLA-L
10906,314,AOC2
9913,3140,MR1
12586,3142,HLX
1155,3145,HMBS
12959,3148,HMGB2
15949,3151,HMGN2
7659,3155,HMGCL
10930,3156,HMGCR
2158,3157,HMGCS1
3477,3158,HMGCS2
10598,3159,HMGA1
375,316,AOX1
15161,3161,HMMR
13912,3163,HMOX2
2942,3164,NR4A1
6816,3167,HMX2
2812,317,APAF1
16529,3170,FOXA2
6638,3172,HNF4A
3558,3174,HNF4G
17538,3175,ONECUT1
14962,3176,HNMT
17528,317649,EIF4E3
6841,317662,FAM149B1
7306,317671,RFESD
12860,3177,SLC29A2
7063,317701,VN1R2
2520,317703,VN1R4
12916,317705,VN1R5
10140,317716,BPIFA4P
10125,317719,KLHL10
10229,317749,DHRS4L2
5257,317754,POTED
17605,317761,C14ORF39
6802,317772,HIST2H2AB
14610,317781,DDX51
2807,3178,HNRNPA1
5207,3181,HNRNPA2B1
9155,3184,HNRNPD
5073,3185,HNRNPF
12165,3187,HNRNPH1
3458,3188,HNRNPH2
15045,319,APOF
7452,3190,HNRNPK
4161,319089,TTC6
17604,319093,RHOQP1
11942,3191,HNRNPL
4555,319100,TAAR6
14773,319101,KRT73
18004,319114,ENSAP2
16320,319138,BNIP3P1
17889,3192,HNRNPU
12920,3196,TLX2
4827,3198,HOXA1
1212,3199,HOXA2
5532,32,ACACB
9362,320,APBA1
542,3200,HOXA3
16428,3201,HOXA4
10713,3202,HOXA5
7975,3203,HOXA6
10328,3204,HOXA7
5066,3205,HOXA9
543,3206,HOXA10
5208,3207,HOXA11
11185,3209,HOXA13
4173,321,APBA2
902,3211,HOXB1
4958,3212,HOXB2
13069,3213,HOXB3
903,3214,HOXB4
15078,3215,HOXB5
11329,3217,HOXB7
8028,322,APBB1
12554,3221,HOXC4
15540,3222,HOXC5
11871,3223,HOXC6
12729,3224,HOXC8
13027,3226,HOXC10
4899,3227,HOXC11
11255,3229,HOXC13
3969,323,APBB2
2095,3232,HOXD3
10921,3235,HOXD9
2983,3236,HOXD10
14964,3238,HOXD12
7690,3239,HOXD13
2163,324,APC
14134,3240,HP
12522,3242,HPD
6767,3249,HPN
6057,325,APCS
3611,3250,HPR
17068,3251,HPRT1
12365,3257,HPS1
3443,326,AIRE
16988,326310,RPL7AP6
16380,326341,SSXP3
2561,326342,EMR4P
8898,326591,MORF4L1P1
2451,3266,ERAS
4493,326624,RAB37
16166,326625,MMAB
10520,3267,AGFG1
15170,3268,AGFG2
9943,3269,HRH1
6808,327,APEH
6599,3270,HRC
15495,3273,HRG
8504,3274,HRH2
9815,3275,PRMT2
5780,327657,SERPINA9
5228,328,APEX1
17658,3280,HES1
13743,3281,HSBP1
290,3283,HSD3B1
6614,3284,HSD3B2
12329,3293,HSD17B3
17148,3294,HSD17B2
484,3295,HSD17B4
12048,3297,HSF1
12977,3298,HSF2
12158,33,ACADL
16660,330,BIRC3
15744,3300,DNAJB2
17031,3301,DNAJA1
14038,3303,HSPA1A
14039,3304,HSPA1B
16125,3305,HSPA1L
9673,3306,HSPA2
7504,3308,HSPA4
12330,3309,HSPA5
14883,331,XIAP
7388,3310,HSPA6
9419,3311,HSPA7
1866,3312,HSPA8
17078,3313,HSPA9
15994,3315,HSPB1
911,332,BIRC5
2484,3320,HSP90AA1
5574,3321,IGSF3
11697,3323,HSP90AA4P
3532,3326,HSP90AB1
9487,3327,HSP90AB3P
13279,3329,HSPD1
1932,333,APLP1
11459,3336,HSPE1
945,3337,DNAJB1
15030,3338,DNAJC4
9291,3339,HSPG2
1282,333926,PPM1J
15190,334,APLP2
9516,3340,NDST1
6828,3344,FOXN2
14022,3346,HTN1
7706,3347,HTN3
12402,335,APOA1
479,3350,HTR1A
6622,3351,HTR1B
7658,3352,HTR1D
4820,3354,HTR1E
9953,3355,HTR1F
786,3356,HTR2A
16188,3357,HTR2B
1085,3358,HTR2C
16076,3359,HTR3A
10931,3360,HTR4
5212,3361,HTR5A
15460,3363,HTR7
7608,337,APOA4
3568,3371,TNC
7106,3376,IARS
8303,337867,UBAC2
14550,337872,HIST3H2BA
2164,337876,CHSY3
12807,337878,KRTAP7-1
13361,337879,KRTAP8-1
12132,337880,KRTAP11-1
4266,337882,KRTAP19-1
15104,337959,KRTAP13-2
13629,337960,KRTAP13-3
13628,337963,KRTAP23-1
16672,337966,KRTAP6-1
15315,337967,KRTAP6-2
4563,337970,KRTAP19-3
7278,337971,KRTAP19-4
13093,337972,KRTAP19-5
17781,337973,KRTAP19-6
1623,337974,KRTAP19-7
16040,337976,KRTAP20-2
18031,337977,KRTAP21-1
10454,337978,KRTAP21-2
18180,337985,KRTAP20-3
1127,338,APOB
10911,338094,FAM151A
17003,3381,IBSP
7972,3382,ICA1
17564,3383,ICAM1
4251,338321,NLRP9
2261,338322,NLRP10
2764,338323,NLRP14
7519,338324,S100A7A
12361,338328,GPIHBP1
9591,338376,IFNE
16227,338391,HIST2H2BB
575,338398,TAS2R60
4838,338399,TAS2R62P
1580,3384,ICAM2
9679,338427,SNORD108
7625,338429,SNORD109B
13548,338436,BLACE
13570,338440,ANO9
16314,338442,HCAR2
9760,3385,ICAM3
11488,338557,FFAR4
16821,338567,KCNK18
11724,338596,ST8SIA6
6113,338645,LUZP2
11806,338661,TMEM225
15028,338674,OR5F1
690,338675,OR5AP2
6988,338692,ANKRD13D
18523,338699,ANKRD42
662,338707,B4GALNT4
14900,338751,OR52L1
1856,338755,OR2AG2
17584,338761,C1QL4
8979,338773,TMEM119
6731,338785,KRT79
4901,338811,FAM19A2
4896,338821,SLCO1B7
15238,338879,RNASE10
3393,338917,VSX2
12091,338949,TMEM202
18009,339005,WHAMMP3
14309,339044,PKD1P1
8734,339105,PRSS53
11684,339122,RAB43
9717,339145,FAM92B
8112,339175,METTL2A
11880,339184,CCDC144NL
3166,339221,ENPP7
14810,339230,CCDC137
13342,339241,KRT17P2
4950,339244,KRT16P4
9726,339263,C17ORF51
13670,339287,MSL1
18305,339290,LINC00667
8772,339291,LRRC30
15206,339302,CPLX4
3811,339318,ZNF181
16099,339324,ZNF260
146,339327,ZNF546
16517,339344,MYPOP
13931,339366,ADAMTSL5
9759,339390,CLEC4G
1285,339398,LINGO4
9028,339400,FLG-AS1
11969,339416,ANKRD45
11447,339451,KLHL17
12911,339476,ERVMER61-1
12,339479,BRINP3
12210,339500,ZNF678
5660,339501,PRSS38
6521,339512,C1ORF110
16138,339512,CCDC190
9065,339535,LINC01139
11057,339541,C1ORF228
3220,339559,ZFP69
15357,339562,IGKV1OR2-118
13118,3396,ICT1
5109,339669,TEX33
8424,339745,SPOPL
7295,339761,CYP27C1
8436,339766,MROH2A
11112,339768,ESPNL
10316,339778,C2ORF70
13491,339788,LINC00298
9067,339789,LINC00299
7881,339799,EIF3FP3
5186,339804,C2ORF74
7922,339829,CCDC39
4342,339834,CCDC36
12614,339855,KY
16144,339883,C3ORF35
8448,339896,GADL1
3218,3399,ID3
11844,339906,PRSS42
15952,339942,H1FX-AS1
2936,339965,CCDC158
7532,339967,TMPRSS11A
16391,339970,GCOM2
10708,339976,TRIML1
7927,339977,LRRC66
1134,339983,NAT8L
11064,34,ACADM
16777,3400,ID4
3012,340024,SLC6A19
12018,340037,PRR7-AS1
16265,340069,FAM170A
8500,340075,ARSI
2656,340094,LINC01020
55,340120,ANKRD34B
18395,340146,SLC35D3
15599,340156,MYLK4
7310,340168,DPPA5
9367,340205,TREML1
11391,340221,TNRC18P3
4830,340252,ZNF680
4823,340267,COL28A1
1211,340273,ABCB5
4021,340277,FAM221A
12984,340286,FAM183B
14054,340307,CTAGE6
8560,340348,TSPAN33
77,340351,AGBL3
10024,340359,KLHL38
11420,340371,NRBP2
214,340385,ZNF517
12047,340390,KIAA1875
14592,340393,TMEM249
9361,340419,RSPO2
593,340441,POTEA
12675,340481,ZDHHC21
14491,340485,ACER2
3827,340526,RGAG4
3644,340527,NHSL2
8856,340533,KIAA2022
17596,340543,TCEAL5
8862,340547,VSIG1
4534,340554,ZC3H12B
1262,340562,SATL1
14195,340571,SIAH1P1
1264,340578,DCAF12L2
17086,340591,CA5BP1
10159,340595,ZCCHC16
12273,340596,LHFPL1
13225,340602,CXORF67
5215,340654,LIPM
1221,340706,VWA2
15814,340719,NANOS1
7755,340745,LRIT2
87,340811,AKR1CL1
4080,340895,MALRD1
12711,340970,TRIM53CP
15025,340980,OR52B6
10722,340990,OTOG
17327,341,APOC1
679,341019,DCDC1
16306,341032,C11ORF53
2275,341116,MS4A10
1488,341152,OR2AT4
3113,341208,HEPHL1
7545,341276,OR10A2
6978,341277,OVCH2
17798,341315,PABPC1P4
18291,341333,HNRNPA1P70
13192,341346,SMCO2
3123,341350,OVCH1
3856,341359,SYT10
10424,341392,ACSM4
11024,341405,ANKRD33
15339,341416,OR6C2
4446,341418,OR6C4
6447,341568,OR8S1
11221,3416,IDE
5776,341640,FREM2
6456,341676,NEK5
11106,3417,IDH1
14780,341799,OR6S1
13329,341880,SLC35F4
4165,341883,LRRC9
3603,3419,IDH3A
15092,342,APOC1P1
17617,3420,IDH3B
1535,342035,GLDN
6748,342096,GOLGA6A
17789,3421,IDH3G
8084,342125,TMC3
3468,342184,FMN1
3646,3423,IDS
6142,342346,C16ORF96
5791,342357,ZKSCAN2
13742,342371,ATXN1L
1560,342372,PKD1L3
3409,342426,ZNF720P1
7229,3425,IDUA
16335,342527,SMTNL2
4218,342538,NACA2
7933,3426,CFI
2367,342618,SLFN14
14138,342667,STAC2
5655,3428,IFI16
4224,342850,ANKRD62
9771,342865,VSTM2B
16702,342892,ZNF850
11886,342897,NCCRP1
15090,342898,SYCN
15312,342900,LEUTX
4244,342908,ZNF404
2882,342909,ZNF284
9789,342918,C19ORF81
986,342926,ZNF677
12800,342931,RFPL4A
11522,342933,ZSCAN5B
10269,342945,ZSCAN22
10781,342994,RPL34P34
1901,343,AQP8
17224,343035,RD3
14392,343066,AADACL4
15684,343068,PRAMEF5
18418,343069,HNRNPCL1
13782,343071,PRAMEF10
14457,343099,CCDC18
18145,3431,SP110
3906,343169,OR6F1
8401,343170,OR14K1
4764,343171,OR2W3
9920,343172,OR2T8
4766,343173,OR2T3
10695,343263,MYBPHL
7757,3433,IFIT2
2589,343406,OR10R2
2590,343409,OR10J8P
1289,343413,FCRL6
2598,343450,KCNT2
286,343472,BARHL2
5030,343477,HSP90B3P
8374,343505,NBPF7
13359,343578,ARHGAP40
4995,343641,TGM6
8146,343702,XKR7
18323,343901,MRPS18CP6
13492,343930,MSGN1
6189,343990,KIAA1211L
11887,344,APOC2
3339,3440,IFNA2
12919,344022,NOTO
16429,3441,IFNA4
362,344148,NCKAP5
351,344167,FOXI3
5420,344191,EVX2
17160,3442,IFNA5
3338,3443,IFNA6
13994,344387,CDKL4
12602,344454,AOX2P
13864,3445,IFNA8
11097,344558,SH3RF3
3924,344561,GPR148
14432,3446,IFNA10
2129,344657,LRRIQ4
5460,344658,SAMD7
16838,344729,OR7E140P
8256,344752,AADACL2
2645,344758,GPR149
17577,344760,VN2R1P
17845,3448,IFNA14
8459,344805,TMPRSS7
6620,344807,CD200R1L
7917,344838,PAQR9
15590,344875,COL6A4P1
426,344892,RTP2
5214,3449,IFNA16
8471,344901,OSTN
428,344905,ATP13A5
222,345,APOC3
14207,345016,PES1P1
11153,345062,PRSS48
3976,345079,SOWAHB
16970,345193,LRIT3
2649,345274,SLC10A6
6198,345275,HSD17B13
16776,345462,ZNF879
2662,345557,PLCXD3
14273,345643,MCIDAS
13520,345651,ACTBL2
15833,345757,FAM174A
2665,345778,MTX3
7335,3458,IFNG
5906,345895,RSPH4A
533,345930,ECT2L
7557,3460,IFNGR2
1783,346007,EYS
1781,346157,ZNF391
7954,346171,ZFP57
6550,346288,SEPT14
16275,346288,SEPTIN14
2195,346389,MACC1
2211,346517,OR6V1
17030,346525,OR2A12
12328,346528,OR2A1
7730,346562,GNAT3
13392,346606,MOGAT3
16086,346653,FAM71F2
8561,346673,STRA8
215,3467,IFNW1
10667,346702,PRSS51
15507,346708,OR7E8P
5051,347,APOD
14747,347051,SLC10A5
11790,347088,GPR144
7745,347127,SPATA31D5P
12682,347168,OR1J1
9606,347169,OR1B1
4659,347240,KIF24
15015,347265,KRT8P11
16502,347273,MURC
13102,347344,ZNF81
10153,347359,BMP2KL
6318,347365,ITIH6
9287,347404,LANCL3
8853,347411,MPC1L
1071,347442,DCAF8L2
13418,347454,SOWAHD
5112,347487,CXORF66
1145,3475,IFRD1
15894,347516,DGAT2L6
5413,347517,RAB41
3448,347527,ARSH
10151,347541,MAGEB5
18546,347584,TSPY11P
5452,3476,IGBP1
6716,347688,TUBB8
16251,347689,SOX2-OT
18514,347705,MRPS36P1
15203,347716,USP32P3
5151,347730,LRRTM1
5931,347731,LRRTM3
4809,347732,CATSPER3
14335,347733,TUBB2B
4381,347734,SLC35B2
9056,347735,SERINC2
7528,347736,NME9
8116,347741,OTOP3
15162,347744,C6ORF52
8645,347853,TBX10
14776,3479,IGF1
15903,347902,AMIGO2
17820,347918,EP400NL
18479,347918,EP400P1
15530,348,APOE
6300,3480,IGF1R
17732,348013,TMEM255B
13336,348093,RBPMS2
10093,348094,ANKDD1A
14516,3481,IGF2
8993,348156,PKD1P5
9172,348158,ACSM2B
2697,3482,IGF2R
7803,348254,CCDC144CP
15564,348262,FAM195B
16021,348262,MCRIP1
11890,348327,ZNF530
16041,348378,FAM159A
8274,3484,IGFBP1
11047,348487,FAM131C
11711,3486,IGFBP3
8850,348645,C22ORF34
1194,348654,GEN1
13277,348738,C2ORF48
9070,348751,FTCDNL1
14524,3488,IGFBP5
5583,348801,LNP1
12947,348807,CCDC37
9303,348825,TPRXL
228,3489,IGFBP6
15496,348926,FAM86EP
461,348932,SLC6A18
16774,348938,NIPAL4
3986,348980,HCN1
14509,3491,CYR61
6941,349136,WDR86
12034,349152,DPY19L2P2
3399,3493,IGHA1
1527,3494,IGHA2
10958,3495,IGHD
14396,349565,NMNAT3
15736,349667,RTN4RL2
1239,3497,IGHE
7785,3498,IGHEP1
8062,35,ACADS
8318,350,APOH
6792,3500,IGHG1
10230,3501,IGHG2
5978,3502,IGHG3
16623,3503,IGHG4
12779,350383,GPR142
12301,3505,IGHGP
11586,3507,IGHM
10338,3508,IGHMBP2
10142,351,APP
6534,3512,IGJ
6806,3514,IGKC
11998,3516,RBPJ
16741,3523,IGKV3OR2-268
13536,352999,C6ORF58
13919,353,APRT
14231,353001,HCG4P3
14208,353013,RPL7AP7
10870,353088,ZNF429
12502,353091,RAET1G
13325,353116,RILPL1
10393,353131,LCE1A
12904,353132,LCE1B
17607,353134,LCE1D
11965,353135,LCE1E
15579,353137,LCE1F
3653,353139,LCE2A
5843,353140,LCE2C
12575,353141,LCE2D
15578,353142,LCE3A
5956,353164,TAS2R42
4724,353174,ZACN
15289,353189,SLCO4C1
12104,353196,KRT16P5
9594,3532,IGKV1OR-2
16007,353238,PADI6
393,353274,ZNF445
16870,353288,KRT26
1695,353299,RGSL1
11849,353322,ANKRD37
8911,353324,SPATA12
15107,353332,KRTAP12-1
15106,353333,KRTAP10-10
205,353345,GPR141
1135,353497,POLN
5571,353500,BMP8A
6587,353511,PKD1P6
12124,353514,LILRA5
17038,3537,IGLC1
18102,3538,IGLC2
15095,354,KLK3
13222,3543,IGLL1
1092,3547,IGSF1
13503,3549,IHH
3740,355,FAS
4404,3551,IKBKB
8419,3553,IL1B
10986,3554,IL1R1
12357,3556,IL1RAP
3921,3557,IL1RN
14717,3558,IL2
14435,3559,IL2RA
11454,356,FASLG
13636,3560,IL2RB
1081,3561,IL2RG
5200,3562,IL3
3823,3563,IL3RA
1554,3566,IL4R
7904,3568,IL5RA
9546,3569,IL6
10369,357,SHROOM2
15686,3570,IL6R
12495,3572,IL6ST
18454,3573,IL6STP1
3559,3574,IL7
1102,3575,IL7R
10587,3577,CXCR1
9072,3579,CXCR2
544,358,AQP1
15145,3580,CXCR2P1
3464,3581,IL9R
7521,3586,IL10
3116,3587,IL10RA
8836,3588,IL10RB
15098,3589,IL11
14018,3592,IL12A
3175,3594,IL12RB1
7477,3595,IL12RB2
6539,3596,IL13
4305,3597,IL13RA1
4258,359710,BPIFB3
13035,359739,MRPL3P1
5181,359760,MRPS17P9
18349,359770,MRPS21P6
16953,359774,DAP3P2
9112,359787,DPPA3
4541,3598,IL13RA2
15308,359845,FAM101B
16236,359948,IRF2BP2
659,36,ACADSB
1451,360,AQP3
15156,3600,IL15
17525,360019,KRT18P10
3657,360023,ZBTB41
4891,360030,NANOGNB
1457,3601,IL15RA
930,360200,TMPRSS9
11862,360203,GLT6D1
14142,360205,PRAC2
12098,360226,PRSS41
5089,3603,IL16
14932,3604,TNFRSF9
4010,3605,IL17A
15962,3606,IL18
296,3608,ILF2
9014,3609,ILF3
10224,3611,ILK
10277,3612,IMPA1
11591,3613,IMPA2
6418,3614,IMPDH1
11988,3615,IMPDH2
520,3617,IMPG1
11234,3619,INCENP
9575,3620,IDO1
13041,3621,ING1
2102,3623,INHA
8273,3624,INHBA
13500,3625,INHBB
2809,3626,INHBC
8478,3627,CXCL10
12728,363,AQP6
9168,3630,INS
10918,3631,INPP4A
12512,3632,INPP5A
12206,3633,INPP5B
1726,3635,INPP5D
1487,3636,INPPL1
6213,3638,INSIG1
4658,364,AQP7
3836,3643,INSR
300,3645,INSRR
1952,3646,EIF3E
17116,3647,EIF3EP1
783,3651,PDX1
11812,3652,IPP
8868,3654,IRAK1
2634,3655,ITGA6
11114,3656,IRAK2
16575,3658,IREB2
15335,3659,IRF1
6139,366,AQP9
6009,3661,IRF3
4814,3662,IRF4
15006,3663,IRF5
13246,3665,IRF7
8433,3667,IRS1
11503,3669,ISG20
5638,367,AR
5517,3670,ISL1
8991,3671,ISLR
14893,3672,ITGA1
6397,3673,ITGA2
1911,3674,ITGA2B
12774,3675,ITGA3
3930,3676,ITGA4
14106,3678,ITGA5
14107,3679,ITGA7
1166,368,ABCC6
5684,3680,ITGA9
862,3681,ITGAD
6306,3682,ITGAE
5793,3683,ITGAL
861,3684,ITGAM
6884,3685,ITGAV
239,3687,ITGAX
4667,3688,ITGB1
8838,3689,ITGB2
1176,369,ARAF
13671,3690,ITGB3
5298,3691,ITGB4
4616,3693,ITGB5
2529,3694,ITGB6
17849,3695,ITGB7
4394,3696,ITGB8
2642,3697,ITIH1
2236,3698,ITIH2
5872,3699,ITIH3
15680,37,ACADVL
190,3700,ITIH4
1404,3702,ITK
16506,3703,STT3A
5490,3704,ITPA
4933,3705,ITPK1
13688,3707,ITPKB
2638,3708,ITPR1
4442,3709,ITPR2
11603,3710,ITPR3
5483,3712,IVD
7384,3713,IVL
11825,3714,JAG2
4573,3716,JAK1
8945,3717,JAK2
143,3718,JAK3
17397,372,ARCN1
6921,3720,JARID2
4313,3725,JUN
14821,3726,JUNB
15521,3728,JUP
14894,373,TRIM23
6503,3730,KAL1
12994,373156,GSTK1
1858,3732,CD82
17023,3735,KARS
2844,373509,USP50
6611,3736,KCNA1
6869,3737,KCNA2
14943,3738,KCNA3
4735,373856,USP41
1992,3739,KCNA4
12000,374,AREG
2479,3741,KCNA5
726,3742,KCNA6
5405,374286,CDRT1
9754,374291,NDUFS7
3081,374308,PTCHD3
1110,374355,CCDC172
4108,374378,GALNT18
10057,374383,NCR3LG1
2782,374393,FAM111B
8294,374395,TMEM179B
14942,3744,KCNA10
1111,374403,TBC1D10C
2298,374454,KRT77
1231,374462,PTPRQ
7466,374491,TPTE2P6
2893,3745,KCNB1
14384,374569,ASPG
1474,3746,KCNC1
10855,374618,TEX9
10856,374650,GOLGA6L5P
5786,374654,KIF7
5402,374655,ZNF710
12468,374659,HDDC3
9691,374666,WASH3P
5136,374677,WASH4P
8060,3747,KCNC2
6473,374739,TEPP
9721,374768,SPEM1
2365,374786,EFCAB5
8113,374819,LRRC37A3
6634,374860,ANKRD30B
4968,374864,CCDC178
9750,374868,ATP9B
12407,374872,C19ORF35
15265,374875,HSD11B1L
4974,374879,ZNF699
2389,374882,TMEM205
12791,374897,SBSN
17326,374899,ZNF829
2957,3749,KCNC4
9131,374900,ZNF568
2409,374918,IGFL1
13963,374920,C19ORF68
8816,374928,ZNF773
17933,374946,DRAXIN
11402,374955,SPATA21
276,374969,CCDC23
1279,374986,FAM73A
13147,374986,MIGA1
17195,375,ARF1
5827,3750,KCND1
5303,375033,PEAR1
8242,375035,SFT2D2
1701,375056,MIA3
8899,375057,C1ORF95
14200,375061,FAM89A
7986,3751,KCND2
18497,375133,PI4KAP2
5306,375190,FAM228B
8372,3752,KCND3
1327,375248,ANKRD36
7895,375260,WASH2P
6669,375298,CERKL
9334,3753,KCNE1
15797,375316,RBM44
7903,375318,AQP12A
14969,375323,LHFPL4
3940,375337,TOPAZ1
5871,375341,C3ORF62
17653,375346,TMEM110
14567,375387,NRROS
11084,3754,KCNF1
13240,375444,C5ORF34
1392,375449,MAST4
5896,375484,SIMC1
3638,3755,KCNG1
9553,375567,VWC2
8552,375593,TRIM73
1699,3756,KCNH1
9599,375601,OR7E31P
4034,375607,NAT16
14513,375611,SLC26A5
9261,375612,LHFPL3
6934,375616,KCP
14431,375686,SPATC1
6939,3757,KCNH2
14064,375719,AQP7P1
11923,375748,ERCC6L2
12294,375757,SWI5
9609,375759,C9ORF50
6172,375775,PNPLA7
11448,375790,AGRN
13249,3758,KCNJ1
4220,3759,KCNJ2
13446,375940,DMBT1P1
6526,3760,KCNJ3
9825,3761,KCNJ4
12465,376132,LRRC10
3585,3762,KCNJ5
14505,3763,KCNJ6
9649,3764,KCNJ8
14156,376497,SLC27A1
11535,3766,KCNJ10
17703,3767,KCNJ11
4208,3768,KCNJ12
11599,376940,ZC3H6
13674,3770,KCNJ14
6889,377007,KLHL30
12611,377047,PRSS45
14519,3772,KCNJ15
5808,3773,KCNJ16
5579,3776,KCNK2
9922,3777,KCNK3
2244,3778,KCNMA1
12550,377841,ENTPD8
6891,378,ARF4
11613,3780,KCNN1
5496,3781,KCNN2
1960,3782,KCNN3
9784,3783,KCNN4
1036,3785,KCNQ2
6948,3786,KCNQ3
8827,3787,KCNS1
1672,378708,CENPS
14287,3788,KCNS2
16723,378807,CATSPER4
2491,378810,SNX19P1
13362,378832,COL18A1-AS1
815,378881,MIR381HG
14575,378884,NHLRC1
16405,378925,RNF148
3752,378938,MALAT1
13774,379,ARL4D
5418,3790,KCNS3
11383,379006,RBMY2QP
7230,3791,KDR
573,3792,KEL
335,3795,KHK
9978,3796,KIF2A
181,3797,KIF3C
4146,3798,KIF5A
8015,3799,KIF5B
12073,38,ACAT1
3496,3800,KIF5C
11308,3801,KIFC3
992,3802,KIR2DL1
7064,3804,KIR2DL3
17600,3805,KIR2DL4
3432,3809,KIR2DS4
17677,381,ARF5
1254,3811,KIR3DL1
11521,3812,KIR3DL2
8475,3815,KIT
978,3816,KLK1
13413,3817,KLK2
45,3818,KLKB1
8053,3820,KLRB1
16456,3821,KLRC1
6729,3822,KLRC2
2800,3824,KLRD1
6532,3827,KNG1
6137,3831,KLC1
9620,3832,KIF11
4006,3833,KIFC1
7241,3834,KIF25
15069,3835,KIF22
11127,3836,KPNA1
5097,3837,KPNB1
16690,3838,KPNA2
6455,3839,KPNA3
2325,384,ARG2
9472,3840,KPNA4
6546,3841,KPNA5
2664,3842,TNPO1
15860,3843,IPO5
1874,3845,KRAS
11423,3846,KRTAP5-9
8675,3848,KRT1
10065,3849,KRT2
5222,3850,KRT3
13194,3851,KRT4
747,3852,KRT5
2805,3853,KRT6A
746,3854,KRT6B
16582,3855,KRT7
5345,3856,KRT8
4211,3857,KRT9
17011,3858,KRT10
3418,3859,KRT12
6819,3860,KRT13
9732,3861,KRT14
12772,3866,KRT15
9193,386617,KCTD8
13899,386618,KCTD4
7444,386672,KRTAP10-4
2899,386674,KRTAP10-6
9359,386675,KRTAP10-7
2437,386676,KRTAP10-9
17782,386677,KRTAP10-1
1669,386678,KRTAP10-11
15483,386680,KRTAP10-5
10367,386681,KRTAP10-8
5107,386682,KRTAP10-3
1047,386683,KRTAP12-3
15538,386685,KRTAP10-12
3677,386724,AMIGO3
9106,386746,MRGPRG
6784,386757,SLC6A10P
894,3868,KRT16
6263,387,RHOA
17029,387032,ZKSCAN4
4295,387036,GUSBP2
14844,387043,RPL13AP
17844,387066,SNHG5
16972,387104,SOGA3
4829,387129,NPSR1
5993,3872,KRT17
17912,387254,SLC7A5P2
12333,387264,KRTAP5-1
8627,387266,KRTAP5-3
5939,387267,KRTAP5-4
2784,387273,KRTAP5-10
11167,387316,VN1R10P
3775,387332,TBPL2
5836,387338,NSUN4
8532,387357,THEMIS
15547,387496,RASL11A
271,387509,GPR153
10453,387522,TMEM189-UBE2V1
13207,387559,FGF7P1
264,387590,TPTEP1
1292,387597,ILDR2
4876,387601,SLC22A25
10719,387640,SKIDA1
10569,387646,LRRC37A6P
11820,387680,FAM21A
8020,387694,SH2D4B
5935,387700,SLC16A12
12277,387712,ENO4
12700,387718,TEX36
5749,387733,IFITM5
8209,387748,OR56B1
3746,387751,GVINP1
3096,387755,INSC
13574,387758,FIBIN
16455,387763,C11ORF96
2278,387775,SLC22A10
9639,387787,LIPT2
13143,387804,VSTM5
2795,387815,OR8G3P
16310,387836,CLEC2A
15625,387841,RPL13AP20
18390,387845,EEF1A1P16
14902,387849,REP15
15048,387882,C12ORF75
15371,387885,CCDC42B
5438,387890,TMEM233
5478,387893,SETD8
10228,387911,C1QTNF9B
15678,387914,SHISA2
16679,387921,NHLRC3
5087,387978,C14ORF23
7472,3880,KRT19
2834,388007,SERPINA13P
814,388015,RTL1
9171,388021,TMEM179
17512,388077,IGHV1OR15-1
10124,3881,KRT31
14790,388115,C15ORF52
15634,388122,RPSAP55
12092,388135,C15ORF59
9695,388199,PRR25
15076,3882,KRT32
15752,388228,SBK1
2486,388255,IGHV3OR16-8
16565,388272,C16ORF87
12342,388275,HNRNPA1P7
1570,3883,KRT33A
17321,388323,GLTPD2
7798,388324,INCA1
11321,388327,C17ORF100
3158,388333,SPDYE4
7800,388335,TMEM220
12103,388336,SHISA6
9728,388363,RPS7P1
4483,388364,TMIGD1
16869,388372,CCL4L1
15075,388381,C17ORF98
17519,388387,LINC00671
7807,3884,KRT33B
13344,388403,YPEL2
15081,388407,C17ORF82
16342,388428,AATK-AS1
1920,388468,POTEC
4956,3885,KRT34
16715,388503,C3P1
11398,388512,CLEC17A
6244,388514,CYP4F24P
5634,388523,ZNF728
16669,388531,RGS9BP
11343,388536,ZNF790
967,388551,CEACAM16
15380,388552,BLOC1S3
4985,388555,IGFL3
4989,388558,ZNF808
18387,388559,ZNF888
987,388561,ZNF761
17138,388567,ZNF749
7643,388569,ZNF324B
2949,388579,TUBB8P11
16718,388585,HES5
5301,388591,RNF207
16220,388595,TMEM82
15204,3886,KRT35
7848,388605,HS6ST1P1
8360,388630,TRABD2B
18122,388633,LDLRAD1
2040,388646,GBP7
14680,388649,C1ORF146
12571,388662,SLC6A17
3651,388677,NOTCH2NL
15490,388677,NOTCH2NLA
17487,388685,LINC01138
2583,388695,LYSMD1
10,388697,HRNR
1688,388698,FLG2
16705,388699,LINC00302
1500,3887,KRT81
9422,388714,FMO6P
2596,388719,LINC00272
13430,388722,C1ORF53
12419,388730,TMEM81
16009,388743,CAPN8
13991,388759,C1ORF229
2612,388761,OR14A2
9429,388762,OR2M1P
5000,388795,EFCAB8
9806,388799,FAM209B
6126,3888,KRT82
13219,388818,KRTAP26-1
8674,3889,KRT83
8849,388910,LINC00207
6065,388931,MFSD2B
13493,388939,C2ORF71
17640,388946,TMEM247
14258,388951,TSPYL6
3668,388960,C2ORF78
16140,388962,BOLA3
1712,388963,C2ORF81
14957,388965,FUNDC2P2
2480,3890,KRT84
4331,389000,SLC9B1P2
3494,389015,SLC9A4
18128,389053,HNRNPKP2
17576,389058,SP5
13808,389072,PLEKHM3
18119,389073,C2ORF80
17545,389075,RESP18
14008,389084,C2ORF82
1348,389090,OR6B2
744,3891,KRT85
8250,389114,ZNF662
8452,389118,CDHR4
14012,389123,IQCF2
18200,389124,IQCF5
3949,389125,MUSTN1
402,389136,VGLL3
11123,389137,ARMC10P1
3267,389151,PRR23B
7405,389158,PLSCR5
17840,389161,ANKUB1
8257,389170,LEKR1
1744,389197,C4ORF50
16663,3892,KRT86
11143,389203,SMIM20
437,389206,BEND4
6169,389208,TMPRSS11F
8921,389240,NACA3P
18039,389246,VTI1BP2
477,389289,ANXA2R
12193,389333,PROB1
5707,389336,C5ORF46
2674,389337,ARHGEF37
17039,389376,SFTA2
4379,389384,C6ORF222
14659,389396,GLYATL3
6693,389400,GFRAL
12027,389421,LIN28B
18389,389428,RPL5P18
5908,389432,SAMD5
15169,389493,NUPR1L
6177,3895,KTN1
7318,389524,GTF2IRD2B
13543,389549,FEZF1
4297,389558,FAM180A
1218,389610,XKR5
18555,389618,FAM90A6P
588,389643,NUGGC
7996,389649,C8ORF86
5919,389658,FAM150A
4842,389668,XKR9
13170,389672,RPSAP47
10019,389674,HNRNPA1P4
6708,389676,C8ORF87
13394,389677,RBM12B
8589,389690,MROH5
1649,3897,L1CAM
3726,389715,FAM205B
618,389730,SPATA31A6
11922,389756,AQP7P2
8949,389761,SPATA31D4
15924,389762,SPATA31D3
2226,389763,SPATA31D1
15508,389766,C9ORF153
6103,389799,C9ORF171
8395,3898,LAD1
16814,389812,LCN15
17211,389827,TMEM8C
6504,389840,MAP3K15
14834,389844,FTH1P19
16475,389856,USP27X
15221,389860,PAGE2B
18492,389866,SERBP1P1
11400,389874,ZCCHC13
15727,389898,UBE2NL
353,3899,AFF3
11212,389932,AKR1C6P
1848,389941,C1QL3
17117,39,ACAT2
3251,390,RND3
17700,390031,SSU72P2
12064,390033,SSU72P7
10053,390035,OR52K3P
4862,390036,OR52K1
16453,390037,OR52I1
667,390038,OR51D1
5434,390040,OR51F5P
16825,390053,OR52A4
1473,390054,OR52A5
8961,390058,OR51B6
10056,390059,OR51M1
6722,390061,OR51Q1
13571,390063,OR51I1
8289,390064,OR51I2
4863,390066,OR52D1
10534,390067,OR52H1
11225,390072,OR52N4
7163,390075,OR52N5
5077,390077,OR52N2
6975,390078,OR52E6
1855,390079,OR52E8
4106,390081,OR52E4
16051,390083,OR56A3
13322,390091,OR10AB1P
5473,390093,OR10A6
5399,390110,ACCSL
11231,390113,OR4X1
11730,390134,OR4A4P
6981,390142,OR5D13
2510,390144,OR5D16
6333,390148,OR5W2
688,390151,OR8H2
7112,390152,OR8H3
4428,390154,OR5T3
3750,390155,OR5T1
3364,390157,OR8K1
1149,390162,OR5M9
8037,390166,OR5M5P
220,390167,OR5M10
2271,390168,OR5M1
3579,390174,OR9G1
3106,390181,OR5AK2
2781,390190,OR5B2
1478,390191,OR5B12
17705,390195,OR5AN1
2273,390197,OR4D10
12071,390199,OR4D9
14090,390201,OR10V1
17311,390205,LRRC10B
16414,390212,GPR152
15369,390213,DOC2GP
6118,390231,TRIM77
13432,390233,TRIM64FP
4884,390243,FOLR4
6222,390245,KDM4E
17994,390259,BSX
17715,390260,OR6X1
15039,390261,OR6M1
14767,390264,OR10G4
6990,390265,OR10G7
4890,390271,OR8B3
8657,390275,OR8A1
7825,3903,LAIR1
4897,390313,OR5BS1P
2481,390321,OR6C1
17101,390323,OR6C75
2808,390326,OR6C76
6733,390327,OR6C70
18142,390378,PPIAP28
3184,3904,LAIR2
794,390429,OR4N2
6457,390433,OR4K13
3385,390436,OR4K17
14115,390437,OR4N5
4158,390439,OR11G2
14779,390441,OR11H7
6133,390442,OR11H4
12371,390443,RNASE9
8696,390445,OR5AU1
11361,390530,IGHV1OR21-1
5295,390531,IGHV1OR15-9
12759,390535,GOLGA8EP
823,390538,OR4M2
16665,390539,OR4N3P
5443,390594,KBTBD13
5485,390598,SKOR1
4681,3906,LALBA
10096,390616,ANKRD34C
8726,390637,GDPGP1
3151,390648,OR4F6
17746,390649,OR4F15
15637,390651,OR4F13P
14307,390652,OR4F28P
16642,390660,ADAMTS7P1
16859,390664,C1QTNF8
11296,390667,PTX4
15874,390732,CES1P2
14311,390748,PABPN1L
13203,390756,OR3A4P
7035,390790,ARL5C
8108,390792,KRT39
2185,3908,LAMA2
14812,390834,FEM1AP2
13745,390836,OR4K8P
10202,390844,ARIH2P1
13932,390874,ONECUT3
12117,390883,OR7G3
8793,390892,OR7A10
8775,3909,LAMA3
16550,390916,NUDT19
11354,390980,ZNF805
14328,390992,HES3
1270,390999,PRAMEF12
12703,391,RHOG
526,3910,LAMA4
13477,391003,PRAMEF18
12894,391004,PRAMEF17
14934,391013,PLA2G2C
17918,391045,SLC2A3P2
15685,391051,UOX
6517,391059,FRRS1
8834,3911,LAMA5
1288,391107,OR10K2
5653,391109,OR10K1
7520,391112,OR6Y1
13484,391114,OR6K3
16629,391117,OR10J2P
7866,391123,VSIG8
18038,391179,KRT18P32
2924,391189,OR11L1
6660,391190,OR2L8
2069,391191,OR2AK2
1311,391192,OR2L3
1312,391194,OR2M2
17,391195,OR2T33
6510,391196,OR2M7
2706,3912,LAMB1
6661,391211,OR2G6
4526,391267,ANKRD20A11P
2117,3913,LAMB2
338,391365,SULT6B1
3903,3914,LAMB3
5676,391475,DYTN
3235,3915,LAMC1
3257,391524,THRAP3P1
18587,391559,VTI1BP1
18474,391576,OR7E129P
16526,3916,LAMP1
13516,391622,USP17L6P
13517,391630,OR7E83P
11996,391632,OR7E35P
7701,391634,HSP90AB2P
16493,391723,HELT
309,3918,LAMC2
13247,392,ARHGAP1
12144,3920,LAMP2
11116,3921,RPSA
82,392138,OR2A25
17680,392194,OR7E158P
14400,392197,USP17L7
15420,392242,REXO1L8P
5525,392255,GDF6
13172,392267,IMPDH1P6
13555,392307,FAM221B
14061,392308,OR13E1P
15273,392309,OR13J1
10223,392335,MYO5BP2
9598,392360,CTSL3P
3341,392376,OR13C2
5741,392390,OR1L6
12683,392391,OR5C1
17506,392399,LCN9
10976,392459,CXXC1P1
2952,3925,STMN1
14198,392509,ARL13A
8537,392617,ELFN1
2194,392636,AGMO
6754,3927,LASP1
9160,392752,OR7E7P
11716,392843,IQCA1P1
2192,392862,GRID2IP
5821,3929,LBP
10466,393,ARHGAP4
322,3930,LBR
14214,3931,LCAT
8356,3932,LCK
11643,3933,LCN1
6953,3934,LCN2
9275,3936,LCP1
1105,3937,LCP2
1333,3938,LCT
13960,3939,LDHA
1161,394,ARHGAP5
10804,394217,FGF7P2
201,394263,MUC21
11021,3945,LDHB
17804,3947,LDHBP2
11229,3948,LDHC
4499,3949,LDLR
9286,395,ARHGAP6
9259,3950,LECT2
5028,3953,LEPR
14569,3954,LETM1
18171,3955,LFNG
7282,3956,LGALS1
8767,3959,LGALS3BP
5247,396,ARHGDIA
9779,3960,LGALS4
7479,3964,LGALS8
17217,3965,LGALS9
12075,397,ARHGDIB
5668,3973,LHCGR
17786,3976,LIF
474,3977,LIFR
3812,3978,LIG1
5236,398,ARHGDIG
13927,3980,LIG3
1234,3981,LIG4
14168,3982,LIM2
12237,3983,ABLIM1
11189,3984,LIMK1
5565,3985,LIMK2
6373,3987,LIMS1
648,3988,LIPA
17598,399,RHOH
1537,3990,LIPC
15846,3991,LIPE
17265,3992,FADS1
13071,3993,LLGL2
12792,399473,SPRED3
16928,399474,TMEM200B
4873,3995,FADS3
13340,399512,SLC25A35
2631,399520,TIMM8AP1
10351,3996,LLGL1
16926,399664,MEX3D
4849,399665,FAM102A
5440,399671,HEATR4
1667,399687,MYO18A
8999,399687,TIAF1
4179,399694,SHC4
9682,399697,CTXN2
18535,399744,LINC00999
10129,3998,LMAN1
16699,399814,C10ORF120
15902,399818,METTL10
4101,399823,FOXI2
13011,399829,LINC01168
10193,399881,HNRNPKP3
16303,399888,FAM180B
1862,399909,PCNXL3
12072,399937,TRIM51BP
9641,399939,TRIM49D1
11734,399940,TRIM51EP
10196,399947,C11ORF87
11735,399948,COLCA1
711,399949,C11ORF88
11738,399965,KRT18P59
3758,399967,PATE2
4133,399979,SNX19
2557,40,ASIC2
15905,400,ARL1
11578,4000,LMNA
7090,400058,MKRN9P
17726,400073,C12ORF76
13730,400110,ANKRD20A19P
14111,400120,SERTM1
13115,400129,SMARCE1P5
7009,400224,PLEKHD1
13596,400322,HERC2P2
5782,400359,C15ORF53
13573,4004,LMO1
12093,400406,ADAMTS7P3
4939,400410,ST20
4190,400451,FAM174B
3356,4005,LMO2
16944,400506,KNOP1
4942,400508,CRYM-AS1
10291,400566,C17ORF97
3613,400569,MED11
16643,400578,KRT16P2
138,400629,TEX19
14151,400657,LINC00909
16346,400668,PRSS57
16349,400673,VMAC
10204,400680,LINC00664
17289,4007,PRICKLE3
7364,400709,SIGLEC16
10972,400713,ZNF880
16703,400720,ZNF772
13966,400728,FAM87B
2569,400735,PRAMEF4
4746,400745,SH2D5
16722,400746,NCMAP
5500,400757,C1ORF141
13977,400765,MIR137HG
10684,400793,C1ORF226
18344,400797,LINC00083
11072,400798,C1ORF220
1998,4008,LMO7
5841,400818,NBPF9
11407,400823,FAM177B
2052,4009,LMX1A
5016,400935,IL17REL
16237,400941,LINC00487
15987,400950,C2ORF91
13496,400952,LINC01121
2078,400954,EML6
9031,400955,LINC01122
10652,400960,PCBP1-AS1
10881,400961,PAIP2B
4773,400966,RGPD1
1326,400986,ANKRD36C
8043,401,PHOX2A
14003,401007,NF1P8
9445,401018,CTAGE14P
1342,401024,FSIP2
7576,401027,C2ORF66
9250,401067,IQCF3
5054,401124,DTHD1
17812,401136,TMPRSS11BNL
9080,401138,AMTN
9258,401145,CCSER1
9505,401190,RGS7BP
2666,4012,LNPEP
16956,401207,C5ORF63
15544,401233,HTATSF1P2
11851,401236,STMND1
12225,401237,CASC15
2536,401247,LINC00243
16681,401250,MCCD1
16085,401251,SAPCD1
15605,401258,RAB44
18041,401260,LINC00951
3535,401265,KLHL31
6413,401285,TCP10L2
2794,4013,VWA5A
17670,401316,EIF4HP1
17079,401331,RASA4CP
7317,401375,GTF2IRD2P1
4032,401387,LRRD1
6274,401399,PRRT4
17572,4014,LOR
17233,401427,OR2A7
2731,401474,SAMD12
11858,401494,PTPLAD2
12363,401498,TMEM215
3522,4015,LOX
10793,401541,CENPP
15677,401546,C9ORF152
9100,401551,WDR38
11486,401563,C9ORF139
12057,401565,FAM166A
10260,4016,LOXL1
14356,401612,SLC25A53
8022,401647,GOLGA7B
5750,401661,OR51C1P
3577,401663,OR51H1P
98,401665,OR51T1
7758,401666,OR51A4
6789,401667,OR51A2
4864,401675,OR56B3P
3104,401687,OR5J1P
18331,401692,OR5B1P
12713,401696,OR4D8P
14742,4017,LOXL2
3053,4018,LPA
9234,401827,MSLNL
16356,401904,RPL23AP2
16180,401911,RPL29P33
11050,401944,LDLRAD2
7874,401983,ZNF847P
4765,401992,OR2T2
17619,401993,OR2T5
5507,401994,OR14I1
2511,402,ARL2
17464,402055,SRRD
2496,402117,VWC2L
16389,402134,KRT8P25
11605,402246,OR10AH1P
1815,4023,LPL
16293,402374,OR13D3P
9266,402381,SOHLH1
2914,402415,XKRX
9004,4025,LPO
9554,402509,SLC29A4P1
13541,402562,HNRNPA1P8
4643,402569,KPNA7
5050,4026,LPP
8136,402665,IGLON5
1431,402682,UFSP1
15706,402778,IFITM10
16820,403,ARL3
17260,403219,OR7E157P
6523,403239,OR2T27
7394,403241,OR2T32P
6804,403244,OR2T35
6332,403253,OR4A47
13779,403263,OR4G11P
17141,403273,OR5H14
8454,403274,OR5H15
10319,403277,OR5K3
12942,403278,OR5K4
5769,403284,OR6C68
11256,403288,OR6C72P
14112,403297,OR7E155P
13584,4033,LRMP
10842,403313,PPAPDC2
17129,403314,APOBEC4
15250,403315,FAM92A1P2
13843,403339,DEFB133
14073,403341,ZBTB34
3321,4034,LRCH4
4900,4035,LRP1
1336,4036,LRP2
10549,4037,LRP3
683,4038,LRP4
12403,4040,LRP6
6350,404037,HAPLN4
5995,404093,CUEDC1
103,4041,LRP5
11161,404203,SPINK6
12699,404216,C10ORF85
9523,404220,C6ORF201
4216,404266,HOXB-AS3
16117,404281,YY2
17567,4043,LRPAP1
407,4045,LSAMP
4946,404550,C16ORF74
2783,404552,SCGB1D4
4103,4046,LSP1
14607,404635,NANOGP1
13321,404636,FAM45A
17158,404672,GTF2H5
2492,4047,LSS
4922,404766,FABP5P4
7618,404785,POTEG
2811,4048,LTA4H
6871,405,ARNT
11170,4050,LTB
13079,4051,CYP4F3
2615,4052,LTBP1
2326,4053,LTBP2
15618,4054,LTBP3
8661,4055,LTBR
3942,4057,LTF
15328,405753,DUOXA2
4370,405754,ERVFRD-1
2001,4058,LTK
14503,4059,BCAM
2767,406,ARNTL
6216,4061,LY6E
9097,4062,LY6H
12906,4063,LY9
12964,4064,CD180
18398,4066,LYL1
4407,4067,LYN
11775,4068,SH2D1A
9184,406875,FXYD6P3
2921,406897,MIR105-1
14535,406899,MIR106A
15046,4069,LYZ
2379,406905,MIR1-2
3065,406908,MIR124-2
13217,406909,MIR124-3
15359,406929,MIR138-1
16602,406938,MIR146A
13595,406946,MIR154
18134,406963,MIR187
5114,406974,MIR197
18308,406995,MIR181A1
15485,407,ARR3
15671,4070,TACSTD2
17612,407000,MIR218-1
17914,407022,MIR296
8592,407035,MIR31
17681,407037,MIR320A
16048,407043,MIR7-1
18434,407044,MIR7-2
933,407045,MIR7-3
17655,4071,TM4SF1
7574,4072,EPCAM
5474,4076,CAPRIN1
7626,4077,NBR1
10995,407738,FAM19A1
7338,407975,MIR17HG
11396,407977,TNFSF12-TNFSF13
10104,408050,NOMO3
16511,4081,MAB21L1
12166,4082,MARCKS
8482,4085,MAD2L1
1759,4086,SMAD1
4496,4087,SMAD2
9233,4088,SMAD3
9282,4089,SMAD4
14518,409,ARRB2
7187,4090,SMAD5
13454,4091,SMAD6
17824,4092,SMAD7
1562,4094,MAF
1594,4099,MAG
1875,41,ASIC1
15969,410,ARSA
7843,4100,MAGEA1
13651,4103,MAGEA4
10465,4104,MAGEA5
3463,4105,MAGEA6
15223,4107,MAGEA8
2568,4109,MAGEA10
1093,4110,MAGEA11
12828,4111,MAGEA12
3205,4112,MAGEB1
13100,4113,MAGEB2
13645,4115,MAGEB4
9524,4117,MAK
16604,4118,MAL
1069,412,STS
7791,4122,MAN2A2
15305,4123,MAN2C1
9510,4124,MAN2A1
4236,4125,MAN2B1
1654,4126,MANBA
1073,4128,MAOA
15118,4129,MAOB
10091,4130,MAP1A
1393,4131,MAP1B
3499,4133,MAP2
5191,4134,MAP4
13886,4135,MAP6
10965,4137,MAPT
7522,4139,MARK1
3777,4140,MARK3
13066,414059,TBC1D3B
4210,414060,TBC1D3C
15796,414061,DNAJB3
9115,4141,MARS
13878,414157,C10ORF62
11217,414189,AGAP6
10040,414194,CCNYL2
13845,4142,MAS1
8953,414235,PRR26
5341,414236,C10ORF55
4088,414254,RPSAP6
7109,4143,MAT1A
12721,414301,DDI1
17689,414319,LINC00587
15748,414332,LCN10
5508,4144,MAT2A
8786,4145,MATK
8353,4146,MATN1
1951,4147,MATN2
6879,4148,MATN3
10285,414899,BLID
11497,4149,MAX
15609,414919,C8ORF82
14194,415,ARSE
13252,4150,MAZ
15383,4151,MB
9746,4152,MBD1
1850,4153,MBL2
15245,4154,MBNL1
18337,4155,MBP
11795,4157,MC1R
8774,4158,MC2R
14182,4159,MC3R
7074,416,ARSF
2867,4160,MC4R
5811,4161,MC5R
4439,4162,MCAM
5463,4163,MCC
11571,4166,CHST6
3834,4168,MCF2
13185,417,ART1
9908,4170,MCL1
11130,4171,MCM2
1782,4172,MCM3
17979,4173,MCM4
15218,4174,MCM5
3250,4175,MCM6
7597,4176,MCM7
11078,4179,CD46
12905,4184,SMCP
2012,4185,ADAM11
15362,4188,MDFI
9161,4189,DNAJB9
3514,419,ART3
3244,4190,MDH1
16787,4191,MDH2
18553,4192,MDK
8058,4193,MDM2
5577,4194,MDM4
14578,4199,ME1
11251,420,ART4
9747,4200,ME2
14377,4201,MEA1
16993,4204,MECP2
12325,4208,MEF2C
13120,4209,MEF2D
1548,4210,MEFV
1711,4211,MEIS1
6138,4212,MEIS2
8493,4214,MAP3K1
7356,4215,MAP3K3
68,4216,MAP3K4
5063,4217,MAP3K5
13351,4218,RAB8A
7421,4221,MEN1
897,4222,MEOX1
7973,4223,MEOX2
2686,4224,MEP1A
15476,4225,MEP1B
7733,4232,MEST
6553,4233,MET
17147,4236,MFAP1
18037,4237,MFAP2
10300,4238,MFAP3
7263,4240,MFGE8
16612,4241,MELTF
9346,4241,MFI2
1062,4242,MFNG
15598,4245,MGAT1
13248,4246,SCGB2A1
15888,4247,MGAT2
3640,4248,MGAT3
9935,4249,MGAT5
16906,425054,VCX3B
3141,4253,CTAGE5
8985,4253,MIA2
3768,4254,KITLG
8958,4255,MGMT
16124,4258,MGST2
16066,4259,MGST3
3786,4261,CIITA
5826,4267,CD99
12292,427,ASAH1
2682,4277,MICB
1636,4281,MID1
5692,4283,CXCL9
7776,4284,MIP
15302,4285,MIPEP
6195,4286,MITF
14211,4287,ATXN3
3745,4288,MKI67
6037,4289,MKLN1
12080,429,ASCL1
11136,4291,MLF1
11987,4292,MLH1
2943,4293,MAP3K9
9781,4294,MAP3K10
5518,4295,MLN
15187,4296,MAP3K11
9110,4297,KMT2A
16882,4298,MLLT1
16071,4299,AFF1
10839,43,ACHE
14472,430,ASCL2
10417,4300,MLLT3
13538,4301,AFDN
3054,4301,MLLT4
7436,4302,MLLT6
10458,4303,FOXO4
8486,4306,NR3C2
828,4308,TRPM1
12615,4311,MME
7141,4312,MMP1
6794,4313,MMP2
12551,4314,MMP3
3114,4316,MMP7
7765,4317,MMP8
11837,431704,RGS21
13499,431705,ASTL
3881,431707,LHX8
3194,4318,MMP9
3371,4319,MMP10
8842,4320,MMP11
4437,4321,MMP12
4885,4322,MMP13
798,4323,MMP14
8737,4324,MMP15
3334,4325,MMP16
10069,4326,MMP17
11257,4327,MMP19
14785,4329,ALDH6A1
13923,433,ASGR2
13634,4330,MN1
16559,4331,MNAT1
1690,4332,MNDA
2946,4335,MNT
16756,4336,MOBP
6206,4337,MOCS1
12221,4338,MOCS2
1013,434,ASIP
3037,4340,MOG
212,4342,MOS
6320,4343,MOV10
14511,4345,CD200
5722,435,ASL
5234,4351,MPI
17128,4352,MPL
2372,4353,MPO
2923,4354,MPP1
10862,4355,MPP2
6501,4357,MPST
16463,4358,MPV17
8240,4359,MPZ
17213,4360,MRC1
9369,4361,MRE11A
1550,4363,ABCC1
16460,438,ASMT
11351,43847,KLK14
14443,43849,KLK12
12200,439,ASNA1
219,439915,KRTAP5-5
15927,439916,LINC00615
16594,439921,MXRA7
4668,439996,IFIT1B
8554,440,ASNS
9627,440021,KRTAP5-2
16824,440023,KRTAP5-6
4865,440026,TMEM41B
4115,440041,TRIM51HP
17848,440044,SLC22A20
4879,440051,KRTAP5-11
3854,440061,TRIM64EP
15620,440068,CARD17
2797,440073,IQSEC3
3759,440077,ZNF705A
3119,440081,DDX12P
6124,440093,H3F3C
2297,440097,DBX2
12730,440104,TMEM198B
14774,440107,C12ORF74
4451,440107,PLEKHG7
18238,440119,FZD10-AS1
7782,440138,ALG11
18252,440142,TARDBPP2
11783,440145,MZT1
4924,440153,OR11H12
7143,440159,OR11H13P
8305,440163,RNASE13
5779,440193,CCDC88C
2841,440248,HERC2P9
2843,440270,GOLGA8B
172,440275,EIF2AK4
7344,440278,CATSPER2P1
837,440279,UNC13C
6141,440307,TTLL13
17436,440345,NPIPB4
8744,440348,NPIPB15
2849,440352,SNX29P2
12765,440366,HERC2P8
9716,440387,CTRB2
17800,440419,TBC1D3P5
11325,440435,GPR179
2863,440452,TBC1D3P2
2948,440456,PLEKHM1P
12776,440456,PLEKHM1P1
8228,440459,SLC16A6P1
15084,440482,ANKRD20A5P
14316,440503,PLIN5
4731,440519,ZNF724P
7275,440533,PSG8
11044,440556,LINC00982
15759,440560,PRAMEF11
6647,440561,PRAMEF6
3877,440590,ZYG11A
9900,440595,EEF1A1P11
14683,440603,BCL2L15
9413,440606,HSD3BP2
17630,440686,H3-2
2933,440686,HIST2H3PS2
15897,440689,HIST2H2BF
16231,440695,ETV3L
7389,440699,LRRC52
9064,440712,C1ORF186
17636,440714,C1ORF143
2067,440730,TRIM67
14950,440732,RPS7P3
6877,440738,MAP1LC3C
9822,440822,PIWIL3
5666,440854,CAPN14
13501,440905,FAR2P1
2630,440915,POTEKP
12929,440926,H3F3AP4
15449,440955,TMEM89
446,441024,MTHFD2L
16986,441027,TMEM150C
16261,441054,C4ORF47
3014,441061,MARCH11
5892,441108,C5ORF56
16580,441150,C6ORF226
8934,441151,TMEM151B
12974,441160,KRT19P1
2182,441161,OOEP
7961,441168,FAM26F
13850,441194,PMS2CL
16784,441212,RP9P
3318,441234,ZNF716
1143,441250,TYW1B
16638,441251,SPDYE7P
3058,441272,SPDYE3
4038,441282,AKR1B15
12995,441294,CTAGE15
12665,441332,FAM90A24P
9095,441359,REXO1L3P
14910,441376,AARD
14060,441381,LRRC24
2546,441386,RPS26P3
11640,441391,RBMXP2
14514,441430,ANKRD20A2P
8597,441452,SPATA31C1
620,441457,NUTM2G
5604,441459,ANKRD18B
17917,441502,RPS26P11
9242,441509,GLRA4
15120,441518,FAM127C
15488,441521,CT45A5
18137,441525,SPANXN4
3456,441531,PGAM4
18073,441548,BTBD7P1
10943,441549,CDNF
8637,441608,OR5B3
3762,441631,TSPAN11
6732,441639,OR9K2
8304,441669,OR4Q3
6582,441670,OR4M1
8996,441771,MT1CP
17174,441818,WBP11P1
13382,441873,PRAMEF25
15829,441897,PGCP1
11949,441911,OR10J3
16738,441931,VN1R17P
5852,441932,OR2W5
7676,441933,OR13G1
7890,442038,SULT1C3
3000,442104,OR7E86P
9154,442105,OR7E85P
10469,442117,GALNTL6
18482,442157,HNRNPLP1
6780,442162,RPS4XP7
6691,442184,OR2B3
6404,442185,OR2J1
3299,442186,OR2J3
13707,442191,OR14J1
2681,442194,OR10C1
65,442213,PTCHD4
16782,442216,RPS17P5
17667,442229,SLC25A51P1
12644,442234,RCN1P1
11415,442308,TUBBP6
2199,442319,ZNF727
576,442361,OR2A2
10015,442388,SDR16C6P
8008,442425,FOXB2
16430,442429,EEF1DP2
1175,442444,FAM47C
12270,442459,XRCC6P5
9550,442524,DPY19L2P3
10602,442582,STAG3L2
18381,442668,NECAP1P1
16063,442676,CICP8
13713,442720,EIF3IP1
1981,442721,LMOD2
16256,442775,RAC1P2
11876,442901,MIR328
16129,442905,MIR337
647,442911,MIR346
816,442914,MIR369
16047,442920,MIR196B
14630,443,ASPA
1343,4430,MYO1B
3665,4436,MSH2
7481,4437,MSH3
283,4438,MSH4
9366,4439,MSH5
6706,444,ASPH
17728,4440,MSI1
18435,444882,IGFL4
5928,445,ASS1
17382,445372,TRIM6-TRIM34
1332,445582,POTEE
7325,445815,PALM2-AKAP2
14069,445815,PALM2AKAP2
13802,447,ASS1P2
2242,4477,MSMB
6779,4478,MSN
7157,4481,MSR1
9197,4482,MSRA
2497,4485,MST1
11576,4486,MST1R
5880,4487,MSX1
2170,4488,MSX2
4579,448834,KPRP
8380,448835,LCE6A
9713,4490,MT1B
7349,4493,MT1E
6303,4495,MT1G
13311,4507,MTAP
18620,4513,MT-CO2
17127,4520,MTF1
10837,4521,NUDT1
11279,4522,MTHFD1
10580,4524,MTHFR
11091,4528,MTIF2
15122,4534,MTM1
18624,4535,MT-ND1
18623,4536,MT-ND2
18625,4537,MT-ND3
18621,4540,MT-ND5
2387,4542,MYO1F
11696,4543,MTNR1A
12720,4544,MTNR1B
3277,4547,MTTP
3660,4548,MTR
18622,4549,MT-RNR1
47,4552,MTRR
18619,4565,MT-TI
12156,4580,MTX1
2960,4581,MTX1P1
13652,4582,MUC1
663,4583,MUC2
3322,4584,MUC3A
1369,4585,MUC4
7331,4586,MUC5AC
4861,4588,MUC6
7929,4589,MUC7
4960,4591,TRIM37
10032,4593,MUSK
3533,4594,MUT
7284,4595,MUTYH
873,4597,MVD
1878,4598,MVK
7651,4599,MX1
2055,460,ASTN1
3200,4600,MX2
16698,4601,MXI1
17091,4602,MYB
5730,4603,MYBL1
7510,4604,MYBPC1
1018,4605,MYBL2
8135,4606,MYBPC2
684,4607,MYBPC3
9914,4608,MYBPH
13173,4609,MYC
9143,4611,MYCLP1
13993,4613,MYCN
16984,4616,GADD45B
760,4617,MYF5
3378,4618,MYF6
2361,4619,MYH1
16234,462,SERPINC1
243,4620,MYH2
244,4621,MYH3
884,4622,MYH4
116,4624,MYH6
2321,4625,MYH7
1906,4626,MYH8
157,4627,MYH9
12556,4628,MYH10
4703,4629,MYH11
7197,463,ZFHX3
7227,4632,MYL1
12081,4633,MYL2
5154,4634,MYL3
10547,4635,MYL4
7133,4636,MYL5
7403,4638,MYLK
752,4640,MYO1A
1168,4641,MYO1C
10905,4642,MYO1D
7128,4643,MYO1E
8719,4644,MYO5A
4969,4645,MYO5B
6408,4646,MYO6
5290,4647,MYO7A
2628,4648,MYO7B
5983,4649,MYO9A
13934,4650,MYO9B
3015,4651,MYO10
13487,4653,MYOC
2265,4654,MYOD1
11076,4656,MYOG
1876,4659,PPP1R12A
14383,466,ATF1
7674,4660,PPP1R12B
5367,4661,MYT1
14694,4664,NAB1
15683,4665,NAB2
1660,4666,NACA
14192,4668,NAGA
7036,4669,NAGLU
14364,467,ATF3
936,4670,HNRNPM
15157,4671,NAIP
16016,4673,NAP1L1
5111,4674,NAP1L2
8860,4675,NAP1L3
9628,4676,NAP1L4
1125,4678,NASP
13637,468,ATF4
5602,4683,NBN
1865,4684,NCAM1
1040,4685,NCAM2
7869,4688,NCF2
3509,4690,NCK1
7902,4691,NCL
7258,4692,NDN
18034,4693,NDP
5372,4694,NDUFA1
12029,4697,NDUFA4
895,47,ACLY
13639,4700,NDUFA6
16709,4702,NDUFA8
366,4703,NEB
725,4704,NDUFA9
8438,4705,NDUFA10
17535,4708,NDUFB2
9941,471,ATIC
18578,4710,NDUFB4
12455,4711,NDUFB5
1253,4713,NDUFB7
6436,4714,NDUFB8
16097,4715,NDUFB9
7793,4716,NDUFB10
17431,4717,NDUFC1
3111,4718,NDUFC2
6380,4719,NDUFS1
5952,472,ATM
7867,4720,NDUFS2
17283,4722,NDUFS3
17099,4723,NDUFV1
53,4724,NDUFS4
7127,4728,NDUFS8
5555,4729,NDUFV2
2031,473,RERE
17883,4731,NDUFV3
14829,4733,DRG1
1536,4734,NEDD4
17902,4735,SEPT2
4001,4739,NEDD9
11847,474,ATOH1
6944,4741,NEFM
3802,474170,LRRC37A2
17831,474343,SPIN2B
2718,474344,GIMAP6
4854,474354,LRRC18
3863,4744,NEFH
3098,4745,NELL1
17394,4747,NEFL
6204,475,ATOX1
457,4750,NEK1
14371,4751,NEK2
787,4752,NEK3
6577,4753,NELL2
841,4756,NEO1
2684,4758,NEU1
14221,476,ATP1A1
7400,4760,NEUROD1
8755,4761,NEUROD2
2366,4763,NF1
9138,4764,NF1P3
4226,4768,NF1P5
2592,477,ATP1A2
5412,4771,NF2
12114,4772,NFATC1
6157,4773,NFATC2
18425,4774,NFIA
17104,4775,NFATC3
14116,4776,NFATC4
748,4778,NFE2
5804,4779,NFE2L1
3630,478,ATP1A3
3672,4780,NFE2L2
7744,4781,NFIB
5251,4782,NFIC
3174,4784,NFIX
4912,479,ATP12A
11149,4790,NFKB1
10046,4791,NFKB2
4160,4792,NFKBIA
9780,4793,NFKBIB
13295,4794,NFKBIE
9088,4795,NFKBIL1
12049,4796,TONSL
1867,4798,NFRKB
2225,4799,NFX1
12170,48,ACO1
11579,480,ATP1A4
7957,4800,NFYA
5383,4802,NFYC
5357,4804,NGFR
12280,4807,NHLH1
10819,4808,NHLH2
7373,4810,NHS
3491,4811,NID1
11950,4817,NIT1
982,4818,NKG7
3615,482,ATP1B2
1968,4820,NKTR
5820,4821,NKX2-2
13550,4824,NKX3-1
15636,4828,NMB
7726,4829,NMBR
11134,483,ATP1B3
1576,4830,NME1
13135,4831,NME2
5621,4833,NME4
2677,4835,NQO2
12474,4836,NMT1
8045,4837,NNMT
5932,4838,NODAL
3586,4839,NOP2
12824,4841,NONO
8682,4842,NOS1
888,4843,NOS2
3061,4846,NOS3
755,4848,CNOT2
15097,4849,CNOT3
9858,4850,CNOT4
631,4851,NOTCH1
1188,4853,NOTCH2
9765,4854,NOTCH3
509,4855,NOTCH4
13001,4856,NOV
5972,4857,NOVA1
14163,4858,NOVA2
16620,486,FXYD2
5536,4860,PNP
354,4862,NPAS2
5099,4864,NPC1
1963,4867,NPHP1
5408,4868,NPHS1
6082,4869,NPM1
12437,487,ATP2A1
14539,4878,NPPA
5965,488,ATP2A2
5034,4881,NPR1
5925,4882,NPR2
469,4883,NPR3
7731,4885,NPTX2
5058,4886,NPY1R
1383,4887,NPY2R
16987,4888,NPY6R
2152,4889,NPY5R
3612,489,ATP2A3
8671,4891,SLC11A2
1467,4892,NRAP
9215,4893,NRAS
557,4897,NRCAM
17292,4898,NRD1
5184,4898,NRDC
10256,4899,NRF1
18378,49,ACR
7612,490,ATP2B1
14606,4900,NRGN
11275,4901,NRL
17472,4904,YBX1
7627,4905,NSF
5595,4907,NT5E
17717,4908,NTF3
15939,4909,NTF4
186,491,ATP2B2
4987,4911,NTF6B
7288,4914,NTRK1
4063,4915,NTRK2
3405,4916,NTRK3
8729,4917,NTN3
7853,4919,ROR1
1181,492,ATP2B3
8875,4920,ROR2
2593,4921,DDR2
4903,4922,NTS
1032,4923,NTSR1
9576,492307,C8ORF22
15992,492311,IGIP
11888,4924,NUCB1
4127,4926,NUMA1
2360,4927,NUP88
6284,4928,NUP98
11909,4929,NR4A2
5417,493,ATP2B4
320,4931,NVL
6776,4935,GPR143
2815,4938,OAS1
9707,493829,TRIM72
3853,493860,CCDC73
15410,493861,EID3
5773,4939,OAS2
16810,493913,PAPPA-AS1
10851,4940,OAS3
9406,494115,RBMXL1
5183,494118,SPANXN1
12274,494119,SPANXN2
4954,494188,FBXO47
15462,4942,OAT
12313,4943,TBC1D25
18079,494331,MIR382
9127,494470,RNF165
9447,494513,DFNB59
13386,494513,PJVK
6936,494551,WEE2
2015,4946,OAZ1
3146,4948,OCA2
6487,495,ATP4A
9564,4951,OCM2
6253,4952,OCRL
2072,4953,ODC1
16797,4956,ODF1
4074,4957,ODF2
5970,496,ATP4B
8544,4967,OGDH
16969,4968,OGG1
9600,4969,OGN
16267,497189,TIFAB
4202,497190,CLEC18B
13895,4973,OLR1
15412,4976,OPA1
6557,497634,LINC00293
14149,497661,C18ORF32
5766,4978,OPCML
11431,498,ATP5A1
7212,4982,TNFRSF11B
7118,4983,OPHN1
9139,49854,ZBTB21
2846,49855,SCAPER
7655,49856,WRAP73
2724,4986,OPRK1
16399,49860,CRNN
155,4987,OPRL1
805,4990,SIX6
6853,4991,OR1D2
15549,4992,OR1F1
856,4993,OR2C1
17758,4994,OR3A1
13202,4995,OR3A2
9059,4998,ORC1
2098,4999,ORC2
9827,50,ACO2
15693,5000,ORC4
14738,5001,ORC5
18074,5003,SLC22A18AS
11422,5004,ORM1
4282,5009,OTC
1397,501,ALDH7A1
15322,5010,CLDN11
8706,5015,OTX2
11384,5016,OVGP1
4694,5018,OXA1L
1766,5019,OXCT1
17952,5021,OXTR
4948,5023,P2RX1
13663,5024,P2RX3
11267,5025,P2RX4
13458,5026,P2RX5
3132,5027,P2RX7
14017,5028,P2RY1
12515,5029,P2RY2
16627,5030,P2RY4
4087,5033,P4HA1
6568,503497,MS4A13
3351,503542,SPRN
7698,503582,ARGFX
7775,5036,PA2G4
14741,503614,DEFB107B
12726,503693,LOH12CR2
7824,503834,DPRX
8328,503835,DUXA
9030,504175,OR3D1P
2820,5042,PABPC3
1544,5045,FURIN
3785,5046,PCSK6
1456,5047,PAEP
1345,50485,SMARCAL1
8844,50487,PLA2G3
12376,50488,MINK1
4584,50489,CD207
13890,5049,PAFAH1B2
16587,50506,DUOX2
4557,50507,NOX4
2696,50508,NOX3
939,50509,COL5A3
4748,5051,PAFAH2
14109,50511,SYCP3
17725,50515,CHST11
8172,5053,PAH
2207,5054,SERPINE1
141,5055,SERPINB2
8968,5058,PAK1
15780,50604,IL20
4673,50613,UBQLN3
2309,50614,GALNT9
4196,50615,IL21R
8678,50616,IL22
568,50617,ATP6V0A4
1315,50618,ITSN2
15163,50619,DEF6
11464,5062,PAK2
4670,50624,CUZD1
5213,50626,CYHR1
14799,50628,GEMIN4
9836,5063,PAK3
15801,50631,YBX1P1
2106,50636,ANO7
15086,5064,PALM
5393,50640,PNPLA8
361,50649,ARHGEF4
5874,50650,ARHGEF3
11958,50651,SLC45A1
5888,5066,PAM
3502,5067,CNTN3
11726,50674,NEUROG3
1324,5068,REG3A
625,5069,PAPPA
2388,50700,RDH8
13162,5071,PARK2
11406,50717,DCAF8
4470,5073,PARN
1611,5075,PAX1
8023,5076,PAX2
5045,5077,PAX3
12657,5078,PAX4
14433,5079,PAX5
12708,5080,PAX6
13579,50801,KCNK4
5088,50804,MYEF2
462,50805,IRX4
7601,50807,ASAP1
17395,50808,AK3
12203,50809,HP1BP3
9888,5081,PAX7
15741,50814,NSDHL
7749,5082,PDCL
17799,5083,PAX9
4039,50831,TAS2R3
9566,50833,TAS2R16
465,50834,TAS2R1
13399,50837,TAS2R7
13022,50838,TAS2R13
7508,50840,TAS2R14
3589,50846,DHH
16232,50848,F11R
1651,50852,TRAT1
2113,50853,VILL
5160,50854,C6ORF48
13772,50855,PARD6A
1101,50859,SPOCK3
8835,50861,STMN3
8049,50863,NTM
8214,50865,HEBP1
12351,5087,PBX1
14266,5088,PBX2P1
16447,5089,PBX2
1846,509,ATP5C1
12684,5090,PBX3
6116,5091,PC
11218,5092,PCBD1
2796,50937,CDON
3954,50939,IMPG2
10305,5094,PCBP2
9446,50940,PDE11A
11369,50943,FOXP3
977,50944,SHANK1
8160,50945,TBX22
3773,5095,PCCA
2466,5096,PCCB
2671,5097,PCDH1
4634,5098,PCDHGC3
3691,5099,PCDH7
15881,50999,TMED5
1917,51,ACOX1
8691,5100,PCDH8
2174,51000,SLC35B3
13805,51002,TPRKB
15261,51004,COQ6
13752,51006,SLC35C2
16299,51008,ASCC1
10545,51009,DERL2
1515,5101,PCDH9
16289,51010,EXOSC3
16553,51011,FAHD2A
15868,51014,TMED7
11472,51015,ISOC1
13384,51018,RRP15
12079,51019,CCDC53
18217,51020,HDDC2
9879,51025,PAM16
18284,51026,GOLT1B
5535,51028,VPS36
15124,51029,DESI2
13144,51030,TVP23B
14629,51031,GLOD4
1950,51032,CELA2B
14603,51035,UBXN1
9674,5104,SERPINA5
16105,51042,ZNF593
16733,51043,ZBTB7B
14150,51046,ST8SIA3
1028,5105,PCK1
3333,51050,PI15
14009,51052,PRLH
13728,51054,PLEKHA8P1
16707,51056,LAP3
2079,51057,WDPCP
7119,51058,ZNF691
600,51059,FAM135B
6461,5106,PCK2
16727,51060,TXNDC12
16328,51061,TXNDC11
12748,51062,ATL1
9624,51063,CALHM2
9845,51066,SSUH2
14977,51068,NMD3
64,51069,MRPL2
4893,51071,DERA
2972,51072,MEMO1
16951,51073,MRPL4
17530,51074,APIP
4463,51077,FCF1
7244,5108,PCM1
2377,51081,MRPS7
1800,51085,MLXIPL
11063,51086,TNNI3K
12954,51088,KLHL5
14480,51090,PLLP
261,51091,SEPSECS
712,51092,SIDT2
17461,51093,RRNAD1
10478,51094,ADIPOR1
13505,51095,TRNT1
12181,51096,UTP18
3465,51097,SCCPDH
11434,51098,IFT52
15147,51099,ABHD5
13473,51100,SH3GLB1
2218,51101,ZC2HC1A
13968,51102,MECR
6563,51104,ABHD17B
2737,51105,PHF20L1
16570,51106,TFB1M
13791,51107,APH1A
11934,51108,METTL9
8142,5111,PCNA
10062,51111,SUV420H1
17423,51112,TRAPPC12
1089,51114,ZDHHC9
10718,51115,RMDN1
15366,51116,MRPS2
12052,51117,COQ4
13785,51118,UTP11L
9159,51119,SBDS
5392,51121,RPL26L1
9313,51125,GOLGA7
15531,51126,NAA20
8398,51127,TRIM17
7514,51129,ANGPTL4
13452,51131,PHF11
4535,51132,RLIM
9916,51133,KCTD3
738,51135,IRAK4
4355,51138,COPS4
7150,51141,INSIG2
16785,51142,CHCHD2
11680,51143,DYNC1LI1
7760,51144,HSD17B12
16045,51146,A4GNT
1157,51147,ING4
8608,51148,CERCAM
6919,51149,C5ORF45
15670,51150,SDF4
7943,51151,SLC45A2
17352,51154,MRTO4
6773,5116,PCNT
14447,51161,C3ORF18
17032,51162,EGFL7
9957,51163,DBR1
16150,51164,DCTN4
7707,51166,AADAT
17668,51167,CYB5R4
886,51168,MYO15A
12324,51170,HSD17B11
4491,51174,TUBD1
8480,51176,LEF1
10210,51177,PLEKHO1
7382,51179,HAO2
14450,5118,PCOLCE
16667,51181,DCXR
88,51182,HSPA14
11745,51187,RSL24D1
12249,5119,CHMP1A
5516,51191,HERC5
5197,51194,IPO11
17060,51195,RAPGEFL1
10945,51196,PLCE1
8072,51199,NIN
1437,51200,CPA4
17033,51202,DDX47
15264,51204,TACO1
10750,51205,ACP6
4515,51206,GP6
17186,51207,DUSP13
17868,51208,CLDN18
15555,51209,RAB9B
9813,5121,PCP4
1087,51213,LUZP4
13525,5122,PCSK1
16545,51222,ZNF219
7553,51224,TCEB3B
904,51225,ABI3
10128,51226,COPZ2
17997,51228,GLTP
1014,51230,PHF20
14823,51231,VRK3
10480,51232,CRIM1
17318,51234,EMC4
1729,51244,CCDC174
17495,51246,SHISA5
10643,51248,PDZD11
1836,5125,PCSK5
14399,51250,C6ORF203
3055,51251,NT5C3A
12922,51252,FAM178B
8365,51253,MRPL37
6323,51255,RNF181
8511,51256,TBC1D7
14152,51257,MARCH2
14452,51258,MRPL51
16581,51259,TMEM216
5255,5126,PCSK2
3455,51260,PBDC1
13828,51265,CDKL3
5613,51266,CLEC1B
14101,51267,CLEC1A
5242,51268,PIPOX
17479,5127,CDK16
10463,51270,TFDP3
16255,51274,KLF3
15354,51277,DNAJC27
12074,51279,C1RL
11546,5128,CDK17
16501,51280,GOLM1
3256,51281,ANKMY1
13407,51283,BFAR
3449,51284,TLR7
12366,51286,CEND1
5698,51289,RXFP3
13150,5129,CDK18
16507,51290,ERGIC2
17922,51291,GMIP
17324,51293,CD320
13436,51294,PCDH12
17062,51295,ECSIT
11607,51296,SLC15A3
15807,51297,BPIFA1
2384,51298,THEG
14033,51299,NRN1
17931,513,ATP5D
12493,5130,PCYT1A
16250,51300,TIMMDC1
4551,51301,GCNT4
2179,51302,CYP39A1
15466,51303,FKBP11
9586,51305,KCNK9
13160,51306,FAM13B
16717,51307,FAM53C
12223,51308,REEP2
15862,51310,SLC22A17
18033,51311,TLR8
6422,51312,SLC25A37
15918,51313,FAM198B
16499,51314,NME8
8415,51315,KRCC1
9255,51316,PLAC8
11646,51317,PHF21A
16940,51318,MRPL35
9305,51319,RSRC1
2059,5132,PDC
12112,51320,MEX3C
14378,51322,WAC
14238,51324,SPG21
14563,5133,PDCD1
15790,51330,TNFRSF12A
2337,51332,SPTBN5
16589,51333,ZNF771
5889,51334,PRR16
693,51338,MS4A4A
118,51339,DACT1
7826,51340,CRNKL1
13933,51341,ZBTB7A
18512,51343,FZR1
8215,51347,TAOK3
6336,51350,KRT76
9556,51351,ZNF117
10948,51352,WT1-AS
371,5136,PDE1A
7447,51360,MBTPS2
12207,51361,HOOK1
2693,51362,CDC40
13010,51363,CHST15
9949,51364,ZMYND10
16189,51365,PLA1A
10021,51366,UBR5
5046,51368,TEX264
3548,5137,PDE1C
10427,51371,POMP
14281,51373,MRPS17
17864,51374,ATRAID
14940,51375,SNX7
13063,51379,CRLF3
8648,5138,PDE2A
1502,51380,CSAD
1808,51384,WNT16
15494,51385,ZNF589
10639,51386,EIF3L
3121,5139,PDE3A
10175,51390,AIG1
1566,51393,TRPV2
17358,51397,COMMD10
16353,51398,WDR83OS
15236,51399,TRAPPC4
10501,514,ATP5E
2264,5140,PDE3B
13884,51400,PPME1
6401,51406,NOL7
15781,51409,HEMK1
941,5141,PDE4A
742,51411,BIN2
12033,51412,ACTL6B
2037,5142,PDE4B
8191,51421,AMOTL2
579,51422,PRKAG2
1655,51426,POLK
2699,51427,ZNF107
1407,51428,DDX41
5331,51429,SNX9
2392,5143,PDE4C
3900,51430,SUCO
6451,51433,ANAPC5
14236,51434,ANAPC7
5338,51435,SCARA3
3212,51438,MAGEC2
10523,51439,FAM8A1
1767,5144,PDE4D
16532,51440,HPCAL4
4309,51441,YTHDF2
7080,51442,VGLL1
12855,51444,RNF138
13434,51447,IP6K2
182,51449,PCYOX1
1773,5145,PDE6A
5624,51451,LCMT1
14006,51454,GULP1
6069,51455,REV1
1543,51458,RHCG
9621,5146,PDE6C
7099,51460,SFMBT1
12903,51463,GPR89B
11787,51465,UBE2J1
10382,51466,EVL
4598,5147,PDE6D
8195,51473,DCDC2
13025,51474,LIMA1
102,51475,CABP2
13486,51478,HSD17B7
11654,51479,ANKFY1
17082,5148,PDE6G
10238,51481,VCX3A
7281,51493,RTCB
4468,51495,PTPLAD1
13406,51496,CTDSPL2
1617,51497,NELFCD
12521,51499,TRIAP1
9387,5150,PDE7A
15137,51506,UFC1
17109,51507,RTFDC1
8878,5151,PDE8A
14041,51513,ETV7
4761,51514,DTL
10483,51517,NCKIPSD
6499,5152,PDE9A
11160,51520,LARS
3023,51523,CXXC5
8638,51524,TMEM138
12382,51526,OSER1
3598,51528,JKAMP
17107,51529,ANAPC11
229,5153,PDE1B
4416,51531,C9ORF156
17652,51533,PHF7
6087,51534,VTA1
7609,51535,PPHLN1
13760,51537,MTFP1
17388,51538,ZCCHC17
15456,5154,PDGFA
6168,51540,SCLY
7497,51542,VPS54
14171,51545,ZNF581
12109,51547,SIRT7
17240,51550,CINP
17927,51552,RAB14
16443,51554,ACKR4
11993,51555,PEX5L
7719,51557,LGSN
17339,51559,NT5DC3
3512,5156,PDGFRA
14525,51560,RAB6B
16712,51561,IL23A
5132,51562,MBIP
13896,51564,HDAC7
5371,51566,ARMCX3
11165,51567,TDP2
17920,51569,UFM1
10605,5157,PDGFRL
13002,51571,FAM49B
10902,51573,GDE1
2468,51574,LARP7
10635,51575,ESF1
5879,5158,PDE6B
597,51582,AZIN1
104,51585,PCF11
11363,51586,MED15
491,5159,PDGFRB
4319,51592,TRIM33
10002,51593,SRRT
7572,51594,NBAS
13253,51599,LSR
6353,5160,PDHA1
16743,51601,LIPT1
5674,51602,NOP58
304,51603,METTL13
255,51604,PIGT
4406,51606,ATP6V1H
3311,51608,GET4
9488,5161,PDHA2
9901,51611,DPH5
154,51614,ERGIC3
2566,51616,TAF9B
10173,51617,NSG2
5685,5162,PDHB
16939,51621,KLF13
6272,51622,CCZ1
6187,51626,DYNC2LI1
7897,5163,PDK1
9580,51633,OTUD6B
8073,51635,DHRS7
11239,51642,MRPL48
5712,51645,PPIL1
17171,51647,FAM96B
15080,51649,MRPS23
7684,51652,CHMP3
14824,51654,CDK5RAP1
16605,51657,STYXL1
16001,51659,GINS2
17673,5166,PDK4
14394,51661,FKBP7
13239,51663,ZFR
5511,51665,ASB1
6093,51666,ASB4
6940,51667,NUB1
5907,5167,ENPP1
15375,51673,TPPP3
2331,51676,ASB2
71,51678,MPP6
4298,5168,ENPP2
6437,51684,SUFU
18528,51686,OAZ3
4016,5169,ENPP3
2465,51692,CPSF3
17669,51696,HECA
14923,5170,PDPK1
12066,51700,CYB5R2
9727,51701,NLK
8349,51702,PADI3
16961,51703,ACSL5
2344,51704,GPRC5B
12219,51705,EMCN
3659,51706,CYB5R1
5100,51710,ZNF44
15667,51716,CES1P1
3323,5172,SLC26A4
12017,51720,UIMC1
8252,51725,FBXO40
11691,51726,DNAJB11
16034,51727,CMPK1
17266,51729,WBP11
7116,5173,PDYN
15316,51733,UPB1
11473,51735,RAPGEF6
16400,51738,GHRL
13955,5174,PDZK1
5351,51741,WWOX
12157,51742,ARID4B
2051,51744,CD244
14636,51747,LUC7L3
13756,51750,RTEL1
5702,51752,ERAP1
17582,51754,TMEM8B
7172,51755,CDK12
16155,51759,C9ORF78
18193,5176,SERPINF1
10384,51760,SYT17
3382,51761,ATP8A2
6586,51762,RAB8B
5988,51763,INPP5K
13910,51764,GNG13
14770,51768,TM7SF3
5435,51773,RSF1
9491,51778,MYOZ2
3434,5178,PEG3
3992,51780,KDM3B
11197,5179,PENK
16109,51802,ASIC5
8074,51804,SIX4
9091,51805,COQ3
16409,51807,TUBA8
13159,51808,PHAX
3279,51809,GALNT7
16374,51816,CECR1
13139,5184,PEPD
879,5187,PER1
1144,5189,PEX1
3041,5190,PEX6
15838,5191,PEX7
16995,5192,PEX10
8104,5193,PEX12
11666,5195,PEX14
11695,5197,PF4V1
11879,5198,PFAS
2564,5199,CFP
17356,52,ACP1
18583,5201,PFDN1
15282,5202,PFDN2
14852,5203,PFDN4
5407,5205,ATP8B1
6027,5207,PFKFB1
7393,5208,PFKFB2
6839,5209,PFKFB3
14564,5210,PFKFB4
5368,5211,PFKL
13494,5212,VIT
16922,5213,PFKM
633,5214,PFKP
7487,5216,PFN1
13156,5217,PFN2
7596,5218,CDK14
9810,522,ATP5J
101,5222,PGA5
5593,5225,PGC
13677,5226,PGD
16622,5228,PGF
16148,5229,PGGT1B
3682,523,ATP6V1A
15317,5230,PGK1
2180,5232,PGK2
13787,5236,PGM1
5594,5238,PGM3
10028,5239,PGM5
8212,5241,PGR
4831,5243,ABCB1
6092,5244,ABCB4
10517,525,ATP6V1B1
12078,5250,SLC25A3
7075,5251,PHEX
4660,5253,PHF2
2455,5255,PHKA1
4279,5256,PHKA2
865,5257,PHKB
7993,526,ATP6V1B2
548,5260,PHKG1
16863,5261,PHKG2
4851,5264,PHYH
13048,5265,SERPINA1
8307,5267,SERPINA4
5814,5268,SERPINB5
15536,5269,SERPINB6
15844,527,ATP6V0C
12113,5271,SERPINB8
11164,5272,SERPINB9
4232,5273,SERPINB10
6786,5274,SERPINI1
924,5275,SERPINB13
1205,5276,SERPINI2
1192,5279,PIGC
16633,528,ATP6V1C1
16610,5281,PIGF
14230,5282,PIGFP1
16323,5283,PIGH
7098,5284,PIGR
6286,5286,PIK3C2A
5378,5287,PIK3C2B
2293,5288,PIK3C2G
14813,5289,PIK3C3
6018,529,ATP6V1E1
3687,5290,PIK3CA
5424,5291,PIK3CB
12642,5292,PIM1
2,5293,PIK3CD
1805,5294,PIK3CG
9506,5295,PIK3R1
10869,5296,PIK3R2
5493,5297,PI4KA
16106,5298,PI4KB
15338,53,ACP2
9896,5301,PIN1P1
15986,5303,PIN4
17005,5304,PIP
5072,5305,PIP4K2A
2945,5306,PITPNA
8481,5308,PITX2
11224,5309,PITX3
10434,5310,PKD1
3479,5313,PKLR
513,5314,PKHD1
15715,5315,PKM
14186,5316,PKNOX1
3901,5317,PKP1
4443,5318,PKP2
6258,5321,PLA2G4A
15795,5322,PLA2G5
10606,5324,PLAG1
18049,5327,PLAT
5342,5328,PLAU
2405,5329,PLAUR
832,5330,PLCB2
4123,5331,PLCB3
1610,5332,PLCB4
11600,5333,PLCD1
11092,53335,BCL11A
3457,53336,CPXCR1
4560,53339,BTBD1
2097,5334,PLCL1
2926,53343,NUDT9
6252,53344,CHIC1
13619,53345,TM6SF2
16327,53346,TM6SF1
15105,53347,UBASH3A
15468,53349,ZFYVE1
16937,5335,PLCG1
365,53353,LRP1B
4669,53354,PANK1
8598,53358,SHC3
1666,5336,PLCG2
11800,5337,PLD1
1754,53371,NUP54
9720,5338,PLD2
1987,5339,PLEC
3543,5340,PLG
11852,53405,CLIC5
17255,53407,STX18
7149,5341,PLEK
16010,5342,PLGLB2
12179,5345,SERPINF2
17515,5346,PLIN1
14797,5347,PLK1
5489,5348,FXYD1
7360,5349,FXYD3
1571,535,ATP6V0A1
16971,5350,PLN
8182,5351,PLOD1
13510,5352,PLOD2
13107,5354,PLP1
13371,5355,PLP2
9345,5357,PLS1
7560,5358,PLS3
15695,5359,PLSCR1
14181,5360,PLTP
12421,5361,PLXNA1
928,53615,MBD3
550,53616,ADAM22
316,5362,PLXNA2
15588,53632,PRKAG3
17624,53635,PTOV1
9463,5364,PLXNB1
7844,5365,PLXNB3
16597,5366,PMAIP1
13113,5367,PMCH
13168,5368,PNOC
3283,5369,PMCHL1
5269,537,ATP6AP1
10094,5371,PML
160,5372,PMM1
8730,5373,PMM2
9188,5378,PMS1
7482,5379,PMS2P1
1177,538,ATP7A
7316,5382,PMS2P4
8837,53820,RIPPLY3
6514,53822,FXYD7
17051,53826,FXYD6
17403,53827,FXYD5
15257,53828,FXYD4
4029,5383,PMS2P5
7509,53831,GPR84
2186,53832,IL20RA
4791,53833,IL20RB
14713,53834,FGFRL1
7918,53836,GPR87
5761,53838,C11ORF24
16194,53841,CDHR5
5196,53842,CLDN22
15746,5387,PMS2P3
1624,539,ATP5O
3080,53904,MYO3A
126,53905,DUOX1
1406,53917,RAB24
17041,53918,PELO
734,53919,SLCO1C1
11152,5393,EXOSC9
8883,5394,EXOSC10
5449,53940,FTHL17
4436,53942,CNTN5
5169,53944,CSNK1G1
14412,53947,A4GALT
2191,5395,PMS2
5847,5396,PRRX1
2330,53981,CPSF2
6581,540,ATP7B
12808,54014,BRWD1
17803,54016,TUBAP
10366,54020,SLC37A1
18257,54029,RPL23AP4
1621,54033,RBM11
3201,54039,PCBP3
13965,54044,KRT18P2
17084,54045,IMMTP1
15430,54058,C21ORF58
1852,5406,PNLIP
16693,54069,MIS18A
3092,5407,PNLIPRP1
5008,54072,LINC00158
14600,5408,PNLIPRP2
2436,54084,TSPEAR
2898,54101,RIPK4
17277,54102,CLIC6
9876,54103,GSAP
12453,54106,TLR9
17385,5411,PNN
14220,54112,GPR88
15400,5414,C17ORF47
3421,5414,SEPT4
2896,54143,LINC00308
4527,54148,MRPL39
10841,541565,C8ORF58
14836,541578,CXORF40B
12618,54165,DCUN1D1
9603,54187,NANS
1438,5420,PODXL
18508,54205,CYCS
7496,54206,ERRFI1
8711,54207,KCNK10
16780,54209,TREM2
16781,54210,TREM1
4054,54212,SNTG1
9023,5422,POLA1
328,54221,SNTG2
7599,5423,POLB
11520,5424,POLD1
13711,5425,POLD2
780,5426,POLE
7129,5428,POLG
5404,5430,POLR2A
7704,5431,POLR2B
13057,5432,POLR2C
16909,54328,GPR173
7413,54329,GPR85
17620,5433,POLR2D
14869,54332,GDAP1
8784,5434,POLR2E
15558,54344,DPM3
16370,54345,SOX18
1788,54346,UNC93A
12847,5435,POLR2F
13514,54360,CYTL1
11051,54361,WNT4
4256,54363,HAO1
14440,54386,TERF2IP
6226,54407,SLC38A2
17698,5441,POLR2L
6028,54413,NLGN3
13131,54414,SIAE
15085,5442,POLRMT
16564,54429,TAS2R5
5855,5443,POMC
8429,54431,DNAJC10
8364,54432,YIPF1
1506,54434,SSH1
5316,54436,SH3TC1
10273,54437,SEMA5B
1779,54438,GFOD1
5706,54439,RBM27
6552,5444,PON1
10461,54440,SASH3
18494,54442,KCTD5
6700,54443,ANLN
2701,5445,PON2
9182,54453,RIN2
8187,54454,ATAD2B
17863,54455,FBXO42
163,54456,MOV10L1
1122,54457,TAF7L
7103,5446,PON3
15409,54460,MRPS21
5933,54462,CCSER2
9035,54463,FAM134B
415,54464,XRN1
6322,54465,ETAA1
9092,54467,ANKIB1
4824,54468,MIOS
12094,54469,ZFAND6
5521,5447,POR
13374,54470,ARMCX6
7073,54471,MIEF1
11729,54472,TOLLIP
7806,54474,KRT20
5354,54475,NLE1
3714,54476,RNF216
9227,54480,CHPF2
3887,54482,TRMT13
8152,54487,DGCR8
14657,5449,POU1F1
1374,54490,UGT2B28
16012,54491,FAM105A
1491,54494,C11ORF71
17242,54495,TMX3
7130,54496,PRMT7
9432,54497,HEATR5B
13214,54498,SMOX
1291,54499,TMCO1
34,545,ATR
12722,5450,POU2AF1
11144,54502,RBM47
9631,54503,ZDHHC13
9549,54504,CPVL
9504,54505,DHX29
11068,54507,ADAMTSL4
8389,5451,POU2F1
7936,54510,PCDH18
5901,54511,HMGCLL1
15734,54512,EXOSC4
7209,54514,DDX4
4391,54516,MTRF1L
13299,54517,PUS7
12060,54518,APBB1IP
15091,5452,POU2F2
6882,54520,CCDC93
6162,54521,WDR44
17985,54522,ANKRD16
6829,54529,ASNSD1
14856,5453,POU3F1
927,54531,MIER2
9973,54532,USP53
13179,54534,MRPL50
5899,54535,CCHCR1
2245,54536,EXOC6
4090,54537,FAM35A
17414,54538,ROBO4
12458,5454,POU3F2
7750,54542,RC3H2
3017,54545,MTMR12
908,54549,SDK2
15692,5455,POU3F3
10089,54551,MAGEL2
1076,54552,GNL3L
8253,54554,WDR5B
15647,54555,DDX49
12428,54556,ING3
6051,54558,SPATA6
4537,5456,POU3F4
8605,54566,EPB41L4B
17399,5457,POU4F1
9457,54575,UGT1A10
3675,54577,UGT1A7
6527,54578,UGT1A6
15589,54579,UGT1A5
13657,5458,POU4F2
17911,54581,SCAND2P
15761,54583,EGLN1
11523,54584,GNB1L
8908,54585,LZTFL1
614,54586,EQTN
14390,54587,MXRA8
2672,5459,POU4F3
280,54596,L1TD1
2024,546,ATRX
11169,5460,POU5F1
18057,54600,UGT1A9
12743,54602,NDFIP2
4395,54606,DDX56
7429,54617,INO80
10278,54619,CCNJ
7160,5462,POU5F1B
13200,54620,FBXL19
17727,54621,VSIG10
9502,54622,ARL15
16032,54623,PAF1
4344,54625,PARP14
9392,54626,HES2
4582,54627,MAP10
6997,5463,POU6F1
13643,5465,PPARA
14968,54657,UGT1A4
12604,54658,UGT1A1
9032,54659,UGT1A3
3025,54660,PCDHB18
17960,54661,PCDHB17
628,54662,TBC1D13
4875,54663,WDR74
14731,54664,TMEM106B
7668,54665,RSBN1
9038,5467,PPARD
558,54674,LRRN3
11637,54677,CROT
17953,5468,PPARG
4315,54680,ZNHIT6
12284,54681,P4HTM
17384,54682,MANSC1
14667,5469,MED1
1728,547,KIF1A
6682,5470,PPEF2
8225,54700,RRN3
17503,54704,PDP1
17290,54707,GPN2
17496,5471,PPAT
1822,54714,CNGB3
857,54715,RBFOX1
1732,54716,SLC6A20
12971,54718,BTN2A3P
3278,54726,OTUD4
14865,54732,TMED9
17202,54733,SLC35F2
17459,54734,RAB39A
7167,54737,MPHOSPH8
10405,54738,FEV
8184,54741,LEPROT
6710,54742,LY6K
13777,5475,PPEF1
4209,54752,FNDC8
13439,54753,ZNF853
15704,54754,NUTM2F
5875,54756,IL17RD
9173,54758,KLHDC4
7132,5476,CTSA
15207,54760,PCSK4
4615,54762,GRAMD1C
9954,54763,ROPN1
17898,54764,ZRANB1
682,54765,TRIM44
2854,54768,HYDIN
8010,54769,DIRAS2
4697,54778,RNF111
6090,5478,PPIA
10051,54780,NSMCE4A
17305,54784,ALKBH4
16132,54785,C17ORF59
14076,54788,DNAJB12
7502,54790,TET2
83,54793,KCTD9
975,54795,TRPM4
4058,54796,BNC2
18068,54797,MED18
1382,54798,DCHS2
4217,54799,MBTD1
12222,5480,PPIC
9963,54800,KLHL24
14419,54802,TRIT1
9623,54805,CNNM2
9874,54806,AHI1
6493,54807,ZNF586
921,54808,DYM
2700,54809,SAMD9
9185,54810,GIPC2
3809,54811,ZNF562
11093,54812,AFTPH
3390,54813,KLHL28
8325,54814,QPCTL
11342,54815,GATAD2A
3601,54816,ZNF280D
1398,54819,ZCCHC10
13251,54820,NDE1
10807,54821,ERCC6L
2485,54822,TRPM7
1295,54823,SWT1
3033,54825,CDHR2
8496,54826,GIN1
1183,54827,NXPE4
5245,54828,BCAS3
8599,54829,ASPN
7490,54831,BEST2
2909,548313,SSX4B
5982,54832,VPS13C
17184,548321,FAM27A
16127,54836,BSPRY
2251,54838,WBP1L
4183,54839,LRRC49
1988,54840,APTX
6167,54842,MFSD6
4882,54843,SYTL2
4845,54845,ESRP1
6676,54847,SIDT1
7932,54848,ARHGEF38
4480,54849,DEF8
17274,54850,FBXL12
13257,54852,PAQR5
4365,54853,WDR55
14166,54854,FAM83E
11452,54855,FAM46C
1126,54856,GON4L
13104,54857,GDPD2
10589,54859,ELP6
9354,548596,CKMT1A
694,54860,MS4A12
1731,54861,SNRK
7274,54862,CC2D1A
9613,54863,TOR4A
17505,548645,DNAJC25
11967,54865,GPATCH4
15061,54866,PPP1R14D
6524,54867,TMEM214
14144,54868,TMEM104
8909,54870,QRICH1
8472,54872,PIGG
9408,54873,PALMD
5573,54874,FNBP1L
9590,54875,CNTLN
8919,54876,DCAF16
15477,54877,ZCCHC2
11826,54878,DPP8
16576,54879,ST7L
5019,54880,BCOR
5431,54881,TEX10
4810,54882,ANKHD1
15719,54883,CWC25
10272,54884,RETSAT
5639,54885,TBC1D8B
4377,54887,UHRF1BP1
5428,54888,NSUN2
2009,54890,ALKBH5
10299,54891,INO80D
6097,54892,NCAPG2
1892,54893,MTMR10
4721,54894,RNF43
10207,54896,PQLC2
3837,54897,CASZ1
16555,54898,ELOVL2
4609,54899,PXK
6083,54901,CDKAL1
15972,54902,TTC19
4720,54903,MKS1
3723,54904,WHSC1L1
9543,54905,CYP2W1
3078,54906,FAM208B
4777,54910,SEMA4C
613,54914,FOCAD
15334,54918,CMTM6
538,54919,HEATR2
7115,54920,DUS2
4477,54921,CHTF8
9881,54922,RASIP1
6497,54923,LIME1
5170,54925,ZSCAN32
4412,54926,UBE2R2
10939,54927,CHCHD3
2016,54929,TMEM161A
15472,5493,PPL
15591,54931,TRMT10C
15510,54932,EXD3
8357,54933,RHBDL2
16662,54934,KANSL2
14545,54935,DUSP23
12482,54936,ADPRHL2
959,54938,SARS2
10078,5494,PPM1A
7703,54940,OCIAD1
10031,54942,FAM206A
8464,54946,SLC41A3
12767,54947,LPCAT2
6288,54949,SDHAF2
6663,5495,PPM1B
4797,54951,COMMD8
14855,54952,TRNAU1AP
12910,54953,C1ORF27
1642,54954,FAM120C
17610,54955,C1ORF109
18436,54958,TMEM160
445,54959,ODAM
5665,5496,PPM1G
13644,54960,GEMIN8
14605,54961,SSH3
12806,54963,UCKL1
13649,54967,CT55
2153,54969,C4ORF27
2284,54970,TTC12
12472,54971,BANP
13448,54972,TMEM132A
14653,54973,CPSF3L
16775,54974,THG1L
6314,54976,C20ORF27
15447,54977,SLC25A38
8405,54978,SLC35F6
8295,54979,HRASLS2
8239,5498,PPOX
12315,54980,C2ORF42
2340,54982,CLN6
17678,54984,PINX1
16701,54985,HCFC1R1
31,54986,ULK4
17293,54987,C1ORF123
130,54988,ACSM5
8220,54989,ZNF770
13737,54993,ZSCAN2
18510,54994,GID8
14976,55,ACPP
5857,550,AUP1
15831,5500,PPP1CB
12865,55000,TUG1
6867,55001,TTC22
16114,55002,TMCO3
4369,55003,PAK1IP1
10952,55004,LAMTOR1
11181,55005,RMND1
6662,55006,TRMT61B
4277,55007,FAM118A
5884,55008,HERC6
14538,55009,C19ORF24
17446,5501,PPP1CC
4452,55010,PARPBP
10888,550112,UBA6-AS1
5537,55012,PPP2R3C
6171,55014,STX17
4458,55015,PRPF39
1384,55016,MARCH1
3696,55016,MARCHF1
10076,55017,C14ORF119
16923,5502,PPP1R1A
6775,55020,TTC38
11109,55022,PID1
1418,55023,PHIP
7534,55024,BANK1
15487,55026,TMEM255A
4475,55027,HEATR3
4964,55028,C17ORF80
4928,55030,FBXO34
11228,55031,USP47
17002,55032,SLC35A5
16498,55033,FKBP14
3170,55034,MOCOS
16406,55035,NOL8
914,55036,CCDC40
6067,55037,PTCD3
2735,55039,TRMT12
11913,5504,PPP1R2
9737,55040,EPN3
6374,55041,PLEKHB2
12714,55048,VPS37C
233,55051,NRDE2
7378,55052,MRPL20
6072,55054,ATG16L1
7018,55055,ZWILCH
4569,55057,AIM1L
1434,5506,PPP1R3A
13385,55061,SUSD4
11190,55063,ZCWPW1
11893,550631,CCDC157
17094,55064,SPATA6L
13339,55065,SLC52A1
11508,55066,PDPR
3135,55068,ENOX1
8549,55069,TMEM248
12696,5507,PPP1R3C
10097,55070,DET1
8701,55072,RNF31
11827,55073,LRRC37A4P
1826,55074,OXR1
2516,55075,UACA
17654,55076,TMEM45A
14701,55079,FEZF2
12946,55081,IFT57
17909,55082,ARGLU1
1706,55083,KIF26B
10274,55084,SOBP
2026,55086,CXORF57
8669,55089,SLC38A4
15566,5509,PPP1R3D
13924,55090,MED9
11419,55093,WDYHV1
3428,55094,GPATCH1
13354,55095,SAMD4B
6809,55096,EBLN2
12159,5510,PPP1R7
5699,55100,WDR70
14319,55101,ATP5SL
4934,55102,ATG2B
9912,55103,RALGPS2
14,55105,GPATCH2
7268,55106,SLFN12
8042,55107,ANO1
13263,55108,BSDC1
2162,55109,AGGF1
6799,5511,PPP1R8
10616,55110,MAGOHB
2720,55112,WDR60
16329,55114,ARHGAP17
111,55117,SLC6A15
5074,55118,CRTAC1
14259,55120,FANCL
5916,55124,PIWIL2
3622,55125,CEP192
1306,55127,HEATR1
10054,55128,TRIM68
1459,55130,ARMC4
7988,55131,RBM28
12957,55132,LARP1B
12449,55133,SRBD1
3616,55135,WRAP53
9300,55137,FIGN
10258,55138,FAM90A1
6618,55139,ANKZF1
2535,5514,PPP1R10
12041,55140,ELP3
17809,55143,CDCA8
11065,55144,LRRC8D
7739,55145,THAP1
6812,55146,ZDHHC4
6630,55147,RBM23
1888,55148,UBR7
17469,55149,MTPAP
6688,5515,PPP2CA
15327,55151,TMEM38B
13281,55152,DALRD3
13823,55153,SDAD1
2586,55154,MSTO1
11802,55156,ARMC1
6861,55160,ARHGEF10L
13822,55161,TMEM33
10753,55164,SHQ1
13319,55165,CEP55
17966,55166,CENPQ
5423,55167,MSL2
14468,55168,MRPS18A
4794,55171,TBCCD1
12467,55172,DNAAF2
10772,55173,MRPS10
7992,55174,INTS10
8757,55175,KLHL11
11213,55176,SEC61A2
11501,55177,RMDN3
414,55179,FAIM
9133,5518,PPP2R1A
3150,55180,LINS
9238,55181,SMG8
11597,55182,RNF220
1199,55183,RIF1
1172,55184,DZANK1
11133,55186,SLC25A36
3870,55187,VPS13D
12736,55188,RIC8B
8296,5519,PPP2R1B
12141,55190,NUDT11
10281,55191,NADSYN1
5442,55192,DNAJC17
7459,55193,PBRM1
231,55195,C14ORF105
8665,55196,KIAA1551
9380,55197,RPRD1A
16982,55198,APPL2
9269,55199,FAM86C1
5223,552,AVPR1A
4650,5520,PPP2R2A
14769,55200,PLEKHG6
12256,55201,MAP1S
2137,55203,LGI2
10678,55205,ZNF532
778,55206,SBNO1
10992,55207,ARL8B
12605,55209,SETD5
1772,5521,PPP2R2B
266,55210,ATAD3A
8458,55211,DPPA4
450,55212,BBS7
8470,55214,LEPREL1
7264,55215,FANCI
15971,55217,TMLHE
11280,55218,EXD2
4747,55219,TMEM57
10828,5522,PPP2R2C
13275,55220,KLHDC8A
13988,55224,ETNK2
16729,55225,RAVER2
2769,55226,NAT10
10413,55227,LRRC1
6153,55228,PNMAL1
9390,55229,PANK4
14526,5523,PPP2R3A
5865,55230,USP40
17905,55231,CCDC87
12218,55236,UBA6
15711,55237,VRTN
12099,55238,SLC38A7
13771,55239,OGFOD1
14075,5524,PPP2R4
12392,55240,STEAP3
14946,55243,KIRREL
14802,55244,SLC47A1
8822,55245,UQCC1
16285,55246,CCDC25
13826,55247,NEIL3
14686,55249,YY1AP1
15542,5525,PPP2R5A
7094,55250,ELP2
9809,55251,PCMTD2
13799,55252,ASXL2
13852,55253,TYW1
2643,55254,TMEM39A
6202,55255,WDR41
15878,55256,ADI1
13755,55257,MRGBP
2082,55258,THNSL2
5568,55259,CASC1
6444,5526,PPP2R5B
14165,55260,TMEM143
15419,55262,C7ORF43
6449,55266,TMEM19
14542,55268,ECHDC2
4911,55269,PSPC1
10674,5527,PPP2R5C
15517,55270,NUDT15
7355,55273,TMEM100
9122,55275,VPS53
39,55276,PGM2
9894,55277,FGGY
8197,55278,QRSL1
11476,5528,PPP2R5D
4645,55281,TMEM140
11311,55282,LRRC36
1280,55283,MCOLN3
11418,55284,UBE2W
11377,55285,RBM41
9074,55287,TMEM40
1246,55288,RHOT1
9116,552889,ATXN7L3B
7499,55289,ACOXL
10080,5529,PPP2R5E
10415,55290,BRF2
3754,55291,PPP6R3
12463,55293,UEVLD
7303,55294,FBXW7
3810,55295,KLHL26
17415,55297,CCDC91
5657,553,AVPR1B
7586,5530,PPP3CA
16613,55300,PI4K2B
6430,55301,OLAH
12127,55304,SPTLC3
4201,55308,DDX19A
16039,5531,PPP4C
8139,55311,ZNF444
16466,55312,RFK
15399,55313,CPPED1
16101,55315,SLC29A3
2446,553158,PRR5-ARHGAP8
13254,55317,AP5S1
3695,55319,TMA16
16557,5532,PPP3CB
6339,55320,MIS18BP1
17522,55321,TMEM74B
12631,55322,C5ORF22
5461,55324,ABCF3
10594,55325,UFSP2
17363,55328,RNLS
16616,5533,PPP3CC
8917,55330,BLOC1S4
17287,55332,DRAM1
15960,55335,NIPSNAP3B
17368,55336,FBXL8
12311,55337,C19ORF66
4586,55339,WDR33
16695,5534,PPP3R1
4046,55340,GIMAP5
11632,55341,LSG1
16451,55342,STRBP
5126,55343,SLC35C1
15757,55346,TCP11L1
3681,55347,ABHD10
4549,55349,CHDH
3729,5535,PPP3R2
6697,55350,VNN3
433,55351,STK32B
11938,55352,COPRS
7743,55353,LAPTM4B
8437,55355,HJURP
7858,55356,SLC22A15
12680,55357,TBC1D2
1499,55359,STYK1
8132,5536,PPP5C
17097,55361,PI4K2A
4008,55362,TMEM63B
8602,55363,HEMGN
14350,55364,IMPACT
12038,55365,TMEM176A
4110,55366,LGR4
8833,55370,PPP4R1L
17337,55374,TMCO6
134,55379,LRRC59
17072,5538,PPT1
14904,55384,MEG3
11214,55388,MCM10
6757,5539,PPY
12146,554,AVPR2
13721,5540,NPY4R
16199,554175,DNM1P33
9878,5542,PRB1
4513,55422,ZNF331
11875,554225,STRCP1
2087,554226,ANKRD30BL
10137,55423,SIRPG
12187,554235,ASPDH
9551,554236,DPY19L2P1
4918,55425,GPALPP1
9134,554300,KIR2DP1
17527,55432,YOD1
17157,55435,AP1AR
5673,55437,STRADB
7772,5544,PRB3
1871,5545,PRB4
13478,55450,CAMK2N1
11863,55454,CSGALNACT2
2049,5546,PRCC
128,55466,DNAJA4
13323,5547,PRCP
3847,55486,PARL
4580,5549,PRELP
7592,5550,PREP
7773,55500,ETNK1
7969,55501,CHST12
4043,55503,TRPV6
11270,55504,TNFRSF19
16513,55505,NOP10
16165,55507,GPRC5D
4448,55508,SLC35E3
15020,5551,PRF1
3709,55510,DDX43
3832,55511,SAGE1
2008,55512,SMPD3
8189,55515,ASIC4
2559,55520,ELAC1
9980,55521,TRIM36
8284,55526,DHTKD1
1586,55527,FEM1A
9579,55529,TMEM55A
14088,5553,PRG2
9653,55530,SVOP
6119,55531,ELMOD1
2602,55532,SLC30A10
2149,55534,MAML3
15607,55536,CDCA7L
16164,5554,PRH1
5278,55540,IL17RB
13753,55544,RBM38
16978,5555,PRH2
14877,55552,ZNF823
4426,55553,SOX6
7366,55554,KLK15
1583,55556,ENOSF1
5375,55558,PLXNA3
16025,55559,HAUS7
10614,55561,CDC42BPG
870,55565,ZNF821
859,55567,DNAH3
15700,55568,GALNT10
7611,5557,PRIM1
16421,55572,FOXRED1
4906,55576,STAB2
15224,55577,NAGK
5479,55578,SUPT20H
7411,5558,PRIM2
4415,55582,KIF27
15559,55584,CHRNA9
10829,55589,BMP2K
5086,55591,VEZT
17614,55592,GOLGA2P5
7077,55593,OTUD5
3771,55596,ZCCHC8
14947,55600,ITLN1
8261,55601,DDX60
14467,55602,CDKN2AIP
12975,55603,FAM46A
1780,55604,LRRC16A
3763,55605,KIF21A
1429,55607,PPP1R9A
1091,55609,ZNF280C
7319,55610,CCDC132
13089,55612,FERMT1
13227,55613,MTMR8
13937,55614,KIF16B
6049,55616,ASAP3
16458,55617,TASP1
5679,55619,DOCK10
12456,5562,PRKAA1
7273,55620,STAP2
17476,55621,TRMT1
12590,55622,TTC27
12375,55623,THUMPD1
14886,55624,POMGNT1
5754,55626,AMBRA1
9933,55627,SMPD4
926,55628,ZNF407
7662,5563,PRKAA2
12673,55630,SLC39A4
16225,55631,LRRC40
8703,55632,G2E3
14997,55633,TBC1D22B
10749,55634,KRBOX4
6053,55635,DEPDC1
6098,55636,CHD7
14749,55638,SYBU
10956,55640,FLVCR2
18020,55643,BTBD2
432,55646,LYAR
13591,55647,RAB20
13427,55650,PIGV
17215,55652,SLC48A1
17299,55654,TMEM127
1255,55655,NLRP2
9583,55656,INTS8
17575,55657,ZNF692
12884,55658,RNF126
4993,55659,ZNF416
3926,55660,PRPF40A
7648,55661,DDX27
15793,55663,ZNF446
15405,55664,CDC37L1
14280,55665,URGCP
2014,55666,NPLOC4
13863,55667,DENND4C
5976,55668,GPATCH2L
193,55669,MFN1
5837,5567,PRKACB
5824,55670,PEX26
6136,55671,SMEK1
3649,55672,NBPF1
5419,55677,IWS1
3922,55679,LIMS2
5964,55681,SCYL2
4776,55683,KANSL3
11804,55684,RABL6
18560,55686,MREG
9964,55689,YEATS2
12044,5569,PKIA
13018,55690,PACS1
3570,55691,FRMD4A
16965,55692,LUC7L
12240,55693,KDM4D
2541,55695,NSUN5
12967,55696,RBM22
13741,55697,VAC14
1791,55698,RADIL
2963,55699,IARS2
12205,55700,MAP7D1
10539,55701,ARHGEF40
1662,55703,POLR3B
6367,55704,CCDC88A
7569,55705,IPO9
278,55706,NDC1
740,5571,PRKAG1
4139,55711,FAR2
14352,55713,ZNF334
2500,55714,TENM3
13058,55715,DOK4
14453,55716,LMBR1L
8025,55717,WDR11
17552,55718,POLR3E
7506,55719,FAM178A
17569,55721,IQCC
9497,55722,CEP72
735,55726,ASUN
3142,55727,BTBD7
3968,55728,N4BP2
2292,55729,ATF7IP
5553,5573,PRKAR1A
10263,55731,FAM222B
6615,55732,C1ORF112
2601,55733,HHAT
12804,55734,ZFP64
7495,55735,DNAJC11
1557,55737,VPS35
17778,55738,ARFGAP1
6522,55740,ENAH
14825,55741,EDEM2
7249,55742,PARVA
12084,55743,CHFR
1796,55744,COA1
13990,55746,NUP133
4971,55748,CNDP2
644,55749,CCAR1
11183,5575,PRKAR1B
13856,55750,AGK
11601,55751,TMEM184C
6646,55752,SEPT11
1146,55753,OGDHL
6695,55754,TMEM30A
6714,55755,CDK5RAP2
1444,55756,INTS9
789,55757,UGGT2
2961,55758,RCOR3
13694,55759,WDR12
14971,5576,PRKAR2A
4672,55760,DHX32
6723,55761,TTC17
1607,55762,ZNF701
12955,55763,EXOC1
2993,55764,IFT122
7872,55765,C1ORF106
14872,55766,H2AFJ
6262,55768,NGLY1
9017,55769,ZNF83
6095,5577,PRKAR2B
5059,55770,EXOC2
7809,55771,PRR11
5156,55773,TBC1D23
124,55775,TDP1
10833,55776,SAYSD1
6070,55777,MBD5
11651,55778,ZNF839
9739,5578,PRKCA
12195,55780,ERMARD
6399,55781,RIOK2
1904,55783,CMTR2
5986,55784,MCTP2
4904,55785,FGD6
17333,55787,TXLNG
1417,55788,LMBRD1
12007,55789,DEPDC1B
3608,5579,PRKCB
9573,55790,CSGALNACT1
7518,55791,LRIF1
18054,55793,FAM63A
5969,55795,PCID2
1216,55798,METTL2B
9077,55799,CACNA2D3
11796,558,AXL
6528,5580,PRKCD
2792,55800,SCN3B
110,55801,IL26
7696,55802,DCP1A
4484,55803,ADAP2
585,55806,HR
10599,55809,TRERF1
4770,5581,PRKCE
4892,55810,FOXJ2
8241,55811,ADCY10
2832,55812,SPATA7
13926,55813,UTP6
4806,55814,BDP1
12531,55815,TSNAXIP1
6496,55816,DOK5
11908,55818,KDM3A
7276,5582,PRKCG
15731,55821,ALLC
8970,55823,VPS11
6558,55824,PAG1
3674,55825,PECR
1293,55827,DCAF6
8986,5583,PRKCH
13810,55831,EMC3
8057,55832,CAND1
6860,55833,UBAP2
1883,55835,CENPJ
7216,55837,EAPP
8468,5584,PRKCI
7912,55840,EAF2
1635,55841,WWC3
1717,55843,ARHGAP15
11821,55844,PPP2R2D
12283,55845,BRK1
2478,55846,ITFG2
13566,55847,CISD1
11421,55848,PLGRKT
16003,55850,USE1
13353,55851,PSENEN
2375,55852,TEX2
3931,55854,ZC3H15
14374,55858,TMEM165
12479,55859,BEX1
6033,5586,PKN2
7622,55860,ACTR10
17777,55861,DBNDD2
5330,55862,ECHDC1
14295,55863,TMEM126B
6442,55867,SLC22A11
1643,55869,HDAC8
3597,5587,PRKD1
3841,55870,ASH1L
4657,55871,CBWD1
2369,55876,GSDMB
1949,55879,GABRQ
8613,5588,PRKCQ
13450,55884,WSB2
8451,55888,ZKSCAN7
4937,55889,GOLGA6B
10868,5589,PRKCSH
17371,55890,GPRC5C
420,55892,MYNN
10433,55898,UNC45A
9885,5590,PRKCZ
17244,55900,ZNF302
12085,55901,THSD1
13675,55902,ACSS2
1657,55904,KMT2E
17175,55905,RNF114
16381,55906,ZC4H2
9272,55907,CMAS
594,5591,PRKDC
9703,55911,APOBR
4805,55914,ERBB2IP
7314,55915,LANCL2
15432,55916,NXT2
6434,5592,PRKG1
5570,55920,RCC2
15486,55922,NKRF
15408,55924,FAM212B
15850,55929,DMAP1
3276,5593,PRKG2
6344,55930,MYO5C
6159,5594,MAPK1
17272,5595,MAPK3
17325,55957,LIN37
6712,55958,KLHL9
7443,55959,SULF2
11941,5596,MAPK4
15554,55964,SEPT3
1671,55966,AJAP1
3436,55968,NSFL1C
8332,55969,C20ORF24
10092,5597,MAPK6
9404,55970,GNG12
2938,55971,BAIAP2L1
14736,55972,SLC25A40
1806,55973,BCAP29
7183,55974,SLC50A1
6210,55975,KLHL7
17588,5598,MAPK7
9200,5599,MAPK8
11538,55997,CFC1
6030,55998,NXF5
9142,55999,NXF4
6726,56,ACRV1
14353,5600,MAPK11
9835,56000,NXF3
11338,56005,C19ORF10
965,56006,SMG9
62,5601,MAPK9
9256,5602,MAPK10
7956,5603,MAPK13
8601,56033,BARX1
1763,56034,PDGFC
2515,5604,MAP2K1
17859,5605,MAP2K2
8224,56052,ALG1
16092,5606,MAP2K3
16862,56061,UBFD1
168,56062,KLHL4
12566,56063,TMEM234
8081,5607,MAP2K5
12883,5608,MAP2K6
15478,5609,MAP2K7
5590,56097,PCDHGC5
15835,56098,PCDHGC4
3528,56099,PCDHGB7
13801,5610,EIF2AK2
15784,56100,PCDHGB6
2670,56102,PCDHGB3
14428,56103,PCDHGB2
57,56104,PCDHGB1
3291,56105,PCDHGA11
3702,56106,PCDHGA10
14991,56107,PCDHGA9
4812,56108,PCDHGA7
2168,56109,PCDHGA6
16196,5611,DNAJC3
1399,56110,PCDHGA5
3026,56111,PCDHGA4
2669,56112,PCDHGA3
7949,56113,PCDHGA2
3526,56114,PCDHGA1
6117,5612,PRKRIR
17500,56120,PCDHGB8P
3290,56121,PCDHB15
4366,56122,PCDHB14
7154,56123,PCDHB13
489,56124,PCDHB12
5893,56125,PCDHB11
3024,56126,PCDHB10
1137,56127,PCDHB9
1771,56128,PCDHB8
6916,56129,PCDHB7
2563,5613,PRKX
2167,56130,PCDHB6
56,56131,PCDHB4
488,56132,PCDHB3
5705,56133,PCDHB2
12013,56134,PCDHAC2
5202,56135,PCDHAC1
17380,56136,PCDHA13
7307,56137,PCDHA12
3289,56138,PCDHA11
6540,56139,PCDHA10
4811,56140,PCDHA8
4553,56141,PCDHA7
487,56142,PCDHA6
6833,56143,PCDHA5
9221,56144,PCDHA4
3288,56145,PCDHA3
7589,56146,PCDHA2
486,56147,PCDHA1
3063,56154,TEX15
13070,56155,TEX14
11894,56156,TEX13B
10157,56157,TEX13A
1490,56158,TEX12
1080,56159,TEX11
15239,56160,NDNL2
782,56163,RNF17
4022,56164,STK31
3743,56165,TDRD1
12668,56169,GSDMC
12970,5617,PRL
1965,56171,DNAH7
1974,56172,ANKH
471,5618,PRLR
12145,56180,MOSPD1
16222,56181,MTFR1L
17858,5620,PRM2
1133,56203,LMOD3
11292,56204,FAM214A
1631,56241,SUSD2
2395,56242,ZNF253
2238,56243,KIAA1217
7239,56244,BTNL2
14826,56245,C21ORF62
12558,5625,PRODH
6740,56252,YLPM1
6574,56253,CRTAM
13396,56254,RNF20
1005,56255,TMX4
5659,56256,SERTAD4
7732,56257,MEPCE
1016,56259,CTNNBL1
7087,5626,PROP1
13305,56260,C8ORF44
6494,56261,GPCPD1
17625,56262,LRRC8A
4253,56265,CPXM1
6613,56267,CCBL2
7820,56269,IRGC
8453,5627,PROS1
15970,56271,BEX4
5040,56287,GKN1
8207,56288,PARD3
317,5629,PROX1
6932,563,AZGP1
14299,5630,PRPH
954,56301,SLC7A10
572,56302,TRPV5
3209,5631,PRPS1
9565,56311,ANKRD7
10075,56339,METTL3
2289,56341,PRMT8
13621,56344,CABP5
8765,5635,PRPSAP1
14313,5636,PRPSAP2
9833,5638,PRRG1
14408,5639,PRRG2
4932,5641,LGMN
571,5644,PRSS1
6713,5646,PRSS3
14832,56474,CTPS2
1670,56478,EIF4ENIF1
8270,56479,KCNQ5
3689,5648,MASP1
5469,5649,RELN
6310,5650,KLK7
1039,5651,TMPRSS15
15906,5652,PRSS8
1109,56521,DNAJC12
6154,5653,KLK6
15392,5654,HTRA1
10055,56547,MMP26
13471,56548,CHST7
16061,5655,KLK10
13612,566,AZU1
13006,5660,PSAP
12148,56603,CYP26B1
7939,56604,TUBB7P
10698,56605,ERO1LB
12834,56606,SLC2A9
9658,56616,DIABLO
13008,5662,PSD
1219,56623,INPP5E
3085,56624,ASAH2
4461,5663,PSEN1
14949,5664,PSEN2
16657,56647,BCCIP
11687,56648,EIF5A2
1492,56649,TMPRSS4
11785,56650,CLDND1
12309,56651,LINC00470
3349,56652,C10ORF2
16038,56654,NPDC1
14062,56656,OR2S2
14037,56658,TRIM39
2553,56659,KCNK13
18609,56660,KCNK12
13947,56666,PANX2
2125,56667,MUC13
6196,56670,SUCNR1
5612,56674,TMEM9B
5528,56681,SAR1A
13255,56683,C21ORF59
8324,5669,PSG1
12436,567,B2M
964,5670,PSG2
8578,56704,JPH1
5366,5671,PSG3
2881,5672,PSG4
6598,5673,PSG5
15403,56731,SLC2A4RG
8805,5675,PSG6
2404,5676,PSG7
2966,56776,FMN2
10872,5678,PSG9
1934,5680,PSG11
6979,5682,PSMA1
12506,56829,ZC3HAV1
7243,5683,PSMA2
3231,56833,SLAMF8
13578,56834,GPR137
7255,5684,PSMA3
1074,56850,GRIPAP1
829,56851,EMC7
14699,56852,RAD18
11757,56853,CELF4
18096,5686,PSMA5
18075,5688,PSMA7
17806,56882,CDC42SE1
2151,56884,FSTL5
3249,56886,UGGT1
6368,56888,KCMF1
10045,56889,TM9SF3
537,5689,PSMB1
6998,56890,MDM1
8384,56893,UBQLN4
10236,56894,AGPAT3
14866,56895,AGPAT4
11976,56896,DPYSL5
4554,56897,WRNIP1
4148,56899,ANKS1B
10514,5690,PSMB2
13586,56901,NDUFA4L2
15284,56902,PNO1
7970,56903,PAPOLB
10034,56904,SH3GLB2
2341,56905,C15ORF39
14621,56906,THAP10
9744,56907,SPIRE1
8754,5691,PSMB3
12420,56910,STARD7
5106,56911,MAP3K7CL
9643,56912,IFT46
17210,56913,C1GALT1
12535,56915,EXOSC5
13824,56916,SMARCAD1
8434,56918,C2ORF83
14347,56919,DHX33
10312,5692,PSMB4
1357,56920,SEMA3G
4348,56922,MCCC1
9517,56923,NMUR2
16624,56924,PAK6
15321,56925,LXN
17373,56926,NCLN
17418,56927,GPR108
15525,56928,SPPL2B
16967,56929,FEM1C
5777,5693,PSMB5
14819,56931,DUS3L
7039,56934,CA10
13888,56935,SMCO4
11360,56937,PMEPA1
5767,56938,ARNTL2
9522,56940,DUSP22
9956,56941,HMCES
12901,56944,OLFML3
9192,56945,MRPS22
6221,56946,C11ORF30
2636,56947,MFF
13076,56949,XAB2
11973,56950,SMYD2
13699,56954,NIT2
5118,56955,MEPE
2600,56956,LHX9
14222,56957,OTUD7B
15937,56961,SHD
848,56963,RGMA
9375,56964,WDR93
17407,56965,PARP6
17298,56969,RPL23AP32
15522,5697,PYY
14385,56970,ATXN7L3
7440,56971,CEACAM19
8536,56975,FAM20C
15226,56977,STOX2
5585,56978,PRDM8
467,56979,PRDM9
10423,56980,PRDM10
10337,56981,PRDM11
15823,56983,POGLUT1
14811,56984,PSMG2
3955,56987,BBX
869,5699,PSMB10
17430,56992,KIF15
11946,56993,TOMM22
3712,56995,TULP4
5335,56996,SLC12A9
3240,56997,ADCK3
173,56998,CTNNBIP1
3951,56999,ADAMTS9
9604,570,BAAT
11722,57000,GSN-AS1
10255,57001,ACN9
10220,57002,YAE1D1
17442,57003,CCDC47
12488,57007,ACKR3
8275,5701,PSMC2
14662,57010,CABP4
3325,57016,AKR1B10
14481,57017,COQ9
16478,57018,CCNL1
3788,57019,CIAPIN1
17146,5702,PSMC3
4472,57020,C16ORF62
8155,57026,PDXP
7062,57030,SLC17A7
5718,57037,ANKMY2
15606,57038,RARS2
5556,5704,PSMC4
14640,57045,TWSG1
3685,57047,PLSCR2
11866,57053,CHRNA10
2540,57057,TBX20
9670,5706,PSMC6
12160,57060,PCBP4
2833,57062,DDX24
384,5707,PSMD1
5619,57082,CASC5
12707,57084,SLC17A6
15764,57088,PLSCR4
16503,57089,ENTPD7
11031,5709,PSMD3
6856,57091,CASS4
6893,57092,PCNP
5948,57093,TRIM49
12169,57094,CPA6
4925,57096,RPGRIP1
5082,57097,PARP11
2336,57099,AVEN
7369,571,BACH1
3652,5710,PSMD4
1112,57101,ANO2
6727,57102,C12ORF4
15614,57104,PNPLA2
9661,57105,CYSLTR2
5205,57107,PDSS2
17308,57109,REXO4
18472,5711,PSMD5
16252,57110,HRASLS
10914,57111,RAB25
3990,57113,TRPC7
3230,57115,PGLYRP4
7120,57116,ZNF695
7135,57117,INTS12
14234,57118,CAMK1D
15503,57120,GOPC
16309,57121,LPAR5
4686,57122,NUP107
16087,57124,CD248
9002,57125,PLXDC1
6309,57126,CD177
14544,57127,RHBG
14465,57129,MRPL47
1931,57130,ATP13A1
17025,57132,CHMP1B
15574,57134,MAN1C1
3439,57136,APMAP
14492,57139,RGL3
6005,5714,PSMD8
14698,57140,RNPEPL1
7880,57142,RTN4
122,57143,ADCK1
1007,57144,PAK7
14914,57146,TMEM159
15440,57147,SCYL3
8148,57148,RALGAPB
12861,5715,PSMD9
7591,57150,SMIM8
13309,57152,SLURP1
15528,57153,SLC44A2
5467,57154,SMURF1
2000,57156,TMEM63C
3719,57157,PHTF2
1020,57158,JPH2
16077,57161,PELI2
15870,57162,PELI1
1303,57165,GJC2
7649,57167,SALL4
14190,57168,ASPHD2
2892,57169,ZNFX1
1908,5717,PSMD11
7873,57172,CAMK1G
12289,57176,VARS2
15612,57178,ZMIZ1
16615,57179,KIAA1191
1581,5718,PSMD12
3327,57180,ACTR3B
11103,57181,SLC39A10
1758,57182,ANKRD50
1676,57185,NIPAL3
7556,57186,RALGAPA2
5373,57187,THOC2
4699,57188,ADAMTSL3
1439,57189,KIAA1147
1223,5719,PSMD13
1272,57190,SEPN1
13350,57192,MCOLN1
826,57194,ATP10A
9418,57198,ATP8B2
1267,572,BAD
12466,5720,PSME1
441,57205,ATP10D
6281,57209,ZNF248
8279,57210,SLC45A4
7965,57211,GPR126
4743,57212,TP73-AS1
15241,57215,THAP11
6059,57216,VANGL2
4583,57217,TTC7A
2538,57221,KIAA1244
3295,57222,ERGIC1
6066,57223,SMEK2
7725,57224,NHSL1
11930,57228,SMAGP
10714,5723,PSPH
5903,57231,SNX14
18427,57234,LINC00869
14254,5724,PTAFR
1251,5725,PTBP1
78,5726,TAS2R38
4067,5727,PTCH1
1148,5728,PTEN
6610,57282,SLC4A10
5974,5729,PTGDR
3725,573,BAG1
8283,5730,PTGDS
15479,5731,PTGER1
4164,5732,PTGER2
14174,57325,CSRP2BP
13483,57326,PBXIP1
7478,5733,PTGER3
17801,57332,CBX8
11828,57333,RCN3
9378,57335,ZNF286A
16185,57336,ZNF287
5584,57337,SENP7
6591,57338,JPH3
10595,5734,PTGER4
7367,57343,ZNF304
3634,57348,TTYH1
14063,5736,PTGER4P2
1528,57369,GJD2
13788,5737,PTGFR
4138,57379,AICDA
3893,5738,PTGFRN
8708,57381,RHOJ
11519,5739,PTGIR
13366,57393,TMEM27
16084,57396,CLK4
13216,5740,PTGIS
6999,574016,CLLU1OS
14944,57402,S100A14
16368,57403,RAB22A
18469,574031,MIR363
1722,57404,CYP20A1
16245,57405,SPC25
12285,57406,ABHD6
1970,57408,LRTM1
2551,57410,SCYL1
9622,57412,AS3MT
12196,57414,RHBDD2
16991,57419,SLC24A3
2747,5742,PTGS1
13149,5743,PTGS2
11558,5744,PTHLH
18307,574406,ADAMTSL4-AS1
17937,574414,PRR9
15293,574442,MIR489
12429,574443,MIR490
18174,574449,MIR492
18114,574452,MIR494
18603,574453,MIR495
14925,574457,MIR181D
988,574459,MIR512-2
1015,57446,NDRG3
14409,574460,MIR498
18179,574461,MIR520E
18024,574464,MIR520F
10341,57447,NDRG2
18113,574470,MIR525
13623,574472,MIR518F
2521,574478,MIR524
18116,574479,MIR517A
337,57448,BIRC6
18087,574489,MIR518D
2930,57449,PLEKHG5
4990,574490,MIR516B1
18594,574492,MIR517C
17328,574495,MIR522
5558,574497,MIR527
5581,5745,PTH1R
12261,574500,MIR519A2
8232,574505,MIR450A2
18505,574506,MIR503
16914,574509,MIR513A1
494,57451,TENM2
18333,574510,MIR513A2
5268,574513,MIR508
12827,574518,MIR514A3
5230,57452,GALNT16
2791,57453,DSCAML1
2533,574537,UGT2A2
13074,57455,REXO1
4688,57458,TMCC3
17632,57459,GATAD2B
6071,5746,PTH2R
12370,57460,PPM1H
15149,57461,ISY1
8594,57462,KIAA1161
10582,57463,AMIGO1
12659,57464,STRIP2
17319,57465,TBC1D24
12541,57466,SCAF4
4605,57467,HHATL
1613,57468,SLC12A5
17775,57469,PNMA8B
10025,5747,PTK2
17485,57470,LRRC47
5710,57472,CNOT6
5256,57473,ZNF512B
7816,57474,ZNF490
806,57475,PLEKHH1
716,57476,GRAMD1B
7178,57477,SHROOM4
4195,57478,USP31
251,57479,PRR12
11439,57481,KIAA1210
3275,57482,KIAA1211
2150,57484,RNF150
480,57486,NLN
6942,57488,ESYT2
12856,57489,ODF2L
4629,57491,AHRR
7967,57492,ARID1B
11128,57493,HEG1
17006,57494,RIMKLB
7512,57496,MKL2
1413,57497,LRFN2
3661,57498,KIDINS220
1827,575,BAI1
4345,57501,KIAA1257
10148,57502,NLGN4X
9433,57504,MTA3
9988,57505,AARS2
13827,57507,ZNF608
6146,57508,INTS2
7991,57509,MTUS1
4380,57510,XPO5
4691,57511,COG6
89,57512,GPR158
13136,57513,CASKIN2
408,57514,ARHGAP31
8717,57519,STARD9
6885,57520,HECW2
11033,57521,RPTOR
3126,57522,SRGAP1
5482,57523,NYNRIN
13199,57524,CASKIN1
2025,57526,PCDH19
7950,57528,KCTD16
7493,57529,RGAG1
14411,5753,PTK6
13267,57530,CGN
524,57531,HACE1
17539,57532,NUFIP2
9968,57533,TBC1D14
4495,57534,MIB1
13429,57535,KIAA1324
11035,57536,KIAA1328
3965,57537,SORCS2
7790,57538,ALPK3
4326,57539,WDR35
9157,5754,PTK7
3214,57540,PTCHD2
3721,57541,ZNF398
5959,57542,KLHL42
17511,57544,TXNDC16
12952,57545,CC2D2A
7552,57546,PDP2
4949,57547,ZNF624
11836,57549,IGSF9
17369,57551,TAOK1
11138,57552,NCEH1
3444,57553,MICAL3
2038,57554,LRRC7
12279,57555,NLGN2
1396,57556,SEMA6A
7251,57558,USP35
16193,57559,STAMBPL1
1226,5756,TWF1
9959,57560,IFT80
11471,57561,ARRDC3
3855,57562,KIAA1377
4623,57563,KLHL8
4967,57565,KLHL14
3241,57568,SIPA1L2
4677,57569,ARHGAP20
17549,57571,CARNS1
6764,57572,DOCK6
8327,57573,ZNF471
11984,57574,MARCH4
2148,57575,PCDH10
8233,57576,KIF17
3507,57577,KIAA1407
125,57578,UNC79
2688,57579,FAM135A
5001,57580,PREX1
1844,57582,KCNT1
2239,57584,ARHGAP21
2343,57585,CRAMP1L
14761,57586,SYT13
9454,57590,WDFY1
10147,57591,MKL1
2584,57592,ZNF687
15214,57593,EBF4
6297,57594,HOMEZ
4288,57595,PDZD4
10541,57596,BEGAIN
13696,57599,WDR48
8884,576,BAI2
4802,57600,FNIP2
912,57602,USP36
16533,57604,KIAA1456
8980,57605,PITPNM2
11146,57606,SLAIN2
90,57608,KIAA1462
12517,57609,DIP2B
15043,5761,PTMAP4
10544,57610,RANBP10
13735,57611,ISLR2
1872,57613,KIAA1467
11592,57614,KIAA1468
6149,57615,ZNF492
952,57616,TSHZ3
6470,57617,VPS18
3975,57619,SHROOM3
8920,57620,STIM2
3835,57621,ZBTB2
6637,57622,LRFN1
3072,57623,ZFAT
2103,57624,NYAP2
788,57626,KLHL1
2086,57628,DPP10
11848,57630,SH3RF1
1086,57631,LRCH2
3937,57633,LRRN1
1997,57634,EP400
11326,57636,ARHGAP23
8553,57639,CCDC146
9569,5764,PTN
1035,57642,COL20A1
1124,57643,ZSWIM5
10451,57644,MYH7B
8896,57645,POGK
2477,57646,USP28
4152,57647,DHX37
15280,57648,KIAA1522
13773,57649,PHF12
8457,57650,KIAA1524
15882,57654,UVSSA
1592,57655,GRAMD1A
8383,57657,HCN3
4445,57658,CALCOCO1
11809,57659,ZBTB4
11645,57661,PHRF1
11516,57662,CAMSAP3
999,57663,USP29
3431,57664,PLEKHA4
10689,57666,FBRSL1
1716,57669,EPB41L5
8200,57670,KIAA1549
6208,57673,BEND3
137,57674,RNF213
17125,57677,ZFP14
2252,57678,GPAM
2099,57679,ALS2
3843,5768,QSOX1
5971,57680,CHD8
6381,57683,ZDBF2
14434,57684,ZBTB26
3880,57685,CACHD1
8745,57687,VAT1L
15595,57688,ZSWIM6
6512,57689,LRRC4C
4725,57690,TNRC6C
6029,57692,MAGEE1
12343,57693,ZNF317
2986,57695,USP37
117,57697,FANCM
4098,57698,KIAA1598
9987,57699,CPNE5
516,577,BAI3
8831,5770,PTPN1
6110,57700,FAM160B1
10198,57701,NCKAP5L
12451,57703,CWC22
17261,57704,GBA2
91,57705,WDFY4
2230,57706,DENND1A
17448,57707,TLDC1
11561,57708,MIER1
5313,57709,SLC7A14
13411,5771,PTPN2
1694,57710,KIAA1614
3079,57713,SFMBT2
11865,57715,SEMA4G
2879,57716,PRX
3525,57717,PCDHB16
810,57718,PPP4R4
11549,57719,ANO8
6715,57720,GPR107
1379,57721,METTL14
14306,57722,IGDCC4
5999,57724,EPG5
13627,57727,NCOA5
2139,57728,WDR19
7526,57730,ANKRD36B
8802,57731,SPTBN4
11995,57732,ZFYVE28
3002,57733,GBA3
4418,5774,PTPN3
10556,5775,PTPN4
17425,57758,SCUBE2
8330,57761,TRIB3
13727,5777,PTPN6
5850,5778,PTPN7
6415,57786,RBAK
13083,57787,MARK4
9767,57794,SUGP1
7289,57795,BRINP2
12655,57798,GATAD1
15341,57799,RAB40C
2177,578,BAK1
3780,5780,PTPN9
13393,57805,CCAR2
6485,57817,HAMP
15763,57818,G6PC2
15004,5782,PTPN12
6296,57820,CCNB1IP1
12907,57821,CCDC181
2951,57822,GRHL3
7673,57823,SLAMF7
14199,57826,RAP2C
3706,57827,C6ORF47
957,57828,CATSPERG
325,57829,ZP4
7231,5783,PTPN13
15983,57830,KRTAP5-8
13412,57834,CYP4F11
13997,57835,SLC4A5
5304,5784,PTPN14
8818,5786,PTPRA
6340,57862,ZNF410
3655,57863,CADM3
756,5787,PTPRB
4546,5788,PTPRC
2223,5789,PTPRD
14979,579,NKX3-2
5343,5791,PTPRE
4292,5792,PTPRF
10994,5793,PTPRG
2421,5794,PTPRH
8636,5795,PTPRJ
9993,5796,PTPRK
8773,5797,PTPRM
2101,5798,PTPRN
3062,5799,PTPRN2
15730,58,ACTA1
378,580,BARD1
2801,5800,PTPRO
7423,5801,PTPRR
15088,5802,PTPRS
1436,5803,PTPRZ1
13286,5806,PTX3
5886,5810,RAD1
15853,5813,PURA
9875,5814,PURB
15133,58155,PTBP2
5962,58158,NEUROD4
3631,5817,PVR
8297,5818,NECTIN1
715,5818,PVRL1
10873,5819,PVRL2
10371,58190,CTDSP1
16080,58191,CXCL16
1484,582,BBS1
14670,5822,PWP2
13981,5824,PEX19
10084,5826,ABCD4
11718,5828,PEX2
12878,5829,PXN
1903,583,BBS2
13021,5830,PEX5
11513,5831,PYCR1
1465,5832,ALDH18A1
14639,5833,PCYT2
15532,5834,PYGB
12853,5836,PYGL
15299,5837,PYGM
13053,58472,SQRDL
17710,58473,PLEKHB1
7193,58475,MS4A7
13090,58476,TP53INP2
5689,58477,SRPRB
17574,58480,RHOU
17307,58483,LINC00474
3663,58484,NLRC4
5989,58485,TRAPPC1
12513,58486,ZBED5
6289,58487,CREBZF
11939,58488,PCTP
11433,58490,RPRD1B
14172,58491,ZNF71
16347,58492,ZNF77
623,58493,INIP
2522,58494,JAM2
17561,58496,LY6G5B
4577,58497,PRUNE
6781,58498,MYL7
3566,58499,ZNF462
17744,585,BBS4
4057,58500,ZNF250
7533,58503,PROL1
2241,58504,ARHGAP22
10874,58506,SCAF1
580,58508,KMT2C
7361,58510,PRODH2
176,58511,DNASE2B
2573,58512,DLGAP3
7056,58513,EPS15L1
6446,58516,FAM60A
14609,58516,SINHCAF
3392,58517,RBM25
5923,58524,DMRT3
2870,58525,WIZ
7834,58526,MID1IP1
17885,58528,RRAGD
15416,58530,LY6G6D
14500,58531,PRM3
11276,58533,SNX6
9450,58538,MPP4
731,5858,PZP
9076,5859,QARS1
15192,586,BCAT1
9484,5860,QDPR
13803,5861,RAB1A
14744,5862,RAB2A
16272,5863,RGL2
5218,5866,RAB3IL1
2109,5868,RAB5A
5770,5869,RAB5B
11348,587,BCAT2
13664,5870,RAB6A
6443,5871,MAP4K2
17355,5872,RAB13
17882,5873,RAB27A
4926,5875,RABGGTA
16476,5876,RABGGTB
17296,5877,RABIF
11479,5879,RAC1
5014,5880,RAC2
481,5884,RAD17
4410,5885,RAD21
4238,5886,RAD23A
3567,5887,RAD23B
13770,5888,RAD51
1914,5889,RAD51C
13962,5890,RAD51B
1889,5891,MOK
5992,5892,RAD51D
16395,5893,RAD52
9249,5894,RAF1
11794,5896,RAG1
6980,5897,RAG2
12647,5898,RALA
2033,58985,IL22RA1
12096,58986,TMEM8A
9442,5899,RALB
17396,59,ACTA2
1742,590,BCHE
15459,5900,RALGDS
3595,5901,RAN
14555,5903,RANBP2
14831,5905,RANGAP1
11813,5906,RAP1A
16769,59067,IL21
2483,5907,RAP1AP
4685,5908,RAP1B
17993,59082,CARD18
10208,5909,RAP1GAP
3692,5910,RAP1GDS1
11608,5911,RAP2A
13817,5912,RAP2B
8964,5913,RAPSN
7269,5914,RARA
9946,5915,RARB
9113,5916,RARG
495,5917,RARS
5312,5918,RARRES1
2279,5920,RARRES3
3700,5921,RASA1
8466,5922,RASA2
7092,5923,RASGRF1
6912,5924,RASGRF2
4156,5925,RB1
7008,5926,ARID4A
2953,59269,HIVEP3
5166,5927,KDM5A
3819,59271,EVA1C
3864,59272,ACE2
16856,59274,MESDC1
2302,59277,NTN4
17486,5928,RBBP4
151,59283,CACNG8
252,59284,CACNG7
15723,59285,CACNG6
15389,5929,RBBP5
8995,5930,RBBP6
4424,59307,SIGIRR
10149,5931,RBBP7
1921,5932,RBBP8
4523,5933,RBL1
6954,59335,PRDM12
14729,59336,PRDM13
3093,59338,PLEKHA1
5601,59339,PLEKHA2
7486,5934,RBL2
14242,59340,HRH4
10728,59341,TRPV4
10548,59342,SCPEP1
3688,59343,SENP2
5241,59344,ALOXE3
14057,59347,TPT1P8
3183,59348,ZNF350
3658,59349,KLHL12
15568,5935,RBM3
7938,59350,RXFP1
1697,59352,LGR6
4538,59353,TMEM35
11528,5937,RBMS1
15259,5939,RBMS2
14043,594,BCKDHB
10979,5940,RBMY1A1
3960,5948,RBP2
16687,594855,CPLX3
17696,594857,NPS
3345,5949,RBP3
12717,595,CCND1
14077,5950,RBP4
16806,595135,PGM5P2
10192,5954,RCN1
9322,5955,RCN2
13230,5956,OPN1LW
6240,5957,RCVRN
13400,5959,RDH5
18178,596,BCL2
7606,5962,RDX
5083,5965,RECQL
7882,5966,REL
12593,5967,REG1A
348,5968,REG1B
11977,5969,REG1P
843,597,BCL2A1
4433,5970,RELA
10445,5971,RELB
5037,5972,REN
12829,5973,RENBP
13618,5976,UPF1
11731,5977,DPF2
8476,5978,REST
6961,5979,RET
1420,5980,REV3L
1748,5981,RFC1
7595,5982,RFC2
11874,5983,RFC3
4350,5984,RFC4
17188,5985,RFC5
915,5986,RFNG
7409,5987,TRIM27
10146,5988,RFPL1
13615,5989,RFX1
17735,599,BCL2L2
12408,5990,RFX2
8005,5991,RFX3
4907,5992,RFX4
6256,5993,RFX5
3574,5995,RGR
17540,5997,RGS2
7161,5998,RGS3
5384,5999,RGS4
14279,60,ACTB
1705,6000,RGS7
431,6002,RGS12
7290,6003,RGS13
3042,6005,RHAG
9890,6006,RHCE
6863,6007,RHD
2719,6009,RHEB
14464,6010,RHO
5227,6011,GRK1
8121,6014,RIT2
13842,6015,RING1
297,6016,RIT1
3874,6018,RLF
12507,6019,RLN2
13082,602,BCL3
12621,60312,AFAP1
17291,60313,GPBP1L1
17721,60314,C12ORF10
10430,6035,RNASE1
6458,6036,RNASE2
1936,60385,TSKS
14314,60386,SLC25A19
4692,6039,RNASE6
11692,604,BCL6
1079,60401,EDA2R
308,6041,RNASEL
3554,60412,EXOC4
1030,60437,CDH26
11970,6045,RNF2
2504,6046,BRD2
3538,60468,BACH2
15151,6047,RNF4
13292,6048,RNF5
14042,60481,ELOVL5
1198,60482,SLC5A7
17143,60487,TRMT11
107,60488,MRPS35
16435,60489,APOBEC3G
230,6049,RNF6
17047,60490,PPCDC
15333,60491,NIF3L1
5254,60493,FASTKD5
7334,60494,CCDC81
2249,60495,HPSE2
5764,60496,AASDHPPT
17603,6050,RNH1
12139,60506,NYX
10915,60526,C2ORF43
11936,60528,ELAC2
3749,60529,ALX4
439,60558,GUF1
14426,60559,SPCS3
14233,60560,NAA35
13855,60561,RINT1
17568,6059,ABCE1
10593,60592,SCOC
3636,60598,KCNK15
7788,606,NBEAP1
2430,60625,DHX35
11583,60626,RIC8A
9181,606293,KLKP1
3878,606495,CYB5RL
9711,606551,UBE2MP1
11194,606553,C8ORF49
15728,60672,MIIP
15827,60674,GAS5
2595,60676,PAPPA2
4184,60677,CELF6
1738,60678,EEFSEC
10575,60680,CELF5
13460,60681,FKBP10
14930,60682,SMAP1
3009,60684,TRAPPC11
13293,60685,ZFAND3
2044,607,BCL9
5349,608,TNFRSF17
1360,6091,ROBO1
400,6092,ROBO2
4228,6093,ROCK1
17365,6094,ROM1
8080,6095,RORA
8948,6096,RORB
177,6097,RORC
4388,6098,ROS1
14815,610,HCN2
5334,6100,RP9
3557,6101,RP1
6180,6103,RPGR
4400,611,OPN1SW
7434,6117,RPA1
6050,6118,RPA2
5310,6120,RPE
11062,6121,RPE65
5015,6122,RPL3
15999,6123,RPL3L
16471,6124,RPL4
14219,6125,RPL5
17471,6126,RPL9P7
596,6129,RPL7
11769,613,BCR
5164,6130,RPL7A
12233,613204,IFITM8P
14772,613227,HIGD1C
16916,6134,RPL10
14318,6142,RPL18A
10627,6143,RPL19
11881,6147,RPL23A
9317,6150,MRPL23
12945,6152,RPL24
882,6154,RPL26
13014,6157,RPL27A
17205,6158,RPL28
15651,616,BCRP4
7685,6160,RPL31
9189,6161,RPL32
5119,6167,RPL37
17544,6168,RPL37A
15935,6169,RPL38
4293,617,BCS1L
13676,6170,RPL39
9515,6174,RPL7P1
7424,6175,RPLP0
14620,6176,RPLP1
11816,6184,RPN1
4524,6185,RPN2
11533,6188,RPS3
15798,6189,RPS3A
17860,6191,RPS4X
17794,619208,FAM229B
15229,619279,ZNF704
13087,6193,RPS5
6835,619373,MBOAT4
15036,619383,SCARNA9
17687,6194,RPS6
10161,619455,SPANXA2-OT1
13262,6195,RPS6KA1
3472,619518,SSBP3-AS1
11182,6196,RPS6KA2
9241,6197,RPS6KA3
2373,6198,RPS6KB1
17709,6199,RPS6KB2
9430,6201,RPS7
5454,6202,RPS8
7955,6204,RPS10
16420,6206,RPS12
16607,6209,RPS15
2004,6210,RPS15A
18064,6217,RPS16
14031,6219,RPS17P2
6407,6222,RPS18
4733,6223,RPS19
6015,6227,RPS21
17391,6228,RPS23
9618,6229,RPS24
5618,623,BDKRB1
10671,6231,RPS26
16732,6232,RPS27
16999,6233,RPS27A
15632,6235,RPS29
16714,6236,RRAD
3813,6237,RRAS
4997,6238,RRBP1
14034,6239,RREB1
15815,6240,RRM1
16067,6242,RTKN
17249,6248,RSC1A1
1881,6249,CLIP1
17044,6251,RSU1
804,6252,RTN1
2407,6253,RTN2
11861,6256,RXRA
13841,6257,RXRB
3656,6258,RXRG
10702,6259,RYK
958,6261,RYR1
324,6262,RYR2
2335,6263,RYR3
14473,627,BDNF
14459,6271,S100A1
16731,6273,S100A2
17938,6274,S100A3
9417,6279,S100A8
4321,6280,S100A9
17251,6282,S100A11
12810,6285,S100B
6565,6289,SAA2
17164,6291,SAA4
17589,6294,SAFB
7228,6295,SAG
10105,6296,ACSM3
14367,6297,SALL2
2350,6299,SALL1
16062,6300,MAPK12
5839,6301,SARS
18321,6302,TSPAN31
12020,63027,SLC22A23
8864,63035,BCORL1
5499,63036,CELA2A
1353,6304,SATB1
6250,6305,SBF1
1009,631,BFSP1
8512,6310,ATXN1
2814,6311,ATXN2
11682,6314,ATXN7
10071,6315,ATXN8OS
4970,6317,SERPINB3
925,6318,SERPINB4
2757,6319,SCD
17155,632,BGLAP
10360,6320,CLEC11A
8158,6322,SCML1
3497,6323,SCN1A
1130,6326,SCN2A
17714,6327,SCN2B
2633,6328,SCN3A
2374,6329,SCN4A
16437,633,BGN
15749,6330,SCN4B
389,6331,SCN5A
9937,6332,SCN7A
743,6334,SCN8A
6378,6335,SCN9A
390,6336,SCN10A
5221,6337,SCNN1A
14796,6338,SCNN1B
265,6339,SCNN1D
8130,634,CEACAM1
10500,6340,SCNN1G
15792,6341,SCO1
1277,6342,SCP2
12876,6343,SCT
11626,6344,SCTR
9698,6345,SRL
16098,6347,CCL2
8262,635,BHMT
9000,6351,CCL4
15641,6355,CCL8
8753,6356,CCL11
15865,6359,CCL15
7252,636,BICD1
17752,6361,CCL17
891,6362,CCL18
11653,6367,CCL22
2368,6368,CCL23
11768,637,BID
16886,6370,CCL25
4799,6372,CXCL6
6265,6373,CXCL11
17659,6374,CXCL5
16736,6375,XCL1
8736,6376,CX3CL1
2614,6382,SDC1
3157,63826,SRR
3897,63827,BCAN
5732,6383,SDC2
17329,6385,SDC4
11857,6386,SDCBP
8017,6387,CXCL12
16102,63874,ABHD4
2288,63876,PKNOX2
11644,63877,FAM204A
8316,6388,SDF2
195,6389,SDHA
8910,63891,RNF123
24,63892,THADA
4222,63893,UBE2O
14531,63894,VIPAS39
4304,63895,PIEZO2
906,63897,HEATR6
12666,63898,SH2D4A
2120,63899,NSUN3
16026,639,PRDM1
12545,63904,DUSP21
16367,63905,MANBAL
17626,63908,NAPB
9909,6391,SDHC
1620,63910,SLC17A9
12130,63916,ELMO2
10240,63917,GALNT11
9694,63922,CHTF18
5036,63923,TNN
18326,63924,CIDEC
9333,63925,ZNF335
1008,63926,ANKEF1
14624,63928,CHP2
7206,63929,XPNPEP3
11536,63931,MRPS14
15681,63932,CXORF56
11634,63933,MCUR1
9795,63934,ZNF667
1939,63935,PCIF1
15131,63939,FAM217B
9137,63941,NECAB3
3430,63946,DMRTC2
7851,63948,DMRTB1
13683,63950,DMRTA2
16933,63951,DMRTA1
6830,6396,SEC13
15576,63967,CLSPN
11333,6397,SEC14L1
11869,63970,TP53AIP1
3035,63971,KIF13A
2196,63974,NEUROD6
7379,63976,PRDM16
1045,63977,PRDM15
2217,63978,PRDM14
4396,63979,FIGNL1
12341,6398,SECTM1
1991,63982,ANO3
10717,640,BLK
2329,6400,SEL1L
12504,64005,MYO1G
6060,6401,SELE
9421,6402,SELL
1692,6403,SELP
1505,6404,SELPLG
11119,6405,SEMA3F
10637,6406,SEMG1
16028,64061,TSPYL2
6791,64062,RBM26
1547,64063,PRSS22
17389,64064,OXCT2
14999,64065,PERP
1864,64066,MMP27
800,64067,NPAS3
7174,6407,SEMG2
646,64072,CDH23
16528,64073,C19ORF33
2255,64077,LHPP
14289,64078,SLC28A3
13874,64081,PBLD
7942,64083,GOLPH3
8254,64084,CLSTN2
12396,64087,MCCC2
4843,64089,SNX16
11461,64090,GAL3ST2
1971,64091,POPDC2
13218,64092,SAMSN1
10082,64093,SMOC1
9145,64094,SMOC2
16949,64097,EPB41L4A
6502,64098,PARVG
5787,641,BLM
12122,64100,ELSPBP1
17119,64101,LRRC4
11773,64102,TNMD
12395,64105,CENPK
15859,64106,NPFFR1
9966,64108,RTP4
11831,64109,CRLF2
7923,64110,MAGEF1
4826,64111,NPVF
13732,64112,MOAP1
7108,64115,C10ORF54
13347,64118,DUS1L
15820,64122,FN3K
2955,64123,ELTD1
16213,64127,NOD2
15896,64129,TINAGL1
8088,641298,SMG1P1
14879,64130,LIN7B
237,64131,XYLT1
16093,64132,XYLT2
17219,641339,ZNF674
2092,64135,IFIH1
13519,641364,SLC7A11-AS1
4438,64137,ABCG4
16848,641371,ACOT1
12962,6414,SEPP1
12213,64145,ZFYVE20
2316,641455,POTEM
3260,64147,KIF9
1568,64149,C17ORF75
9675,64150,DIO3OS
18617,64151,NCAPG
10736,6416,MAP2K4
1395,64167,ERAP2
1985,64168,NECAB1
15498,641700,ECSCR
12769,64174,DPEP2
6184,64175,LEPRE1
4663,6418,SET
5625,64180,DPEP3
11986,6419,SETMAR
15325,641977,SEPT7P2
14327,642,BLMH
9555,642006,GUSBP10
9311,642007,GUSBP12
15997,64207,IRF2BPL
17223,6421,SFPQ
15769,64210,MMS19
7781,64211,LHX5
11792,64215,DNAJC1
327,64216,TFB2M
14522,64218,SEMA4A
16911,64219,PJA1
8575,6422,SFRP1
4938,64220,STRA6
13892,64221,ROBO3
15442,64222,TOR3A
16090,64223,MLST8
5122,64224,HERPUD2
8409,64225,ATL2
13177,642265,SPATA31A2
14711,642280,ZNF876P
3848,6423,SFRP2
13017,64231,MS4A6A
3581,64232,MS4A5
9101,642394,ADARB2-AS1
6931,6424,SFRP4
3664,64240,ABCG5
17745,642402,GOLGA6L17P
4769,64241,ABCG8
7328,642424,IGKV1OR10-1
9536,642443,ADH5P4
8652,642446,TRIM64B
10141,642460,ANKRD30BP1
213,642475,MROH6
12501,642489,FKBP1C
12063,6425,SFRP5
10978,642546,HK2P1
10154,642585,VDAC1P1
7330,642592,EIF5AP4
11397,642597,C18ORF42
17124,6426,SRSF1
8969,642612,TRIM49C
5949,642623,UBTFL1
17805,642631,TSPY15P
10368,642633,FAM230B
1002,642636,RAD21L1
15423,642641,RPSAP54
7348,642659,HNRNPA1P48
10356,6427,SRSF2
7888,642762,ABCD1P5
11390,6428,SRSF3
6035,642818,ST13P21
16424,64282,PAPD5
7236,64283,ARHGEF28
17253,64284,RAB17
1242,64285,RHBDF1
7475,642852,LINC00205
4372,64288,ZSCAN31
4310,6429,SRSF4
14398,642909,CTBP2P4
10763,642924,LINC00535
8497,642987,TMEM232
7215,643,CXCR5
14913,6430,SRSF5
7647,6431,SRSF6
14393,643126,TRIM51JP
14223,643136,ZC3H11B
11921,643157,MEP1AP4
4221,643159,ATF4P3
6107,643161,FAM25A
6283,64318,NOC3L
10601,643180,CCT6P3
12764,64319,FBRS
15673,6432,SRSF7
1724,64320,RNF25
4076,643224,TUBBP5
13953,643232,NRBF2P3
4083,643236,TMEM72
3999,64324,NSD1
12290,643253,CCT6P1
10301,64327,LMBR1
5534,64328,XPO4
8685,6433,SFSWAP
2659,643300,HSPD1P1
3830,643311,CT47B1
3262,64332,NFKBIZ
9114,64333,ARHGAP9
5542,643338,C15ORF62
15438,643343,RPL5P4
10340,643365,LINC00452
10421,643376,BTBD18
10703,643384,UNC93B4
197,643394,SPINK9
4618,6434,TRA2B
4091,643414,LIPK
17852,643418,LIPN
2970,64342,HS1BP3
16754,64343,AZI2
1599,64344,HIF3A
3916,643445,TRIM43CP
7221,643535,KCTD9P2
11316,64359,NXN
18552,643596,RNF224
11623,643615,UBTFL6
11438,643617,RPSAP8
8569,643641,ZNF862
15819,643646,HSD17B1P1
18104,643650,LINC00842
3794,643664,SLC35G6
9664,643677,CCDC168
6983,643680,MS4A4E
14124,643699,GOLGA8N
844,643707,GOLGA6L4
18286,643719,SCGB1B2P
5589,64374,SIL1
3590,64375,IKZF4
5053,643751,CDC42P6
8127,64377,CHST8
13908,643790,HMGN1P38
1041,643803,KRTAP24-1
13220,643812,KRTAP27-1
2173,643836,ZFP62
8450,643853,TMPPE
7124,643854,CTAGE9
5788,64386,MMP25
12300,643866,CBLN3
2607,64388,GREM2
15947,643884,SOCS5P5
1196,6439,SFTPB
8190,643905,PRR21
17529,643906,RPL7P27
16390,64393,ZMAT3
7458,64395,GMCL1
2507,643955,ZNF733P
4177,64397,ZNF106
12246,64398,MPP5
6910,64399,HHIP
18048,644,BLVRA
17618,6440,SFTPC
14132,64400,AKTIP
12649,644017,ZNF734P
15562,644019,CBWD6
17046,644022,RPL22P19
13044,64403,CDH24
12462,644030,KRT18P58
18374,644032,PHKG1P2
4233,644041,C18ORF63
1023,64405,CDH22
16760,644063,HNRNPKP4
6875,64407,RGS18
4028,64409,WBSCR17
14161,644096,SDHAF1
845,64410,KLHL25
3994,64411,ARAP3
13303,644128,RPL23AP53
2858,644139,PIRT
2505,644150,WIPF3
13183,644168,DRGX
8492,64417,C5ORF28
16278,64418,TMEM168
9831,644186,SYCE3
1350,64419,MTMR14
4957,644191,RPS26P8
18012,644192,NR2F2-AS1
5805,6442,SGCA
6280,64420,SUSD1
6429,64421,DCLRE1C
6529,64422,ATG3
12526,64423,INF2
7105,64425,POLR1E
17998,64426,SUDS3
7498,64427,TTC31
15973,64429,ZDHHC6
7928,6443,SGCB
8707,64430,PCNXL4
12850,64432,MRPS25
18554,644338,RPL37AP8
4049,64434,NOM1
6508,644353,ZCCHC18
10790,644378,GCNT6
10439,644397,LRRC37A17P
2675,6444,SGCD
13821,644414,DEFB131
10484,644444,TMEM30C
8114,64446,DNAI2
10408,644517,FAM86MP
15910,644538,SMIM10
8376,644591,PPIAL4G
13128,6446,SGK1
7398,644604,EEF1A1P12
9224,644619,INTS4L2
10023,644660,RAD21-AS1
7377,644672,CLDN25
4175,6447,SCG5
9883,644739,WASF4P
9022,644768,SLC9B1P4
582,64478,CSMD1
15875,6448,SGSH
5800,644815,FAM83G
11368,644820,EEF1B2P3
9372,644844,PHGR1
9907,644861,NBPF13P
17872,644871,TRAF6P1
12958,644914,H3F3AP6
13204,644945,KRT16P3
1364,644974,ALG1L2
11030,644988,ABHD17AP6
851,64499,TPSB2
18324,6450,SH3BGR
13604,645027,EVPLL
7283,645051,GAGE13
14438,64506,CPEB1
14598,645084,DBF4P1
4281,645090,CXORF30
8858,6451,SH3BGRL
3511,645104,CLRN2
17288,645173,RPS2P48
7435,64518,TEKT3
9755,645191,LINGO3
14226,6452,SH3BP2
14868,645249,MNX1-AS1
11660,645251,CBX1P1
15110,645280,SMPD4P1
3199,6453,ITSN1
11157,645323,LINC00461
7764,645332,FAM86C2P
11204,645345,CHCHD2P9
12134,645348,TUBA3GP
16242,645367,GGT8P
8771,645369,TMEM200C
17546,645402,USP17L4
11401,645414,PRAMEF19
16120,645423,SLC25A51P2
15111,645426,TMEM191C
10707,645455,CEP170P1
16201,6455,SH3GL1
8276,645572,FAM90A23P
14283,645591,LHFPL3-AS1
1450,6456,SH3GL2
2467,645641,MESTP3
12577,645676,ASH1L-AS1
6848,645686,GTF2IP3
17106,645688,RPL12P38
10987,645694,HTR5BP
12761,6457,SH3GL3
12843,645740,NOS2P1
12978,64577,ALDH8A1
4910,645771,PARP4P2
4585,645784,ANKRD36BP2
41,64579,NDST4
18273,645805,DAZAP2P1
7165,64581,CLEC7A
15201,645811,CCDC154
7302,645843,TMEM14E
12269,645864,MAGEB17
4050,645879,FAM90A12P
15932,6459,SH3GL1P2
18595,64591,TSPY2
9296,645922,S100A7L2
18242,645950,HNRNPA1P1
4666,645954,SVILP1
8009,645961,SPATA31C2
16382,645974,PABPC1L2B
10414,64598,MOSPD3
8555,64599,GIGYF1
14196,645996,NAP1L6
4189,646,BNC1
8350,64600,PLA2G2F
3189,64601,VPS16
15701,646019,CBY3
4271,646074,POM121L10P
3400,646096,CHEK2P2
5736,6461,SHB
12088,646113,LINC00643
15520,646174,C16ORF90
3614,6462,SHBG
14215,646202,TLK2P1
2838,646243,CXADRP2
13967,646262,LACTBL1
15580,646270,ELL2P1
16789,646282,AZGP1P1
6105,646309,NAMPTL
4169,646370,IGHV1OR15-3
7624,646379,IGHV1OR15-4
7564,6464,SHC1
9659,646405,TPTE2P1
10938,646409,DGAT2L7P
587,64641,EBF2
5155,646424,SPINK8
10293,646457,C19ORF67
18534,646463,UBE2HP1
5830,64648,SPANXD
15295,646486,FABP12
8326,646508,FAM90A27P
7583,64651,CSRNP1
12164,646603,C4ORF51
17638,646627,LYPD8
16677,64663,SPANXC
994,646643,SBK2
15957,646702,HLA-DPA2
4113,646754,TRIM64C
17537,646799,ZAR1L
12698,6468,FBXW4
12481,646802,CYP4F62P
18069,646817,SETSIP
356,64682,ANAPC1
13946,646851,FAM227A
14159,646864,ZNF723
14859,64689,GORASP1
17940,646891,SDCCAG3P2
11749,646892,SH2D7
1812,6469,SHH
9217,646915,ZNF806
12444,64693,CTAGE1
9456,646960,PRSS56
18046,646981,PTPN2P1
15263,6470,SHMT1
12245,647000,TUBBP2
11917,647024,C6ORF132
13818,647033,PA2G4P4
15610,647060,SPATA31A1
12616,647076,BRD7P2
6887,64708,COPS7B
13163,647087,C7ORF73
6509,647121,EMBP1
10913,647135,SRGAP2B
13337,64714,PDIA2
13110,647167,EEF1A1P14
13900,647174,SERPINE3
5544,64718,UNKL
18315,647187,IGHV3OR16-6
15491,647215,MROH3P
10998,647249,GAPDHP36
4349,647276,RPL4P4
1067,6473,SHOX
12620,647309,GMNC
1366,6474,SHOX2
2023,64743,WDR13
9678,647436,RPL5P1
13264,64744,SMAP2
16042,64746,ACBD3
7450,64747,MFSD1
6513,64750,SMURF2
4037,64753,CCDC136
2525,64754,SMYD3
14240,64755,C16ORF58
14363,64756,ATPAF1
3239,64757,MARC1
11741,647589,ANHX
3317,64759,TNS3
1367,6476,SI
13130,64760,FAM160B2
13547,64761,PARP12
15347,64762,GAREM
147,64763,ZNF574
7989,64764,CREB3L2
17113,64766,S100PBP
9363,64769,MEAF6
16968,6477,SIAH1
1737,64770,CCDC14
14808,64772,ENGASE
7607,64776,C11ORF1
11688,64778,FNDC3B
2470,64780,MICAL1
1184,64781,CERK
1685,64783,RBM15
15775,64784,CRTC3
11309,64785,GINS3
7778,64786,TBC1D15
17483,64787,EPS8L2
9376,64788,LMF1
17836,64789,EXO5
9399,64793,CEP85
1843,64794,DDX31
11572,647946,LINC00669
6643,64795,RMND5A
8586,64798,DEPTOR
6747,64799,IQCH
9615,648,BMI1
9336,6480,ST6GAL1
3821,64800,EFCAB6
16263,648000,RPL7P23
15572,64802,NMNAT1
7919,64805,P2RY12
10796,64806,IL25
15233,64816,CYP3A43
12669,6482,ST3GAL1
18379,648262,CICP26
17753,6483,ST3GAL2
15880,64834,ELOVL1
11622,648359,ABHD17AP3
17919,64837,KLC2
12346,64839,FBXL17
5955,6484,ST3GAL4
5267,64840,PORCN
13598,64843,ISL2
3671,64844,MARCH7
7038,64847,SPATA20
5703,64848,YTHDC2
1024,64849,SLC13A3
1756,64850,ETNPPL
14379,64852,TUT1
11080,64853,AIDA
10486,64854,USP46
12508,64855,FAM129B
5174,64857,PLEKHG2
17074,64858,DCLRE1B
5510,64859,NABP1
4285,64860,ARMCX5
10357,64863,METTL4
1896,64864,RFX7
3501,64866,CDCP1
2954,6487,ST3GAL3
9687,648809,EFTUD1P1
6131,64881,PCDH20
15515,6489,ST8SIA1
11408,64895,PAPOLG
17819,64897,C12ORF43
5524,649,BMP1
7455,6490,PMEL
2431,64900,LPIN3
3031,64901,RANBP17
3983,64902,AGXT2
6866,6491,STIL
13631,649179,PRAMENP
812,64919,BCL11B
3539,6492,SIM1
4832,64921,CASD1
3849,64924,SLC30A5
17955,64925,CCDC71
11885,64926,RASAL3
7023,64927,TTC23
18618,64928,MRPL14
18065,6493,SIM2
8966,6494,SIPA1
16786,64940,STAG3L4
11911,64943,NT5DC2
5809,649446,DLGAP1-AS1
1103,64946,CENPH
9672,6495,SIX1
11090,6496,SIX3
11056,64960,MRPS15
12596,64965,MRPS9
9812,64968,MRPS6
16603,6497,SKI
13094,64976,MRPL40
11332,64978,MRPL38
11540,6498,SKIL
17971,64983,MRPL32
11171,6499,SKIV2L
16203,650,BMP2
16149,6500,SKP1
16431,65003,MRPL11
5302,65005,MRPL9
10407,65010,SLC26A6
6579,65012,SLC26A10
12632,6502,SKP2
3071,6503,SLA
14687,6504,SLAMF1
606,6505,SLC1A1
13497,65055,REEP1
14028,65056,GPBP1
10262,65057,ACD
14520,65059,RAPH1
4594,65061,CDK15
7578,65062,TMEM237
376,65065,NBEAL1
13054,650655,ABCA17P
3284,6507,SLC1A3
17950,65072,CFLAR-AS1
14828,65078,RTN4R
5678,6508,SLC4A3
7002,65082,VPS33A
11202,65083,NOL6
8651,65084,TMEM135
13797,65094,JMJD4
10661,651,BMP3
15246,65108,MARCKSL1
15384,65109,UPF3B
6483,6511,SLC1A6
13042,65110,UPF3A
15237,65117,RSRC2
3470,65121,PRAMEF1
3215,65122,PRAMEF2
10313,65123,INTS3
1715,65124,SOWAHC
722,65125,WNK1
11882,651250,LRRC37A16P
11137,6514,SLC2A2
12128,651452,POM121L3P
6122,6515,SLC2A3
14272,651746,ANKRD33B
10162,6518,SLC2A5
2616,6519,SLC3A1
5133,652,BMP4
8039,6520,SLC3A2
898,6521,SLC4A1
642,65217,PCDH15
12661,6522,SLC4A2
5108,6523,SLC5A1
863,6524,SLC5A2
17510,65244,SPATS2
17118,652489,SUMO2P3
10235,65249,ZSWIM4
17558,6525,SMTN
4363,65250,C5ORF42
9791,65251,ZNF649
16056,65258,MPPE1
7830,6526,SLC5A3
8362,65260,COA7
10940,65263,PYCRL
9125,65264,UBE2Z
85,65265,C8ORF33
10265,65266,WNK4
3452,65267,WNK3
4066,65268,WNK2
8338,6527,SLC5A4
5252,6528,SLC5A5
4339,6529,SLC6A1
15944,652904,CKS1BP6
15275,652965,SNORA48
13363,652968,GATSL3
9010,652991,SKOR2
6811,653,BMP5
3153,6530,SLC6A2
15640,653017,TBC1D3P3
5608,653045,PTPN20CP
8310,653061,GOLGA8S
4174,653073,GOLGA8J
15713,653075,GOLGA8T
3281,653082,ZDHHC11B
9219,6531,SLC6A3
3587,653113,FAM86FP
13969,653121,ZBTB8A
10090,653125,GOLGA8K
14066,653162,RPSAP9
8102,653166,OR1D4
18370,653175,HAUS6P1
2161,653188,GUSBP3
15374,653190,ABCC6P1
6068,653192,TRIM43B
12473,6532,SLC6A4
10745,653203,FAM230A
3800,653240,KRTAP4-11
732,653247,PRB2
4587,653269,POTEI
10504,6533,SLC6A6
13289,653316,FAM153C
10933,653316,FAM153CP
9312,653333,FAM86B2
9226,653361,NCF1
15716,653390,RRN3P2
14594,653394,PGM5P1
17014,653399,GSTTP2
13529,6534,SLC6A7
13313,653404,FOXD4L6
8595,653427,FOXD4L5
5148,653435,GUSBP6
10331,653436,ANKRD20A7P
3936,653437,AQP12B
5494,653440,WASH6P
4144,653441,PHC1P1
8892,653464,SRGAP2C
9325,653479,MRPL45P2
355,653489,RGPD3
14645,653492,PSG10P
10645,6535,SLC6A8
18597,653505,PPIAL4A
13423,653509,SFTPA1
11835,653519,GPR89A
2944,653557,BMS1P8
14595,653567,TMEM236
3178,653579,CD177P1
8131,653583,PHLDB3
277,6536,SLC6A9
15134,653604,HIST2H3D
2032,653606,PRAMEF22
9148,653635,WASH7P
18011,653641,GOLGA6C
15066,653643,GOLGA6D
10800,653645,TBC1D3P1-DHX40P1
15310,653656,MBD3L4
15527,653657,MBD3L3
14407,653677,SEC1P
2956,653702,RPL7P9
16422,653720,GOLGA8M
15381,653758,TPM3P6
360,653781,POTEJ
9216,653784,MZT2A
12932,6538,SLC6A11
10257,653857,ACTR3C
2798,6539,SLC6A12
5711,654,BMP6
721,6540,SLC6A13
7425,6541,SLC7A1
6556,6542,SLC7A2
11184,654231,OCM
14712,654254,ZNF732
8133,6543,SLC8A2
16336,654346,LGALS9C
9069,654412,FAM138B
5081,654429,LRTM2
11625,654433,PAX8-AS1
2734,654463,FER1L6
10145,6545,SLC7A4
5379,654502,IQCJ
339,6546,SLC8A1
14117,6547,SLC8A3
7850,6548,SLC9A1
9558,654816,NCF1B
3919,6549,SLC9A2
1616,655,BMP7
3699,6550,SLC9A3
4157,6555,SLC10A2
12486,6556,SLC11A1
5785,6557,SLC12A1
5587,6558,SLC12A2
7794,6559,SLC12A3
16990,6560,SLC12A4
2209,6561,SLC13A1
6476,6563,SLC14A1
790,6564,SLC15A1
8463,6565,SLC15A2
9335,6567,SLC16A2
7494,6568,SLC17A1
7237,6569,SLC34A1
14471,657,BMPR1A
3329,6570,SLC18A1
9625,6571,SLC18A2
8956,6572,SLC18A3
1048,6573,SLC19A1
10919,6574,SLC20A1
1818,6575,SLC20A2
4268,6576,SLC25A1
7404,6578,SLCO2A1
227,6579,SLCO1A2
13288,658,BMPR1B
16036,6580,SLC22A1
12327,6582,SLC22A2
7948,6583,SLC22A4
15453,6584,SLC22A5
93,6585,SLIT1
496,6586,SLIT3
14296,6588,SLN
5044,659,BMPR2
17547,6591,SNAI2
1178,6594,SMARCA1
9589,6595,SMARCA2
12323,6596,HLTF
4729,6597,SMARCA4
6331,65975,STK33
9448,65977,PLEKHA3
12416,65979,PHACTR4
16673,6598,SMARCB1
6684,65980,BRD9
6994,65981,CAPRIN2
7065,65982,ZSCAN18
5199,65983,GRAMD3
6452,65985,AACS
3066,65986,ZBTB10
17712,65987,KCTD14
11506,65988,ZNF747
13811,6599,SMARCC1
16704,65991,FUNDC2
15349,65992,DDRGK1
14585,65999,LRRC61
8230,660,BMX
4346,66000,TMEM108
5360,66002,CYP4F12
13175,66004,LYNX1
17699,66005,CHID1
10701,66008,TRAK2
7465,6601,SMARCC2
13024,6602,SMARCD1
7371,66035,SLC2A11
374,66037,BOLL
14284,6604,SMARCD3
5726,6608,SMO
6977,6609,SMPD1
10011,661,POLR3D
1003,6614,SIGLEC1
5491,6615,SNAI1
4520,6616,SNAP25
10079,6617,SNAPC1
15266,6618,SNAPC2
16800,6619,SNAPC3
11163,662,BNIP1
8014,6621,SNAPC4
12494,6622,SNCA
13539,6624,FSCN1
17879,6625,SNRNP70
11356,6628,SNRPB
12189,6629,SNRPB2
14619,663,BNIP2
8523,6631,SNRPC
9126,6632,SNRPD1
5564,6634,SNRPD3
13274,6635,SNRPE
8977,6636,SNRPF
825,6638,SNRPN
8626,664,BNIP3
7442,6640,SNTA1
17685,6641,SNTB1
6746,6642,SNX1
10789,6643,SNX2
16334,6645,SNTB2
5848,6646,SOAT1
4500,664709,HNRNPA1P10
12478,664722,HNRNPA1P26
9542,6648,SOD2
10253,6649,SOD3
7464,665,BNIP3L
4701,6650,CAPN15
6158,6651,SON
5784,6652,SORD
3757,6653,SORL1
7292,6654,SOS1
4163,6655,SOS2
10074,6656,SOX1
9962,6657,SOX2
11776,6658,SOX3
11474,6659,SOX4
17455,666,BOK
1873,6660,SOX5
3165,6662,SOX9
13945,6663,SOX10
10399,6664,SOX11
10446,6666,SOX12
13026,6667,SP1
4718,6668,SP2
515,667,DST
369,6670,SP3
1793,6671,SP4
382,6672,SP100
5603,6674,SPAG1
6652,6675,UAP1
11944,6676,SPAG4
561,6677,SPAM1
10490,6678,SPARC
9468,668,FOXL2
2077,6683,SPAST
2856,6687,SPG7
8635,6688,SPI1
1603,6689,SPIB
16942,6690,SPINK1
13905,6692,SPINT1
10108,6693,SPN
9073,6694,SPP2
8926,6695,SPOCK1
3003,6696,SPP1
11096,6697,SPR
2585,6699,SPRR1B
6920,670,BPHL
16919,6702,SPRR2C
16488,6703,SPRR2D
5032,6704,SPRR2E
17488,6705,SPRR2F
8381,6706,SPRR2G
9870,6707,SPRR3
179,6708,SPTA1
13180,6709,SPTAN1
9803,671,BPI
4930,6710,SPTB
1320,6711,SPTBN1
1485,6712,SPTBN2
3441,6714,SRC
7941,6715,SRD5A1
6365,6716,SRD5A2
2709,6718,AKR1D1
7270,672,BRCA1
16537,6721,SREBF2
10254,6722,SRF
14253,6723,SRM
12805,6725,SRMS
14257,6726,SRP9
10690,6727,SRP14
13158,6728,SRP19
570,673,BRAF
13410,6730,SRP68
14714,6731,SRP72
8196,6732,SRPK1
1432,6733,SRPK2
9645,6734,SRPR
3576,6737,TRIM21
8393,6738,TROVE2
4337,6741,SSB
17306,6742,SSBP1
2530,6744,SSFA2
15600,6745,SSR1
13285,6747,SSR3
4120,6749,SSRP1
4915,675,BRCA2
1522,6751,SSTR1
12777,6752,SSTR2
13224,6753,SSTR3
2562,6754,SSTR4
1545,6755,SSTR5
9288,6756,SSX1
3207,6758,SSX5
11620,676,BRDT
16625,6760,SS18
4425,6764,ST5
4736,6767,ST13
4132,6768,ST14
7907,6769,STAC
13169,6770,STAR
10428,6771,STARP1
14372,6772,STAT1
1229,6773,STAT2
5095,6774,STAT3
7298,6775,STAT4
6475,6776,STAT5A
5994,6777,STAT5B
16264,677765,SCARNA18
13266,677766,SCARNA2
13812,677779,LINC00488
17907,677780,SCARNA11
15129,677784,FAM138D
12588,677790,TMEM78
6229,6778,STAT6
14951,677802,SNORA14B
15659,677816,SNORA35
14566,677836,SNORA58
12151,677883,CHTF8P1
17330,6780,STAU1
16708,6781,STC1
15153,6783,SULT1E1
5902,6785,ELOVL4
97,6786,STIM1
15622,678655,CD27-AS1
3948,6787,NEK4
8581,6788,STK3
14907,6789,STK4
15941,6790,AURKA
10296,6792,CDKL5
3032,6793,STK10
1585,6794,STK11
7218,6795,AURKC
6239,6799,SULT1A2
4542,680,BRS3
12591,6801,STRN
12553,6804,STX1A
4871,6809,STX3
10111,6810,STX4
4432,6811,STX5
2748,6812,STXBP1
6635,6813,STXBP2
15577,6814,STXBP3
4332,6819,SULT1C2
8782,682,BSG
2410,6820,SULT2B1
15406,6821,SUOX
13084,6822,SULT2A1
14036,6824,ETF1P1
16133,6827,SUPT4H1
2401,6829,SUPT5H
8193,683,BST1
2364,6830,SUPT6H
2509,6832,SUPV3L1
674,6833,ABCC8
16111,6838,SURF6
13370,6839,SUV39H1
638,6840,SVIL
16384,6845,VAMP7
10685,6846,XCL2
1686,6847,SYCP1
18159,684959,SNORA25
13287,685,BTC
4064,6850,SYK
1351,6854,SYN2
15267,6855,SYP
759,6857,SYT1
15125,686,BTD
3623,6860,SYT4
4991,6861,SYT5
1787,6862,T
7412,6863,TAC1
11544,6865,TACR2
2722,6867,TACC1
7571,6868,ADAM17
10518,6869,TACR1
3979,6870,TACR3
7220,6872,TAF1
6709,6873,TAF2
5002,6874,TAF4
7043,6875,TAF4B
2285,6876,TAGLN
8208,6877,TAF5
13854,6878,TAF6
16773,6879,TAF7
1518,688,KLF5
11156,6880,TAF9
2571,6883,TAF12
3304,6885,MAP3K7
14938,6886,TAL1
11543,6887,TAL2
16262,689,BTF3
18061,6890,TAP1
17815,6891,TAP2
2537,6892,TAPBP
6321,6894,TARBP1
12299,6895,TARBP2
6079,6897,TARS
16200,6898,TAT
10295,6899,TBX1
16842,690,BTF3P11
5578,6900,CNTN2
15253,6903,TBCC
3621,6904,TBCD
7570,6905,TBCE
7448,6906,SERPINA7
15890,6907,TBL1X
2189,6908,TBP
16875,6909,TBX2
772,6910,TBX5
8733,6911,TBX6
9902,6913,TBX15
1171,6915,TBXA2R
6275,6916,TBXAS1
16286,6917,TCEA1
16600,6919,TCEA2
3838,6920,TCEA3
18243,692072,SNORD5
16692,692086,SNORD17
11122,692099,FAM86DP
7605,692108,SNORD67
18562,692197,SNORD77
18342,692215,SNORD112
14442,692312,PPAN-P2RY11
12348,6924,TCEB3
8779,6925,TCF4
8681,6926,TBX3
16167,6927,HNF1A
1910,6928,HNF1B
8319,6929,TCF3
18463,693125,MIR548A1
18083,693127,MIR548A3
15989,693136,MIR551B
18607,693142,MIR557
17254,693152,MIR567
18086,693153,MIR568
18346,693155,MIR570
18525,693157,MIR572
12015,693170,MIR585
5724,693177,MIR592
16932,693180,MIR595
16818,693190,MIR605
15991,6932,TCF7
10049,6934,TCF7L2
2240,6935,ZEB1
25,6936,GCFC2
1897,6938,TCF12
17376,694,BTG1
5284,6940,ZNF354A
2445,6942,TCF20
4578,6944,VPS72
10438,6945,MLX
692,6947,TCN1
17880,6948,TCN2
5591,6949,TCOF1
14355,695,BTK
17432,6950,TCP1
15256,6953,TCP10
4378,6954,TCP11
18000,6956,TRAV6
16801,6959,TRBV21OR9-2
8517,696,BTN1A1
18097,6960,TRBV25OR9-2
12293,6962,TRBV20OR9-2
15608,6967,TRGC2
11710,6973,TRGV1
2253,6975,TECTB
7313,6976,TRGV3
18275,6977,TRGV4
12983,6978,TRGV5
18290,6979,TRGV5P
14732,6984,TRGV10
8871,6985,TRGV11
1328,699,BUB1
2539,6991,TCTE3
5293,6996,TDG
15126,6997,TDGF1
16521,6998,TDGF1P3
4176,70,ACTC1
16178,7001,PRDX2
4866,7003,TEAD1
15455,7005,TEAD3
16011,7006,TEC
4131,7007,TECTA
831,701,BUB1B
3563,7010,TEK
2318,7011,TEP1
14338,7013,TERF1
9498,7015,TERT
15365,7016,TESK1
10521,7018,TF
6962,7019,TFAM
2175,7020,TFAP2A
12026,7021,TFAP2B
3196,7022,TFAP2C
6851,7023,TFAP4
12518,7024,TFCP2
16772,7025,NR2F1
9690,7026,NR2F2
17057,7027,TFDP1
11135,7029,TFDP2
15893,7030,TFE3
14928,7031,TFF1
15848,7032,TFF2
6261,7035,TFPI
6416,7036,TFR2
16977,7037,TFRC
2508,7038,TG
8412,7039,TGFA
11907,7042,TGFB2
11974,7044,LEFTY2
5704,7045,TGFBI
15014,7046,TGFBR1
6075,7047,TGM4
6194,7048,TGFBR2
13684,7049,TGFBR3
1415,705,BYSL
16878,7050,TGIF1
8702,7051,TGM1
5145,7052,TGM2
5819,7053,TGM3
12702,7054,TH
8715,7057,THBS1
8535,7058,THBS2
1191,7059,THBS3
7537,7060,THBS4
2959,7062,TCHH
13464,7064,THOP1
11689,7066,THPO
5355,7067,THRA
15733,7068,THRB
15034,7069,THRSP
10022,7071,KLF10
6881,7072,TIA1
4100,7073,TIAL1
2435,7074,TIAM1
1678,7075,TIE1
1639,7076,TIMP1
9280,7077,TIMP2
9052,7078,TIMP3
1966,7079,TIMP4
10954,7080,NKX2-1
6743,7082,TJP1
13346,7083,TK1
13956,7086,TKT
16668,7087,ICAM5
9597,7088,TLE1
12786,7089,TLE2
13906,7090,TLE3
9596,7091,TLE4
44,7092,TLL1
5609,7093,TLL2
8281,7094,TLN1
5116,7095,SEC62
12622,7096,TLR1
5697,7097,TLR2
15560,7098,TLR3
8607,7099,TLR4
5173,71,ACTG1
12852,710,SERPING1
1301,7100,TLR5
2183,7101,NR2E1
165,7102,TSPAN7
4449,7103,TSPAN8
6796,7105,TSPAN6
14601,7106,TSPAN4
14604,7108,TM7SF2
14455,7109,TRAPPC10
10825,7110,TMF1
13395,7111,TMOD1
13031,7112,TMPO
13145,7113,TMPRSS2
10929,7117,TMSB4XP8
17900,712,C1QA
17332,7122,CLDN5
3038,7124,TNF
14180,7125,TNNC2
12879,7127,TNFAIP2
11449,713,C1QB
12926,7130,TNFAIP6
10725,7132,TNFRSF1A
16720,7133,TNFRSF1B
16524,7134,TNNC1
17989,7136,TNNI2
16896,7137,TNNI3
3186,7138,TNNT1
13686,7139,TNNT2
12895,714,C1QC
2760,7140,TNNT3
9452,7141,TNP1
2003,7142,TNP2
3486,7143,TNR
1346,7145,TNS1
4004,7148,TNXB
730,715,C1R
3442,7150,TOP1
7805,7153,TOP2A
1967,7155,TOP2B
8749,7156,TOP3A
878,7157,TP53
7261,7158,TP53BP1
6656,7159,TP53BP2
7771,716,C1S
3867,7161,TP73
17793,7162,TPBG
5394,7163,TPD52
17780,7165,TPD52L2
4427,7166,TPH1
12241,7167,TPI1
4182,7168,TPM1
7123,717,C2
5455,7170,TPM3
6765,7171,TPM4
16542,7172,TPMT
1314,7173,TPO
15629,7174,TPP2
1650,7175,TPR
15200,7177,TPSAB1
15052,7178,TPT1
1038,7179,TPTE
3173,718,C3
9089,7180,CRISP2
15750,7181,NR2C1
12933,7182,NR2C2
3379,7184,HSP90B1
3569,7185,TRAF1
15469,7187,TRAF3
16647,7188,TRAF5
8633,7189,TRAF6
2847,7190,HSP90B2P
1322,72,ACTG2
12891,720,C4A
13655,7200,TRH
13308,7201,TRHR
49,7204,TRIO
7982,7205,TRIP6
15604,721,C4B
4533,7216,TRO
12281,722,C4BPA
1741,7220,TRPC1
13662,7221,TRPC2
6909,7222,TRPC3
2822,7223,TRPC4
2523,7224,TRPC5
8655,7225,TRPC6
1046,7226,TRPM2
2730,7227,TRPS1
18376,724026,MIR656
17532,724027,MIR657
15285,7247,TSN
4421,7248,TSC1
1546,7249,TSC2
3227,7252,TSHB
123,7253,TSHR
9426,7257,TSNAX
8869,7258,TSPY1
14730,7259,TSPYL1
11584,726,CAPN5
5853,7260,TSSC1
14650,7263,TST
11199,7264,TSTA3
11511,7266,DNAJC7
6821,7267,TTC3
10388,7268,TTC4
11207,727,C5
16812,7270,TTF1
3537,7272,TTK
28,7273,TTN
14745,7274,TTPA
671,7275,TUB
8777,7276,TTR
10581,727684,C1ORF195
14248,727686,SNURFL
11843,7277,TUBA4A
7173,727758,ROCK1P1
781,7278,TUBA3C
5497,727805,POM121L14P
13190,727828,TRIM64DP
4413,727830,SPATA31A3
8714,727832,GOLGA6L6
2626,727851,RGPD8
17541,727859,C4BPAP1
664,727897,MUC5B
16018,727909,GOLGA8Q
16851,727914,BMS1P16
7121,727936,GXYLT2
2999,727956,SDHAP2
6560,727957,MROH1
12259,728,C5AR1
12386,7280,TUBB2A
15663,728015,RPS7P15
5296,728047,GOLGA8O
2572,728116,ZBTB8B
10610,728118,NUTM2A
8021,728130,NUTM2D
6088,728194,RSPH10B2
8069,728215,FAM155A
1115,728224,KRTAP4-8
11524,728233,PI4KAP1
18157,728255,KRTAP1-4
15127,728263,ALG1L7P
8440,728294,D2HGDH
6756,7283,TUBG1
2370,728318,KRTAP9-1
13375,728343,NXF2B
14332,728350,EIF2S2P4
15311,728361,OVOL3
13129,728377,ARHGEF34P
1331,728378,POTEF
13291,728380,RPL7P26
12046,728381,NRBF2P4
12247,7284,TUFM
18596,728403,TSPY8
14597,728407,PARGP1
13630,728409,C21ORF54
3282,728411,GUSBP1
12812,728418,POM121L7
16411,728430,FAM90A20P
15216,728434,C20ORF187
1174,728441,GGT2
12350,728448,PPIEL
17405,728450,LINC00687
16915,728458,OPN1MW2
14870,728495,FAM74A3
7259,728498,GOLGA8H
18108,728505,WDR82P1
16027,728532,DYNC1I2P1
16697,728558,ENTPD1-AS1
6278,728577,CNTNAP3B
13038,728591,CCDC169
2495,728597,DCDC2C
11964,7286,TUFT1
13244,728611,BMS1P10
14255,728621,CCDC30
15009,728638,KRT8P3
14391,728642,CDK11A
11042,728661,SLC35E2B
14560,728664,API5P2
510,7287,TULP1
16768,728710,FAM177A1P1
17229,728723,ZBED3-AS1
8947,728747,ANKRD20A4
17982,728747,ANKRD20A4P
9936,728773,PABPC1P2
18573,728776,HMGN1P37
13523,728780,ANKDD1B
10970,7288,TULP2
4575,728833,FAM72D
12147,728841,NBPF8
5436,728858,C12ORF71
18345,728873,PTMAP8
10743,728882,FAM182B
14342,7289,TULP3
1142,728927,ZNF736
17772,728929,TCEB3CL
15228,728957,ZNF705D
11822,728970,PPP1R2P4
196,729,C6
6774,7290,HIRA
17695,729020,RPEL1
5025,729023,NUTM2HP
4894,729025,SLC15A5
17742,729073,FAM92A1P1
12938,729085,FAM198A
12236,729092,AGAP5
15002,7291,TWIST1
15287,729102,HNRNPA1P22
14735,729156,GTF2IRD1P1
3492,729171,ANKRD20A8P
7727,729178,STXBP5-AS1
17797,729196,UNC93B5
14422,7292,TNFSF4
14860,729230,CCR2
11017,729238,SFTPA2
7208,729249,KLHL2P1
17986,729262,NUTM2B
6144,729264,TP53TG3D
15376,729288,ZNF286B
12559,7293,TNFRSF4
2736,729330,OC90
6595,729359,PLIN4
4790,729375,FAM86HP
12217,7294,TXK
16948,729408,GAGE2D
18484,729412,PSMA6P2
2408,729440,CCDC61
15232,729447,GAGE2A
14954,729475,RAD51AP2
14794,729486,IL9RP3
7131,729490,NCOR1P2
14496,7295,TXN
2818,729501,ZNF962P
2188,729515,TMEM242
8931,729522,AACSP1
18047,729533,FAM72A
4360,729566,ZBTB8OSP1
15871,729582,DIRC3
7983,729597,SPDYE6
6295,7296,TXNRD1
5810,729602,NPIPB1P
14016,729627,PRR23A
14915,729648,ZNF812
803,729665,CCDC175
8617,729668,GOLGA2P6
2869,7297,TYK2
1604,729767,CEACAM18
11744,729786,GOLGA8CP
14917,729789,RPS15P5
1918,7298,TYMS
1381,729830,FAM160A1
14691,729857,RGPD2
3799,729873,TBC1D3
14262,729898,ZBTB8OSP2
3112,7299,TYR
4825,729920,ISPD
2422,729956,SHISA7
11089,729967,MORN2
7474,729974,RFPL4AL1
10133,729991,MEF2BNB
858,729993,SHISA9
476,730,C7
12068,7300,TYRL
7071,730005,SEC14L6
15696,730086,ALG1L15P
3176,730087,ZNF92P3
11534,730092,RRN3P1
11028,730094,C16ORF52
4696,7301,TYRO3
17688,730112,FAM166B
14867,730130,TMEM229A
14728,730152,GSTA7P
11748,7302,TYRO3P
12161,730211,HSP90AA5P
8174,730249,IRG1
9415,730262,PPIAL4E
609,7306,TYRP1
12383,7307,U2AF1
13606,730755,KRTAP2-3
17490,730811,MYT1L-AS1
10330,730861,RPS3AP29
10251,730978,CICP5
3222,731,C8A
15852,7310,ZRSR1
11624,731220,RFX8
10964,7314,UBB
7003,7316,UBC
18195,731688,RPL21P120
7515,7317,UBA1
17524,7319,UBE2A
3223,732,C8B
17049,7320,UBE2B
14401,7321,UBE2D1
18070,7322,UBE2D2
7309,732253,TDRG1
12100,732275,LINC00917
12956,7323,UBE2D3
17650,7325,UBE2E2
1982,7328,UBE2H
9120,7329,UBE2I
13095,7332,UBE2L3
9203,7334,UBE2N
16518,7335,UBE2V1
7015,7337,UBE3A
11902,7339,UBE3AP2
8579,734,OSGIN2
13376,7341,SUMO1
16755,7342,UBP1
11328,7343,UBTF
16649,7348,UPK1B
3984,735,C9
5762,7352,UCP3
11829,7353,UFD1L
12476,7355,SLC35A2
6569,7356,SCGB1A1
3732,7357,UGCG
7702,7358,UGDH
14689,7360,UGP2
1375,7363,UGT2B4
2141,7364,UGT2B7
6905,7365,UGT2B10
14980,7366,UGT2B15
7705,7367,UGT2B17
14228,7368,UGT8
2848,7369,UMOD
17839,7372,UMPS
4056,7373,COL14A1
769,7374,UNG
14700,7375,USP4
10935,7378,UPP1
15038,7379,UPK2
17548,738,VPS51
9830,7380,UPK3A
12491,7384,UQCRC1
1552,7385,UQCRC2
18569,7388,UQCRH
13722,7390,UROS
17252,7391,USF1
13,7399,USH2A
17707,740,MRPL49
8467,7401,CLRN1
66,7402,UTRN
3865,7403,KDM6A
13952,7404,UTY
10422,7405,UVRAG
14726,7407,VARS
8320,7409,VAV1
14517,741,ZNHIT2
10036,7410,VAV2
3888,7412,VCAM1
12695,7414,VCL
5924,7415,VCP
6080,7416,VDAC1
7754,7417,VDAC2
10180,7419,VDAC3
8670,7421,VDR
14366,7422,VEGFA
14340,7423,VEGFB
10686,7424,VEGFC
5522,7425,VGF
5311,7429,VIL1
13438,7430,EZR
6717,7431,VIM
67,7432,VIP
4604,7433,VIPR1
5336,7434,VIPR2
17360,7436,VLDLR
10612,7439,BEST1
678,744,MPPED2
12135,7441,VPREB1
10625,7442,TRPV1
14119,7443,VRK1
1321,7444,VRK2
13605,7448,VTN
9635,745,MYRF
727,7450,VWF
11593,7451,VWFP1
5569,7453,WARS
553,7455,ZAN
7184,7456,WIPF1
12652,7458,EIF4H
2542,7461,CLIP2
14512,7462,LAT2
11226,7465,WEE1
9479,7466,WFS1
429,7468,WHSC1
430,7469,NELFA
221,747,DAGLA
13193,7471,WNT1
1435,7472,WNT2
13068,7473,WNT3
396,7474,WNT5A
1203,7476,WNT7A
8194,7478,WNT8A
15044,7480,WNT10B
10536,7481,WNT11
11066,7482,WNT2B
17016,7483,WNT9A
15077,7484,WNT9B
6603,7485,WRB
2939,7486,WRN
680,7490,WT1
14489,7494,XBP1
6880,7498,XDH
2448,7499,XG
3453,7503,XIST
15013,7507,XPA
4341,7508,XPC
16015,751071,CSKMT
11925,7511,XPNPEP1
13229,7512,XPNPEP2
6642,7514,XPO1
6245,7515,XRCC1
7153,7518,XRCC4
3861,752,FMNL1
4596,7520,XRCC5
916,7525,YES1
18005,7528,YY1
11765,7529,YWHAB
9745,753,LDLRAD4
7030,7531,YWHAE
9560,7532,YWHAG
6370,7535,ZAP70
8641,7536,SF1
15379,7538,ZFP36
1840,7539,ZFP37
10237,754,PTTG1IP
700,7542,ZFPL1
2449,7543,ZFX
11381,7544,ZFY
3268,7545,ZIC1
10073,7546,ZIC2
3211,7547,ZIC3
5859,7549,ZNF2
14187,755,C21ORF2
7179,7552,ZNF711
15537,7553,ZNF7
18026,7554,ZNF8
13327,7556,ZNF10
11918,7559,ZNF12
17825,7561,ZNF14
1589,7562,ZNF708
5735,7564,ZNF16
8815,7565,ZNF17
3795,7566,ZNF18
12770,7567,ZNF19
16352,7568,ZNF20
11659,7569,ZNF182
10455,757,TMEM50B
15705,7570,ZNF22
3412,7571,ZNF23
15948,7572,ZNF24
2018,7576,ZNF28
13970,7579,ZSCAN20
7372,758,MPPED1
11819,7581,ZNF33A
7126,7582,ZNF33B
12608,7584,ZNF35
1107,7586,ZKSCAN1
13565,7587,ZNF37A
7463,7589,ZSCAN21
6946,759,CA1
13355,7593,MZF1
2873,7594,ZNF43
250,7596,ZNF45
8001,760,CA2
14748,761,CA3
9761,7620,ZNF69
12814,7621,ZNF70
13650,7626,ZNF75D
14369,7627,ZNF75A
9532,7629,ZNF76
8952,7633,ZNF79
5876,7634,ZNF80
8806,7638,ZNF221
17592,7639,ZNF85
2396,7643,ZNF90
4241,7644,ZNF91
9393,765,CA6
1590,7652,ZNF99
13740,766,CA7
8881,7673,ZNF222
8321,7675,ZNF121
17239,767562,SNORD113-2
14476,767563,SNORD113-3
15059,767568,SNORD113-8
18600,767577,SNORD114-1
17270,767591,SNORD114-13
8309,767592,SNORD114-14
10957,767598,SNORD114-20
13050,767603,SNORD114-23
13404,767609,SNORD114-28
18411,767612,SNORD114-31
2934,7678,ZNF124
18366,767811,H2BFXP
9905,767846,PFN1P2
616,768,CA9
3401,7681,MKRN3
18543,768206,PRCD
15497,768211,RELL1
18022,768217,MIR769
813,768222,MIR770
17301,768239,PSAPL1
11565,7690,ZNF131
3188,7691,ZNF132
10448,7692,ZNF133
6313,7693,ZNF134
152,7694,ZNF135
13673,7695,ZNF136
17404,7696,ZNF137P
13851,7697,ZNF138
974,770,CA11
12890,7700,ZNF141
12321,7701,ZNF142
10776,7702,ZNF143
16019,7703,PCGF2
11736,7704,ZBTB16
9775,7705,ZNF146
3419,7706,TRIM25
7913,7707,ZNF148
17444,7709,ZBTB17
16852,771,CA12
9136,7710,ZNF154
12536,7711,ZNF155
7177,7712,ZNF157
9174,7716,VEZF1
7715,7718,ZNF165
15955,7726,TRIM26
10435,7727,ZNF174
2391,773,CACNA1A
6002,7730,ZNF177
3417,7732,RNF112
966,7733,ZNF180
3297,7738,ZNF184
9837,7739,ZNF185
1845,774,CACNA1B
13315,7743,ZNF189
9528,7745,ZKSCAN8
14081,7748,ZNF195
723,775,CACNA1C
171,7750,ZMYM2
129,7752,ZNF200
717,7753,ZNF202
16271,7754,ZNF204P
16861,7755,ZNF205
144,7757,ZNF208
1733,776,CACNA1D
12469,7760,ZNF213
10498,7761,ZNF214
2260,7762,ZNF215
9805,7764,ZNF217
3180,7766,ZNF223
17477,7767,ZNF224
4507,7768,ZNF225
11344,7769,ZNF226
2057,777,CACNA1E
6491,7770,ZNF227
4508,7771,ZNF112
7638,7772,ZNF229
5103,7773,ZNF230
2556,7775,ZNF232
3172,7776,ZNF236
2962,7779,SLC30A1
2452,778,CACNA1F
17153,7780,SLC30A2
16739,7781,SLC30A3
2338,7782,SLC30A4
2345,7783,ZP2
7462,7784,ZP3
16088,7786,MAP3K12
13646,7789,ZXDA
2061,779,CACNA1S
16104,7798,LUZP1
1271,7799,PRDM2
200,780,DDR1
4571,7802,DNALI1
7563,7804,LRP8
8354,7805,LAPTM5
17601,7809,BSND
262,781,CACNA2D1
5502,7812,CSDE1
8368,7813,EVI5
12389,7818,DAP3
8105,782,CACNB1
9029,7827,NPHS2
2752,783,CACNB2
6061,7832,BTG2
329,7837,PXDN
15737,784,CACNB3
3246,7840,ALMS1
16425,7841,MOGS
4330,7844,RNF103
2804,7846,TUBA1A
11098,7849,PAX8
3925,785,CACNB4
5670,7850,IL1R2
13123,7851,MALL
11100,7852,CXCR4
6192,7855,FZD5
10925,7857,SCG2
907,786,CACNG1
2989,7862,BRPF1
16758,7866,IFRD2
8251,7867,MAPKAPK3
1356,7869,SEMA3B
15450,7871,SLMAP
12304,7874,USP7
12215,7881,KCNAB1
11196,78986,DUSP26
12606,78987,CRELD1
8901,78989,COLEC11
14992,78991,PCYOX1L
10110,78994,PRR14
16666,78995,C17ORF53
13215,78997,GDAP1L1
22,790,CAD
15089,79002,C19ORF43
14631,79003,MIS12
12510,79004,CUEDC2
3229,79005,SCNM1
14628,79007,DBNDD1
3945,79012,CAMKV
5911,79017,GGCT
17518,79018,GID4
15116,79019,CENPM
8543,79020,C7ORF25
8343,79022,TMEM106C
765,79023,NUP37
1150,79026,AHNAK
11442,79027,ZNF655
11502,79029,SPATA5L1
9084,7903,ST8SIA4
11980,79031,PDCL3
17526,79033,ERI3
17304,79034,C7ORF26
2205,79037,PVRIG
1507,79039,DDX54
13212,79042,TSEN34
5361,79047,KCTD15
12678,79048,SECISBP2
16567,7905,REEP5
14611,79050,NOC4L
6334,79053,ALG8
10406,79054,TRPM8
8867,79057,PRRG3
5248,79058,ASPSCR1
14261,79065,ATG9A
16331,79068,FTO
11824,79070,KDELC1
16035,79071,ELOVL6
6394,79072,FASTKD3
15458,79075,DSCC1
4572,79078,C1ORF50
12446,79083,MLPH
12417,79084,WDR77
15209,79085,SLC25A23
16980,79086,SMIM7
15877,79087,ALG12
938,79088,ZNF426
17417,79089,TMUB2
8807,79090,TRAPPC6A
7272,79092,CARD14
7260,79094,CHAC1
2776,79097,TRIM48
7675,79098,C1ORF116
5607,79109,MAPKAP1
8513,7913,DEK
3164,79132,DHX58
9882,79133,NDUFAF5
14493,79134,TMEM185B
16013,79136,LY6G6E
11842,79137,FAM134A
14059,79139,DERL1
16996,79140,CCDC28B
877,79142,PHF23
9793,79143,MBOAT7
15942,79144,PPDPF
7998,79145,CHCHD7
12863,79147,FKRP
16363,79149,ZSCAN5A
17028,7915,ALDH5A1
893,79154,DHRS11
4619,79155,TNIP2
9772,79156,PLEKHF1
910,79157,MFSD11
16510,79158,GNPTAB
3820,79159,NOL12
8521,7916,PRRC2A
15292,79161,TMEM243
18025,79165,LENG1
16536,79166,LILRP2
8138,79167,LILRP1
2420,79168,LILRA6
17445,79169,C1ORF35
9348,7917,BAG6
11032,79170,PRR15L
16691,79171,RBM42
3909,79172,CENPO
944,79173,C19ORF57
2906,79174,CRELD2
13936,79175,ZNF343
13320,79176,FBXL15
6270,7918,GPANK1
15661,79184,BRCC3
6243,79187,FSD1
2503,7919,DDX39B
18015,79190,IRX6
16590,79191,IRX3
3013,79192,IRX1
15603,7920,ABHD16A
17881,7922,SLC39A7
17169,79228,THOC6
2685,7923,HSD17B8
934,79230,ZNF557
1,79258,MMEL1
12400,79269,DCAF10
12705,79274,OR52L2P
11490,79283,OR5P1P
6719,79290,OR13A1
3953,79291,OR5H7P
16659,79294,OR4C7P
14224,79295,OR5H6
1448,793,CALB1
3360,79308,OR4P1P
2121,79310,OR5H2
2974,79315,OR7E91P
795,79317,OR4K5
15260,79318,OR4K4P
11496,79322,OR4N1P
1472,79324,OR51G1
12435,79334,OR11H2
99,79339,OR51B4
15463,79345,OR51B2
3100,79346,OR4C5
13840,7936,NELFE
11048,79363,RSG1
9955,79364,ZXDC
14931,79366,HMGN5
7863,79368,FCRL2
9117,79369,B3GNT4
2354,794,CALB2
13532,7940,LST1
9684,79400,NOX5
11175,7941,PLA2G7
15358,79411,GLB1L
15873,79412,KREMEN2
7101,79413,ZBED2
4732,79414,LRFN3
12110,79415,C17ORF62
15921,7942,TFEB
7925,79441,HAUS3
2116,79442,LRRC2
10588,79443,FYCO1
14534,79444,BIRC7
10853,79446,WDR25
14679,79469,DLEU2L
2763,79470,OR51J1
2258,79473,OR52N1
15040,79490,OR10G6
164,795,S100G
5113,79501,OR4F5
18293,79504,OR4G4P
13398,79518,OR5M4P
7762,79523,OR5M2P
11232,79530,OR4C9P
14963,79537,OR7E90P
18371,79540,OR7E89P
8533,79541,OR2A4
2317,79544,OR4K1
11648,79546,OR6M2P
6134,79549,OR6J1
685,79550,OR4C4P
16515,79567,FAM65A
7966,7957,EPM2A
11618,79570,NKAIN1
9567,79571,GCC1
3962,79572,ATP13A3
9918,79573,TTC13
11669,79574,EPS8L3
16059,79575,ABHD8
13228,79576,NKAP
8394,79577,CDC73
11720,79581,SLC52A2
6886,79582,SPAG16
11300,79585,CORO7
11108,79586,CHPF
14114,79587,CARS2
3208,79589,RNF128
18576,79590,MRPL24
14291,79591,C10ORF76
17178,79594,MUL1
8870,79595,SAP130
11427,79596,RNF219
4611,79598,CEP97
14343,79600,TCTN1
11739,79602,ADIPOR2
14441,79603,CERS4
6064,79605,PGBD5
15393,79608,RIC3
2810,79611,ACSS3
13039,79612,NAA16
8739,79613,TANGO6
7951,79616,CCNJL
13859,79618,HMBOX1
1317,79623,GALNT14
14430,79624,C6ORF211
6199,79625,NDNF
4635,79628,SH3TC2
3404,79631,EFTUD1
6623,79632,FAM184A
1206,79633,FAT4
1339,79634,SCRN3
9740,79637,ARMC7
17250,79639,TMEM53
3203,79640,C22ORF46
11933,79641,ROGDI
12002,79642,ARSJ
4353,79644,SRD5A3
1445,79645,EFCAB1
2676,79646,PANK3
1441,79648,MCPH1
15660,79649,MAP7D3
7971,7965,AIMP2
18051,79650,USB1
12108,79651,RHBDF2
5622,79652,TMEM204
11058,79654,HECTD3
11392,79657,RPAP3
3694,79658,ARHGAP10
706,79659,DYNC2H1
16491,79663,HSPBAP1
1915,79665,DHX40
5067,79666,PLEKHF2
4364,79668,PARP8
1736,79669,C3ORF52
5739,79670,ZCCHC6
16307,79671,NLRX1
36,79674,VEPH1
3928,79675,FASTKD1
8902,79677,SMC6
16930,79679,VTCN1
7968,79683,ZDHHC14
10666,79689,STEAP4
13298,79690,GAL3ST4
13507,79691,QTRTD1
11166,79692,ZNF322
16273,79694,MANEA
10530,79695,GALNT12
4651,79698,ZMAT4
8363,79699,ZYG11B
17702,797,CALCB
13610,79701,OGFOD3
16467,79703,C11ORF80
8223,79705,LRRK1
14583,79706,PRKRIP1
4564,79707,NOL9
12118,79709,COLGALT1
8164,79710,MORC4
17268,79711,IPO4
1334,79712,GTDC1
1029,79716,NPEPL1
7148,79717,PPCS
14019,79718,TBL1XR1
6911,79722,ANKRD55
15717,79724,ZNF768
11633,79725,THAP9
9324,79726,WDR59
15828,79727,LIN28A
860,79728,PALB2
6864,79729,SH3D21
15832,79730,NSUN7
5947,79731,NARS2
16658,79733,E2F8
17193,79735,TBC1D17
3797,79736,TEFM
2931,79739,TTLL7
418,79740,ZBBX
4423,79741,CCDC7
15278,79742,CXORF36
4518,79744,ZNF419
9923,79745,CLIP4
2695,79747,ADGB
7020,79748,LMAN1L
387,79750,ZNF385D
96,79751,SLC25A22
15296,79752,ZFAND1
7661,79753,SNIP1
8769,79755,ZNF750
9338,79758,DHRS12
4944,79759,ZNF668
17682,7976,FZD3
16361,79760,GEMIN7
16235,79762,C1ORF115
6179,79767,ELMO3
7789,79768,KATNBL1
8495,79772,MCTP1
16664,79774,GRTP1
2726,79776,ZFHX4
2013,79777,ACBD4
4822,79778,MICALL2
10537,79780,CCDC82
11111,79781,IQCA1
1972,79782,LRRC31
2197,79783,SUGCT
5177,79784,MYH14
1225,79785,RERGL
16131,79786,KLHL36
9792,79788,ZNF665
3858,79789,CLMN
14582,7979,SEM1
16151,7979,SHFM1
13918,79791,FBXO31
10222,79792,GSDMD
14341,79796,ALG9
1475,79797,ZNF408
10112,79798,ARMC5
8477,79799,UGT2A3
10276,7980,TFPI2
2100,79800,CARF
13739,79801,SHCBP1
2964,79802,HHIPL2
16260,79804,HAND2-AS1
11972,79805,VASH2
14715,79807,GSTCD
4590,79809,TTC21B
1538,79811,SLTM
12062,79812,MMRN2
4850,79813,EHMT1
13349,79816,TLE6
14244,79818,ZNF552
282,79819,WDR78
8558,7982,ST7
5977,79820,CATSPERB
917,79822,ARHGAP28
5307,79823,CAMKMT
13814,79825,EFCC1
2287,79827,CLMP
17901,79828,METTL8
9636,79829,NAA40
11619,79830,ZMYM1
11570,79831,KDM8
10949,79832,QSER1
5856,79833,GEMIN6
3148,79834,PEAK1
16912,79836,LONRF3
4684,79837,PIP4K2C
4704,79838,TMC5
7049,79839,CCDC102B
6813,7984,ARHGEF5
13235,79840,NHEJ1
13015,79841,AGBL2
15770,79842,ZBTB3
380,79843,FAM124B
46,79844,ZDHHC11
17978,79845,RNF122
6215,79848,CSPP1
18536,79849,PDZD3
5172,79850,FAM57A
9766,79852,EPHX3
14966,79853,TM4SF20
2845,79856,SNX22
9254,79858,NEK11
5744,79861,TUBAL3
9428,79862,ZNF669
6148,79863,RBFA
5529,79864,C11ORF63
14276,79865,TREML2
6132,79866,BORA
7616,79867,TCTN2
1645,79868,ALG13
5942,79869,CPSF7
8583,79870,BAALC
14857,79871,RPAP2
2705,79872,CBLL1
6472,79874,RABEP2
1899,79875,THSD4
16650,79876,UBA5
12252,79877,DCAKD
3776,79882,ZC3H14
16354,79883,PODNL1
455,79884,MAP9
11627,79885,HDAC11
11951,79888,LPCAT1
234,79890,RIN3
2019,79891,ZNF671
15512,79892,MCMBP
1569,79893,GGNBP2
7480,79894,ZNF672
5484,79895,ATP8B4
17817,79896,THNSL1
17257,79897,RPP21
13086,79898,ZNF613
13961,79899,PRR5L
208,799,CALCR
15914,79901,CYBRD1
136,79902,NUP85
13117,79903,NAA60
3408,79905,TMC7
13475,79906,MORN1
6400,79908,BTNL8
12039,7991,TUSC3
14297,79912,PYROXD1
16204,79913,ACTR5
889,79915,ATAD5
5866,79919,C2ORF54
8162,79921,TCEAL4
14803,79922,MRM1
16685,79923,NANOG
472,79925,SPEF2
14587,7993,UBXN8
16636,79930,DOK3
17887,79931,TNIP3
6516,79932,KIAA0319L
11760,79934,ADCK4
8129,79935,CNTD2
5926,79937,CNTNAP3
17427,79939,SLC35E1
592,7994,KAT6A
13443,79943,ZNF696
10432,79944,L2HGDH
17264,79946,C10ORF95
8287,79949,PLEKHS1
10699,79954,NOL10
16413,79955,PDZD7
7324,79956,ERMP1
14536,79957,PAQR6
10866,79958,DENND1C
15809,79961,DENND2D
6996,79962,DNAJC22
10788,79963,ABCA11P
447,79966,SCD5
1533,79968,WDR76
12024,79969,ATAT1
16539,79971,WLS
3423,79973,ZNF442
560,79974,CPED1
11481,79977,GRHL2
16646,79979,TRMT2B
7312,79981,FRMD1
167,79983,POF1B
622,79987,SVEP1
569,79989,TTC26
9734,79990,PLEKHH3
16485,79991,OBFC1
8923,79993,ELOVL7
4836,800,CALD1
5098,80000,GREB1L
13798,80003,PCNX2
1704,80003,PCNXL2
4707,80004,ESRP2
1816,80005,DOCK5
2159,80006,TRAPPC13
12623,80008,TMEM156
7536,8001,GLRA3
17335,80010,RMI1
14439,80011,FAM192A
1368,80012,PHC3
8614,80013,FAM188A
1385,80014,WWC2
7170,80017,C14ORF159
4150,80018,NAA25
5013,80020,FOXRED2
10959,80021,TMEM62
10629,80022,MYO15B
6012,80023,NRSN2
10576,80025,PANK2
9544,80028,FBXL18
835,80031,SEMA6D
14816,80032,ZNF556
3927,80034,CSRNP3
5071,80036,TRPM3
4782,80055,PGAP1
1323,80059,LRRTM4
1165,80063,ATF7IP2
10700,80067,DCAF17
737,80070,ADAMTS20
7768,80071,CCDC15
10824,80086,TUBA4B
5559,80095,ZNF606
2629,80097,MZT2B
8545,80099,C7ORF69
13332,801,CALM1
6543,80108,ZFP2
16893,80110,ZNF614
4856,80114,BICC1
8847,80115,BAIAP2L2
1898,80119,PIF1
11099,80122,MAP3K19
5470,80124,VCPIP1
8082,80125,CCDC33
808,80127,CCDC176
15135,80128,TRIM46
9994,80129,CCDC170
13314,8013,NR4A3
5416,80133,MROH9
5501,80135,RPF1
6945,80139,ZNF703
17144,80142,PTGES2
13232,80143,SIKE1
40,80144,FRAS1
7397,80146,UXS1
12115,80148,PQLC1
11668,80149,ZC3H12A
17847,80150,ASRGL1
8227,80152,CENPT
9686,80153,EDC3
4801,80155,NAA15
6264,80157,CWH43
14402,80162,ATHL1
6266,80167,C4ORF29
2785,80168,MOGAT2
880,80169,CTC1
16959,80173,IFT74
15276,80174,DBF4B
1269,80176,SPSB1
3309,80177,MYCT1
17336,80178,C16ORF59
7034,80179,MYO19
1513,80183,KIAA0226L
112,80184,CEP290
11531,80185,TTI2
14898,8019,BRD3
6445,80194,TMEM134
3109,80198,MUS81
16551,80199,FUZ
8620,80201,HKDC1
9924,80204,FBXO11
1558,80205,CHD9
9327,80206,FHOD3
11551,80207,OPA3
4178,80208,SPG11
8687,80209,PROSER1
5742,8021,NUP214
6807,80210,ARMC9
779,80212,CCDC92
12627,80216,ALPK1
9464,80218,NAA50
14916,80219,COQ10B
14348,80221,ACSF2
2582,80222,TARS2
6038,80223,RAB11FIP1
13426,80224,NUBPL
15336,80228,ORAI2
18060,80230,RUFY1
13368,80231,CXORF21
6260,80232,WDR26
16548,80233,C17ORF70
14568,80235,PIGZ
6744,80237,ELL3
1820,80243,PREX2
9467,80254,CEP63
10653,80255,SLC35F5
1830,80256,FAM214B
13369,80258,EFHC2
3790,80262,C16ORF70
7859,80263,TRIM45
7818,80264,ZNF430
7870,80267,EDEM3
6625,8027,STAM
13055,80270,HSD3B7
960,80271,ITPKC
3270,80273,GRPEL1
4276,80274,SCUBE1
8954,8028,MLLT10
635,8029,CUBN
16588,80301,PLEKHO2
17225,80304,C2ORF44
14506,80305,TRABD
7530,80306,MED28
14178,80307,FER1L4
12576,80308,FLAD1
2637,80309,SPHKAP
1461,8031,NCOA4
707,80310,PDGFD
4280,80311,KLHL15
5396,80312,TET1
8027,80313,LRRC27
3737,80314,EPC1
12016,80315,CPEB4
11475,80317,ZKSCAN3
4847,80318,GKAP1
14635,80320,SP6
6531,80321,CEP70
14814,80323,CCDC68
12244,80324,PUS1
11629,80325,ABTB1
13502,80326,WNT10A
7311,80328,ULBP2
3308,80329,ULBP1
12126,80332,ADAM33
10169,80333,KCNIP4
16759,80335,WDR82
1021,80336,PABPC1L
15654,80339,PNPLA3
9166,8034,SLC25A16
9018,80341,BPIFB2
6063,80342,TRAF3IP3
7645,80343,SEL1L2
9118,80344,DCAF11
5523,80346,REEP4
9733,80347,COASY
1241,80349,WDR61
14278,80350,LPAL2
649,80351,TNKS2
15415,80352,RNF39
94,8036,SHOC2
9626,8038,ADAM12
9321,80381,CD276
18334,804,CALM1P2
12701,8045,RASSF7
3243,805,CALM2
681,8050,PDHX
14415,8065,CUL5
16058,80700,UBXN6
9302,80704,SLC19A3
352,80705,TSGA10
14070,80709,AKNA
16118,80712,ESX1
6766,80714,PBX4
3684,80723,SLC35G2
13032,80724,ACAD10
9731,80725,SRCIN1
4978,80726,KIAA1683
5717,80727,TTYH3
8004,80728,ARHGAP39
17222,8073,PTP4A2
2980,80731,THSD7B
508,80736,SLC44A4
6085,80737,VWA7
14100,8074,FGF23
13839,80740,LY6G6C
16497,80741,LY6G5C
12870,80742,PRR3
1318,80745,THUMPD2
17903,80746,TSEN2
12756,80757,TMEM121
14998,80759,KHDC1
11249,8076,MFAP5
634,80760,ITIH5
7445,80764,THAP7
11294,80765,STARD5
16243,80775,TMEM177
11312,80777,CYB5B
12674,80778,ZNF34
16163,8078,USP5
2900,80781,COL18A1
17706,80789,INTS5
11314,80790,CMIP
4986,808,CALM3
920,80816,ASXL3
9083,80817,CEP44
274,80818,ZNF436
2296,8082,SSPN
14469,80820,EEPD1
9671,80821,DDHD1
258,80823,BHLHB9
11492,80824,DUSP16
10279,80829,ZFP91
13635,80830,APOL6
17554,80831,APOL5
1061,80832,APOL4
13944,80833,APOL3
4308,80834,TAS1R2
15270,80835,TAS1R1
1228,8085,KMT2D
5663,80851,SH3BP5L
5388,80852,GRIP2
3060,80853,KDM7A
2653,80854,SETD7
11841,80856,KIAA1715
7546,8086,AAAS
14995,80862,ZNRD1-AS1
15500,80863,PRRT1
12640,80864,EGFL8
12617,8087,FXR1
13504,80895,ILKAP
8392,80896,NPL
5771,8091,HMGA2
4687,8092,ALX1
12723,80975,TMPRSS5
5409,81,ACTN4
17928,810,CALML3
11742,8100,IFT88
8150,81027,TUBB1
14768,81029,WNT5B
15101,81030,ZBP1
6352,81031,SLC2A10
2558,81033,KCNH6
598,81034,SLC25A32
9008,81035,COLEC12
8488,81037,CLPTM1L
15928,8106,PABPN1
12811,81061,OR11H1
9763,811,CALR
4168,8110,DPF3
18008,81104,OR4Q1P
10797,81116,OR7E105P
8070,81127,OR4K15
1526,8115,TCL1A
8035,81153,OR9M1P
4121,81155,OR9I3P
13577,81159,OR9G3P
4118,81168,OR8J3
7192,81169,OR8J2
5220,81176,OR7E126P
12069,81187,OR5M13P
8034,81196,OR5D17P
2475,81198,OR5D15P
3604,8120,AP3B2
14089,81209,OR5BB1P
4117,81221,OR5AQ1P
10058,81228,OR5AK3P
15961,81230,OR5AK1P
16218,8125,ANP32A
13013,81251,OR52N3P
8629,81274,OR52B1P
9352,81278,OR51K1P
11588,8128,ST8SIA2
4105,81282,OR51G2
12065,81285,OR51E2
13572,81295,OR51A10P
12658,813,CALU
2778,81300,OR4P4
1477,81309,OR4C15
7792,8131,NPRL3
16394,81316,OR4A7P
13016,81318,OR4A5
8033,81322,OR4A21P
12712,81324,OR4A19P
4116,81327,OR4A16
4868,81328,OR4A15
8032,81330,OR4A13P
2272,81341,OR10W1
5171,8139,GAN
7137,81392,OR2AE1
14030,814,CAMK4
12101,8140,SLC7A5
18368,81419,OR7E99P
11529,81428,OR7E122P
11968,81442,OR6N2
5654,81448,OR6K2
7457,81458,OR2T7
9066,81462,OR2L9P
16985,81465,OR2L6P
2968,81466,OR2L5
3242,81469,OR2G3
2611,81470,OR2G2
2967,81472,OR2C3
16716,81479,OR11I1P
5801,8148,TAF15
12578,81487,OR10AA1P
6439,81490,PTDSS2
6207,81491,GPR63
9786,81492,RSPH6A
10476,81493,SYNC
2060,81494,CFHR5
15675,815,CAMK2A
2727,81501,DCSTAMP
7205,81502,HM13
14804,8153,RND2
8959,81532,MOB2
11306,81533,ITFG1
10898,81537,SGPP1
739,81539,SLC38A1
3391,81542,TMX1
9140,81543,LRRC3
9640,81544,GDPD5
1400,81545,FBXO38
3138,81550,TDRD3
12998,81551,STMN4
9857,81552,VOPP1
16981,81553,FAM49A
18419,81554,WBSCR16
15414,81555,YIPF5
2339,81556,VWA9
6241,81558,FAM117A
16438,81562,LMAN2L
10647,81563,C1ORF21
9170,81566,CSRNP2
13659,81567,TXNDC5
2950,81569,ACTL8
11238,81570,CLPB
11532,81571,MIR600HG
10450,81572,PDRG1
2039,81573,ANKRD13C
15529,81576,CCDC130
3044,81578,COL21A1
546,816,CAMK2B
15996,81602,CDADC1
15901,81605,URM1
2528,81606,LBH
17939,81607,PVRL4
4798,81608,FIP1L1
12803,81610,FAM83D
6520,81611,ANP32E
17899,81614,NIPA2
12925,81615,TMEM163
10234,81616,ACSBG2
11426,81617,CAB39L
383,81618,ITM2C
8876,81619,TSPAN14
12368,81622,UNC93B1
7114,81624,DIAPH3
11638,81628,TSC22D4
17559,81629,TSSK3
3866,81669,CCNL2
10677,81671,VMP1
15825,81688,C6ORF62
14121,81693,AMN
4373,81696,OR5V1
3704,81697,OR2B2
7587,817,CAMK2D
7045,8170,SLC14A2
604,81704,DOCK8
9178,8174,MADCAM1
7051,8175,SF3A2
2393,8178,ELL
17890,81786,TRIM7
11814,81788,NUAK2
490,81789,TIGD6
6705,81790,RNF170
470,81792,ADAMTS12
1746,81793,TLR10
8789,81794,ADAMTS10
2725,81796,SLCO5A1
9984,81797,OR12D3
11793,818,CAMK2G
8092,81831,NETO2
9239,81832,NETO1
13709,81833,SPACA1
11801,81844,TRIM56
2766,81846,SBF2
10525,81847,RNF146
16191,81848,SPRY4
12568,81849,ST6GALNAC5
6307,81851,KRTAP1-1
4815,81853,TMEM14B
12296,81855,SFXN3
5178,81856,ZNF611
11399,81857,MED25
4656,81858,SHARPIN
639,8187,ZNF239
10264,81870,KRTAP9-9
1169,81871,KRTAP4-6
17888,81875,ISG20L2
4878,81876,RAB1B
10642,81887,LAS1L
6865,81888,HYI
10102,81889,FAHD1
11346,8189,SYMPK
7054,81890,QTRT1
15550,81893,SLC7A5P1
13879,81894,SLC25A28
12185,8190,MIA
16883,8192,CLPP
2560,81926,ABHD17A
1619,81928,CABLES2
16057,81929,SEH1L
10741,8193,DPF1
11927,81930,KIF18A
16357,81931,ZNF93
11810,8195,MKKS
7908,820,CAMP
8830,8202,NCOA3
9382,8204,NRIP1
13414,8208,CHAF1B
17343,8209,C21ORF33
5635,8214,DGCR6
6857,8216,LZTR1
7146,8218,CLTCL1
14188,8220,DGCR14
8339,8224,SYN3
14370,8225,GTPBP6
2907,8227,AKAP17A
13364,8228,PNPLA4
1482,823,CAPN1
8851,8233,ZRSR2
12384,8237,USP11
3206,8239,USP9X
17075,824,CAPN2
5266,8241,RBM10
6026,8242,KDM5C
13372,8243,SMC1A
10620,825,CAPN3
17420,8260,NAA10
13256,8263,F8A1
4738,827,CAPN6
12480,8273,SLC10A3
9838,8277,TKTL1
17832,8284,KDM5D
4742,8287,USP9Y
4959,8288,EPX
260,8289,ARID1A
11834,829,CAPZA1
8399,8290,HIST3H3
345,8291,DYSF
13506,8292,COLQ
17963,8294,HIST1H4I
2202,8295,TRRAP
17279,83,ACTG1P10
2786,8301,PICALM
14373,8309,ACOX2
6913,831,CAST
18533,8310,ACOX3
9693,8312,AXIN1
7040,8313,AXIN2
14249,8314,BAP1
2306,8315,BRAP
5563,8318,CDC45
9396,832,CAPZB
9562,8321,FZD1
6571,8322,FZD4
4409,8323,FZD6
9940,8324,FZD7
4290,83259,PCDH11Y
6956,8328,GFI1B
15252,8329,HIST1H2AI
14759,833,CARS
12424,8330,HIST1H2AK
8268,8331,HIST1H2AJ
17359,8332,HIST1H2AL
18071,8334,HIST1H2AC
10771,8336,HIST1H2AM
2679,8339,HIST1H2BG
875,83394,PITPNM3
11242,834,CASP1
2502,8340,HIST1H2BL
3480,83416,FCRL5
1689,83417,FCRL4
9527,8342,HIST1H2BM
14035,8343,HIST1H2BF
15225,83439,TCF7L1
11293,83440,ADPGK
12318,83443,SF3B5
9435,83444,INO80B
12335,83445,GSG1
8484,83447,SLC25A31
15370,83448,PUS7L
1244,83449,PMFBP1
3415,83450,LRRC48
11188,83451,ABHD11
15413,83452,RAB33B
12735,83468,GLT8D2
4371,8347,HIST1H2BC
14148,83473,KATNAL2
17841,83478,ARHGAP24
18403,83479,DDX59
10411,8348,HIST1H2BO
15041,83480,PUS3
603,83481,EPPK1
10493,83482,SCRT1
8795,83483,PLVAP
12573,8349,HIST2H2BE
8568,835,CASP2
13833,8351,HIST1H3D
896,83538,TTC25
14216,83539,CHST9
1691,83540,NUF2
10634,83541,FAM110A
12750,83544,DNAL1
784,83548,COG3
2567,83550,GPR101
6696,83551,TAAR8
14766,83552,MFRP
13834,8356,HIST1H3J
15601,8357,HIST1H3H
17231,8358,HIST1H3B
12857,83590,TMUB1
16509,83591,THAP2
15283,83593,RASSF5
7408,83594,NUDT12
3556,83595,SOX7
4562,83596,BCL2L12
15288,836,CASP3
18602,8360,HIST1H4D
14322,83604,TMEM47
11567,83605,CCM2
4333,83607,AMMECR1L
12023,8363,HIST1H4J
8797,83636,C19ORF12
3316,83637,ZMIZ2
3179,83639,TEX101
11487,83641,FAM107B
7418,83643,CCDC3
17679,83648,FAM167A
6703,83650,SLC35G5
10115,83657,DYNLRB2
10803,83658,DYNLRB1
8315,83659,TEKT1
4181,83660,TLN2
3108,83661,MS4A8
17838,83666,PARP9
13784,83667,SESN2
17665,8368,HIST1H4L
18129,8369,HIST1H4G
13552,83690,CRISPLD1
1647,83692,CD99L2
15057,83694,RPS6KL1
6425,83696,TRAPPC9
8264,83697,SLC4A9
10001,83698,CALN1
17807,83699,SH3BGRL2
7507,83706,FERMT3
5833,83715,ESPN
872,83716,CRISPLD2
13236,8372,HYAL3
17749,83723,FAM57B
3765,83729,INHBE
12397,83732,RIOK1
17783,83733,SLC25A18
5561,83737,ITCH
6924,83741,TFAP2D
12859,83742,MARVELD1
14067,83744,ZNF484
12266,83746,L3MBTL2
17151,83752,LONP2
17767,83755,KRTAP4-12
8181,83756,TAS1R3
2880,83757,CYP2G2P
4301,83758,RBP5
11236,83786,FRMD8
11556,83787,ARMC10
8538,8379,MAD1L1
3040,83795,KCNK16
708,838,CASP5
17843,8382,NME5
16173,8383,OR1A1
14312,8384,OR1D3P
3831,83844,USP26
15183,83849,SYT15
3266,83850,ESYT3
4166,83851,SYT16
11273,83852,SETDB2
11898,83853,ROPN1L
4727,83854,ANGPTL6
15936,83855,KLF16
17262,83856,FSD1L
3124,83857,TMTC1
4306,83858,ATAD3B
4947,8386,OR1D5
5929,83860,TAF3
4019,83861,RSPH3
17671,83862,TMEM120A
4741,83866,TTTY11
15639,8387,OR1E1
15718,83871,RAB34
310,83872,HMCN1
6518,83873,GPR61
11364,83874,TBC1D10A
12175,83875,BCO2
4503,83878,USHBP1
14559,83879,CDCA7
14801,8388,OR1E2
9742,83882,TSPAN10
11782,83884,SLC25A2
11297,83886,PRSS27
1789,83887,TTLL2
3001,83888,FGFBP2
2876,83889,WDR87
2156,83891,SNX25
18063,83892,KCTD10
37,83893,SPATA16
1760,83894,TTC29
14139,83895,KRTAP1-5
5802,83896,KRTAP3-1
4485,83897,KRTAP3-2
4486,83899,KRTAP9-2
17497,839,CASP6
5239,8390,OR1G1
16339,83900,KRTAP9-3
10123,83901,KRTAP9-8
7198,83903,GSG2
10116,8391,OR1P1
10117,8392,OR3A3
10373,83930,STARD3NL
17935,83931,STK40
15318,83932,SPRTN
12344,83933,HDAC10
7247,83937,RASSF4
15367,83938,C10ORF11
13111,83939,EIF2A
6872,8394,PIP5K1A
17686,83940,TATDN1
17294,83941,TM2D1
12633,83942,TSSK1B
4036,83943,IMMP2L
2741,8395,PIP5K1B
1298,83953,FCAMR
10303,83955,NACAP1
2425,83959,SLC4A11
15933,8396,PIP4K2B
1064,8398,PLA2G6
14118,83982,IFI27L2
17450,83983,TSSK6
11303,83985,SPNS1
849,83986,ITFG3
17623,83987,CCDC8
8925,83989,FAM172A
5551,83990,BRIP1
559,83992,CTTNBP2
8891,83998,REG4
12816,83999,KREMEN1
2759,840,CASP7
713,84000,TMPRSS13
18515,8403,SOX14
2065,84033,OBSCN
1170,84034,EMILIN2
5694,8404,SPARCL1
16340,8405,SPOP
11159,84054,PCDHB19P
9852,84057,MND1
9434,84058,WDR54
1656,84059,GPR98
13762,8406,SRPX
13105,84061,MAGT1
4636,84062,DTNBP1
8798,84063,KIRREL2
7554,84064,HDHD2
15575,84065,TMEM222
9424,84066,TEX35
2259,84067,FAM160A2
12003,84068,SLC10A7
10314,8407,TAGLN2
8877,84070,FAM186B
7593,84071,ARMC2
6056,84072,HORMAD1
8110,84073,MYCBPAP
13206,84074,QRICH2
3389,84075,FSCB
3006,84076,TKTL2
2108,84077,C3ORF20
4504,84079,ANKRD27
11650,8408,ULK1
14633,84081,NSRP1
4334,84083,ZRANB3
2979,84084,RAB6C
3306,84085,FBXO30
9939,841,CASP8
15649,8410,RPS9P1
6675,84100,ARL6
17724,84101,USP44
15436,84102,SLC41A2
14023,84103,C4ORF17
142,84106,PRAM1
35,84107,ZIC4
10611,84108,PCGF6
7934,84109,QRFPR
762,8411,EEA1
2041,8412,BCAR3
3552,84124,ZNF394
4450,84125,LRRIQ1
3943,84126,ATRIP
7899,84128,WDR75
15320,84129,ACAD11
9595,84131,CEP78
1424,84132,USP42
13469,84133,ZNRF3
13982,84134,TOMM40L
6170,84135,UTP15
17835,84138,SLC7A6OS
1128,84140,FAM161A
11451,84144,SYDE2
10390,84146,ZNF644
13201,84148,KAT8
4712,84152,PPP1R1B
4434,84153,RNASEH2C
15879,84154,RPF2
2755,84159,ARID5B
294,8416,ANXA9
451,84162,KIAA1109
16931,84163,GTF2IRD2
7652,84164,ASCC2
867,84166,NLRC5
14878,84167,C19ORF44
3913,84168,ANTXR1
17968,8417,STX7
3669,84172,POLR1B
8248,84173,ELMOD3
12987,84176,MYH16
16254,84179,MFSD7
8515,8418,CMAHP
3193,84181,CHD6
12980,84182,FAM188B
10509,84186,ZCCHC7
13950,84187,TMEM164
14083,84188,FAR1
8692,84189,SLITRK6
7916,8419,BFSP2
1661,84190,METTL25
2835,84193,SETD3
10513,84196,USP48
7997,84197,POMK
174,842,CASP9
10738,84203,TXNDC2
4188,84206,MEX3B
14065,84210,ANKRD20A1
150,84215,ZNF541
6995,84216,TMEM117
16725,84217,ZMYND12
15074,84218,TBC1D3F
13133,84219,WDR24
3690,84223,IQCG
6798,84224,NBPF3
12180,84225,ZMYND15
1708,84226,C2ORF16
2577,84230,LRRC8C
9697,84231,TRAF7
12362,84232,MAF1
12719,84233,TMEM126A
11678,84236,RHBDD1
2997,84239,ATP13A4
11568,8424,BBOX1
14936,84243,ZDHHC18
14154,84245,MRI1
9976,84246,MED10
9829,84247,LDOC1L
11994,84248,FYTTD1
13528,84249,PSD2
1596,8425,LTBP4
10687,84250,ANKRD32
3224,84251,SGIP1
12331,84253,GARNL3
15841,84255,SLC37A3
854,84256,FLYWCH1
2412,84258,SYT3
13582,84259,DCUN1D5
7635,84261,FBXW9
13846,84262,PSMG3
9414,84265,POLR3GL
13865,84267,C9ORF64
184,84269,CHCHD5
6276,8427,ZNF282
3641,84271,POLDIP3
4621,84273,NOA1
14110,84274,COQ5
10879,84275,SLC25A33
15504,84277,DNAJC30
12282,84281,C2ORF88
11693,84286,TMEM175
17508,84287,ZDHHC16
16,84288,EFCAB2
2107,84289,ING5
17482,84290,CAPNS2
11517,84292,WDR83
16128,84293,FAM213A
15945,84295,PHF6
17092,84296,GINS4
4955,84299,MIEN1
1721,843,CASP10
14576,84300,UQCC2
16219,84301,DDI2
7415,84302,TMEM246
18559,84303,CHCHD6
8965,84304,NUDT22
17722,84305,WIBG
9223,84310,C7ORF50
9730,84311,MRPL45
6164,84314,TMEM107
11981,84317,CCDC115
16836,84318,CCDC77
12944,84319,CMSS1
16494,84321,THOC3
13780,84328,LZIC
16887,84330,ZNF414
10622,84331,FAM195A
10720,84332,DYDC2
1601,84335,AKT1S1
10127,84336,TMEM101
17412,8434,RECK
482,84340,GFM2
16130,84342,COG8
4617,84343,HPS3
6847,8435,SOAT2
10950,84364,ARFGAP2
12320,84365,NIFK
10426,8437,RASAL1
4405,84376,HOOK3
10818,8438,RAD54L
8278,8439,NSMAF
8387,844,CASQ1
16745,8440,NCK2
17814,84418,CYSTM1
13052,84419,C15ORF48
8244,8443,GNPAT
18167,84432,PROK1
7188,84433,CARD11
18117,84435,ADGRA1
6973,84435,GPR123
6492,84436,ZNF528
6572,84437,MSANTD4
13594,84439,HHIPL1
12867,8444,DYRK3
1567,84440,RAB11FIP4
6223,84441,MAML2
8785,84444,DOT1L
4859,84445,LZTS2
4516,84446,BRSK1
17098,84447,SYVN1
9480,84448,ABLIM2
11574,84449,ZNF333
5963,8445,DYRK2
7291,84450,ZNF512
16929,84455,EFCAB7
4015,84456,L3MBTL3
16298,84457,PHYHIPL
8622,84458,C10ORF12
3089,84458,LCOR
1962,8446,DUSP11
11774,84460,ZMAT1
4708,84461,NEURL4
12303,84464,SLX4
839,84465,MEGF11
5890,84466,MEGF10
10679,84467,FBN3
15071,8447,DOC2B
12763,8448,DOC2A
8520,8449,DHX16
8198,84498,FAM120B
7857,845,CASQ2
2916,8450,CUL4B
8345,84501,SPIRE2
16319,84502,JPH4
956,84503,ZNF527
16469,8451,CUL4A
4403,84513,PPAPDC1B
10126,84514,GHDC
13625,84515,MCM8
13511,84517,ACTRT3
4137,84519,ACRBP
9301,8452,CUL3
16197,84520,C14ORF142
15946,84524,ZC3H8
13077,84527,ZNF559
6298,84529,C15ORF41
3738,8453,CUL2
7000,84530,SRRM4
9800,84532,ACSS1
18529,84536,C21ORF67
11704,84539,MCHR2
6788,8454,CUL1
6892,84541,KBTBD8
12390,84542,KIAA1841
8286,84545,MRPL43
3298,84547,PGBD1
14589,84549,MAK16
12125,8455,ATRN
11612,84552,PARD6G
16459,84557,MAP1LC3A
12771,8456,FOXN1
12248,84560,MT4
9253,84561,SLC12A8
14752,84569,LYZL1
2652,84570,COL25A1
10289,84572,GNPTG
4574,8458,TTF2
12864,8459,TPST2
411,846,CASR
8548,8460,TPST1
13360,84612,PARD6B
16522,84614,ZBTB37
10737,84616,KRTAP4-4
5447,84617,TUBB6
4749,84618,NT5C1A
13092,84619,ZGPAT
15444,8462,KLF11
5861,84620,ST6GAL2
11320,84622,ZNF594
8972,84623,KIRREL3
1786,84624,FNDC1
10716,84626,KRBA1
8997,84627,ZNF469
11209,84628,NTNG2
1423,84629,TNRC18
2411,8463,TEAD2
7958,84630,TTBK1
2461,84631,SLITRK2
11440,84631,TMEM257
7836,84636,GPR174
16142,84639,IL1F10
14727,8464,SUPT3H
13825,84640,USP38
6837,84641,HIATL1
1577,84643,KIF2B
16186,84645,C22ORF23
13875,84647,PLA2G12B
7223,84648,LCE3D
704,84649,DGAT2
11274,84650,EBPL
2028,84651,SPINK7
10324,84654,SPZ1
13913,84656,GLYR1
4239,84658,EMR3
16845,84659,RNASE7
12555,84660,CCDC62
6963,84665,MYPN
10213,84666,RETNLB
14876,84667,HES7
10791,84668,FAM126A
7631,84669,USP32
5696,8467,SMARCA5
8811,84671,ZNF347
52,84674,CARD6
12667,84675,TRIM55
7849,84676,TRIM63
1880,84678,KDM2B
16419,84679,SLC9A7
5723,8468,FKBP6
8292,84680,ACCS
13045,84684,INSM2
12775,84687,PPP1R9B
8007,84688,C9ORF24
3107,84689,MS4A14
4205,84690,SPATA22
3553,84691,FAM71F1
4789,84692,CCDC54
4821,84694,GJA10
5187,84695,LOXL3
14891,84696,ABHD1
3377,84698,CAPS2
4973,84699,CREB3L3
15435,847,CAT
3698,8470,SORBS2
2441,84700,MYO18B
11763,84701,COX4I2
6484,84705,GTPBP3
14131,84706,GPT2
3273,84708,LNX1
169,8471,IRS4
14593,84720,PIGO
10912,84722,PSRC1
3715,84725,PLEKHA8
3076,84726,PRRC2B
12242,84727,SPSB2
2565,8473,OGT
5359,84733,CBX2
10865,84735,CNDP1
17194,84747,UNC119B
3769,84749,USP30
14588,84750,FUT10
13121,84759,PCGF1
2965,8476,CDC42BPA
11889,84765,ZNF577
2779,84767,TRIM51
16325,8477,GPR65
145,84775,ZNF607
18499,84779,NAA11
16897,84787,SUV420H2
10961,8479,HIRIP3
18256,84790,TUBA1C
15094,84798,C19ORF48
7650,8480,RAE1
4356,84803,AGPAT9
10823,84804,MFSD9
8323,84807,NFKBID
18355,84809,CROCCP2
4737,8481,OFD1
13191,84811,BUD13
11676,84812,PLCD4
16296,84814,PPAPDC3
5683,84818,IL17RC
8721,8482,SEMA7A
13440,84820,POLR2J4
12580,84824,FCRLA
3779,8483,CILP
8510,84830,ADTRP
651,84833,USMG5
13992,84838,ZNF496
16348,84839,RAX2
13638,84844,PHF5A
7323,84850,GLIS3-AS1
12019,84851,TRIM52
13004,84856,LINC00839
13318,84858,ZNF503
9476,84859,LRCH3
3952,84864,MINA
2619,84865,CCDC142
15395,84866,TMEM25
14085,84867,PTPN5
6268,84868,HAVCR2
7620,8487,GEMIN2
7963,84870,RSPO3
6800,84871,AGBL4
16312,84872,ZC3H10
1362,84873,GPR128
4775,84874,ZNF514
15958,84875,PARP10
13680,84879,MFSD2A
8019,84883,AIFM2
5472,84885,ZDHHC12
13276,84886,C1ORF198
11290,84888,SPPL2A
2454,84889,SLC7A3
12693,84890,ADO
855,84891,ZSCAN10
9847,84892,POMGNT2
15391,84893,FBH1
4077,84893,FBXO18
8722,84894,LINGO1
10609,84895,FAM73B
5397,84896,ATAD1
9644,84897,TBRG1
4081,84898,PLXDC2
8068,84899,TMTC4
6653,8490,RGS5
774,84900,RNFT2
3152,84901,NFATC2IP
14641,84902,CEP89
1937,84905,ZNF341
11205,84909,C9ORF3
5667,8491,MAP4K3
15586,84910,TMEM87B
2400,84911,ZNF382
17502,84912,SLC35B4
4329,84913,ATOH8
10362,84914,ZNF587
9656,84915,FAM222A
8740,84916,CIRH1A
15255,84918,LRP11
14025,8492,PRSS12
12243,84920,ALG10
17196,84922,FIZ1
12778,84923,FAM104A
9777,84924,ZNF566
10656,84925,DIRC2
16415,84926,SPRYD3
4834,84928,TMEM209
14497,84929,FIBCD1
5244,8493,PPM1D
6959,84930,MASTL
17946,84931,LINC01101
14232,84933,C8ORF76
5774,84934,RITA1
7168,84935,MEDAG
3402,84936,ZFYVE19
17295,84938,ATG4C
5353,84940,CORO6
17112,84941,HSH2D
6140,84942,WDR73
7376,84944,MAEL
13902,84945,ABHD13
4017,84946,LTV1
17981,84948,TIGD5
5752,8495,PPFIBP2
1276,84950,PRPF38A
8756,84951,TNS4
1163,84952,CGNL1
10721,84953,MICALCL
15526,84954,MPND
4653,84955,NUDCD1
17426,84957,RELT
1493,84959,UBASH3B
3760,8496,PPFIBP1
11485,84960,CCDC183
1248,84961,FBXL20
6862,84966,IGSF21
4262,84969,TOX2
5656,8497,PPFIA4
14678,84970,C1ORF94
5961,84975,MFSD5
2604,84976,DISP1
11339,8498,RANBP3
2732,84985,FAM83A
18111,84986,ARHGAP19
10027,84988,PPP1R16A
761,8499,PPFIA2
10531,84991,RBM17
7262,84993,UBL7
5946,8500,PPFIA1
17925,85002,FAM86B1
9271,85004,RERG
12070,8501,SLC43A1
13648,85012,TCEAL3
18320,85013,TMEM128
6927,85015,USP45
16505,85016,C11ORF70
15565,85019,TMEM241
8426,8502,PKP4
12360,85021,REPS1
3320,85025,TMEM60
17663,85027,SMIM3
15352,85028,SNHG12
1679,8503,PIK3R3
5121,8504,PEX3
17045,8505,PARG
4714,8506,CNTNAP1
3020,8507,ENC1
16206,8508,NIPSNAP1
1463,8509,NDST2
10043,8512,MBL1P
15022,8513,LIPF
11665,8514,KCNAB2
3894,8515,ITGA10
2751,8516,ITGA8
16938,8517,IKBKG
14470,8518,IKBKAP
17697,8519,IFITM1
17227,8520,HAT1
13533,8521,GCM1
3159,8522,GAS7
6403,85235,HIST1H2AH
17926,85236,HIST1H2BK
9632,8525,DGKZ
16945,8526,DGKE
1727,8527,DGKD
525,8528,DDO
10353,85280,KRTAP9-4
3619,85289,KRTAP4-5
2872,8529,CYP4F2
2011,85290,KRTAP4-3
16338,85294,KRTAP2-4
1011,8530,CST7
10630,85300,ATCAY
3734,85301,COL27A1
8763,85302,FBF1
15301,8531,YBX3
14209,85313,PPIL4
8528,85315,PAQR8
6498,85319,BAGE2
12216,8532,CPZ
9712,85320,ABCC11
4877,85329,LGALS12
10244,8533,COPS3
8963,8534,CHST1
16020,8535,CBX4
13641,85352,KIAA1644
1066,85358,SHANK3
15646,85360,SYDE1
670,85363,TRIM5
12412,85364,ZCCHC3
16809,85365,ALG2
8145,85366,MYLK2
14682,85369,STRIP1
3195,8537,BCAS1
1052,85376,RIMBP3
7072,85377,MICALL1
3822,85378,TUBGCP6
4272,85379,KIAA1671
16962,8538,BARX2
4867,8539,API5
15725,85395,FAM207A
18237,85397,RGS8
7898,8540,AGPS
11413,85403,EAF1
8178,85407,NKD1
15920,85409,NKD2
8809,8541,PPFIA3
9537,85413,SLC22A16
7061,85415,RHPN2
5226,85416,ZIC5
9024,85417,CCNB3
15821,8542,APOL1
11404,8543,LMO4
5960,85437,ZCRB1
3974,85438,CABS1
10085,85439,STON2
15891,8544,PIR
2576,85440,DOCK7
1037,85441,HELZ2
6974,85442,KNDC1
2112,85443,DCLK3
5731,85444,LRRCC1
1561,85445,CNTNAP4
5131,85446,ZFHX2
6495,85449,KIAA1755
15184,85450,ITPRIP
7632,85451,UNK
17892,85453,TSPYL5
3147,85455,DISP2
2476,85456,TNKS1BP1
14663,85457,CIPC
1154,85458,DIXDC1
2789,85459,KIAA1731
9507,8546,AP3B1
11846,85460,ZNF518B
10403,85461,TANC1
10409,85462,FHDC1
14098,85463,ZC3H12C
5445,85464,SSH2
18339,85465,EPT1
1273,8547,FCN3
13378,85474,LBX2
6898,85476,GFM1
1425,85477,SCIN
11198,85479,DNAJC5B
4322,8548,BLZF1
17131,85480,TSLP
2219,85481,PSKH2
3127,8549,LGR5
8695,85495,RPPH1
9797,85508,SCRT2
17248,8552,INE1
15978,8553,BHLHE40
16326,8554,PIAS1
16572,8555,CDC14B
3225,8556,CDC14A
10973,85569,GALP
17185,8559,PRPF18
2905,8563,THOC5
1307,8564,KMO
6,8565,YARS
15724,8566,PDXK
14474,8567,MADD
13415,8568,RRP1
8941,857,CAV1
16176,8570,KHSRP
15699,8572,PDLIM4
5450,8573,CASK
9395,8574,AKR7A2
16044,8575,PRKRA
3935,8576,STK16
4069,8577,TMEFF1
12149,8578,SCARF1
10005,858,CAV2
9587,8581,LY6D
14093,8585,OR7E4P
3368,8586,OR7E87P
7539,85865,GTPBP10
8444,859,CAV3
15128,8590,OR6A2
7164,8591,OR5G1P
3102,8594,OR5D3P
9989,860,RUNX2
9660,8600,TNFSF11
10182,8601,RGS20
1370,8602,NOP14
11141,8603,FAM193A
7399,8604,SLC25A12
972,8605,PLA2G4C
15898,8607,RUVBL1
15816,8608,RDH16
10923,8609,KLF7
1625,861,RUNX1
14985,8611,PPAP2A
17846,86123,YWHAZP5
11060,8613,PPAP2B
9081,8615,USO1
1734,8618,CADPS
1824,862,RUNX1T1
15546,8620,NPFF
73,8621,CDK13
1768,8622,PDE8B
10878,8623,ASMTL
13080,8625,RFXANK
3510,8626,TP63
15178,8629,JRK
1564,863,CBFA2T3
13401,8630,HSD17B6
4215,8631,SKAP1
4494,8632,DNAH17
2650,8633,UNC5C
288,8634,RTCA
18173,8636,SSNA1
17729,8638,OASL
11655,8639,AOC3
13146,864,RUNX3
3027,8641,PCDHGB4
6511,8642,DCHS1
5643,8643,PTCH2
17042,8645,KCNK5
6679,8646,CHRD
1720,8647,ABCB11
3662,8648,NCOA1
10243,8650,NUMB
12338,8651,SOCS1
16918,8653,DDX3Y
13238,8654,PDE5A
2816,8655,DYNLL1
8277,8658,TNKS
17221,8659,ALDH4A1
7549,866,SERPINA6
792,8660,IRS2
10050,8661,EIF3A
4393,8662,EIF3B
3859,8663,EIF3C
12817,8664,EIF3D
6219,8665,EIF3F
15561,8667,EIF3H
6824,8668,EIF3I
9681,8669,EIF3J
6627,867,CBL
6907,8671,SLC4A4
7657,8672,EIF4G3
7390,8674,VAMP4
10551,8675,STX16
18338,8676,STX11
11884,8677,STX10
17322,8678,BECN1
192,868,CBLB
14477,8681,JMJD7-PLA2G4B
6058,8682,PEA15
4453,8683,SRSF9
3845,8685,MARCO
16871,8686,KRT41P
3620,8687,KRT38
12251,8688,KRT37
3610,869,CBLN1
9318,8690,JRKL
11719,8694,DGAT1
14817,8698,S1PR4
1887,87,ACTN1
1794,8701,DNAH11
13282,8702,B4GALT4
16726,8704,B4GALT2
17964,8705,B3GALT4
2128,8706,B3GALNT1
3236,8707,B3GALT2
1719,8708,B3GALT1
17100,871,SERPINH1
4231,8710,SERPINB7
11878,8711,TNK1
6506,8712,PAGE1
1575,8714,ABCC3
2381,8715,NOL4
12354,87178,PNPT1
11957,8718,TNFRSF25
12892,8720,MBTPS1
8040,8722,CTSF
10294,8725,URI1
6725,8726,EED
3294,8728,ADAM19
5937,8729,GBF1
12111,8731,RNMT
6925,8732,RNGTT
883,8735,MYH13
8770,8736,MYOM1
8933,8737,RIPK1
13614,8740,TNFSF14
11912,8743,TNFSF10
8788,8744,TNFSF9
6382,8745,ADAM23
7195,8747,ADAM21
8573,8749,ADAM18
14853,875,CBS
14945,8751,ADAM15
6423,8754,ADAM9
16574,8755,ADAM6
586,8756,ADAM7
1004,8760,CDS2
6825,8761,PABPC4
5905,8763,CD164
12561,8764,TNFRSF14
1447,8767,RIPK2
17779,8771,TNFRSF6B
9787,8775,NAPA
2027,8776,MTMR1
15196,87769,GGACT
610,8777,MPDZ
3814,8778,SIGLEC5
7277,8785,MATN4
9692,8786,RGS11
4962,8787,RGS9
13049,8788,DLK1
3564,8789,FBP2
8366,8790,FPGT
14924,8792,TNFRSF11A
12232,8793,TNFRSF10D
17977,8794,TNFRSF10C
14918,8795,TNFRSF10B
17347,8796,SCEL
14285,8797,TNFRSF10A
9647,8798,DYRK4
323,88,ACTN2
16082,8801,SUCLG2
6525,8802,SUCLG1
2823,8803,SUCLA2
6420,8805,TRIM24
2977,8807,IL18RAP
5671,8808,IL1RL2
3493,8809,IL18R1
617,881,CCIN
8764,8811,GALR2
2836,8812,CCNK
7145,8813,DPM1
8176,8814,CDKL1
121,8816,DCAF5
16154,8818,DPM2
4608,8820,HESX1
1207,8821,INPP4B
240,8824,CES2
15627,8825,LIN7A
6749,8826,IQGAP1
8431,8828,NRP2
6960,8829,NRP1
9037,8831,SYNGAP1
7672,8832,CD84
2995,8833,GMPS
11493,8835,SOCS2
6785,8837,CFLAR
4384,8838,WISP3
7828,8839,WISP2
15011,8840,WISP1
12634,8841,HDAC3
4620,8842,PROM1
4690,8843,HCAR3
887,8844,KSR1
7780,88455,ANKRD13A
12525,8846,ALKBH1
6230,8848,TSC22D1
11681,885,CCK
2110,8850,KAT2B
16433,8851,CDK5R1
3643,8852,AKAP4
20,8853,ASAP2
8990,8854,ALDH1A2
13283,8856,NR1I2
5363,8857,FCGBP
7617,8858,PROZ
4638,8859,STK19
2138,886,CCKAR
3575,8861,LDB1
17177,8862,APLN
5415,8863,PER3
4600,8864,PER2
7279,8867,SYNJ1
14959,8869,ST3GAL5
3354,887,CCKBR
3052,8871,SYNJ2
17069,8872,CDC123
7783,8874,ARHGEF7
3050,8875,VNN2
4390,8876,VNN1
1777,8878,SQSTM1
14515,8879,SGPL1
1958,8880,FUBP1
17168,8881,CDC16
10735,8883,NAE1
1316,8884,SLC5A6
9441,8886,DDX18
1628,8888,MCM3AP
3551,889,KRIT1
10479,8890,EIF2B4
13331,8892,EIF2B2
10485,8893,EIF2B5
5144,8894,EIF2S2
1446,8895,CPNE3
2203,8896,BUD31
1056,8897,MTMR3
15037,8898,MTMR2
13580,89,ACTN3
8483,890,CCNA2
15303,8900,CCNA1
8147,8904,CPNE1
5264,8905,AP1S2
4457,8906,AP1G2
8125,8907,AP1M1
6125,8909,ENDOU
10768,891,CCNB1
1214,8910,SGCE
1261,8911,CACNA1I
9696,8912,CACNA1H
17501,89122,TRIM4
1913,8913,CACNA1G
12731,8914,TIMELESS
9257,8916,HERC3
3710,892,CCNC
827,8924,HERC2
2554,8925,HERC1
6849,8926,SNURF
9153,8927,BSN
15885,8928,FOXH1
17578,8929,PHOX2B
7301,8930,MBD4
16208,8933,FAM127A
4013,8936,WASF1
8728,8938,BAIAP3
4075,8939,FUBP3
1494,894,CCND2
5009,8940,TOP3B
11985,8941,CDK5R2
4589,8942,KYNU
4235,8943,AP3D1
11222,8945,BTRC
1139,896,CCND3
8516,8968,HIST1H3F
8519,8969,HIST1H2AG
12022,8970,HIST1H2BJ
79,8972,MGAM
3331,8973,CHRNA6
9474,8975,USP13
6417,8976,WASL
12549,89761,NUFIP1P
1626,89765,RSPH1
5492,89766,UMODL1
7048,89777,SERPINB12
8122,89778,SERPINB11
6876,89780,WNT3A
17085,89781,HPS4
3269,89782,LMLN
2414,89790,SIGLEC10
8644,89792,GAL3ST3
3128,89795,NAV3
315,89796,NAV1
8962,89797,NAV2
247,898,CCNE1
10785,89801,PPP1R3F
9039,89822,KCNK17
16950,89839,ARHGAP11B
12500,89845,ABCC10
16450,89846,FGD3
12014,89848,FCHSD1
11805,89849,ATG16L2
16790,8985,PLOD3
15887,89853,MVB12B
9034,89857,KLHL6
984,89858,SIGLEC12
2280,8986,RPS6KA4
1294,89866,SEC16B
733,89869,PLCZ1
15785,89870,TRIM15
11966,89872,AQP10
2322,89874,SLC25A21
11126,89876,MAATS1
16771,8988,HSPB3
607,89882,TPD52L3
9571,89883,OR6W1P
13795,89884,LHX4
18162,89885,FATE1
10742,89887,ZNF628
1821,8989,TRPA1
3134,89890,KBTBD6
12404,89894,TMEM116
4940,899,CCNF
8895,8991,SELENBP1
9655,89910,UBE3B
5895,8992,ATP6V0E1
4194,89927,C16ORF45
969,8993,PGLYRP1
10083,89932,PAPLN
850,89941,RHOT2
4135,89944,GLB1L2
11310,8996,NOL3
3508,8997,KALRN
15070,89970,RSPRY1
830,89978,DPH6
5320,8999,CDKL2
11717,9,NAT1
6376,90,ACVR1
13746,90007,MIDN
2861,9001,HAP1
3185,90011,KIR3DX1
7089,90019,SYT8
12862,9002,F2RL3
8937,90025,UBE3D
12176,90050,FAM181A
1640,90060,CCDC120
750,90070,LACRT
6003,90075,ZNF30
17378,901,CCNG2
2498,90102,PHLDB2
12619,90113,VWA5B2
11437,90121,TSR2
9236,9013,TAF1C
11631,90133,KRT8P12
2093,90134,KCNH7
17739,90135,BTBD6
2267,90139,TSPAN18
11815,9014,TAF1B
1237,90141,EFCAB11
1300,9015,TAF1A
1180,9016,SLC25A14
11594,90161,HS6ST2
10462,90167,FRMD7
8824,90187,EMILIN3
14460,9019,MPZL1
900,9020,MAP3K14
14881,90204,ZSWIM1
17066,9022,CLIC3
5870,90226,UCN2
17988,9023,CH25H
3869,90231,KIAA2013
5179,90233,ZNF551
16678,9024,BRSK2
9519,90249,UNC5A
15227,9025,RNF8
10068,9026,HIP1R
14690,9027,NAT8
9016,90273,CEACAM21
10101,9028,RHBDL1
7914,90288,EFCAB12
8341,90293,KLHL13
4397,9031,BAZ1B
13459,90313,TP53I13
8859,90316,TGIF2LX
16936,90317,ZNF616
11318,9032,TM4SF5
15805,90324,CCDC97
17351,90326,THAP3
6968,9033,PKD2L1
968,90332,EXOC3L2
7823,90333,ZNF468
7642,90338,ZNF160
32,9034,CCRL2
8417,90342,FER1L5
1208,90355,C5ORF30
12042,90362,FAM110B
5586,9037,SEMA5A
15803,90379,DCAF15
531,9038,TAAR5
8725,90381,TICRR
16442,9039,UBA3
6836,90390,MED30
13324,904,CCNT1
6769,9040,UBE2M
17837,90411,MCFD2
11652,90416,CCDC32
7343,90417,KNSTRN
2518,9043,SPAG9
3347,9044,BTAF1
15745,9045,RPL14
16639,9046,DOK2
11621,9047,SH2D2A
13786,9048,ARTN
997,90485,ZNF835
12716,9049,AIP
5813,9050,PSTPIP2
12254,90506,LRRC46
9003,90507,SCRN2
16457,9051,PSTPIP1
2291,9052,GPRC5A
12410,90522,YIF1B
8269,90523,MLIP
8079,90527,DUOXA1
18053,90529,STPG1
13537,9053,MAP7
4259,9054,NFS1
5984,9055,PRC1
8422,90557,CCDC74A
6176,9056,SLC7A7
14153,90576,ZNF799
13409,9058,SLC13A2
13461,90586,AOC4P
9762,90589,ZNF625
4975,90592,ZNF700
14317,90594,ZNF439
12874,9060,PAPSS2
17842,9061,PAPSS1
17183,90624,LYRM7
4916,90627,STARD13
16344,9063,PIAS2
14046,90632,LINC00473
8064,90634,N4BP2L1
12896,9064,MAP3K6
8880,90649,ZNF486
16385,90655,TGIF2LY
6984,9066,SYT7
16917,90665,TBL1Y
10852,90668,LRRC16B
17103,90673,PPP1R3E
16811,90678,LRSAM1
7568,9068,ANGPTL1
4399,9069,CLDN12
5719,90693,CCDC126
14590,9070,ASH2L
3171,90701,SEC11C
10429,9071,CLDN10
10744,9073,CLDN8
6507,90737,PAGE5
16566,9075,CLDN2
9405,9077,DIRAS3
3654,90780,PYGO2
1745,9079,LDB2
16876,90799,CEP95
74,908,CCT6A
17616,9080,CLDN9
4323,90806,ANGEL2
75,90827,ZNF479
17921,90835,C16ORF93
852,90850,ZNF598
7660,90853,SPOCD1
14623,90861,HN1L
12880,90864,SPSB3
4755,90874,ZNF697
14795,9088,PKMYT1
5651,909,CD1A
12374,9091,PIGQ
702,9092,SART1
236,9093,DNAJA3
14720,90933,TRIM41
18488,9095,TBX19
17021,90952,ESAM
6554,90956,ADCK2
7573,90957,DHX57
3046,9096,TBX18
11663,9097,USP14
5548,9098,USP6
3373,9099,USP2
6950,90990,KIFC2
6567,90993,CREB3L1
6730,91,ACVR1B
2588,910,CD1B
11315,9100,USP10
5980,9101,USP8
5615,91010,FMNL3
8975,91012,CERS5
7438,91039,DPP9
16675,9104,RGN
9485,91050,CCDC149
701,91056,AP5B1
14086,91057,CCDC34
10764,9107,MTMR6
5930,91074,ANKRD30A
7542,9108,MTMR7
7865,911,CD1C
7629,9110,MTMR4
12443,91107,TRIM47
14874,9112,MTA1
3307,9113,LATS1
1919,91133,L3MBTL4
15159,91137,SLC25A46
2352,9114,ATP6V0D1
13171,91147,TMEM67
11298,91151,TIGD7
2062,91156,IGFN1
12542,91179,SCARF2
14758,9118,INA
7862,91181,NUP210L
745,9119,KRT75
7864,912,CD1D
6760,9120,SLC16A6
6761,9121,SLC16A5
16375,91219,ABHD17AP5
7856,9122,SLC16A4
10502,91227,GGTLC2
13568,9124,PDLIM1
11412,9125,RQCD1
14359,9126,SMC3
9240,9127,P2RX6
11530,91272,BOD1
8951,9128,PRPF4
15326,91283,MSANTD3
5649,9129,PRPF3
5531,91298,C12ORF29
4759,913,CD1E
17280,9130,FAM50A
2459,9131,AIFM1
16974,91316,GUSBP11
15908,91319,DERL3
6183,9132,KCNQ4
5981,9133,CCNB2
16547,9135,RABEP1
2655,91351,DDX60L
189,9136,RRP9
15018,91373,UAP1L1
6151,9138,ARHGEF1
9462,91392,ZNF502
5840,914,CD2
3255,91404,SESTD1
15332,91408,BTF3L4
3923,91409,CCDC74B
5292,91419,XRCC6BP1
10543,9143,SYNGR3
9176,9144,SYNGR2
17137,91442,C19ORF40
8153,91445,RNF185
7446,9145,SYNGR1
17145,91452,ACBD5
13424,9146,HGS
14551,91461,PKDCC
8845,91464,ISX
17551,9147,NEMF
15461,9148,NEURL1
2402,9149,DYRK1B
7359,9150,CTDP1
676,9152,SLC6A5
198,91522,COL23A1
4141,91523,PCED1B
5672,91526,ANKRD44
834,9153,SLC28A2
8724,9154,SLC28A1
7878,91543,RSAD2
1956,91544,UBXN11
4324,9156,EXO1
7337,91574,C12ORF65
8211,9158,FIBP
2707,91584,PLXNA4
6357,9159,PCSK7
11324,91603,ZNF830
9729,91607,SLFN11
17218,91608,RASL10B
6464,91612,CHURC1
12067,91614,DEPDC7
567,9162,DGKI
3473,91624,NEXN
4505,91646,TDRD12
6894,91653,BOC
16798,9166,EBAG9
4248,91661,ZNF765
989,91662,NLRP12
7202,91663,MYADM
6156,91664,ZNF845
4126,91683,SYT12
305,91687,CENPL
15117,91689,SMDT1
12077,9169,SCAF11
7990,91694,LONRF1
714,917,CD3G
17451,9170,LPAR2
16305,91703,ACY3
2216,9172,MYOM2
6372,9173,IL1RL1
1750,91746,YTHDC1
5401,91748,ELMSAN1
17621,91749,KIAA1919
9965,9175,MAP3K13
4462,91750,LIN52
2096,91752,ZNF804A
1524,91754,NEK9
7812,91768,CABLES1
9642,9177,HTR3B
3680,91775,NXPE3
10528,91782,CHMP7
7981,9179,AP4M1
12394,9180,OSMR
13665,91801,ALKBH8
2850,91807,MYLK3
7671,9181,ARHGEF2
7336,9182,RASSF9
818,91828,EXOC3L4
6291,9183,ZW10
9370,91833,WDR20
6173,9184,BUB3
12544,9185,REPS2
8166,91851,CHRDL1
9373,91860,CALML4
12305,91862,MARVELD3
16844,91875,TTC5
17507,9188,DDX21
6316,9189,ZBED1
15621,91893,FDXACB1
16162,91894,C11ORF52
9062,919,CD247
13793,9191,DEDD
5203,91937,TIMD4
8299,9194,SLC16A7
5391,91942,NDUFAF2
10900,91948,LINC00923
14239,91949,COG7
8748,9196,KCNAB3
11380,91966,EOLA1
14268,9197,SLC33A1
15812,91975,ZNF300
14260,92,ACVR2A
14290,9200,PTPLA
6797,92002,FAM58A
6338,9201,DCLK1
10901,92017,SNX29
4311,9202,ZMYM4
12548,9203,ZMYM3
13971,9204,ZMYM6
17585,9205,ZMYM5
6384,9208,LRRFIP1
7066,92086,GGTLC1
5022,9209,LRRFIP2
12546,9210,BMP15
17866,92104,TTC30A
1489,92105,INTS4
5512,92106,OXNAD1
12697,9211,LGI1
9722,9212,AURKB
9748,92126,DSEL
8163,92129,RIPPLY1
307,9213,XPR1
7392,9214,FAIM3
15857,92140,MTDH
6020,9215,LARGE
7513,92154,MTSS1L
14648,9217,VAPB
10307,9218,VAPA
695,9219,MTA2
3253,92196,DAPL1
2587,922,CD5L
4095,9221,NOLC1
4089,92211,CDHR1
6076,9223,MAGI1
3484,92235,DUSP27
9420,92241,RCSD1
15594,92255,LMBRD2
5282,92259,MRPS36
14988,92270,ATP6AP1L
581,9228,DLGAP2
4242,92283,ZNF461
10134,92285,ZNF585B
139,9229,DLGAP1
8407,92291,CAPN13
4675,92292,GLYATL1
5966,92293,TMEM132C
13882,923,CD6
14484,9230,RAB11B
10216,92305,TMEM129
11219,9231,DLG5
11453,92312,MEX3A
17862,9232,PTTG1
13929,92335,STRADA
9911,92342,METTL18
10395,92344,GORAB
4626,92345,NAF1
14820,92359,CRB3
10960,9236,CCPG1
10767,92369,SPSB4
6701,9238,TBRG4
1841,92399,MRRF
18229,924,CD7
17269,9240,PNMA1
15427,9241,NOG
6424,9242,MSC
10018,92421,CHMP4C
10131,9244,CRLF1
3365,9246,UBE2L6
12021,9247,GCM2
5831,9248,GPR50
9683,92483,LDHAL6B
3871,9249,DHRS3
13654,925,CD8A
7256,9252,RPS6KA5
5627,92521,SPECC1
11550,9253,NUMBL
10212,9254,CACNA2D2
1755,9255,AIMP1
15740,92552,ATXN3L
7615,92558,CCDC64
3420,9256,BZRAP1
1222,92565,FANK1
8109,92579,G6PC3
9162,9258,MFHAS1
11512,92591,ASB16
13916,92595,ZNF764
7134,92597,MOB1B
7395,926,CD8B
11699,9260,PDLIM7
6803,9261,MAPKAPK2
16143,9262,STK17B
16074,9265,CYTH3
7639,9266,CYTH2
12557,92667,MGME1
14146,9267,CYTH1
16898,92675,DTD1
1747,92689,FAM114A1
9343,92691,TMEM169
15139,92703,TMEM183A
113,9271,PIWIL1
17468,92714,ARRDC1
1990,92715,DPH7
4723,92736,OTOP2
12356,92737,DNER
13738,9274,BCL7C
14504,92747,BPIFB1
16998,92749,DRC1
13860,92755,TUBBP1
13284,9276,COPB2
9531,9277,WDR46
16579,9278,ZBTB22
7166,92797,HELB
1595,92799,SHKBP1
1156,928,CD9
14501,92806,CENPBD1
8900,92815,HIST3H2A
1638,9282,MED14
2358,92822,ZNF276
4941,9284,NPIPA1
359,92856,IMP4
17969,9287,TAAR2
868,9289,GPR56
11110,9290,GPR55
17942,92906,HNRNPLL
1542,92912,UBE2Q2
5546,92922,CCDC102A
9423,9293,GPR52
940,9294,S1PR2
2224,92949,ADAMTSL1
9293,9295,SRSF11
8559,9296,ATP6V1F
15738,92960,PEX11G
18132,9297,SNORD29
12520,92979,MARCH9
391,92999,ZBTB47
6388,93,ACVR2B
4943,930,CD19
331,93034,NT5C1B
2729,93035,PKHD1L1
15516,93058,COQ10A
8781,9306,SOCS6
12869,9308,CD83
13901,93081,TEX30
4980,93099,DMKN
5476,931,MS4A1
6152,9310,ZNF235
1563,93107,KCNG4
10999,93109,TMEM44
6834,9311,ASIC3
9578,9312,KCNB2
17750,93129,ORAI3
13889,9313,MMP20
13866,9314,KLF4
9328,93145,OLFM2
17536,93164,HTR7P1
8498,93166,PRDM6
4079,9317,PTER
11931,9318,COPS2
7097,93185,IGSF8
460,9319,TRIP13
4122,932,MS4A3
1202,9320,TRIP12
6341,9321,TRIP11
17766,93210,PGAP3
973,93233,CCDC114
6409,9324,HMGN3
8720,9325,TRIP4
9001,9326,ZNHIT3
11723,9328,GTF3C5
17020,9329,GTF3C4
10444,933,CD22
4593,9330,GTF3C3
8119,9331,B4GALT6
8051,9332,CD163
17349,93323,HAUS8
6238,9333,TGM5
12131,9334,B4GALT5
9128,93343,MVB12A
381,93349,SP140L
9518,9337,CNOT8
5747,93377,OPALIN
14324,93380,MMGT1
7352,9340,GLP2R
555,93408,MYL10
9230,93426,SYCE1
4489,9343,EFTUD2
14850,93436,ARMC6
4302,9344,TAOK2
8400,93474,ZNF670
6392,9348,NDST3
16322,93487,MAPK1IP1L
5297,9349,RPL23
4558,93492,TPTE2
6951,9350,CER1
18486,9351,SLC9A3R2
8098,93517,SDR42E1
17521,9352,TXNL1
6901,9353,SLIT2
6573,9354,UBE4A
16294,9355,LHX2
4852,93550,ZFAND4
10165,93556,EGFEM1P
698,9356,SLC22A6
1519,9358,ITGBL1
1868,93589,CACNA2D4
6947,93594,TBC1D31
7225,9360,PPIG
6460,9362,CPNE6
8918,93624,TADA2B
7535,93627,TBCK
1090,9363,RAB33A
8473,9364,RAB28
12025,93643,TJAP1
10860,93649,MYOCD
8300,9365,KL
7365,93650,ACPT
15093,93659,CGB5
14389,93663,ARHGAP18
3059,93664,CADPS2
10747,9367,RAB9A
10628,9368,SLC9A3R1
2831,9369,NRXN3
14020,9370,ADIPOQ
3817,9371,KIF3B
1275,9372,ZFYVE9
8006,9373,PLAA
4005,9374,PPT2
10072,9375,TM9SF2
8639,9376,SLC22A8
341,9378,NRXN1
4124,9379,NRXN2
3340,9380,GRHPR
334,9381,OTOF
16946,9382,COG1
14011,9389,SLC22A14
4603,9390,SLC22A13
10555,9392,TGFBRAP1
1330,9394,HS6ST1
9386,93953,ACRC
13872,9397,NMT2
16147,93973,ACTR8
6419,93979,CPA5
7456,9398,CD101
8556,93986,FOXP2
9685,9399,STOML1
8673,94,ACVRL1
16749,940,CD28
14145,9400,RECQL5
17764,94005,PIGS
16601,94009,SERHL
11542,9401,RECQL4
11615,94015,TTYH2
7558,9402,GRAP2
937,94025,MUC16
7952,94026,POM121L2
17149,94027,CGB7
10971,94030,LRRC4B
9481,94031,HTRA3
6914,94033,FTMT
5475,9404,LPXN
4532,94056,SYAP1
12262,94059,LENG9
1681,9406,ZRANB2
3972,9407,TMPRSS11D
15251,94081,SFXN1
6441,9409,PEX16
8413,94097,SFXN5
11125,941,CD80
13678,9410,SNRNP40
5458,94101,ORMDL1
6348,94103,ORMDL3
4530,94104,PAXBP1
8611,94107,TMEM203
9407,9411,ARHGAP29
2886,94115,CGB8
15963,9412,MED21
11604,94120,SYTL3
14197,94121,SYTL4
13101,94122,SYTL5
11203,9413,FAM189A2
5339,94134,ARHGAP12
583,94137,RP1L1
7414,9414,TJP2
4430,9415,FADS2
2859,94158,CDRT15P1
14103,9416,DDX23
4199,94160,ABCC12
15729,94161,SNORD46
7699,942,CD86
6328,9420,CYP7B1
8928,9421,HAND1
1000,9422,ZNF264
15230,9423,NTN1
6564,94233,OPN4
11552,94235,GNG8
5597,94239,H2AFV
8128,9424,KCNK6
7467,94240,EPSTI1
15794,94241,TP53INP1
10565,9425,CDYL
7085,9427,ECEL1
11148,9429,ABCG2
12563,943,TNFRSF8
11121,9430,MYLKP1
2531,9431,OR7E22P
9078,9432,OR7E21P
2126,9435,CHST2
12973,9436,NCR2
15329,9437,NCR1
6412,9439,MED23
4435,9440,MED17
17346,9442,MED27
6542,9443,MED7
8534,9444,QKI
13009,9446,GSTO1
13485,9447,AIM2
6371,9448,MAP4K4
980,945,CD33
2678,9450,LY86
2621,9451,EIF2AK3
1082,9452,ITM2A
11081,9453,GGPS1
9329,9454,HOMER3
15998,9455,HOMER2
13524,9456,HOMER1
6926,9457,FHL5
16119,9459,ARHGEF6
2887,946,SIGLEC6
306,9462,RASAL2
5637,9463,PICK1
10410,9464,HAND2
17136,9466,IL27RA
7582,9467,SH3BP5
14673,9468,PCYT1B
2474,9469,CHST3
10584,947,CD34
14967,9470,EIF4E2
799,9472,AKAP6
8530,9474,ATG5
13234,9475,ROCK2
17377,9476,NAPSA
17050,9477,MED20
11595,9478,CABP1
10936,948,CD36
7047,9480,ONECUT2
8526,9481,SLC25A27
9723,9482,STX8
12595,9486,CHST10
13603,9487,PIGL
17514,9488,PIGB
7041,9489,PGS1
15195,949,SCARB1
17821,9493,KIF23
10955,9495,AKAP5
8111,9496,TBX4
8446,9497,SLC4A7
4898,9498,SLC4A8
16523,95,ACY1
6319,950,SCARB2
14908,9500,MAGED1
13270,9507,ADAMTS4
1752,9508,ADAMTS3
7238,9509,ADAMTS2
1600,951,CD37
11891,9510,ADAMTS1
7211,9512,PMPCB
3860,9513,FXR2
6530,9515,STXBP5L
13258,9516,LITAF
232,9517,SPTLC2
17402,9518,GDF15
11478,9519,TBPL1
11997,952,CD38
4490,9520,NPEPPS
16410,9521,EEF1E1
5283,9522,SCAMP1
17275,9524,TECR
9177,9525,VPS4B
16516,9526,MPDU1
10352,9527,GOSR1
16416,9529,BAG5
14756,953,ENTPD1
14286,9530,BAG4
15806,9531,BAG3
4640,9532,BAG2
5061,9533,POLR1C
951,9534,ZNF254
14661,9537,TP53I11
13893,9538,EI24
7327,954,ENTPD2
11085,9540,TP53I3
4592,9541,CIR1
3524,9542,NRG2
15065,9543,IGDCC3
16134,9545,RAB3D
15208,9546,APBA3
12461,9550,ATP6V1G1
16277,9551,ATP5J2
13922,9552,SPAG7
6649,9554,SEC22B
9981,9555,H2AFY
5503,9557,CHD1L
10044,9562,MINPP1
6165,9563,H6PD
10436,9564,BCAR1
8848,9567,GTPBP1
4068,9568,GABBR2
12992,95681,CEP41
1801,9569,GTF2IRD1
3599,957,ENTPD5
12253,9570,GOSR2
15934,9572,NR1D1
8052,9573,GDF3
5281,9575,CLOCK
637,9576,SPAG6
23,9577,BRE
16512,9578,CDC42BPB
8828,958,CD40
14549,9580,SOX13
14552,9581,PREPL
8340,9582,APOBEC3B
5917,9583,ENTPD4
13358,9584,RBM39
4857,9585,KIF20B
3547,9586,CREB5
2463,9588,PRDX6
11709,9589,WTAP
17087,959,CD40LG
12326,9590,AKAP12
16403,9592,IER2
6375,9595,CYTIP
4111,960,CD44
10847,9600,PITPNM1
7736,9601,PDIA4
7242,9603,NFE2L3
10675,9605,VPS9D1
13522,9607,CARTPT
10206,9609,RAB36
11124,961,CD47
10724,9610,RIN1
10676,9611,NCOR1
4909,9612,NCOR2
2743,9615,GDA
5279,9616,RNF7
15397,9617,MTRF1
8317,9618,TRAF4
11797,9619,ABCG1
3481,962,CD48
162,9620,CELSR1
16362,9622,KLK4
14703,9626,GUCA1C
7947,9627,SNCAIP
807,9628,RGS6
11833,9629,CLCA3P
16290,9630,GNA14
9501,9631,NUP155
16617,9632,SEC24C
2282,9633,MTL5
7381,9635,CLCA2
15492,9637,FEZ2
3584,9638,FEZ1
6943,9639,ARHGEF10
7469,9640,ZNF592
5658,9641,IKBKE
4097,9644,SH3PXD2A
12367,9645,MICAL2
9512,96459,FNIP1
11227,9646,CTR9
2904,9647,PPM1F
17357,9648,GCC2
12171,9649,RALGPS1
12858,9650,MTFR1
268,9651,PLCH2
11387,9652,TTC37
14837,9653,HS2ST1
6617,9654,TTLL4
13689,9655,SOCS5
6692,9656,MDC1
4343,9657,IQCB1
6478,9658,ZNF516
5276,9659,PDE4DIP
5344,966,CD59
5382,96610,BMS1P20
3274,9662,CEP135
12783,9663,LPIN2
1549,9665,KIAA0430
33,9666,DZIP3
9758,9667,SAFB2
2415,9668,ZNF432
13122,9669,EIF5B
2035,9670,IPO13
768,9671,WSCD2
7385,9673,SLC25A44
11071,9674,KIAA0040
9802,9675,TTI1
11417,96764,TGS1
4936,9677,PPIP5K1
5333,9678,PHF14
10533,9679,FAM53B
1058,9681,DEPDC5
12897,9682,KDM4A
8314,9683,N4BP1
11201,9684,LRRC14
16614,9685,CLINT1
16920,9686,VGLL4
4767,9687,GREB1
14666,9688,NUP93
6123,969,CD69
4648,9690,UBE3C
15631,9692,KIAA0391
4361,9693,RAPGEF2
8584,9694,EMC2
6890,9695,EDEM1
1185,9696,CROCC
7959,9697,TRAM2
5642,9698,PUM1
599,9699,RIMS2
14105,9700,ESPL1
14354,9701,PPP6R2
8654,9702,CEP57
4482,9703,KIAA0100
5176,9704,DHX34
9577,9705,ST18
5092,9706,ULK2
3527,9708,PCDHGA8
8179,9709,HERPUD1
5471,971,CD72
4979,9710,KIAA0355
10215,9711,KIAA0226
7752,9712,USP6NL
2715,9715,FAM131B
1529,9716,AQR
14128,9717,SEC14L5
11139,9718,ECE2
15181,9719,ADAMTSL2
4710,9720,CCDC144A
4853,9721,GPRIN2
3232,9722,NOS1AP
3057,9723,SEMA3E
11495,9724,UTP14C
9917,9725,TMEM63A
11305,9726,ZNF646
15067,9727,RAB11FIP3
3403,9728,SECISBP2L
1421,9729,KIAA0408
18556,973,CD79A
13124,9730,VPRBP
270,9731,CEP104
1433,9732,DOCK4
3380,9733,SART3
1792,9734,HDAC9
1508,9735,KNTC1
4771,9736,USP34
11376,9737,GPRASP1
11302,9738,CCP110
1555,9739,SETD1A
11596,974,CD79B
332,9741,LAPTM4A
4193,9742,IFT140
720,9743,ARHGAP32
17760,9744,ACAP1
1591,9745,ZNF536
1496,9746,CLSTN3
5728,9747,FAM115A
9105,9748,SLK
6698,9749,PHACTR2
7604,975,CD81
8514,9750,FAM65B
12288,9750,RIPOR2
1608,9751,SNPH
2166,9752,PCDHA9
16778,9753,ZSCAN12
8855,9754,STARD8
1912,9755,TBKBP1
4506,9757,KMT2B
1945,9758,FRMPD4
1347,9759,HDAC4
7999,9760,TOX
16434,9762,LZTS3
6686,9765,ZFYVE16
12140,9767,JADE3
14305,9768,KIAA0101
17873,977,CD151
15215,9770,RASSF2
9998,9771,RAPGEF5
7811,9772,KIAA0195
11180,9774,BCLAF1
14809,9775,EIF4A3
5127,9776,ATG13
4998,9777,TM9SF4
15916,9778,KIAA0232
9459,9779,TBC1D5
9397,978,CDA
10349,9780,PIEZO1
19,9781,RNF144A
9306,9782,MATR3
11808,9785,DHX38
4459,9786,KIAA0586
14615,9787,DLGAP5
14529,9788,MTSS1
10850,9789,SPCS2
8618,9790,BMS1
1986,9791,PTDSS1
17491,9792,SERTAD2
3357,9793,CKAP5
8932,9794,MAML1
12931,9797,TATDN2
11395,9798,IST1
6366,98,ACYP2
8414,9801,MRPL19
12646,9805,SCRN1
7329,9806,SPOCK2
12871,9808,KIAA0087
6302,9810,RNF40
10801,9811,CTIF
3995,9812,KIAA0141
17282,9813,EFCAB14
2442,9814,SFI1
5772,9815,GIT2
1304,9816,URB2
1252,9817,KEAP1
1160,9818,NUPL1
8914,9819,TSC22D2
15164,9820,CUL7
8202,9821,RB1CC1
4283,9823,ARMCX2
11500,9824,ARHGAP11A
4757,9826,ARHGEF11
16544,9827,RGP1
4880,9828,ARHGEF17
10982,9829,DNAJC6
11606,983,CDK1
11483,9830,TRIM14
10026,9831,ZNF623
11566,9832,JAKMIP2
1833,9833,MELK
7786,9834,KIAA0125
8987,9836,LCMT2
13938,9837,GINS1
27,9839,ZEB2
3469,984,CDK11B
4682,9840,TESPA1
17036,9842,PLEKHM1
2453,9843,HEPH
204,9844,ELMO1
14381,9846,GAB2
2295,9847,C2CD5
2154,9848,MFAP3L
2247,9849,ZNF518A
1905,9851,KIAA0753
16635,9852,EPM2AIP1
13312,9853,RUSC2
14099,9854,C2CD2L
11113,9855,FARP2
506,9856,KIAA0319
1961,9857,CEP350
8610,9858,PPP1R26
2609,9859,CEP170
8186,9860,LRIG2
13928,9862,MED24
4030,9863,MAGI2
17056,9865,TRIL
17462,9866,TRIM66
16072,9867,PJA2
12286,9868,TOMM70A
3896,9869,SETDB1
453,987,LRBA
3394,9870,AREL1
13518,9871,SEC24D
17070,9873,FCHSD2
14004,9874,TLK1
10876,9875,URB1
6062,9877,ZC3H11A
10431,9878,TOX4
9513,9879,DDX46
8935,988,CDC5L
6448,9880,ZBTB39
6386,9881,TRANK1
10897,9882,TBC1D4
6624,9883,POM121
3801,9884,LRRC37A
11811,9885,OSBPL2
12197,9886,RHOBTB1
11073,9887,SMG7
11366,9889,ZBED4
3717,989,SEPT7
11266,9891,NUAK1
1784,9892,SNAP91
7431,9894,TELO2
5441,9895,TECPR2
12976,9896,FIG4
17504,9897,KIAA0196
1286,9898,UBAP2L
10098,9899,SV2B
18016,990,CDC6
7860,9900,SV2A
7905,9901,SRGAP3
9738,9902,MRC2
3770,9904,RBM19
5797,9905,SGSM2
15571,9906,SLC35E2
5332,9907,AP5Z1
15990,9908,G3BP2
178,9909,DENND4B
9402,991,CDC20
3842,9910,RABGAP1L
6362,9911,TMCC2
4207,9912,ARHGAP44
8100,9914,ATP2C2
8083,9915,ARNT2
12909,9917,FAM20B
6225,9918,NCAPD2
7326,9919,SEC16A
12664,9920,KBTBD11
2307,9921,RNF10
9846,9922,IQSEC1
2570,9923,ZBTB40
14300,9924,PAN2
8946,9925,ZBTB5
13489,9926,LPGAT1
3648,9927,MFN2
6259,9928,KIF14
245,9931,HELZ
6315,9935,MAFB
5076,9937,DCLRE1A
342,9938,ARHGAP25
1283,9939,RBM8A
7441,994,CDC25B
6387,9940,DLEC1
16954,9941,EXOG
15146,9942,XYLB
3259,9943,OXSR1
15813,9945,GFPT2
2918,9947,MAGEC1
2135,9948,WDR1
7492,9949,AMMECR1
9514,995,CDC25C
14786,9950,GOLGA5
7432,9951,HS3ST4
12377,9953,HS3ST3B1
13060,9955,HS3ST3A1
6750,9956,HS3ST2
10217,9957,HS3ST1
13029,9958,USP15
3803,996,CDC27
14127,9960,USP3
15473,9961,MVP
4734,9962,SLC23A2
13527,9963,SLC23A1
8647,9965,FGF19
11055,9967,THRAP3
12547,9968,MED12
1249,9969,MED13
17634,9970,NR1I3
12734,9971,NR1H4
505,9972,NUP153
17791,9975,NR1D2
6993,9976,CLEC2B
17627,998,CDC42
9021,9980,DOPEY2
10245,9984,THOC1
16847,9985,REC8
5080,9986,RCE1
5117,9987,HNRNPDL
1182,9988,DMTF1
8117,9989,PPP4R1
13904,9990,SLC12A6
1839,9991,PTBP3
12133,9993,DGCR2
7720,9994,CASP8AP2
17152,9997,SCO2
