Entrez_Gene_Id,Hugo_Symbol
79258,MMEL1
5293,PIK3CD
23352,UBR4
2268,FGR
3065,HDAC1
8565,YARS
1600,DAB1
1952,CELSR2
200162,SPAG17
388697,HRNR
10763,NES
339479,BRINP3
7399,USH2A
55105,GPATCH2
2058,EPRS
84288,EFCAB2
391195,OR2T33
127064,OR2T12
9781,RNF144A
8853,ASAP2
1838,DTNB
790,CAD
9577,BRE
63892,THADA
6936,GCFC2
1844,DUSP2
9839,ZEB2
7273,TTN
,C2ORF62
1841,DTYMK
54986,ULK4
9034,CCRL2
9666,DZIP3
545,ATR
84107,ZIC4
79674,VEPH1
83893,SPATA16
1816,DRD5
55276,PGM2
80144,FRAS1
64579,NDST4
171024,SYNPO2
166752,FREM3
7092,TLL1
3818,KLKB1
79844,ZDHHC11
4552,MTRR
1501,CTNND2
7204,TRIO
1008,CDH10
1004,CDH6
84674,CARD6
4724,NDUFS4
11174,ADAMTS6
340120,ANKRD34B
56131,PCDHB4
56104,PCDHGB1
1809,DPYSL3
134265,AFAP1L1
2196,FAT2
255426,RASGEF1C
5601,MAPK9
1769,DNAH8
51069,MRPL2
442213,PTCHD4
7402,UTRN
7432,VIP
4216,MAP3K4
,AC073343.13
1607,DGKB
51678,MPP6
11112,HIBADH
8621,CDK13
908,CCT6A
90827,ZNF479
223117,SEMA3D
340351,AGBL3
5726,TAS2R38
8972,MGAM
28598,TRBV6-9
28558,TRBV29-1
392138,OR2A25
54793,KCTD9
114788,CSMD3
65265,C8ORF33
1289,COL5A1
340811,AKR1CL1
51182,HSPA14
57512,GPR158
57608,KIAA1462
57705,WDFY4
23053,ZSWIM8
6585,SLIT1
8036,SHOC2
256536,TCERG1L
79751,SLC25A22
6786,STIM1
401665,OR51T1
79339,OR51B4
10083,USH1C
5222,PGA5
51475,CABP2
4041,LRP5
51585,PCF11
1740,DLG2
11095,ADAMTS8
60488,MRPS35
120892,LRRK2
1272,CNTN1
55801,IL26
55117,SLC6A15
80184,CEP290
9271,PIWIL1
10631,POSTN
11061,LECT1
4624,MYH6
57697,FANCM
51339,DACT1
23224,SYNE2
161142,FAM71D
8816,DCAF5
57143,ADCK1
7253,TSHR
55775,TDP1
57578,UNC79
53905,DUOX1
22995,CEP152
55466,DNAJA4
7752,ZNF200
54988,ACSM5
10261,IGSF6
23199,GSE1
26073,POLDIP2
55379,LRRC59
23460,ABCA6
79902,NUP85
57674,RNF213
400629,TEX19
9229,DLGAP1
147409,DSG4
5055,SERPINB2
84106,PRAM1
3718,JAK3
7757,ZNF208
84775,ZNF607
339327,ZNF546
64763,ZNF574
10848,PPP1R13L
11133,KPTN
84215,ZNF541
59283,CACNG8
7694,ZNF135
201514,ZNF584
51614,ERGIC3
4987,OPRL1
10587,TXNRD2
4627,MYH9
11078,TRIOBP
171568,POLR3H
5372,PMM1
27127,SMC1B
9620,CELSR1
54456,MOV10L1
795,S100G
7102,TSPAN7
27112,FAM155B
79983,POF1B
56062,KLHL4
8471,IRS4
10178,TENM1
7750,ZMYM2
440275,EIF2AK4
56998,CTNNBIP1
842,CASP9
149461,CLDN19
58511,DNASE2B
6097,RORC
9909,DENND4B
6708,SPTA1
23385,NCSTN
3797,KIF3C
51449,PCYOX1
151,ADRA2B
84269,CHCHD5
129684,CNTNAP5
491,ATP2B2
23225,NUP210
1582,CYP8B1
9136,RRP9
3700,ITIH4
23150,FRMD4B
868,CBLB
55669,MFN1
1608,DGKG
6389,SDHA
729,C6
643394,SPINK9
91522,COL23A1
1832,DSP
780,DDR1
394263,MUC21
1590,CYP21A1P
2115,ETV1
9844,ELMO1
353345,GPR141
1956,EGFR
27445,PCLO
799,CALCR
1551,CYP3A7
27153,ZNF777
116988,AGAP3
4342,MOS
642475,MROH6
340385,ZNF517
3467,IFNW1
22844,FRMPD1
23560,GTPBP4
118788,PIK3AP1
439915,KRTAP5-5
390167,OR5M10
747,DAGLA
345,APOC3
170689,ADAMTS15
1108,CHD4
144568,A2ML1
2904,GRIN2B
6579,SLCO1A2
3489,IGFBP6
5153,PDE1B
6049,RNF6
55195,C14ORF105
9517,SPTLC2
55051,NRDE2
79890,RIN3
,RP11-24M17.5
9093,DNAJA3
64131,XYLT1
124274,GPR139
3687,ITGAX
8824,CES2
146206,RLTPR
11105,PRDM7
4620,MYH2
4621,MYH3
9931,HELZ
146705,ENTHD2
898,CCNE1
10054,UBA2
282616,IFNL2
7596,ZNF45
57479,PRR12
59284,CACNG7
10288,LILRB2
128859,BPIFB6
51604,PIGT
22866,CNKSR2
203430,ZCCHC5
80823,BHLHB9
1193,CLIC2
8289,ARID1A
51091,SEPSECS
781,CACNA2D1
1072,CFL1
387590,TPTEP1
6339,SCNN1D
55210,ATAD3A
2563,GABRD
9651,PLCH2
1953,MEGF6
9731,CEP104
387509,GPR153
,HNRNPCP5
1187,CLCNKA
80818,ZNF436
23499,MACF1
374969,CCDC23
6536,SLC6A9
55706,NDC1
114803,MYSM1
54596,L1TD1
148581,UBE2U
79819,WDR78
4438,MSH4
255631,COL24A1
163351,GBP6
343472,BARHL2
,LPPR4
8634,RTCA
260425,MAGI3
3283,HSD3B1
11085,ADAM30
148738,HFE2
10262,SF3B4
8416,ANXA9
126637,TCHHL1
3608,ILF2
6016,RIT1
10485,C1ORF61
128239,IQGAP3
3645,INSRR
114836,SLAMF6
2212,FCGR2A
2214,FCGR3A
51603,METTL13
91687,CENPL
9462,RASAL2
9213,XPR1
6041,RNASEL
3918,LAMC2
83872,HMCN1
3075,CFH
10877,CFHR4
23418,CRB1
2494,NR5A2
89796,NAV1
5362,PLXNA2
5629,PROX1
25782,RAB3GAP2
11221,DUSP10
4931,NVL
127602,DNAH14
3930,LBR
88,ACTN2
6262,RYR2
57829,ZP4
257044,C1ORF101
64216,TFB2M
54221,SNTG2
7837,PXDN
23040,MYT1L
93034,NT5C1B
9741,LAPTM4A
3032,HADHB
9381,OTOF
3795,KHK
26160,IFT172
57448,BIRC6
391365,SULT6B1
6546,SLC8A1
286749,STON1-GTF2A1L
9378,NRXN1
9938,ARHGAP25
151516,ASPRV1
165530,CLEC4F
8291,DYSF
10617,STAMBP
1796,DOK1
5968,REG1B
1496,CTNNA2
10578,GNLY
344167,FOXI3
80705,TSGA10
3899,AFF3
4862,NPAS2
653489,RGPD3
64682,ANAPC1
2736,GLI2
112714,TUBA3E
92856,IMP4
653781,POTEJ
50649,ARHGEF4
344148,NCKAP5
23518,R3HDM1
23190,UBXN4
53353,LRP1B
4703,NEB
129446,XIRP2
1745,DLX1
6670,SP3
10477,UBE2E3
5136,PDE1A
1281,COL3A1
1290,COL5A2
66037,BOLL
316,AOX1
65065,NBEAL1
1373,CPS1
580,BARD1
29926,GMPPA
79843,FAM124B
93349,SP140L
6672,SP100
81618,ITM2C
5707,PSMD1
23178,PASK
152330,CNTN4
79750,ZNF385D
10217,CTDSPL
6331,SCN5A
6336,SCN10A
92999,ZBTB47
152206,CCDC13
353274,ZNF445
1951,CELSR3
23166,STAB1
7474,WNT5A
201625,DNAH12
201627,DENND6A
27086,FOXP1
6092,ROBO2
253559,CADM2
389136,VGLL3
2042,EPHA3
285220,EPHA6
131544,CRYBG3
2596,GAP43
4045,LSAMP
57514,ARHGAP31
165829,GPR156
11167,FSTL1
846,CASR
131669,UROC1
131034,CPNE4
55179,FAIM
54464,XRN1
23350,U2SURP
116931,MED12L
79740,ZBBX
2122,MECOM
55892,MYNN
10057,ABCC5
1857,DVL3
2049,EPHB3
10644,IGF2BP2
197,AHSG
344892,RTP2
2257,FGF12
344905,ATP13A5
7468,WHSC1
7469,NELFA
6002,RGS12
55646,LYAR
55351,STK32B
10891,PPARGC1A
116984,ARAP2
,KIAA1239
389206,BEND4
285525,YIPF7
60558,GUF1
2560,GABRB1
57205,ATP10D
285527,FRYL
132671,SPATA18
23284,LPHN3
54959,ODAM
441024,MTHFD2L
79966,SCD5
22915,MMRN1
126,ADH1C
55212,BBS7
84162,KIAA1109
132430,PABPC4L
987,LRBA
2244,FGB
79884,MAP9
2891,GRIA2
4750,NEK1
25854,FAM149A
2160,F11
9319,TRIP13
348932,SLC6A18
50805,IRX4
11044,PAPD7
108,ADCY2
50834,TAS2R1
23194,FBXL7
56979,PRDM9
10923,SUB1
4883,NPR3
81792,ADAMTS12
5618,PRLR
79925,SPEF2
167127,UGT3A2
3977,LIFR
1601,DAB2
730,C7
389289,ANXA2R
23517,SKIV2L2
3350,HTR1A
57486,NLN
5884,RAD17
84340,GFM2
134526,ACOT12
3295,HSD17B4
2676,GFRA3
56147,PCDHA1
56142,PCDHA6
56132,PCDHB3
56124,PCDHB12
81789,TIGD6
5159,PDGFRB
153745,FAM71B
23120,ATP10B
57451,TENM2
5917,RARS
6586,SLIT3
100131897,FAM196B
133491,C5ORF47
1212,CLTB
117608,ZNF354B
285679,C5ORF60
285782,CAGE1
154007,SNRNP48
3096,HIVEP1
9972,NUP153
9856,KIAA0319
11119,BTN3A1
80736,SLC44A4
4855,NOTCH4
7287,TULP1
221472,FGD2
222611,GPR111
5314,PKHD1
27283,TINAG
667,DST
577,BAI3
1297,COL9A1
22999,RIMS1
1303,COL12A1
3617,IMPG1
,KIAA1009
114792,KLHL32
10973,ASCC3
57531,HACE1
8528,DDO
3910,LAMA4
222553,SLC35F1
2697,GJA1
114801,TMEM200A
134860,TAAR9
9038,TAAR5
116843,SLC18B1
345930,ECT2L
3097,HIVEP2
23328,SASH1
2099,ESR1
5689,PSMB1
54919,HEATR2
221935,SDK1
221960,CCZ1B
23161,SNX13
3200,HOXA3
3206,HOXA10
358,AQP1
165,AEBP1
816,CAMK2B
11055,ZPBP
5260,PHKG1
2913,GRM3
53616,ADAM22
219578,ZNF804B
1749,DLX5
7455,ZAN
136227,COL26A1
93408,MYL10
1523,CUX1
4897,NRCAM
54674,LRRN3
83992,CTTNBP2
79974,CPED1
6677,SPAM1
2918,GRM8
168850,ZNF800
2318,FLNC
23534,TNPO3
23165,NUP205
9162,DGKI
50617,ATP6V0A4
79989,TTC26
673,BRAF
5644,PRSS1
56302,TRPV5
3792,KEL
2041,EPHA1
338398,TAS2R60
442361,OR2A2
23145,SSPO
155038,GIMAP8
51422,PRKAG2
58508,KMT2C
9228,DLGAP2
64478,CSMD1
94137,RP1L1
2626,GATA4
55806,HR
8756,ADAM7
64641,EBF2
389643,NUGGC
2936,GSR
3084,NRG1
157855,KCNU1
7994,KAT6A
340441,POTEA
5591,PRKDC
137902,PXDNL
6129,RPL7
51582,AZIN1
81034,SLC25A32
9699,RIMS2
51059,FAM135B
169044,COL22A1
286122,C8ORF31
83481,EPPK1
81704,DOCK8
169792,GLIS3
6505,SLC1A1
89882,TPD52L3
2731,GLDC
7306,TYRP1
8777,MPDZ
158326,FREM1
25769,SLC24A2
54914,FOCAD
54586,EQTN
10497,UNC13B
768,CA9
881,CCIN
389730,SPATA31A6
158471,PRUNE2
441457,NUTM2G
138803,OR13C3
79987,SVEP1
58493,INIP
113220,KIF12
5069,PAPPA
23245,ASTN2
27090,ST6GALNAC4
54662,TBC1D13
11093,ADAMTS13
2220,FCN2
4851,NOTCH1
105,ADARB2
5214,PFKP
80760,ITIH5
8029,CUBN
221074,SLC39A12
9576,SPAG6
6840,SVIL
8187,ZNF239
143162,FRMPD2
118461,C10ORF71
65217,PCDH15
219621,C10ORF107
55749,CCAR1
219793,TBATA
64072,CDH23
442911,MIR346
3988,LIPA
80351,TNKS2
1558,CYP2C8
84833,USMG5
22984,PDCD11
114815,SORCS1
282996,RBM20
27250,PDCD4
2674,GFRA1
259217,HSPA12A
2869,GRK5
36,ACADSB
118611,C10ORF90
282973,JAKMIP3
338707,B4GALNT4
4583,MUC2
727897,MUC5B
29850,TRPM5
143496,OR52B4
390038,OR51D1
119694,OR51F2
119678,OR52E2
85363,TRIM5
7275,TUB
22800,RRAS2
144100,PLEKHA7
6833,ABCC8
113174,SAAL1
9152,SLC6A5
159963,SLC5A12
744,MPPED2
341019,DCDC1
7490,WT1
8050,PDHX
54765,TRIM44
4038,LRP4
4607,MYBPC3
79550,OR4C4P
26338,OR5L2
282770,OR10AG1
390151,OR8H2
219479,OR5R1
338675,OR5AP2
219972,MPEG1
6947,TCN1
51338,MS4A4A
54860,MS4A12
9219,MTA2
10482,NXF1
1128,CHRM1
9356,SLC22A6
23769,FLRT1
7542,ZFPL1
91056,AP5B1
9092,SART1
2248,FGF3
84649,DGAT2
26011,TENM4
79659,DYNC2H1
80310,PDGFD
838,CASP5
2977,GUCY1A2
120376,COLCA2
399949,C11ORF88
51092,SIDT2
84000,TMPRSS13
917,CD3G
5818,PVRL1
57476,GRAMD1B
7753,ZNF202
219865,OR8G5
219855,SLC37A2
9743,ARHGAP32
6540,SLC6A13
65125,WNK1
775,CACNA1C
10867,TSPAN9
4704,NDUFA9
3742,KCNA6
7450,VWF
10536,LEPREL2
113246,C12ORF57
715,C1R
5858,PZP
653247,PRB2
89869,PLCZ1
53919,SLCO1C1
55726,ASUN
29951,PDZRN4
80070,ADAMTS20
51135,IRAK4
81539,SLC38A1
5571,PRKAG1
121006,FAM186A
51411,BIN2
6334,SCN8A
3891,KRT85
9119,KRT75
3854,KRT6B
3852,KRT5
4778,NFE2
3071,NCKAP1L
90070,LACRT
11176,BAZ2A
4640,MYO1A
2735,GLI1
23426,GRIP1
4848,CNOT2
5787,PTPRB
121278,TPH2
1466,CSRP2
6857,SYT1
4617,MYF5
8499,PPFIA2
8411,EEA1
10154,PLXNC1
246213,SLC17A8
79023,NUP37
29915,HCFC2
11137,PWP1
9671,WSCD2
7374,UNG
283446,MYO1H
28981,IFT81
6910,TBX5
23389,MED13L
84900,RNFT2
160777,CCDC60
11021,RAB35
23067,SETD1B
55206,SBNO1
80212,CCDC92
5426,POLE
7278,TUBA3C
56163,RNF17
3651,PDX1
83548,COG3
23143,LRCH1
3356,HTR2A
4752,NEK3
57626,KLHL1
55757,UGGT2
6564,SLC15A1
259232,NALCN
8660,IRS2
1282,COL4A1
390429,OR4N2
79317,OR4K5
122740,OR4K14
11198,SUPT16H
4323,MMP14
9472,AKAP6
64067,NPAS3
145581,LRFN5
161357,MDGA2
729665,CCDC175
6252,RTN1
4990,SIX6
57475,PLEKHH1
9628,RGS6
80127,CCDC176
123016,TTC8
57718,PPP4R4
256394,SERPINA11
64919,BCL11B
768222,MIR770
388015,RTL1
378881,MIR381HG
442914,MIR369
1778,DYNC1H1
91828,EXOC3L4
113146,AHNAK2
23241,PACS2
28439,IGHV3-30
28396,IGHV4-31
390538,OR4M2
23742,NPAP1
6638,SNRPN
57194,ATP10A
8924,HERC2
4308,TRPM1
56851,EMC7
89978,DPH6
701,BUB1B
5330,PLCB2
2038,EPB42
9153,SLC28A2
80031,SEMA6D
23312,DMXL2
440279,UNC13C
23060,ZNF609
84465,MEGF11
22801,ITGA11
4756,NEO1
145957,NRG4
597,BCL2A1
643707,GOLGA6L4
64410,KLHL25
123624,AGBL1
28232,SLCO3A1
56963,RGMA
83986,ITFG3
89941,RHOT2
64499,TPSB2
90850,ZNF598
10921,RNPS1
84256,FLYWCH1
84891,ZSCAN10
4993,OR2C1
54715,RBFOX1
729993,SHISA9
55567,DNAH3
79728,PALB2
3684,ITGAM
3681,ITGAD
6524,SLC5A2
,RP11-812E19.9
5257,PHKB
27324,TOX3
84166,NLRC5
9289,GPR56
5699,PSMB10
55565,ZNF821
170692,ADAMTS18
83716,CRISPLD2
4597,MVD
10514,MYBBP1A
83394,PITPNM3
239,ALOX12
79142,PHF23
7157,TP53
5187,PER1
80169,CTC1
22899,ARHGEF15
6154,RPL26
8735,MYH13
4622,MYH4
1770,DNAH9
51168,MYO15A
8844,KSR1
4843,NOS2
79915,ATAD5
23512,SUZ12
6362,CCL18
101060321,TBC1D3G
79154,DHRS11
3868,KRT16
47,ACLY
83538,TTC25
4222,MEOX1
6521,SLC4A1
124783,SPATA32
9020,MAP3K14
30009,TBX21
3211,HOXB1
3214,HOXB4
51225,ABI3
1101,CHAD
63897,HEATR6
786,CACNG1
54549,SDK2
10871,CD300C
79157,MFSD11
332,BIRC5
57602,USP36
146713,RBFOX3
55036,CCDC40
5986,RFNG
7525,YES1
79822,ARHGAP28
284217,LAMA1
25925,ZNF521
80816,ASXL3
54808,DYM
,CCDC11
220134,SKA1
5275,SERPINB13
6318,SERPINB4
55628,ZNF407
54531,MIER2
53615,MBD3
148229,ATP8B3
360200,TMPRSS9
170961,ANKRD24
,HDGFL2
407045,MIR7-3
79230,ZNF557
10332,CLEC4M
4670,HNRNPM
94025,MUC16
79088,ZNF426
50509,COL5A3
9294,S1PR2
5141,PDE4A
25959,KANK2
30000,TNPO2
79173,C19ORF57
3337,DNAJB1
30817,EMR2
126402,CCDC105
26532,OR10H3
23025,UNC13A
148113,CILP2
9534,ZNF254
57616,TSHZ3
22847,ZNF507
56301,SLC7A10
27033,ZBTB32
84503,ZNF527
57828,CATSPERG
6261,RYR1
54938,SARS2
80271,ITPKC
1572,CYP2F1
1954,MEGF8
1088,CEACAM8
5670,PSG2
56006,SMG9
7733,ZNF180
388551,CEACAM16
90332,EXOC3L2
8993,PGLYRP1
147920,IGFL2
25865,PRKD2
8605,PLA2G4C
93233,CCDC114
770,CA11
54795,TRPM4
199800,ADM5
50944,SHANK1
3816,KLK1
27036,SIGLEC7
945,CD33
2109,ETFB
4818,NKG7
27181,SIGLEC8
89858,SIGLEC12
162962,ZNF836
342926,ZNF677
388561,ZNF761
574459,MIR512-2
91662,NLRP12
11026,LILRA3
10859,LILRB1
3802,KIR2DL1
199713,NLRP7
646643,SBK2
29924,EPN1
126205,NLRP8
90485,ZNF835
23619,ZIM2
57663,USP29
9422,ZNF264
162972,ZNF550
642636,RAD21L1
6614,SIGLEC1
8760,CDS2
56255,TMX4
23236,PLCB1
57144,PAK7
63926,ANKEF1
631,BFSP1
27131,SNX5
8530,CST7
3055,HCK
434,ASIP
51230,PHF20
57446,NDRG3
56259,CTNNBL1
11122,PTPRT
4605,MYBL2
149699,GTSF1L
57158,JPH2
80336,PABPC1L
11317,RBPJL
64405,CDH22
64849,SLC13A3
10564,ARFGEF2
100302146,MIR1302-5
27304,MOCS3
5105,PCK1
79716,NPEPL1
60437,CDH26
28231,SLCO4A1
4923,NTSR1
1299,COL9A3
128414,NKAIN4
57642,COL20A1
3785,KCNQ2
85441,HELZ2
7179,TPTE
5651,TMPRSS15
4685,NCAM2
643803,KRTAP24-1
30811,HUNK
23515,MORC3
1826,DSCAM
63977,PRDM15
7226,TRPM2
386683,KRTAP12-3
6573,SLC19A1
150160,CCT8L2
27439,CECR6
23786,BCL2L13
85376,RIMBP3
23753,SDF2L1
28813,IGLV2-23
28814,IGLV2-18
8897,MTMR3
253143,PRR14L
9681,DEPDC5
254240,BPIFC
10043,TOM1
80832,APOL4
4242,MFNG
11135,CDC42EP1
8398,PLA2G6
11252,PACSIN2
85358,SHANK3
6473,SHOX
25878,MXRA5
412,STS
265,AMELX
347442,DCAF8L2
1756,DMD
4128,MAOA
56850,GRIPAP1
11230,PRAF2
54552,GNL3L
212,ALAS2
11326,VSIG4
60401,EDA2R
56159,TEX11
3561,IL2RG
9452,ITM2A
27328,PCDH11X
1821,DRP2
3358,HTR2C
57631,LRCH2
51213,LUZP4
139170,DCAF12L1
51114,ZDHHC9
9363,RAB33A
55609,ZNF280C
3547,IGSF1
4110,MAGEA11
139135,PASD1
29944,PNMA3
11219,TREX2
3054,HCFC1
2157,F8
2571,GAD1
2555,GABRA2
50859,SPOCK3
3575,IL7R
64946,CENPH
2554,GABRA1
3937,LCP2
10371,SEMA3A
7586,ZKSCAN1
253650,ANKRD18A
56521,DNAJC12
374355,CCDC172
374403,TBC1D10C
57101,ANO2
196527,ANO6
10419,PRMT5
728224,KRTAP4-8
125962,OR7G1
284459,HKR1
,PAPL
2359,FPR3
140733,MACROD2
23532,PRAME
54457,TAF7L
23334,SZT2
57643,ZSWIM5
4678,NASP
54856,GON4L
338,APOB
84140,FAM161A
22837,COBLL1
6326,SCN2A
2066,ERBB4
130367,SGPP2
56203,LMOD3
339983,NAT8L
353497,POLN
26511,CHIC2
56127,PCDHB9
2566,GABRG2
896,CCND3
27102,EIF2AK1
136895,C7ORF31
728927,ZNF736
441250,TYW1B
5189,PEX1
3475,IFRD1
55753,OGDHL
,TTC18
5728,PTEN
390162,OR5M9
79026,AHNAK
2011,MARK2
219927,MRPL21
1207,CLNS1A
85458,DIXDC1
3145,HMBS
928,CD9
51147,ING4
11016,ATF7
121551,BTBD11
9818,NUPL1
394,ARHGAP5
28455,IGHV2-26
84952,CGNL1
18,ABAT
80063,ATF7IP2
368,ABCC6
10595,ERN2
4641,MYO1C
81871,KRTAP4-6
84034,EMILIN2
6915,TBXA2R
55184,DZANK1
22981,NINL
728441,GGT2
442444,FAM47C
369,ARAF
538,ATP7A
6594,SMARCA1
2000,ELF4
9016,SLC25A14
492,ATP2B3
9988,DMTF1
54827,NXPE4
64781,CERK
9696,CROCC
10250,SRRM1
23358,USP24
4853,NOTCH2
100132406,NBPF10
100129271,C1ORF68
7059,THBS3
5279,PIGC
284532,OR14A16
348654,GEN1
116143,WDR92
6439,SFTPB
23020,SNRNP200
60482,SLC5A7
55183,RIF1
23363,OBSL1
114790,STK11IP
9320,TRIP12
7476,WNT7A
256076,COL6A5
5276,SERPINI2
79633,FAT4
8821,INPP4B
90355,C5ORF30
1794,DOCK2
3118,HLA-DQA2
340273,ABCB5
3199,HOXA2
1278,COL1A2
8910,SGCE
25913,POT1
55798,METTL2B
259286,TAS2R40
389610,XKR5
56623,INPP5E
221002,RASGEF1A
340706,VWA2
92565,FANK1
5719,PSMD13
219957,OR9Q2
79785,RERGL
5756,TWF1
1280,COL2A1
8085,KMT2D
6773,STAT2
11103,KRR1
374462,PTPRQ
27340,UTP20
10129,FRY
3981,LIG4
28663,TRAV20
1690,COCH
90141,EFCAB11
26153,KIF26A
3497,IGHE
28424,IGHV3-48
80349,WDR61
64285,RHBDF1
146198,ZFP90
83449,PMFBP1
100616273,MIR451B
55288,RHOT1
11276,SYNRG
84961,FBXL20
9969,MED13
,RP11-683L23.1
5725,PTBP1
9817,KEAP1
4713,NDUFB7
3811,KIR3DL1
55655,NLRP2
128869,PIGU
23315,SLC9A8
11096,ADAMTS5
2678,GGT1
157,ADRBK2
8911,CACNA1I
340562,SATL1
186,AGTR2
340578,DCAF12L2
158358,KIAA2026
1646,AKR1C2
572,BAD
1786,DNMT1
80176,SPSB1
390999,PRAMEF12
7799,PRDM2
57190,SEPN1
8547,FCN3
1580,CYP4B1
9372,ZFYVE9
84950,PRPF38A
6342,SCP2
26027,ACOT11
374986,FAM73A
55283,MCOLN3
1301,COL11A1
333926,PPM1J
9939,RBM8A
200030,NBPF11
339398,LINGO4
9898,UBAP2L
115350,FCRL1
391107,OR10K2
343413,FCRL6
25903,OLFML2B
54499,TMCO1
387597,ILDR2
55827,DCAF6
89866,SEC16B
54823,SWT1
10765,KDM5B
134,ADORA1
83953,FCAMR
27042,DIEXF
9015,TAF1A
7100,TLR5
2987,GUK1
57165,GJC2
9816,URB2
22796,COG2
55127,HEATR1
8564,KMO
128025,WDR64
26188,OR1C1
25893,TRIM58
391192,OR2L3
391194,OR2M2
127066,OR14C36
7173,TPO
50618,ITSN2
8884,SLC5A6
79623,GALNT14
80745,THUMPD2
130271,PLEKHH2
6711,SPTBN1
7444,VRK2
72,ACTG2
80059,LRRTM4
5068,REG3A
28901,IGKV1D-16
400986,ANKRD36C
375248,ANKRD36
699,BUB1
274,BIN1
9394,HS6ST1
728378,POTEF
445582,POTEE
3938,LCT
79712,GTDC1
11227,GALNT5
4036,LRP2
129881,CCDC173
140469,MYO3B
79634,SCRN3
114880,OSBPL6
100506866,TTN-AS1
401024,FSIP2
4430,MYO1B
285175,UNC80
50485,SMARCAL1
7145,TNS1
9759,HDAC4
389090,OR6B2
2817,GPC1
64419,MTMR14
6854,SYN2
23243,ANKRD28
6304,SATB1
22907,DHX30
10180,RBM6
7869,SEMA3B
56920,SEMA3G
142686,ASB14
132204,SYNPR
6091,ROBO1
26341,OR5H1
84873,GPR128
27136,MORC1
644974,ALG1L2
131873,COL6A6
6474,SHOX2
6476,SI
80012,PHC3
4585,MUC4
8602,NOP14
2868,GRK4
27146,FAM184B
26228,STAP1
54490,UGT2B28
7363,UGT2B4
1447,CSN2
173,AFM
287,ANK2
57721,METTL14
1047,CLGN
729830,FAM160A1
54798,DCHS2
4887,NPY2R
55016,MARCH1
80014,WWC2
2195,FAT1
1010,CDH12
253260,RICTOR
133418,EMB
11082,ESM1
133396,IL31RA
375449,MAST4
4131,MAP1B
153396,TMEM161B
64167,ERAP2
57556,SEMA6A
501,ALDH7A1
54819,ZCCHC10
56110,PCDHGA5
81545,FBXO38
22885,ABLIM3
133522,PPARGC1B
1436,CSF1R
3702,ITK
153830,RNF145
53917,RAB24
51428,DDX41
10486,CAP2
2880,GPX5
1302,COL11A2
1616,DAXX
221458,KIF6
57497,LRFN2
221443,OARD1
705,BYSL
171558,PTCRA
55788,LMBRD1
55023,PHIP
23195,MDN1
5980,REV3L
9729,KIAA0408
26230,TIAM2
84629,TNRC18
84132,USP42
85477,SCIN
2128,EVX1
2086,ERV3-1
10926,DBF4
55607,PPP1R9A
10165,SLC25A13
402682,UFSP1
6733,SRPK2
9732,DOCK4
5506,PPP1R3A
7472,WNT2
5803,PTPRZ1
51200,CPA4
5420,PODXL
57189,KIAA1147
135941,OR2A14
79648,MCPH1
137868,SGCZ
10361,NPM2
55756,INTS9
79645,EFCAB1
8895,CPNE3
8767,RIPK2
793,CALB1
2843,GPR20
6456,SH3GL2
360,AQP3
27019,DNAI1
259308,FAM205A
19,ABCA1
210,ALAD
5047,PAEP
3601,IL15RA
10659,CELF2
55130,ARMC4
1103,CHAT
8031,NCOA4
220965,FAM13C
8509,NDST2
118932,ANKRD22
5832,ALDH18A1
150,ADRA2A
4892,NRAP
11023,VAX1
1755,DMBT1
161,AP2A2
119774,OR52K2
79324,OR51G1
390054,OR52A5
3746,KCNC1
79797,ZNF408
120824,TRIM51GP
81309,OR4C15
390191,OR5B12
219982,OR5A1
26007,DAK
144097,C11ORF84
823,CAPN1
11041,B3GNT1
582,BBS1
6712,SPTBN2
2017,CTTN
3636,INPPL1
341152,OR2AT4
92105,INTS4
56158,TEX12
54494,C11ORF71
56649,TMPRSS4
84959,UBASH3B
894,CCND2
1822,ATN1
9746,CLSTN3
283316,CD163L1
1911,PHC1
55359,STYK1
3887,KRT81
286887,KRT6C
51380,CSAD
25946,ZNF385A
1606,DGKA
6404,SELPLG
54434,SSH1
79039,DDX54
9735,KNTC1
143,PARP4
1045,CDX2
122042,RXFP2
23078,VWA8
80183,KIAA0226L
26512,INTS6
5101,PCDH9
1602,DACH1
22894,DIS3
688,KLF5
9358,ITGBL1
28644,TRAV38-1
25938,HEATR5A
6751,SSTR1
122786,FRMD6
91754,NEK9
161394,SAMD15
8115,TCL1A
3494,IGHA2
57369,GJD2
9716,AQR
26015,RPAP1
23269,MGA
146057,TTBK2
79968,WDR76
11001,SLC27A2
342035,GLDN
4734,NEDD4
3990,LIPC
79811,SLTM
10845,CLPX
10260,DENND4A
3073,HEXA
92912,UBE2Q2
51458,RHCG
5045,FURIN
6755,SSTR5
7249,TSC2
64063,PRSS22
4210,MEFV
9665,KIAA0430
4363,ABCC1
204474,PDILT
7385,UQCRC2
162083,C16ORF82
3566,IL4R
9739,SETD1A
2521,FUS
55737,VPS35
80205,CHD9
29109,FHOD1
342372,PKD1L3
85445,CNTNAP4
4094,MAF
93107,KCNG4
863,CBFA2T3
146850,PIK3R6
51393,TRPV2
84440,RAB11FIP4
64149,C17ORF75
79893,GGNBP2
3883,KRT33A
535,ATP6V0A1
162417,NAGS
124995,MRPL10
10237,SLC35B1
8714,ABCC3
4830,NME1
84643,KIF2B
10040,TOM1L1
146779,EFCAB3
3384,ICAM2
5718,PSMD12
29115,SAP30BP
55556,ENOSF1
1828,DSG1
6794,STK11
55527,FEM1A
25873,RPL36
10437,IFI30
7562,ZNF708
7652,ZNF99
9745,ZNF536
57655,GRAMD1A
163175,LGI4
4099,MAG
92799,SHKBP1
8425,LTBP4
2077,ERF
26145,IRF2BP1
64344,HIF3A
951,CD37
84335,AKT1S1
114132,SIGLEC11
6689,SPIB
729767,CEACAM18
2358,FPR2
147660,ZNF578
55762,ZNF701
9751,SNPH
128646,SIRPD
5332,PLCB4
5075,PAX1
1472,CST4
57468,SLC12A5
1591,CYP24A1
140689,CBLN4
655,BMP7
51497,NELFCD
128611,ZNF831
81928,CABLES2
63910,SLC17A9
54033,RBM11
2897,GRIK1
337974,KRTAP19-7
539,ATP5O
861,RUNX1
89765,RSPH1
23076,RRP1B
8888,MCM3AP
128954,GAB4
,AP000350.4
56241,SUSD2
23544,SEZ6L
23331,TTC28
129080,EMID1
55841,WWC3
4281,MID1
2710,GK
9282,MED14
7076,TIMP1
90060,CCDC120
23708,GSPT2
54954,FAM120C
55869,HDAC8
1288,COL4A6
79868,ALG13
139804,RBMXL3
83692,CD99L2
26576,SRPK3
3897,L1CAM
7175,TPR
50852,TRAT1
132949,AASDH
166824,RASSF6
4126,MANBA
51426,POLK
84059,GPR98
55904,KMT2E
1738,DLD
116985,ARAP1
4666,NACA
84190,METTL25
55703,POLR3B
1854,DUT
3029,HAGH
,RP11-23E10.4
5336,PLCG2
399687,MYO18A
,RP11-411B10.5
386678,KRTAP10-11
56478,EIF4ENIF1
55966,AJAP1
378708,CENPS
23341,DNAJC16
,RP11-169K16.7
23436,CELA3B
57185,NIPAL3
2899,GRIK3
7075,TIE1
8503,PIK3R3
23169,SLC35D1
9406,ZRANB2
,C1ORF173
117178,SSX2IP
2948,GSTM4
64783,RBM15
6847,SYCP1
,C1ORF51
388698,FLG2
83417,FCRL4
4332,MNDA
83540,NUF2
6403,SELP
163589,TDRD5
57710,KIAA1614
353299,RGSL1
3078,CFHR1
59352,LGR6
26254,OPTC
3756,KCNH1
25896,INTS7
375056,MIA3
142,PARP1
10753,CAPN9
80003,PCNXL2
6000,RGS7
55083,KIF26B
200634,KRTCAP3
84226,C2ORF16
129285,PPP1R21
23301,EHBP1
4211,MEIS1
388963,C2ORF81
22934,RPIA
28870,IGKV6D-21
65124,SOWAHC
57669,EPB41L5
55843,ARHGAP15
10254,STAM2
8708,B3GALT1
8647,ABCB11
843,CASP10
57404,CYP20A1
151194,METTL21A
64320,RNF25
2043,EPHA4
3635,INPP5D
8527,DGKD
547,KIF1A
51244,CCDC174
23180,RFTN1
54861,SNRK
54716,SLC6A20
776,CACNA1D
8618,CADPS
25890,ABI3BP
79669,C3ORF52
64770,CCDC14
60678,EEFSEC
28976,ACAD9
253461,ZBTB38
7220,TRPC1
590,BCHE
3064,HTT
389197,C4ORF50
9079,LDB2
81793,TLR10
92689,FAM114A1
5981,RFC1
11019,LIAS
91746,YTHDC1
10720,UGT2B11
9508,ADAMTS3
26057,ANKRD17
53371,NUP54
9255,AIMP1
64850,ETNPPL
10427,SEC24B
57182,ANKRD50
4086,SMAD1
83894,TTC29
1909,EDNRA
2243,FGA
56034,PDGFC
,KIAA0947
1007,CDH9
5019,OXCT1
5144,PDE4D
8622,PDE8B
1657,DMXL1
26167,PCDHB5
56128,PCDHB8
5521,PPP2R2B
5145,PDE6A
2760,GM2A
2741,GLRA1
114787,GPRIN1
8878,SQSTM1
221749,PXDC1
54438,GFOD1
55604,LRRC16A
346157,ZNF391
4172,MCM3
346007,EYS
9892,SNAP91
29078,NDUFAF4
84624,FNDC1
6862,T
54346,UNC93A
83887,TTLL2
26173,INTS1
55698,RADIL
9734,HDAC9
6671,SP4
8701,DNAH11
2737,GLI3
55744,COA1
154664,ABCA13
100130988,C7ORF72
,RP11-468B6.1
51085,MLXIPL
9569,GTF2IRD1
3082,HGF
221914,GPC2
140453,MUC17
5294,PIK3CG
55973,BCAP29
22798,LAMB4
51384,WNT16
28611,TRBV5-4
28563,TRBV24-1
28638,TRBC2
6469,SHH
203074,PRSS55
286046,XKR6
4023,LPL
80005,DOCK5
2515,ADAM2
6575,SLC20A2
114786,XKR4
80243,PREX2
8989,TRPA1
54714,CNGB3
168975,CNBD1
862,RUNX1T1
169166,SNX31
55074,OXR1
575,BAI1
29894,CPSF1
1271,CNTFR
80256,FAM214B
1211,CLTA
152006,RNF38
9833,MELK
138240,C9ORF57
138199,C9ORF41
5125,PCSK5
23424,TDRD7
1306,COL15A1
9991,PTBP3
7539,ZFP37
92399,MRRF
169611,OLFML2A
64794,DDX31
57582,KCNT1
774,CACNA1B
509,ATP5C1
221061,FAM171A1
389941,C1QL3
10529,NEBL
4153,MBL2
143279,HECTD2
5406,PNLIP
1793,DOCK1
10346,TRIM22
390079,OR52E8
338755,OR2AG2
117195,MRGPRX3
3732,CD82
23279,NUP160
283093,OR4C12
10249,GLYAT
399909,PCNXL3
156,ADRBK1
64066,MMP27
4684,NCAM1
3312,HSPA8
4798,NFRKB
93589,CACNA2D4
27239,GPR162
26253,CLEC4E
5545,PRB4
57613,KIAA1467
6660,SOX5
3845,KRAS
41,ASIC1
4659,PPP1R12A
25834,MGAT4C
4598,MVK
196463,PLBD2
84678,KDM2B
6249,CLIP1
2967,GTF2H3
55835,CENPJ
11166,SOX21
23026,MYO16
123103,KLHL33
87,ACTN1
55148,UBR7
5891,MOK
28388,IGHV5-51
2562,GABRB3
54893,MTMR10
30844,EHD4
2200,FBN1
256764,WDR72
64864,RFX7
6938,TCF12
80119,PIF1
79875,THSD4
1464,CSPG4
343,AQP8
112755,STX1B
583,BBS2
55783,CMTR2
9851,KIAA0753
4626,MYH8
162494,RHBDL3
5717,PSMD11
26022,TMEM98
6928,HNF1B
3674,ITGA2B
9755,TBKBP1
8913,CACNA1G
5889,RAD51C
79665,DHX40
124602,KIF19
51,ACOX1
7298,TYMS
91133,L3MBTL4
388468,POTEC
5932,RBBP8
1837,DTNA
29906,ST8SIA5
284257,BOD1L2
115701,ALPK2
23239,PHLPP1
25914,RTTN
115196,ZNF554
2015,EMR1
23476,BRD4
57130,ATP13A1
333,APLP1
199720,GGN
5680,PSG11
11129,CLASRP
60385,TSKS
84905,ZNF341
26013,L3MBTL1
63935,PCIF1
29761,USP25
1859,DYRK1A
1292,COL6A2
29775,CARD10
23654,PLXNB2
9758,FRMPD4
11141,IL1RAPL1
139818,DOCK11
139378,GPR112
55879,GABRQ
51032,CELA2B
4147,MATN2
3646,EIF3E
1612,DAPK1
10677,AVIL
100289259,ZFYVE9P1
91544,UBXN11
200008,CDCP2
8880,FUBP1
10456,HAX1
3782,KCNN3
9857,CEP350
8446,DUSP11
4867,NPHP1
151525,WDSUB1
56171,DNAH7
7079,TIMP4
7155,TOP2B
4820,NKTR
25981,DNAH1
57408,LRTM1
64091,POPDC2
79782,LRRC31
10879,SMR3B
56172,ANKH
2533,FYB
285671,RNF180
2561,GABRB2
140767,NRSN1
116511,MAS1L
23595,ORC3
442721,LMOD2
7328,UBE2H
1180,CLCN1
115294,PCMTD1
64168,NECAB1
9791,PTDSS1
5339,PLEC
54840,APTX
23287,AGTPBP1
92715,DPH7
63982,ANO3
3739,KCNA4
25996,REXO2
23310,NCAPD3
196528,ARID2
283417,DPY19L2
57634,EP400
4008,LMO7
22990,PCNX
57156,TMEM63C
4058,LTK
21,ABCA3
7142,TNP2
6210,RPS15A
27327,TNRC6A
10295,BCKDK
146547,PRSS36
55512,SMPD3
54890,ALKBH5
146802,SLC47A2
85290,KRTAP4-3
4185,ADAM11
79777,ACBD4
55666,NPLOC4
4946,OAZ1
54929,TMEM161A
126432,RINL
7576,ZNF28
79891,ZNF671
10953,TOMM34
164633,CABP7
23543,RBFOX2
64743,WDR13
546,ATRX
57526,PCDH19
55086,CXORF57
8776,MTMR1
84651,SPINK7
10142,AKAP9
140625,ACTRT2
473,RERE
653606,PRAMEF22
58985,IL22RA1
114784,CSMD2
9670,IPO13
10207,INADL
5142,PDE4B
57554,LRRC7
81573,ANKRD13C
388646,GBP7
8412,BCAR3
23443,SLC35A3
148867,SLC30A7
607,BCL9
2703,GJA8
2312,FLG
199834,LCE4A
200186,CRTC2
5546,PRCC
127385,OR10J5
51744,CD244
4009,LMX1A
2153,F5
22920,KIFAP3
460,ASTN1
163590,TOR1AIP2
777,CACNA1E
10216,PRG4
5132,PDC
81494,CFHR5
779,CACNA1S
91156,IGFN1
23114,NFASC
1063,CENPF
84033,OBSCN
128312,HIST3H2BB
440730,TRIM67
1122,CHML
391191,OR2AK2
127074,OR2T4
127077,OR2T11
4953,ODC1
245973,ATP6V1C2
1788,DNMT3A
11117,EMILIN1
10669,CGREF1
6683,SPAST
400954,EML6
51057,WDPCP
27429,HTRA2
25885,POLR1A
55258,THNSL2
28919,IGKV2-30
28902,IGKV1D-13
23505,TMEM131
57628,DPP10
554226,ANKRD30BL
26122,EPC2
130574,LYPD6
114805,GALNT13
130399,ACVR1C
64135,IFIH1
90134,KCNH7
1123,CHN1
3232,HOXD3
91752,ZNF804A
5334,PLCL1
4999,ORC2
57679,ALS2
79800,CARF
5798,PTPRN
3623,INHA
57624,NYAP2
11262,SP140
26058,GIGYF2
50636,ANO7
84289,ING5
84077,C3ORF20
5868,RAB5A
8850,KAT2B
1233,CCR4
85443,DCLK3
50853,VILL
25924,MYRIP
1232,CCR3
79442,LRRC2
3913,LAMB2
211,ALAS1
23024,PDZRN3
63899,NSUN3
79310,OR5H2
3059,HCLS1
26984,SEC22A
111,ADCY5
56667,MUC13
9435,CHST2
1360,CPB1
8706,B3GALNT1
344657,LRRIQ4
23043,TNIK
27074,LAMP3
1487,CTBP1
132884,EVC2
2121,EVC
9948,WDR1
116449,CLNK
55203,LGI2
886,CCKAR
57728,WDR19
253017,TECRL
7364,UGT2B7
1633,DCK
132660,LIN54
1834,DSPP
1758,DMP1
255743,NPNT
11107,PRDM5
57575,PCDH10
55534,MAML3
57484,RNF150
56884,FSTL5
4889,NPY5R
54969,C4ORF27
9848,MFAP3L
175,AGA
83891,SNX25
202151,RANBP3L
3157,HMGCS1
80006,TRAPPC13
100506658,OCLN
653188,GUSBP3
55109,AGGF1
324,APC
337876,CHSY3
10902,BRD8
9752,PCDHA9
56130,PCDHB6
56109,PCDHGA6
27430,MAT2B
4488,MSX2
1812,DRD1
134083,OR2Y1
643836,ZFP62
51000,SLC35B3
7020,TFAP2A
2651,GCNT2
578,BAK1
222663,SCUBE3
51302,CYP39A1
5232,PGK2
1310,COL19A1
441161,OOEP
7101,NR2E1
222545,GPRC6A
3908,LAMA2
53832,IL20RA
2911,GRM1
729515,TMEM242
6908,TBP
23288,IQCE
5395,PMS2
392862,GRID2IP
30010,NXPH1
392636,AGMO
346389,MACC1
63974,NEUROD6
79783,SUGCT
23072,HECW1
442319,ZNF727
1595,CYP51A1
219285,SAMD9L
8295,TRRAP
8896,BUD31
26024,PTCD1
79037,PVRIG
2050,EPHB4
5054,SERPINE1
10603,SH2B2
6561,SLC13A1
1129,CHRM2
346517,OR6V1
135935,NOBOX
26,AOC1
10061,ABCF2
155435,RBM33
9172,MYOM2
63978,PRDM14
51101,ZC2HC1A
85481,PSKH2
116039,OSR2
284,ANGPT1
1537,CYC1
5789,PTPRD
92949,ADAMTSL1
4799,NFX1
389763,SPATA31D1
203328,SUSD3
114987,WDR31
22954,TRIM32
57706,DENND1A
10319,LAMC3
158062,LCN6
20,ABCA2
2529,FUT7
10276,NET1
3698,ITIH2
26019,UPF2
56243,KIAA1217
57584,ARHGAP21
6935,ZEB1
58504,ARHGAP22
4477,MSMB
288,ANK3
3778,KCNMA1
54536,EXOC6
1557,CYP2C19
9849,ZNF518A
23223,RRP12
60495,HPSE2
23082,PPRC1
54838,WBP1L
57678,GPAM
6975,TECTB
119548,PNLIPRP3
64077,LHPP
1488,CTBP2
10570,DPYSL4
79473,OR52N1
84067,FAM160A2
7762,ZNF215
338322,NLRP10
272,AMPD3
10418,SPON1
5140,PDE3B
4654,MYOD1
2488,FSHB
90139,TSPAN18
1408,CRY2
120071,GYLTL1B
219464,OR5T2
390168,OR5M1
81341,OR10W1
390197,OR4D10
219990,OOSP2
341116,MS4A10
220001,VWCE
220004,PPP1R32
387775,SLC22A10
5920,RARRES3
8986,RPS6KA4
116085,SLC22A12
9633,MTL5
2352,FOLR3
54970,TTC12
6876,TAGLN
11181,TREH
79827,CLMP
63876,PKNOX2
56341,PRMT8
10566,AKAP3
9052,GPRC5A
55729,ATF7IP
5288,PIK3C2G
2998,GYS2
9847,C2CD5
8082,SSPN
440097,DBX2
374454,KRT77
283310,OTOGL
160419,C12ORF50
160418,TMTC3
59277,NTN4
160728,SLC5A8
10970,CKAP4
29902,FAM216A
8315,BRAP
9921,RNF10
23504,RIMBP2
50614,GALNT9
26278,SACS
2321,FLT1
26747,NUFIP1
122060,SLAIN1
114798,SLITRK1
26050,SLITRK5
641455,POTEM
79544,OR4K1
7011,TEP1
28682,TRAV8-4
28724,TRAJ31
4625,MYH7
89874,SLC25A21
114088,TRIM9
145407,C14ORF37
384,ARG2
4053,LTBP2
145501,ISM2
145508,CEP128
6400,SEL1L
53981,CPSF2
51676,ASB2
10858,CYP46A1
122402,TDRD9
100128927,ZBTB42
6263,RYR3
57099,AVEN
51332,SPTBN5
7782,SLC30A4
81556,VWA9
54982,CLN6
56905,C15ORF39
290,ANPEP
57585,CRAMP1L
51704,GPRC5B
7783,ZP2
1428,CRYM
2975,GTF3C1
246778,IL27
11273,ATXN2L
6299,SALL1
1003,CDH5
9114,ATP6V0D1
10664,CTCF
794,CALB2
10164,CHST4
2300,FOXL1
1013,CDH15
92822,ZNF276
23729,SHPK
4927,NUP88
4619,MYH1
10743,RAI1
284194,LGALS9B
6830,SUPT6H
374786,EFCAB5
4763,NF1
342618,SLFN14
6368,CCL23
55876,GSDMB
728318,KRTAP9-1
124872,B4GALNT2
4353,MPO
6198,RPS6KB1
6329,SCN4A
55852,TEX2
25926,NOL11
51081,MRPS7
10801,SEPT9
406905,MIR1-2
22878,TRAPPC8
8715,NOL4
25800,SLC39A6
28513,CDH19
51298,THEG
27134,TJP3
257062,CATSPERD
4542,MYO1F
50700,RDH8
374882,TMEM205
1995,ELAVL3
773,CACNA1A
5143,PDE4C
8178,ELL
10147,SUGP2
56242,ZNF253
7643,ZNF90
100287226,ZNF729
100130108,ZNF849P
26065,LSM14A
84911,ZNF382
6829,SUPT5H
9149,DYRK1B
284338,PRR19
5676,PSG7
5329,PLAUR
1158,CKM
6253,RTN2
729440,CCDC61
374918,IGFL1
6820,SULT2B1
8463,TEAD2
84258,SYT3
27180,SIGLEC9
89790,SIGLEC10
9668,ZNF432
162967,ZNF320
126017,ZNF813
126014,OSCAR
11025,LILRB3
79168,LILRA6
5794,PTPRH
729956,SHISA7
147687,ZNF417
117532,TMC2
83959,SLC4A11
128817,CSTL1
284802,FRG1B
245934,DEFB121
128876,FAM83C
60625,DHX35
64900,LPIN3
128553,TSHZ2
1002,CDH4
140893,RBBP8NL
7074,TIAM1
54084,TSPEAR
386676,KRTAP10-9
28770,IGLV11-55
28781,IGLV5-45
,C22ORF43
84700,MYO18B
9814,SFI1
10454,TAB1
23112,TNRC6B
6942,TCF20
553158,PRR5-ARHGAP8
10343,PKDREJ
7499,XG
7543,ZFX
170062,FAM47B
3266,ERAS
778,CACNA1F
9843,HEPH
84889,SLC7A3
5255,PHKA1
1046,CDX4
26280,IL1RAPL2
158800,RHOXF1
9131,AIFM1
139065,SLITRK4
84631,SLITRK2
140032,RPS4Y2
9588,PRDX6
,RP11-488L18.3
51692,CPSF3
5096,PCCB
645641,MESTP3
51574,LARP7
2247,FGF2
64780,MICAL1
,RP11-235G24.1
,RP11-700P18.2
,RP11-50E11.3
9469,CHST3
81198,OR5D15P
85456,TNKS1BP1
57646,USP28
55846,ITFG2
3741,KCNA5
3890,KRT84
390321,OR6C1
253832,ZDHHC20
5907,RAP1AP
3320,HSP90AA1
54822,TRPM7
388255,IGHV3OR16-8
11345,GABARAPL2
197331,TUBB8P7
1394,CRHR1
,HDHD1P3
378810,SNX19P1
4047,LSS
150365,MEI1
23507,LRRC8B
728597,DCDC2C
402117,VWC2L
4485,MST1
90102,PHLDB2
125,ADH1B
55714,TENM3
10048,RANBP9
8340,HIST1H2BL
7919,DDX39B
6046,BRD2
644150,WIPF3
168667,BMPER
643955,ZNF733P
7038,TG
6832,SUPV3L1
390144,OR5D16
402,ARL2
160428,ALDH1L2
122773,KLHDC1
22890,ZBTB1
5604,MAP2K1
55075,UACA
11173,ADAMTS7
9043,SPAG9
1548,CYP2A6
317703,VN1R4
574478,MIR524
58494,JAM2
7224,TRPC5
10446,LRRN2
64754,SMYD3
26247,OR2L1P
127062,OR2M3
81606,LBH
3694,ITGB6
6744,SSFA2
9431,OR7E22P
1981,EIF4G1
574537,UGT2A2
202333,CMYA5
5514,PPP1R10
401247,LINC00243
6892,TAPBP
57221,KIAA1244
6991,TCTE3
57057,TBX20
55695,NSUN5
7461,CLIP2
,C7ORF63
10734,STAG3
157570,ESCO2
441386,RPS26P3
2219,FCN1
10410,IFITM3
114571,SLC22A9
29907,SNX15
57410,SCYL1
29118,DDX25
56659,KCNK13
8925,HERC1
25820,ARIH1
7775,ZNF232
40,ASIC2
81033,KCNH6
55520,ELAC1
81926,ABHD17A
326342,EMR4P
6754,SSTR4
5613,PRKX
5199,CFP
8473,OGT
51616,TAF9B
83550,GPR101
4109,MAGEA10
400735,PRAMEF4
9923,ZBTB40
6883,TAF12
728116,ZBTB8B
58512,DLGAP3
127435,PODN
163782,KANK4
85440,DOCK7
84230,LRRC8C
24,ABCA4
279,AMY2A
22854,NTNG1
10286,BCAS2
80222,TARS2
388695,LYSMD1
57592,ZNF687
6699,SPRR1B
55154,MSTO1
922,CD5L
910,CD1B
343406,OR10R2
343409,OR10J8P
1401,CRP
477,ATP1A2
4921,DDR2
2328,FMO3
60676,PAPPA2
388719,LINC00272
23057,NMNAT2
343450,KCNT2
10878,CFHR3
56956,LHX9
55733,HHAT
55532,SLC30A10
10380,BPNT1
84976,DISP1
116841,SNAP47
200205,IBA57
64388,GREM2
2271,FH
9859,CEP170
114548,NLRP3
81470,OR2G2
388761,OR14A2
254879,OR2T6
6382,SDC1
4052,LTBP1
6519,SLC3A1
114800,CCDC85A
150962,PUS10
84865,CCDC142
100286979,ANAPC1P1
9451,EIF2AK3
28942,IGKV1-8
28874,IGKV3D-20
150483,TEKT4
,AC092675.3
727851,RGPD8
2071,ERCC3
4648,MYO7B
80097,MZT2B
440915,POTEKP
399520,TIMM8AP1
151258,SLC38A11
6328,SCN3A
3655,ITGA6
10290,SPEG
56947,MFF
80309,SPHKAP
3708,ITPR1
131096,KCNH8
199223,TTC21A
2829,XCR1
3697,ITIH1
55254,TMEM39A
10274,STAG1
344758,GPR149
114905,C1QTNF7
10463,SLC30A9
306,ANXA3
345274,SLC10A6
8633,UNC5C
285555,STPG2
84570,COL25A1
80854,SETD7
255520,ELMOD2
91351,DDX60L
340094,LINC01020
170690,ADAMTS16
,FAM105B
643300,HSPD1P1
29102,DROSHA
153657,TTC23L
345557,PLCXD3
,RP11-848G14.5
3842,TNPO1
345778,MTX3
4012,LNPEP
1105,CHD1
29930,PCDHB1
56112,PCDHGA3
56102,PCDHGB3
5097,PCDH1
5459,POU4F3
10915,TCERG1
389337,ARHGEF37
6444,SGCD
79646,PANK3
4835,NQO2
9450,LY86
8339,HIST1H2BG
257202,GPX6
442194,OR10C1
4277,MICB
259215,LY6G6F
4758,NEU1
7923,HSD17B8
4224,MEP1A
10321,CRISP3
57579,FAM135A
101928601,MEI4
,RP11-296E7.1
167681,PRSS35
2045,EPHA7
51362,CDC40
10345,TRDN
79747,ADGB
50508,NOX3
3482,IGF2R
222008,VSTM2A
51427,ZNF107
54809,SAMD9
5445,PON2
1780,DYNC1I1
1576,CYP3A4
10071,MUC12
79872,CBLL1
3912,LAMB1
91584,PLXNA4
136332,LRGUK
6718,AKR1D1
23601,CLEC5A
,RP11-1220K2.2
136541,PRSS58
135924,OR9A2
135932,TMEM139
9715,FAM131B
135946,OR6B1
26047,CNTNAP2
474344,GIMAP6
6009,RHEB
55112,WDR60
25960,GPR124
6867,TACC1
114926,SMIM19
4986,OPRK1
81796,SLCO5A1
79776,ZFHX4
81501,DCSTAMP
157753,TMEM74
93035,PKHD1L1
7227,TRPS1
401474,SAMD12
84985,FAM83A
312,ANXA13
654463,FER1L6
55039,TRMT12
729330,OC90
51105,PHF20L1
1585,CYP11B2
138474,TAF1L
23349,KIAA1045
8395,PIP5K1B
2395,FXN
9615,GDA
2776,GNAQ
1539,CYLC2
23732,FRRS1L
5742,PTGS1
6812,STXBP1
256158,HMCN2
1109,AKR1C4
8516,ITGA8
783,CACNB2
100421008,SLC9B1P3
282966,C10ORF53
84159,ARID5B
1592,CYP26A1
6319,SCD
22986,SORCS3
840,CASP7
7140,TNNT3
256892,OR51F1
119695,OR52R1
79470,OR51J1
338323,NLRP14
143425,SYT9
81846,SBF2
406,ARNTL
25758,KIAA1549L
55226,NAT10
2132,EXT2
29763,PACSIN3
10062,NR1H3
119750,OR4C2P
283257,TRIM51FP
119749,OR4C46
79097,TRIM48
219429,OR4C11
81300,OR4P4
84767,TRIM51
219487,OR5M11
390190,OR5B2
374393,FAM111B
404552,SCGB1D4
387273,KRTAP5-10
80168,MOGAT2
8301,PICALM
120114,FAT3
159989,CCDC67
85459,KIAA1731
154810,AMOTL1
57453,DSCAML1
55800,SCN3B
219874,OR6T1
4013,VWA5A
387815,OR8G3P
50937,CDON
440073,IQSEC3
6539,SLC6A12
2,A2M
3824,KLRD1
5800,PTPRO
112,ADCY6
10376,TUBA1B
7846,TUBA1A
3853,KRT6A
121391,KRT74
3178,HNRNPA1
390326,OR6C76
3626,INHBC
79611,ACSS3
4048,LTA4H
317,APAF1
23316,CUX2
6311,ATXN2
4938,OAS1
8655,DYNLL1
22953,P2RX2
729501,ZNF962P
284232,ANKRD20A9P
5042,PABPC3
122046,TEX26
7223,TRPC4
8803,SUCLA2
10257,ABCC4
196541,METTL21C
122742,OR4L1
122651,RNASE11
283554,GPR137C
10979,FERMT2
26037,SIPA1L1
9369,NRXN3
55812,SPATA7
57062,DDX24
388007,SERPINA13P
84193,SETD3
8812,CCNK
28420,IGHV3-53
646243,CXADRP2
28317,IGHV4OR15-8
100033429,SNORD116-17
440248,HERC2P9
256646,NUTM1
440270,GOLGA8B
373509,USP50
79856,SNX22
49855,SCAPER
7190,HSP90B2P
7369,UMOD
440352,SNX29P2
91807,MYLK3
23090,ZNF423
1066,CES1
221223,CES5A
54768,HYDIN
1012,CDH13
6687,SPG7
245,ALOX12P2
644139,PIRT
94158,CDRT15P1
31,ACACA
9001,HAP1
100506650,C17ORF112
440452,TBC1D3P2
1442,CSH1
10351,ABCA8
23136,EPB41L3
4160,MC4R
148066,ZNRF4
7297,TYK2
58525,WIZ
26539,OR10H1
8529,CYP4F2
7594,ZNF43
147991,DPY19L3
10870,HCST
83889,WDR87
27335,EIF3K
10683,DLL3
57716,PRX
83757,CYP2G2P
5672,PSG4
342909,ZNF284
26974,ZNF285
10849,CD3EAP
2909,ARHGAP35
94115,CGB8
946,SIGLEC6
100302265,MIR1283-1
204801,NLRP11
284309,ZNF776
140710,SOGA1
57169,ZNFX1
3745,KCNB1
1477,CSTF1
140578,CHODL
54143,LINC00308
140258,KRTAP13-1
54101,RIPK4
386674,KRTAP10-6
80781,COL18A1
23181,DIP2A
23784,POTEH
107080639,ANKRD62P1
9647,PPM1F
8563,THOC5
79174,CRELD2
8227,AKAP17A
140456,ASB11
548313,SSX4B
170626,XAGE3
,RP11-3D23.1
2846,LPAR4
1121,CHM
402415,XKRX
,RP3-341D10.1
8450,CUL4B
286423,MRRFP1
9947,MAGEC1
2332,FMR1
2334,AFF2
406897,MIR105-1
114824,PNMA5
4354,MPP1
391189,OR11L1
,RP11-790I12.2
53343,NUDT9
27147,DENND2A
23307,FKBP15
145814,PGPEP1L
57449,PLEKHG5
79739,TTLL7
11146,GLMN
440686,HIST2H3PS2
7678,ZNF124
10010,TANK
339965,CCDC158
23033,DOPEY1
55971,BAIAP2L1
7486,WRN
22931,RAB18
2915,GRM5
3164,NR4A1
4293,MAP3K9
653557,BMS1P8
5306,PITPNA
4335,MNT
,AC005863.1
440456,PLEKHM1P
388579,TUBB8P11
81569,ACTL8
57822,GRHL3
3925,STMN1
59269,HIVEP3
6487,ST3GAL3
64123,ELTD1
653702,RPL7P9
3749,KCNC4
26191,PTPN22
7062,TCHH
4581,MTX1P1
55758,RCOR3
7779,SLC30A1
55699,IARS2
79802,HHIPL2
8476,CDC42BPA
56776,FMN2
81472,OR2C3
81466,OR2L5
127069,OR2T10
64342,HS1BP3
100129278,TDRD15
51072,MEMO1
165140,OXER1
79315,OR7E91P
28940,IGKV1-12
28935,IGKV1-27
8807,IL18RAP
11250,GPR45
84084,RAB6C
80731,THSD7B
114793,FMNL2
285116,AHCTF1P1
3236,HOXD10
2660,MSTN
130540,ALS2CR12
57695,USP37
151473,SLC16A14
1293,COL6A3
7862,BRPF1
151651,EFHB
3081,HGD
151636,DTX3L
55764,IFT122
285195,SLC9A9
8833,GMPS
1962,EHHADH
84239,ATP13A4
131578,LRRC15
727956,SDHAP2
442104,OR7E86P
83888,FGFBP2
57733,GBA3
6696,SPP1
27068,PPA2
132612,ADAD1
84076,TKTL2
1182,CLCN3
116966,WDR17
60684,TRAPPC11
2180,ACSL1
10723,SLC12A7
340024,SLC6A19
79192,IRX1
441061,MARCH11
4651,MYO10
1016,CDH18
54545,MTMR12
133558,MROH2B
166979,CDC20B
8507,ENC1
133482,SLCO6A1
1036,CDO1
51523,CXXC5
56126,PCDHB10
54660,PCDHB18
56111,PCDHGA4
8641,PCDHGB4
134466,ZNF300P1
285643,KIF4B
147,ADRA1B
64901,RANBP17
6793,STK10
54825,CDHR2
2162,F13A1
63971,KIF13A
221656,KDM1B
4340,MOG
7124,TNF
177,AGER
83795,KCNK16
5190,PEX6
6005,RHAG
245913,DEFB110
81578,COL21A1
26036,ZNF451
9096,TBX18
23036,ZNF292
2534,FYN
26002,MOXD1
8875,VNN2
113115,MTFR2
8871,SYNJ2
4018,LPA
4301,MLLT4
51251,NT5C3A
2645,GCK
9723,SEMA3E
441272,SPDYE3
93664,CADPS2
80853,KDM7A
4846,NOS3
5799,PTPRN2
56154,TEX15
10434,LYPLA1
406908,MIR124-2
65986,ZBTB10
2669,GEM
157680,VPS13B
22882,ZHX2
114,ADCY8
6503,SLA
57623,ZFAT
11168,PSIP1
,RP11-460N11.2
23230,VPS13A
84726,PRRC2B
10531,PITRM1
54906,FAM208B
57713,SFMBT2
53904,MYO3A
374308,PTCHD3
1390,CREM
219771,CCNY
,RP11-324H6.5
56624,ASAH2
22943,DKK1
1763,DNA2
2894,GRID1
84458,LCOR
1244,ABCC2
26033,ATRNL1
5407,PNLIPRP1
59338,PLEKHA1
10539,GLRX3
283297,OR10A4
387755,INSC
259249,MRGPRX1
4745,NELL1
119765,OR4B1
79346,OR4C5
256190,OR4C50P
8594,OR5D3P
219436,OR5D14
401687,OR5J1P
219469,OR8H1
390181,OR5AK2
84689,MS4A14
83661,MS4A8
80198,MUS81
266743,NPAS4
4718,NDUFC2
7299,TYR
341208,HEPHL1
4316,MMP7
22897,CEP164
3587,IL10RA
23650,TRIM29
,RP11-22B23.1
440081,DDX12P
10748,KLRAP1
5139,PDE3A
,IFLTD1
341350,OVCH1
83857,TMTC1
116986,AGAP2
57522,SRGAP1
8549,LGR5
89795,NAV3
11081,KERA
160762,CCDC63
26259,FBXW8
5027,P2RX7
221178,SPATA13
89890,KBTBD6
55068,ENOX1
106480416,PRR20FP
27253,PCDH17
81550,TDRD3
,RP11-754I20.3
2999,GZMH
4253,CTAGE5
55727,BTBD7
23405,DICER1
28444,IGHV3-21
114791,TUBGCP5
4948,OCA2
85455,DISP2
79834,PEAK1
101927601,GOLGA6L19
55180,LINS
390648,OR4F6
84901,NFATC2IP
6530,SLC6A2
1006,CDH8
23536,ADAT1
114780,PKD1L2
63826,SRR
388333,SPDYE4
8522,GAS7
284047,CCDC144B
10517,FBXW10
23666,UBBP4
114659,LRRC37B
79132,DHX58
6662,SOX9
339221,ENPP7
,RP11-1055B8.7
23347,SMCHD1
1830,DSG3
55034,MOCOS
90701,SEC11C
7776,ZNF236
718,C3
4784,NFIX
3594,IL12RB1
730087,ZNF92P3
115703,ARHGAP33
653579,CD177P1
83639,TEX101
7766,ZNF223
1082,CGB
126129,CPT1C
59348,ZNF350
3904,LAIR2
90011,KIR3DX1
7138,TNNT1
147945,NLRP4
7691,ZNF132
64601,VPS16
128674,PROKR2
140880,CST11
1789,DNMT3B
84181,CHD6
4318,MMP9
8537,BCAS1
7022,TFAP2C
,LINC00478
2618,GART
6453,ITSN1
4600,MX2
54039,PCBP3
23759,PPIL2
79640,C22ORF46
112885,PHF21B
4112,MAGEB1
8239,USP9X
6758,SSX5
79589,RNF128
5631,PRPS1
139741,ACTRT1
7547,ZIC3
51438,MAGEC2
10911,UTS2
57540,PTCHD2
65122,PRAMEF2
11223,MST1L
1889,ECE1
3399,ID3
,ADC
339559,ZFP69
10969,EBNA1BP2
731,C8A
732,C8B
84251,SGIP1
8556,CDC14A
280,AMY2B
7252,TSHB
,RP11-763B22.9
79005,SCNM1
57115,PGLYRP4
56833,SLAMF8
9722,NOS1AP
284525,SLC9C2
126859,AXDND1
3915,LAMC1
8707,B3GALT2
23380,SRGAP2
1378,CR1
64757,MARC1
56997,ADCK3
57568,SIPA1L2
81469,OR2G3
805,CALM2
4190,MDH1
,AC016700.4
7840,ALMS1
1768,DNAH6
28900,IGKV1D-17
56886,UGGT1
4175,MCM6
390,RND3
151531,UPP2
92196,DAPL1
285025,CCDC141
91404,SESTD1
51281,ANKMY1
391524,THRAP3P1
10777,ARPP21
9943,OXSR1
64147,KIF9
131909,FAM172BP
64332,NFKBIZ
,WDR52
2804,GOLGB1
30849,PIK3R4
83850,ESYT3
389151,PRR23B
7545,ZIC1
89782,LMLN
80273,GRPEL1
23216,TBC1D1
2565,GABRG1
84708,LNX1
9662,CEP135
57482,KIAA1211
5593,PRKG2
4547,MTTP
54726,OTUD4
51809,GALNT7
2483,FRG1
653082,ZDHHC11B
728411,GUSBP1
5369,PMCHL1
6507,SLC1A3
2690,GHR
134288,TMEM174
1160,CKMT2
56145,PCDHA3
56138,PCDHA11
56121,PCDHB15
56105,PCDHGA11
2890,GRIA1
26762,HAVCR1
8728,ADAM19
57222,ERGIC1
30832,ZNF354C
7738,ZNF184
84547,PGBD1
442186,OR2J3
3105,HLA-A
23294,ANKS1A
221393,GPR115
2569,GABRR1
6885,MAP3K7
10767,HBS1L
84085,FBXO30
9113,LATS1
80329,ULBP1
80177,MYCT1
10846,PDE10A
51608,GET4
222967,RSPH10B
10643,IGF2BP3
100129460,DPY19L1P1
100127950,HECW1-IT1
83637,ZMIZ2
64759,TNS3
441234,ZNF716
22932,POMZP3
85025,TMEM60
4034,LRCH4
4584,MUC3A
5172,SLC26A4
23553,HYAL4
57016,AKR1B10
27010,TPK1
57180,ACTR3B
,RP11-351I21.6
6570,SLC18A1
137970,UNC5D
8973,CHRNA6
2138,EYA1
51050,PI15
4325,MMP16
1807,DPYS
27085,MTBP
23639,LRRC6
3443,IFNA6
3440,IFNA2
9380,GRHPR
392376,OR13C2
23392,KIAA0368
2572,GAD2
118738,ZNF488
5949,RBP3
220963,SLC16A9
9044,BTAF1
1369,CPN1
56652,C10ORF2
22841,RAB11FIP2
503542,SPRN
143630,UBQLNL
120796,OR56A1
887,CCKBR
26496,OR10A3
4005,LMO2
9793,CKAP5
119764,OR4X2
283116,TRIM49B
79308,OR4P1P
219437,OR5L1
219438,OR5D18
219445,OR7E5P
390157,OR8K1
9246,UBE2L6
25921,ZDHHC5
10313,RTN3
8586,OR7E87P
26005,C2CD3
27314,RAB30
4319,MMP10
160140,C11ORF65
9099,USP2
219869,OR10G8
2113,ETS1
283463,MUC19
84698,CAPS2
4618,MYF6
7184,HSP90B1
9733,SART3
,RP5-944M2.3
51761,ATP8A2
255967,PAN3
2974,GUCY1B2
390436,OR4K17
28678,TRAV9-1
22985,ACIN1
1073,CFL2
84075,FSCB
54813,KLHL28
81542,TMX1
58517,RBM25
338917,VSX2
9870,AREL1
123041,SLC24A4
145264,SERPINA12
12,SERPINA3
29933,GPR132
3493,IGHA1
646096,CHEK2P2
7681,MKRN3
84936,ZFYVE19
9728,SECISBP2L
79631,EFTUD1
4916,NTRK3
176,ACAN
23430,TPSD1
79905,TMC7
342426,ZNF720P1
,RP11-80F22.10
1014,CDH16
7571,ZNF23
22980,TCF25
23302,WSCD1
83450,LRRC48
2314,FLII
7732,RNF112
3859,KRT12
7706,TRIM25
9256,BZRAP1
5414,SEPT4
1824,DSC2
79973,ZNF442
22983,MAST1
2063,NR2F6
,AC078899.1
100129543,ZNF730
55094,GPATCH1
284403,WDR62
63946,DMRTC2
57664,PLEKHA4
3809,KIR2DS4
126204,NLRP13
5178,PEG3
1,A1BG
55968,NSFL1C
,C20ORF26
,PLK1S1
57136,APMAP
149954,BPIFB4
6714,SRC
7150,TOP1
326,AIRE
57553,MICAL3
1439,CSF2RB
140564,APOBEC3D
164684,WBP2NL
347527,ARSH
51284,TLR7
170063,CXORF22
280660,SSX9
65267,WNK3
7503,XIST
286495,TTC3P1
51260,PBDC1
441531,PGAM4
53336,CPXCR1
3188,HNRNPH2
106481605,TCP11X3P
23157,SEPT6
158763,ARHGAP36
139067,SPANXN3
4105,MAGEA6
3581,IL9R
51097,SCCPDH
26696,OR2T1
130120,REG3G
342184,FMN1
984,CDK11B
65121,PRAMEF1
127731,VWA5B1
619518,SSBP3-AS1
91624,NEXN
284697,KIAA1107
178,AGL
118427,OLFM3
3158,HMGCS2
,RP11-782C8.2
5313,PKLR
83416,FCRL5
962,CD48
2215,FCGR3B
,AL626787.1
92235,DUSP27
2326,FMO1
7143,TNR
23127,COLGALT2
259266,ASPM
27185,DISC1
1130,LYST
4811,NID1
729171,ANKRD20A8P
8809,IL18R1
389015,SLC9A4
11249,NXPH2
3800,KIF5C
6323,SCN1A
,AC079354.1
4133,MAP2
1674,DES
64866,CDCP1
5067,CNTN3
200959,GABRR3
151871,DPPA2
205717,KIAA2018
254887,ZDHHC23
57577,KIAA1407
8997,KALRN
4690,NCK1
8626,TP63
645104,CLRN2
5156,PDGFRA
100302177,MIR1269A
419,ART3
132320,SCLT1
166968,MIER3
10788,IQGAP2
23440,OTP
29958,DMGDH
10085,EDIL3
285605,DTWD2
4015,LOX
28965,SLC27A6
9542,NRG2
57717,PCDHB16
56114,PCDHGA1
9708,PCDHGA8
56099,PCDHGB7
26112,CCDC69
1879,EBF1
266727,MDGA1
3326,HSP90AB1
4594,MUT
221357,GSTA5
401265,KLHL31
3062,HCRTR2
7272,TTK
60468,BACH2
6492,SIM1
2898,GRIK2
2309,FOXO3
221264,AK9
5340,PLG
221938,MMD2
10551,AGR2
285941,C7ORF71
9586,CREB5
5137,PDE1C
,RP4-791C19.1
,AC018720.10
889,KRIT1
84124,ZNF394
84691,FAM71F1
60412,EXOC4
,AC073310.4
83595,SOX7
6101,RP1
3174,HNF4G
3574,IL7
286151,FBXO43
2875,GPT
,RP11-145E5.5
7010,TEK
8789,FBP2
2203,FBP1
58499,ZNF462
5887,RAD23B
3371,TNC
7185,TRAF1
55691,FRMD4A
220972,MARCH8
253725,FAM21C
11128,POLR3A
5995,RGR
8861,LDB1
6737,TRIM21
401663,OR51H1P
219432,OR4C6
390174,OR9G1
219983,OR4D6
64232,MS4A5
10992,SF3B2
143689,PIWIL4
9638,FEZ1
3762,KCNJ5
4839,NOP2
653113,FAM86FP
259290,TAS2R31
50846,DHH
64375,IKZF4
160335,TMTC2
22895,RPH3A
113675,SDSL
11113,CIT
5901,RAN
2073,ERCC5
5587,PRKD1
51528,JKAMP
957,ENTPD5
100033419,SNORD116-7
54816,ZNF280D
,HSA-MIR-7162
3419,IDH3A
8120,AP3B2
23336,SYNM
10607,TBL3
124454,EARS2
5579,PRKCB
124411,ZNF720
869,CBLN1
3250,HPR
489,ATP2A3
400569,MED11
6462,SHBG
482,ATP1B2
55135,WRAP53
23164,MPRIP
124925,SEZ6
85289,KRTAP4-5
8687,KRT38
6904,TBCD
55125,CEP192
6860,SYT4
23327,NEDD4L
23030,KDM4B
126070,ZNF440
199786,FAM129C
100271386,RPS4XP20
,SELV
478,ATP1A3
5817,PVR
147912,SIX5
1760,DMPK
57348,TTYH1
126206,NLRP5
60598,KCNK15
259240,WFDC9
3755,KCNG1
100131902,KRTAP25-1
4248,MGAT3
84271,POLDIP3
1438,CSF2RA
8852,AKAP4
340527,NHSL2
254065,BRWD3
3423,IDS
10,NAT2
9927,MFN2
55672,NBPF1
127540,HMGB4
388677,NOTCH2NL
5710,PSMD4
353139,LCE2A
90780,PYGO2
57863,CADM3
6258,RXRG
360023,ZBTB41
59349,KLHL12
51706,CYB5R1
4548,MTR
57498,KIDINS220
8648,NCOA1
58484,NLRC4
64240,ABCG5
4436,MSH2
10575,CCT4
200420,ALMS1P
388960,C2ORF78
84172,POLR1B
22930,RAB3GAP1
64844,MARCH7
4780,NFE2L2
26154,ABCA12
55825,PECR
54577,UGT1A7
152110,NEK10
386724,AMIGO3
29890,RBM15B
200844,C3ORF67
91775,NXPE3
55347,ABHD10
523,ATP6V1A
165631,PARP15
80723,SLC35G2
57047,PLSCR2
254827,NAALADL2
5290,PIK3CA
59343,SENP2
5648,MASP1
84223,IQCG
5099,PCDH7
5910,RAP1GDS1
27152,INTU
79658,ARHGAP10
55319,TMA16
55016,MARCHF1
27295,PDLIM3
8470,SORBS2
6550,SLC9A3
5921,RASA1
27125,AFF4
56106,PCDHGA10
26999,CYFIP2
81697,OR2B2
3107,HLA-C
57827,C6ORF47
3122,HLA-DRA
266977,GPR110
55510,DDX43
892,CCNC
2070,EYA4
56995,TULP4
2853,GPR31
54476,RNF216
84725,PLEKHA8
223075,CCDC129
989,SEPT7
105375355,UPK3B
57157,PHTF2
219557,C7ORF62
57541,ZNF398
203076,C8ORF74
54904,WHSC1L1
157530,ST13P6
573,BAG1
389715,FAM205B
138724,C9ORF131
23137,SMC5
5535,PPP3R2
138804,OR13C4
158401,C9ORF84
7357,UGCG
169834,ZNF883
85301,COL27A1
11064,CNTRL
119180,LYZL2
80314,EPC1
8453,CUL2
158160,HSD17B7P2
355,FAS
10580,SORBS1
120,ADD3
56165,TDRD1
2263,FGFR2
4288,MKI67
387751,GVINP1
117194,MRGPRX2
10114,HIPK3
60529,ALX4
390155,OR5T1
23649,POLA2
378938,MALAT1
221,ALDH3B1
55291,PPP6R3
120103,SLC36A4
23086,EXPH5
6653,SORL1
399967,PATE2
440077,ZNF705A
8496,PPFIBP1
10526,IPO8
441631,TSPAN11
55605,KIF21A
113251,LARP4
83729,INHBE
23329,TBC1D30
29953,TRHDE
4254,KITLG
84749,USP30
9904,RBM19
55596,ZCCHC8
221143,N6AMT2
5095,PCCA
23263,MCF2L
387332,TBPL2
79882,ZC3H14
4140,MARK3
283796,GOLGA8I
8483,CILP
5780,PTPN9
10239,AP3S2
26276,VPS33B
1106,CHD2
204219,CERS3
5046,PCSK6
4261,CIITA
23062,GGA2
57019,CIAPIN1
23019,CNOT1
80262,C16ORF70
1723,DHODH
23174,ZCCHC14
10594,PRPF8
643664,SLC35G6
7566,ZNF18
230,ALDOC
79736,TEFM
163,AP2B1
729873,TBC1D3
653240,KRTAP4-11
9884,LRRC37A
474170,LRRC37A2
996,CDC27
1353,COX11
146722,CD300LF
2232,FDXR
284001,CCDC57
26648,OR7E24
54811,ZNF562
55295,KLHL26
339318,ZNF181
3978,LIG1
6237,RRAS
8778,SIGLEC5
10172,ZNF256
22974,TPX2
9371,KIF3B
128866,CHMP4B
59271,EVA1C
79159,NOL12
64800,EFCAB6
85378,TUBGCP6
3563,IL3RA
139105,BEND2
23597,ACOT9
139285,AMER1
340526,RGAG4
158866,ZDHHC15
101060146,CHMP1B2P
643311,CT47B1
83844,USP26
55511,SAGE1
27336,HTATSF1
4168,MCF2
57621,ZBTB2
3643,INSR
54897,CASZ1
6920,TCEA3
103,ADAR
2630,GBAP1
55870,ASH1L
9910,RABGAP1L
5768,QSOX1
3099,HK2
8685,MARCO
22865,SLITRK3
55486,PARL
6423,SFRP2
64924,SLC30A5
100126572,GJE1
285966,FAM115C
143502,OR52I2
493860,CCDC73
440061,TRIM64EP
57562,KIAA1377
341359,SYT10
283578,TMED8
79789,CLMN
8663,EIF3C
9513,FXR2
752,FMNL1
11190,CEP250
4744,NEFH
59272,ACE2
7403,KDM6A
81669,CCNL2
7161,TP73
1185,CLCN6
90231,KIAA2013
55187,VPS13D
9249,DHRS3
249,ALPL
1307,COL16A1
6018,RLF
25974,MMACHC
100507490,ZNF859P
440590,ZYG11A
606495,CYB5RL
25973,PARS2
57685,CACHD1
431707,LHX8
26289,AK5
23032,USP33
255231,MCOLN2
1179,CLCA1
22802,CLCA4
54482,TRMT13
7412,VCAM1
10451,VAV3
100507044,NBPF5P
1117,CHI3L2
270,AMPD1
5738,PTGFRN
8515,ITGA10
,RP11-14N7.2
9869,SETDB1
63827,BCAN
142683,ITLN2
23215,PRRC2C
51430,SUCO
5317,PKP1
115019,SLC26A9
3914,LAMB3
28982,FLVCR1
25909,AHCTF1
343169,OR6F1
129642,MBOAT2
130502,TTC32
79172,CENPO
3030,HADHA
10128,LRPPRC
,AC017083.3
84168,ANTXR1
1639,DCTN1
28923,IGKV2-24
643445,TRIM43CP
200403,VWA3B
164832,LONRF2
6549,SLC9A2
150468,CKAP2L
3557,IL1RN
55679,LIMS2
91409,CCDC74B
344561,GPR148
785,CACNB4
55660,PRPF40A
80034,CSRNP3
79675,FASTKD1
11069,RAPGEF4
3676,ITGA4
55854,ZC3H15
150709,ANKAR
117583,PARD3B
2825,GPR1
8576,STK16
653437,AQP12B
57633,LRRN1
201595,STT3B
11280,SCN11A
375337,TOPAZ1
23395,LARS2
4057,LTF
84126,ATRIP
1294,COL7A1
79012,CAMKV
2779,GNAT1
2912,GRM2
6787,NEK4
389125,MUSTN1
26059,ERC2
56999,ADAMTS9
84864,MINA
79291,OR5H7P
50939,IMPG2
56987,BBX
131450,CD200R1
29083,GTPBP8
201633,TIGIT
114112,TXNRD3NB
5948,RBP2
165679,SPTSSB
79572,ATP13A3
2261,FGFR3
282754,OR4D12P
57537,SORCS2
100287045,FAM90A26
,RP11-1396O13.15
55728,N4BP2
323,APBB2
2557,GABRA4
152579,SCFD2
9407,TMPRSS11D
,C4ORF40
85438,CABS1
57619,SHROOM3
345079,SOWAHB
23001,WDFY3
10144,FAM13A
6870,TACR3
1950,EGF
11199,ANXA10
,CTD-2324F15.2
64902,AGXT2
735,C9
10884,MRPS30
348980,HCN1
27292,DIMT1
3074,HEXB
134187,POU5F2
57113,TRPC7
26249,KLHL3
51780,KDM3B
26025,PCDHGA12
64411,ARAP3
9812,KIAA0141
202374,STK32A
206358,SLC36A1
30820,KCNIP1
64324,NSD1
221711,SYCP2L
4739,NEDD9
3010,HIST1H1T
170954,PPP1R18
7148,TNXB
9374,PPT2
3833,KIFC1
285852,TREML4
55362,TMEM63B
202500,TCTE1
3605,IL17A
112744,IL17F
2570,GABRR2
8936,WASF1
285761,DCBLD1
84456,L3MBTL3
5169,ENPP3
84946,LTV1
23345,SYNE1
83861,RSPH3
2768,GNA12
340277,FAM221A
56164,STK31
1124,CHN2
313,AOAH
273,AMPH
136288,C7ORF57
,FKBP9L
64409,WBSCR17
5383,PMS2P5
9863,MAGI2
10512,SEMA3C
401387,LRRD1
10282,BET1
375607,NAT16
222255,ATXN7L1
83943,IMMP2L
64753,CCDC136
441282,AKR1B15
50831,TAS2R3
130075,OR9A4
28584,TRBV10-2
28567,TRBV20-1
55503,TRPV6
135948,OR2F2
155054,ZNF425
55340,GIMAP5
,IQCA1P1
1804,DPP6
64434,NOM1
645879,FAM90A12P
11178,LZTS1
203190,LGI3
2137,EXTL3
54212,SNTG1
,RP11-1112C15.1
7373,COL14A1
58500,ZNF250
54796,BNC2
158297,FAM154A
158038,LINGO2
,RP11-160N1.10
100289124,FAM27E2
4915,NTRK2
6850,SYK
10558,SPTLC1
65268,WNK2
5727,PTCH1
9568,GABBR2
8577,TMEFF1
1620,BRINP1
10244,RABEPK
158248,TTC16
26995,TRUB2
4957,ODF2
8939,FUBP3
643224,TUBBP5
84893,FBXO18
221044,UCMA
9317,PTER
340895,MALRD1
84898,PLXDC2
,C10ORF68
643236,TMEM72
,CTGLF10P
,CTGLF12P
221037,JMJD1C
5033,P4HA1
414254,RPSAP6
92211,CDHR1
54537,FAM35A
643414,LIPK
26509,MYOF
266971,PIPSL
10613,ERLIN1
9221,NOLC1
10121,ACTR1A
9644,SH3PXD2A
57698,KIAA1598
2018,EMX2
7073,TIAL1
399823,FOXI2
,TTC40
4046,LSP1
27315,PGAP2
81282,OR51G2
390081,OR52E4
144124,OR10A5
374378,GALNT18
283284,IGSF22
55366,LGR4
960,CD44
1643,DDB2
646754,TRIM64C
,RP11-707M1.1
440041,TRIM51HP
81327,OR4A16
81221,OR5AQ1P
81168,OR8J3
219453,OR8K5
6749,SSRP1
81155,OR9I3P
932,MS4A3
5331,PLCB3
9379,NRXN2
1521,CTSW
91683,SYT12
4926,NUMA1
11309,SLCO2B1
220388,CCDC89
23387,SIK3
7007,TECTA
6768,ST14
399979,SNX19
22997,IGSF9B
89944,GLB1L2
,ABC7-42389800N19.1
84519,ACRBP
57379,AICDA
55711,FAR2
,RP11-551L14.1
91523,PCED1B
10445,MCRS1
11226,GALNT6
653441,PHC1P1
22864,R3HDM2
3798,KIF5A
23041,MON2
56899,ANKS1B
11108,PRDM4
80018,NAA25
196385,DNAH10
57647,DHX37
114795,TMEM132B
23047,PDS5B
100506759,OR7E37P
5925,RB1
6555,SLC10A2
390439,OR11G2
2290,FOXG1
4792,NFKBIA
319089,TTC6
10484,SEC23A
6655,SOS2
5732,PTGER2
341883,LRRC9
83851,SYT16
23503,ZFYVE26
8110,DPF3
646370,IGHV1OR15-3
104472715,SNHG14
2558,GABRA5
2567,GABRG3
321,APBA2
653073,GOLGA8J
6447,SCG5
70,ACTC1
64397,ZNF106
80208,SPG11
399694,SHC4
161582,DYX1C1
83660,TLN2
7168,TPM1
54839,LRRC49
60677,CELF6
1583,CYP11A1
100302666,CSPG4P13
,KIAA1199
84206,MEX3B
646,BNC1
400451,FAM174B
170691,ADAMTS17
100216544,DNM1P47
9742,IFT140
89927,C16ORF45
57478,USP31
50615,IL21R
10847,SRCAP
28307,IGHV3OR16-9
94160,ABCC12
146456,TMED6
55308,DDX19A
497190,CLEC18B
100996541,FAM157C
23108,RAP1GAP2
84690,SPATA22
22861,NLRP1
9912,ARHGAP44
3768,KCNJ12
54752,FNDC8
414060,TBC1D3C
3857,KRT9
162427,FAM134C
146909,KIF18B
201176,ARHGAP27
8631,SKAP1
404266,HOXB-AS3
54799,MBTD1
342538,NACA2
2186,BPTF
3759,KCNJ2
643159,ATF4P3
63893,UBE2O
23253,ANKRD12
342850,ANKRD62
162655,ZNF519
4768,NF1P5
,RP11-454P7.1
6093,ROCK1
1000,CDH2
147372,CCBE1
8710,SERPINB7
5273,SERPINB10
644041,C18ORF63
10194,TSHZ1
8943,AP3D1
4125,MAN2B1
29911,HOOK2
5886,RAD23A
84658,EMR3
23581,CASP14
7644,ZNF91
92283,ZNF461
284323,ZNF780A
342908,ZNF404
147711,ZNF285B
147657,ZNF480
162963,ZNF610
91661,ZNF765
10990,LILRB5
23547,LILRA4
338321,NLRP9
284759,SIRPB2
56265,CPXM1
23627,PRND
,RP5-828H9.1
54363,HAO1
1469,CST1
359710,BPIFB3
9054,NFS1
22839,DLGAP4
128439,SNHG11
84969,TOX2
140834,C20ORF62
128506,OCSTAMP
100505852,ZNF355P
337882,KRTAP19-1
27443,CECR2
6576,SLC25A1
28804,IGLV3-9
23523,CABIN1
646074,POM121L10P
85379,KIAA1671
150275,CCDC117
200312,RNF215
158,ADSL
80274,SCUBE1
55007,FAM118A
26609,VCX
5256,PHKA2
80311,KLHL15
645090,CXORF30
5009,OTC
9823,ARMCX2
158931,TCEAL6
64860,ARMCX5
158798,AKAP14
1852,DUSP9
57595,PDZD4
2316,FLNA
83259,PCDH11Y
286554,BCORP1
5792,PTPRF
617,BCS1L
22902,RUFY3
387036,GUSBP2
114049,WBSCR22
389558,FAM180A
5168,ENPP2
27063,ANKRD1
119587,CPXM2
83758,RBP5
9344,TAOK2
10642,IGF2BP1
63895,PIEZO2
3597,IL13RA1
83858,ATAD3B
23435,TARDBP
80834,TAS1R2
51441,YTHDF2
6429,SRSF4
9202,ZMYM4
1503,CTPS1
3725,JUN
127795,C1ORF87
54680,ZNHIT6
30836,DNTTIP2
100420341,SEC63P1
148545,NBPF4
51592,TRIM33
2330,FMO5
6280,S100A9
8548,BLZF1
90806,ANGEL2
9156,EXO1
23175,LPIN1
57539,WDR35
114818,KLHL29
,AC118345.2
84913,ATOH8
7844,RNF103
389000,SLC9B1P2
6819,SULT1C2
83607,AMMECR1L
84083,ZRANB3
100526664,LY75-CD302
2191,FAP
6741,SSB
1144,CHRND
6529,SLC6A1
23066,CAND2
7508,XPC
339834,CCDC36
9657,IQCB1
54625,PARP14
57501,KIAA1257
66000,TMEM108
205428,C3ORF58
56922,MCCC1
647276,RPL4P4
5984,RFC4
285386,TPRG1
23231,SEL1L3
79644,SRD5A3
28983,TMPRSS11E
51138,COPS4
84803,AGPAT9
,C4ORF21
27309,ZNF330
166614,DCLK2
729566,ZBTB8OSP1
9693,RAPGEF2
26269,FBXO8
65250,C5ORF42
79668,PARP8
54853,WDR55
56122,PCDHB14
11005,SPINK5
2324,FLT4
55003,PAK1IP1
405754,ERVFRD-1
8347,HIST1H2BC
64288,ZSCAN31
81696,OR5V1
135656,DPCR1
10665,C6ORF10
117283,IP6K3
54887,UHRF1BP1
6954,TCP11
389384,C6ORF222
57510,XPO5
347734,SLC35B2
114327,EFHC1
202,AIM1
8838,WISP3
23270,TSPYL4
221302,ZUFSP
222546,RFX6
6098,ROS1
254394,MCM9
8876,VNN1
54516,MTRF1L
135138,PACRG
8662,EIF3B
3696,ITGB8
54606,DDX56
63979,FIGNL1
9031,BAZ1B
222223,KIAA1324L
9069,CLDN12
611,OPN1SW
27299,ADAMDEC1
11212,PROSC
84513,PPAPDC1B
3551,IKBKB
84376,HOOK3
51606,ATP6V1H
4067,LYN
,MTERFD1
8323,FZD6
5885,RAD21
158219,TTC39B
54926,UBE2R2
727830,SPATA31A3
29979,UBQLN1
55582,KIF27
51531,C9ORF156
286365,OR13D1
5774,PTPN3
26190,FBXW2
10773,ZBTB6
7248,TSC1
22921,MSRB2
79741,CCDC7
59307,SIGIRR
6764,ST5
55553,SOX6
7166,TPH1
390154,OR5T3
219956,OR9Q1
9415,FADS2
1937,EEF1G
6811,STX5
5970,RELA
84153,RNASEH2C
9440,MED17
53942,CNTN5
4321,MMP12
64137,ABCG4
4162,MCAM
27034,ACAD8
2120,ETV6
3709,ITPR2
5318,PKP2
121273,C12ORF54
57658,CALCOCO1
341418,OR6C4
10956,OS9
55508,SLC35E3
7103,TSPAN8
84125,LRRIQ1
440107,PLEKHG7
55010,PARPBP
8683,SRSF9
219409,GSX1
160851,DGKH
10464,PIBF1
8906,AP1G2
55015,PRPF39
9786,KIAA0586
26030,PLEKHG3
5663,PSEN1
91750,LIN52
51077,FCF1
145567,TTC7B
28451,IGHV3-9
283652,SLC24A5
3067,HDC
51495,PTPLAD1
146434,ZNF597
5073,PARN
23049,SMG1
57020,C16ORF62
123876,ACSM2A
116285,ACSM1
55027,HEATR3
146212,KCTD19
54921,CHTF8
10725,NFAT5
10381,TUBB3
54849,DEF8
23293,SMG6
9703,KIAA0100
388364,TMIGD1
55803,ADAP2
83897,KRTAP3-2
83899,KRTAP9-2
2145,EZH1
23131,GPATCH8
9343,EFTUD2
9520,NPEPPS
51174,TUBD1
107133522,DHX40P1
326624,RAB37
8632,DNAH17
57534,MIB1
4087,SMAD2
11201,POLI
125963,OR1M1
3949,LDLR
664709,HNRNPA1P10
26668,OR7A3P
10994,ILVBL
83878,USHBP1
84079,ANKRD27
91646,TDRD12
9757,KMT2B
7768,ZNF225
7771,ZNF112
1209,CLPTM1
24139,EML2
114783,LMTK3
112401,BIRC8
55422,ZNF331
11027,LILRA2
51206,GP6
84446,BRSK1
114026,ZIM3
79744,ZNF419
256051,ZNF549
6616,SNAP25
182,JAG1
2036,EPB41L1
5933,RBL1
6185,RPN2
23394,ADNP
391267,ANKRD20A11P
54148,MRPL39
2551,GABPA
140290,TCP10L
94104,PAXBP1
1291,COL6A1
94056,SYAP1
7216,TRO
340554,ZC3H12B
51132,RLIM
27334,P2RY10
5456,POU3F4
59353,TMEM35
114928,GPRASP2
203447,NRK
3598,IL13RA2
680,BRS3
1385,CREB1
1915,EEF1A1
126820,WDR63
5788,PTPRC
23528,ZNF281
11188,NISCH
55349,CHDH
152687,ZNF595
51301,GCNT4
,CTC-512J14.7
56141,PCDHA7
56897,WRNIP1
319100,TAAR6
29990,PILRB
50507,NOX4
93492,TPTE2
23357,ANGEL1
53339,BTBD1
2525,FUT3
83596,BCL2L12
337970,KRTAP19-3
79707,NOL9
10277,UBE4B
2475,MTOR
2582,GALE
1043,CD52
55057,AIM1L
1912,PHC2
7802,DNALI1
79078,C1ORF50
3716,JAK1
8458,TTF2
728833,FAM72D
100288142,NBPF20
58497,PRUNE
6944,VPS72
448834,KPRP
5549,PRELP
149111,CNIH3
54627,MAP10
57217,TTC7A
50489,CD207
645784,ANKRD36BP2
55339,WDR33
653269,POTEI
113457,TUBA3D
8942,KYNU
79809,TTC21B
115677,NOSTRIN
9541,CIR1
9330,GTF3C3
65061,CDK15
22868,FASTKD2
7520,XRCC5
27013,CNPPD1
5147,PDE6D
251,ALPPL2
8864,PER2
132014,IL17RE
27303,RBMS3
9390,SLC22A13
7433,VIPR1
57467,HHATL
100506243,KRBOX1
1795,DOCK3
8820,HESX1
54899,PXK
151987,PPP4R2
79598,CEP97
22989,MYH15
257144,GCSAM
151887,CCDC80
54762,GRAMD1C
3693,ITGB5
84343,HPS3
6434,TRA2B
79155,TNIP2
8842,PROM1
84273,NOA1
2712,GK2
57563,KLHL8
10611,PDLIM5
2983,GUCY1B3
92345,NAF1
,KIAA1430
133957,CCDC127
57491,AHRR
134121,C5ORF49
23600,AMACR
1462,VCAN
27039,PKD2L2
5098,PCDHGC3
79628,SH3TC2
84062,DTNBP1
2550,GABBR1
8859,STK19
222584,FAM83B
9532,BAG2
115004,MB21D1
257218,SHPRH
402569,KPNA7
29992,PILRA
55281,TMEM140
28591,TRBV7-7
28959,TMEM176B
9690,UBE3C
203069,R3HCC1
5520,PPP2R2A
79698,ZMAT4
286148,DPY19L4
84955,NUDCD1
29028,ATAD2
10656,KHDRBS3
81858,SHARPIN
55871,CBWD1
364,AQP7
347240,KIF24
5253,PHF2
10541,ANP32B
2733,GLE1
6418,SET
,RP11-247A12.2
158067,AK8
645954,SVILP1
3688,ITGB1
439996,IFIT1B
53354,PANK1
50624,CUZD1
118672,PSTK
55760,DHX32
50613,UBQLN3
100130105,TRIM51CP
92292,GLYATL1
256364,EML3
57569,ARHGAP20
257160,RNF214
120425,AMICA1
1111,CHEK1
3906,LALBA
9840,TESPA1
2065,ERBB3
79837,PIP4K2C
5908,RAP1B
57122,NUP107
8092,ALX1
57458,TMCC3
,MTERFD3
8843,HCAR3
57511,COG6
6039,RNASE6
28683,TRAV8-3
5018,OXA1L
26094,DCAF4
7301,TYRO3
54778,RNF111
,RP11-114H24.2
57188,ADAMTSL3
220,ALDH1A3
6650,CAPN15
115,ADCY9
4629,MYH11
79838,TMC5
23214,XPO6
1731,SEPT1
80004,ESRP2
84461,NEURL4
124739,USP43
9720,CCDC144A
26083,TBC1D29
84152,PPP1R1B
10948,STARD3
8506,CNTNAP1
1659,DHX8
10014,HDAC5
10052,GJC1
6668,SP2
124538,OR4D2
54903,MKS1
54894,RNF43
2688,GH1
92736,OTOP2
353174,ZACN
57690,TNRC6C
2769,GNA15
83854,ANGPTL6
255809,C19ORF38
6597,SMARCA4
10755,GIPC1
440519,ZNF724P
79414,LRFN3
6223,RPS19
9962,SLC23A2
373856,USP41
6767,ST13
8481,OFD1
827,CAPN6
139081,MAGEC3
2564,GABRE
83866,TTTY11
8287,USP9Y
57212,TP73-AS1
261734,NPHP4
23013,SPEN
400745,SH2D5
55219,TMEM57
5051,PAFAH2
84618,NT5C1A
22996,TTC39A
148979,GLIS1
100527960,MROH7-TTC4
204962,SLC44A5
163479,FNDC7
90874,ZNF697
23623,RUSC1
9826,ARHGEF11
115352,FCRL3
913,CD1E
117143,TADA1
51514,DTL
2025,ENO1P1
116228,COX20
343171,OR2W3
401992,OR2T2
343173,OR2T3
9687,GREB1
1653,DDX1
64241,ABCG8
5581,PRKCE
9736,USP34
27332,ZNF638
400966,RGPD1
,AC083899.3
84874,ZNF514
55683,KANSL3
54910,SEMA4C
165055,CCDC138
129804,FBLN7
22925,PLA2R1
23671,TMEFF2
80055,PGAP1
23314,SATB2
27148,STK36
255101,CCDC108
23549,DNPEP
2199,FBLN2
10641,NPRL2
84692,CCDC54
729375,FAM86HP
53833,IL20RB
256356,GK5
29970,SCHIP1
55171,TBCCD1
166793,ZBTB49
1400,CRMP1
54951,COMMD8
81608,FIP1L1
6372,CXCL6
285513,GPRIN3
80155,NAA15
57600,FNIP2
,RP11-219C20.1
1611,DAP
55914,ERBB2IP
55814,BDP1
2241,FER
2201,FBN2
347732,CATSPER3
54882,ANKHD1
56140,PCDHA8
56108,PCDHGA7
202134,FAM153B
3662,IRF4
81853,TMEM14B
26707,OR2J2
3108,HLA-DMA
221409,SPATS1
221391,OPN5
3354,HTR1E
84694,GJA10
79778,MICALL2
340267,COL28A1
54468,MIOS
729920,ISPD
64111,NPVF
3198,HOXA1
222166,MTURN
387129,NPSR1
340252,ZNF680
5243,ABCB1
64921,CASD1
168451,THAP5
84928,TMEM209
1358,CPA2
800,CALD1
28617,TRBV4-1
338399,TAS2R62P
285888,CNPY1
286,ANK1
,AC022182.2
389668,XKR9
64089,SNX16
138009,DCAF4L2
54845,ESRP1
,RP11-282E4.1
80318,GKAP1
,XXYAC-YM21GA2.7
399665,FAM102A
79813,EHMT1
5264,PHYH
93550,ZFAND4
9721,GPRIN2
474354,LRRC18
2074,ERCC6
80114,BICC1
9585,KIF20B
26507,CNNM1
84445,LZTS2
142940,TRUB1
4588,MUC6
390036,OR52K1
390066,OR52D1
401675,OR56B3P
440026,TMEM41B
7003,TEAD1
8539,API5
81328,OR4A15
219477,OR8J1
219981,OR5A2
6809,STX3
220002,CYB561A3
3995,FADS3
100534595,HNRNPUL2-BSCL2
54663,WDR74
387601,SLC22A25
85329,LGALS12
81876,RAB1B
440051,KRTAP5-11
9828,ARHGEF17
10714,POLD3
54843,SYTL2
,RP11-121L10.3
390243,FOLR4
4322,MMP13
2893,GRIA4
2900,GRIK4
26492,OR8G2P
26494,OR8G1
390271,OR8B3
360030,NANOGNB
55810,FOXJ2
51071,DERA
729025,SLC15A5
28234,SLCO1B3
338821,SLCO1B7
390313,OR5BS1P
9498,SLC4A8
3227,HOXC11
4035,LRP1
338811,FAM19A2
10576,CCT2
4922,NTS
55785,FGD6
10988,METAP2
55576,STAB2
5992,RFX4
283450,HECTD4
9612,NCOR2
645771,PARP4P2
55269,PSPC1
479,ATP12A
283537,SLC46A3
145173,B3GALTL
675,BRCA2
90627,STARD13
26960,NBEA
55425,GPALPP1
2098,ESD
26586,CKAP2
160824,SP3P
404766,FABP5P4
122258,SPACA7
440153,OR11H12
57096,RPGRIP1
5875,RABGGTA
10175,CNIH1
55030,FBXO34
2100,ESR2
6710,SPTB
161436,EML5
5641,LGMN
3705,ITPK1
55102,ATG2B
,RP11-467N20.5
9677,PPIP5K1
55889,GOLGA6B
64220,STRA6
400410,ST20
899,CCNF
9284,NPIPA1
400508,CRYM-AS1
930,CD19
79759,ZNF668
,AC116553.1
404550,C16ORF74
8386,OR1D5
5023,P2RX1
57547,ZNF624
339244,KRT16P4
23326,USP22
10615,SPAG5
146861,SLC35G3
494188,FBXO47
84299,MIEN1
3885,KRT34
644191,RPS26P8
3212,HOXB2
8288,EPX
4591,TRIM37
117246,FTSJ3
8787,RGS9
27091,CACNG5
55028,C17ORF80
143471,PSMA8
284252,KCTD1
57565,KLHL14
374864,CCDC178
4645,MYO5B
6317,SERPINB3
55748,CNDP2
1265,CNN2
84699,CREB3L3
374879,ZNF699
90592,ZNF700
126370,OR1I1
125972,CALR3
80726,KIAA1683
9710,KIAA0355
93099,DMKN
2116,ETV2
29124,LGALS13
1550,CYP2A7P1
147710,IGSF23
388555,IGFL3
808,CALM3
4911,NTF6B
147658,ZNF534
388558,ZNF808
574490,MIR516B1
6861,SYT5
10794,ZNF460
55659,ZNF416
10326,SIRPB1
343641,TGM6
1114,CHGB
6238,RRBP1
9777,TM9SF4
149951,COMMD7
388795,EFCAB8
57580,PREX1
6874,TAF4
11255,HRH3
253868,C20ORF166-AS1
11083,DIDO1
1137,CHRNA4
10139,ARFRP1
54072,LINC00158
8940,TOP3B
100423062,IGLL5
266629,SEC14L3
284904,SEC14L4
80020,FOXRED2
5880,RAC2
6122,RPL3
400935,IL17REL
164714,TTLL8
170067,SUPT20HL2
54880,BCOR
100874520,PCMTD1P1
2641,GCG
9209,LRRFIP2
10157,AASS
283078,MKX
729023,NUTM2HP
121601,ANO4
115584,SLC5A11
3953,LEPR
100505741,SPATA1
343477,HSP90B3P
25832,NBPF14
6704,SPRR2E
149018,LELP1
4881,NPR1
23381,SMG5
63923,TNN
5972,REN
1380,CR2
,AC007318.5
56287,GKN1
1817,DRD5P1
,AC010982.1
220988,HNRNPA3
659,BMPR2
5077,PAX3
51368,TEX264
11073,TOPBP1
287015,TRIM42
22871,NLGN1
4026,LPP
347,APOD
259282,BOD1L1
643751,CDC42P6
401124,DTHD1
213,ALB
2895,GRID2
1062,CENPE
4886,NPY1R
55770,EXOC2
1192,CLIC1
9533,POLR1C
1268,CNR1
4217,MAP3K5
,AC060834.2
196,AHR
3205,HOXA9
79666,PLEKHF2
26986,PABPC1
116447,TOP1MT
,RP11-262H14.4
80036,TRPM3
5305,PIP4K2A
3185,HNRNPF
55118,CRTAC1
23268,DNMBP
9937,DCLRE1A
390077,OR52N2
,RP11-451K18.7
219954,OR9I1
9986,RCE1
654429,LRTM2
57097,PARP11
5965,RECQL
144245,ALG10B
1368,CPM
55591,VEZT
387978,C14ORF23
50804,MYEF2
3603,IL16
146378,C16ORF92
11269,DDX19B
9706,ULK2
,C17ORF66
284099,C17ORF78
6774,STAT3
124801,LSM12
3837,KPNB1
80000,GREB1L
4864,NPC1
51710,ZNF44
284443,ZNF493
199704,ZNF585A
7773,ZNF230
2854,GPR32
1473,CST5
56911,MAP3K7CL
386682,KRTAP10-3
6523,SLC5A1
339669,TEX33
1454,CSNK1E
4674,NAP1L2
347487,CXORF66
79501,OR4F5
406974,MIR197
130560,SPATA3
7095,SEC62
9987,HNRNPDL
56955,MEPE
6167,RPL37
3106,HLA-B
8504,PEX3
64224,HERPUD2
26136,TES
1559,CYP2C9
26123,TCTN3
55343,SLC35C1
9776,ATG13
10394,PRG3
219959,OR1S1
196441,ZFC3H1
85446,ZFHX2
51562,MBIP
652,BMP4
22909,FAN1
23168,RTF1
374677,WASH4P
146562,C16ORF71
2072,ERCC4
100132386,KRTAP4-9
10241,CALCOCO2
1636,ACE
1762,DMWD
1457,CSNK2A1
8894,EIF2S2
7052,TGM2
25812,POM121L1P
11158,RABL2B
653435,GUSBP6
199920,C1ORF168
200132,TCTEX1D1
347730,LRRTM1
,AC007364.1
27347,STK39
4634,MYL3
646424,SPINK8
55773,TBC1D23
152138,PYDC2
153478,PLEKHG4B
3133,HLA-E
50854,C6ORF48
285848,PNPLA1
1318,SLC31A2
11092,C9ORF9
6130,RPL7A
29119,CTNNA3
5927,KDM5A
,RP11-642P15.1
23348,DOCK9
53944,CSNK1G1
54925,ZSCAN32
8139,GAN
79850,FAM57A
71,ACTG1
64857,PLEKHG2
23474,ETHE1
9704,DHX34
79784,MYH14
81856,ZNF611
90233,ZNF551
2986,GUCY2F
359760,MRPS17P9
10009,ZBTB33
494118,SPANXN1
4898,NRDC
,DARC
339804,C2ORF74
84695,LOXL3
130951,M1AP
10716,TBR1
165904,XIRP1
4134,MAP4
2317,FLNB
214,ALCAM
10954,PDIA5
,RP11-1396O13.13
53842,CLDN22
51194,IPO11
153339,TMEM167A
65983,GRAMD3
3562,IL3
202052,DNAJC18
56135,PCDHAC1
91937,TIMD4
11118,BTN3A2
57107,PDSS2
134957,STXBP5
3181,HNRNPA2B1
3207,HOXA11
29881,NPC1L1
28603,TRBV6-4
11194,ABCB8
3361,HTR5A
50626,CYHR1
3449,IFNA16
340654,LIPM
1262,CNGA4
283092,OR4C13
5866,RAB3IL1
25923,ATL3
81176,OR7E126P
6337,SCNN1A
3850,KRT3
552,AVPR1A
10985,GCN1L1
161003,STOML3
85416,ZIC5
6011,GRK1
328,APEX1
22795,NID2
57452,GALNT16
2009,EML1
28448,IGHV3-15
27079,RPUSD2
4351,MPI
161502,C15ORF26
398,ARHGDIG
100288332,NPIPA5
283848,CES4A
8390,OR1G1
146754,DNAH2
59344,ALOXE3
51268,PIPOX
2064,ERBB2
8493,PPM1D
54828,BCAS3
26207,PITPNC1
396,ARHGDIA
79058,ASPSCR1
2589,GALNT1
1630,DCC
4782,NFIC
6528,SLC5A5
148103,ZNF599
60493,FASTKD5
5126,PCSK2
57473,ZNF512B
317754,POTED
2078,ERG
25966,C2CD2
28822,IGLV1-47
1565,CYP2D6
29781,NCAPH2
23542,MAPK8IP2
8905,AP1S2
256643,CXORF23
8241,RBM10
64840,PORCN
574513,MIR508
537,ATP6AP1
10991,SLC38A3
26577,PCOLCE2
22982,DIP2C
284371,ZNF841
11209,MST1P2
23569,PADI4
9659,PDE4DIP
163486,DENND1B
55540,IL17RB
9616,RNF7
10417,SPON2
9575,CLOCK
92259,MRPS36
9522,SCAMP1
6940,ZNF354A
10919,EHMT2
3092,HIP1
107161144,DTX2P1
2298,FOXD4
22876,INPP5F
4647,MYO7A
1017,CDK2
91419,XRCC6BP1
6996,TDG
100529261,CHURC1-FNTB
390531,IGHV1OR15-9
728047,GOLGA8O
9349,RPL23
3691,ITGB4
2217,FCGRT
11338,U2AF2
388591,RNF207
65005,MRPL9
375033,PEAR1
5784,PTPN14
183,AGT
375190,FAM228B
79823,CAMKMT
2995,GYPC
,C2ORF47
6120,RPE
7429,VIL1
5918,RARRES1
57709,SLC7A14
1739,DLG1
10861,SLC26A1
54436,SH3TC1
166647,GPR125
132946,ARL9
25898,RCHY1
8999,CDKL2
22824,HSPA4L
205860,TRIML2
25836,NIPBL
100500824,MIR3650
285672,SREK1IP1
23305,ACSL6
221491,C6ORF1
154313,CFAP206
256380,SCML4
55862,ECHDC1
51429,SNX9
9907,AP5Z1
9678,PHF14
6100,RP9
56996,SLC12A9
7434,VIPR2
10407,SPAG11B
51435,SCARA3
94134,ARHGAP12
219736,STOX1
414236,C10ORF55
5328,PLAU
5791,PTPRE
966,CD59
3856,KRT8
1634,DCN
145282,MIPOL1
23524,SRRM2
608,TNFRSF17
267,AMFR
51741,WWOX
242,ALOX12B
84940,CORO6
54475,NLE1
7067,THRA
284058,KANSL1
4804,NGFR
283985,FADS6
84733,CBX2
66002,CYP4F12
79047,KCTD15
22933,SIRT2
8857,FCGBP
147746,HIPK4
1555,CYP2B6
5671,PSG3
4661,MYT1
5211,PFKL
10075,HUWE1
2833,CXCR3
51566,ARMCX3
4694,NDUFA1
57187,THOC2
2556,GABRA3
55558,PLXNA3
2539,G6PD
164118,TTC24
5287,PIK3C2B
654502,IQCJ
23362,PSD3
,RP11-890B15.2
96610,BMS1P20
4802,NFYC
5999,RGS4
140609,NEK7
10890,RAB10
,AC079612.1
80852,GRIP2
152118,C3ORF79
100506564,THEGL
91942,NDUFAF2
51121,RPL26L1
50640,PNPLA8
7163,TPD52
2650,GCNT1
80312,TET1
84896,ATAD1
10196,PRMT3
390110,ACCSL
11153,FICD
91748,ELMSAN1
374655,ZNF710
197335,WDR90
5430,POLR2A
374286,CDRT1
201134,CEP112
5205,ATP8B1
4868,NPHS1
81,ACTN4
25939,SAMHD1
100616362,MIR4533
4771,NF2
347517,RAB41
10577,NPC2
8863,PER3
80133,MROH9
493,ATP2B4
3790,KCNS3
55677,IWS1
344191,EVX2
132160,PPM1M
,RP11-553A10.1
55167,MSL2
5291,PIK3CB
26084,ARHGEF26
165918,RNF168
23244,PDS5A
54888,NSUN2
11231,SEC63
221981,THSD7A
54881,TEX10
1787,TRDMT1
100288485,MTRNR2L7
390040,OR51F5P
51773,RSF1
728858,C12ORF71
29843,SENP1
387890,TMEM233
11169,WDHD1
399671,HEATR4
9895,TECPR2
55192,DNAJC17
390594,KBTBD13
25989,ULK3
85464,SSH2
284071,C17ORF104
84617,TUBB6
115948,CCDC151
53940,FTHL17
8573,CASK
28952,CCDC22
3476,IGBP1
23261,CAMTA1
6202,RPS8
7170,TPM3
149628,PYHIN1
10223,GPA33
94101,ORMDL1
23451,SF3B1
344658,SAMD7
55324,ABCF3
27236,ARFIP1
4163,MCC
3035,HARS
100507679,MUC22
23113,CUL9
57154,SMURF1
10552,ARPC1A
5649,RELN
80124,VCPIP1
971,CD72
84885,ZDHHC12
390093,OR10A6
4076,CAPRIN1
9404,LPXN
931,MS4A1
11213,IRAK3
387893,SETD8
55578,SUPT20H
10161,LPAR6
28688,TRAV5
57523,NYNRIN
3712,IVD
79895,ATP8B4
390598,SKOR1
123283,TARSL2
146183,OTOA
114881,OSBPL7
5348,FXYD1
3704,ITPA
6615,SNAI1
89766,UMODL1
5297,PI4KA
653440,WASH6P
10628,TXNIP
3781,KCNN2
727805,POM121L14P
,MST4
63036,CELA2A
400757,C1ORF141
80135,RPF1
7812,CSDE1
9557,CHD1L
149095,DCST1
10092,ARPC5
116496,FAM129A
401994,OR14I1
4144,MAT2A
2487,FRZB
64859,NABP1
51665,ASB1
92106,OXNAD1
285335,SLC9C1
133060,OTOP1
22998,LIMCH1
51191,HERC5
3670,ISL1
4295,MLN
26031,OSBPL3
10320,IKZF1
5447,POR
7425,VGF
80346,REEP4
649,BMP1
392255,GDF6
115426,UHRF2
26012,NSMF
56681,SAR1A
79864,C11ORF63
,RP1-228P16.4
91298,C12ORF29
32,ACACB
10645,CAMKK2
64328,XPO4
51028,VPS36
4860,PNP
55012,PPP2R3C
10668,CGRRF1
28473,IGHV1-3
28464,IGHV1-58
283767,GOLGA6L1
643338,C15ORF62
102724430,KRT8P50
64718,UNKL
2903,GRIN2A
92922,CCDC102A
162514,TRPV3
9098,USP6
218,ALDH3A1
28958,COA3
83990,BRIP1
22901,ARSG
5573,PRKAR1A
,C18ORF64
4729,NDUFV2
5704,PSMC4
23521,RPL13A
574497,MIR527
80095,ZNF606
284312,ZSCAN1
83737,ITCH
10388,SYCP2
8318,CDC45
6634,SNRPD3
3985,LIMK2
10735,STAG2
10838,ZNF275
55259,CASC1
7453,WARS
55920,RCC2
353500,BMP8A
149483,CCDC17
54874,FNBP1L
3321,IGSF3
10500,SEMA6C
112770,C1ORF85
4194,MDM4
6900,CNTN2
3776,KCNK2
151835,CPNE9
5745,PTH1R
22937,SCAP
348801,LNP1
57337,SENP7
56978,PRDM8
9037,SEMA5A
6558,SLC12A2
100293090,MTND4P12
64374,SIL1
56097,PCDHGC5
6949,TCOF1
11120,BTN2A1
5225,PGC
5238,PGM3
4907,NT5E
25928,SOSTDC1
94239,H2AFV
2770,GNAI1
154661,RUNDC3B
26157,GIMAP2
59339,PLEKHA2
4683,NBN
6674,SPAG1
441459,ANKRD18B
10020,GNE
1515,CTSV
79109,MAPKAP1
653045,PTPN20CP
7093,TLL2
144132,DNHD1
120775,OR2D3
56674,TMEM9B
51266,CLEC1B
1663,DDX11
91010,FMNL3
,C12ORF55
283455,KSR2
623,BDKRB1
57082,CASC5
23005,MAPKBP1
4833,NME4
79652,TMEM204
1387,CREBBP
51451,LCMT1
64180,DPEP3
123872,DNAAF1
92521,SPECC1
1277,COL1A1
283987,HID1
10458,BAIAP2
2528,FUT6
126069,ZNF491
10661,KLF1
388523,ZNF728
8214,DGCR6
2130,EWSR1
9463,PICK1
367,AR
54885,TBC1D8B
215,ABCD1
,C1ORF222
9698,PUM1
8643,PTCH2
23318,ZCCHC11
256435,ST6GALNAC3
284611,FAM102B
164153,UBL4B
10401,PIAS3
9129,PRPF3
2029,ENSA
909,CD1A
128360,OR10T2
391109,OR10K1
81448,OR6K2
3428,IFI16
8497,PPFIA4
553,AVPR1B
9641,IKBKE
56256,SERTAD4
339501,PRSS38
148823,GCSAML
26246,OR2L2
80851,SH3BP5L
29841,GRHL1
5496,PPM1G
440854,CAPN14
8491,MAP4K3
3973,LHCGR
28914,IGKV3-11
7850,IL1R2
8808,IL1RL2
91526,ANKRD44
55437,STRADB
51602,NOP58
1493,CTLA4
391475,DYTN
22807,IKZF2
6508,SLC4A3
55619,DOCK10
1286,COL4A4
129563,DIS3L2
26146,TRAF3IP1
84818,IL17RC
3680,ITGA9
5162,PDHB
10225,CD96
1814,DRD3
285311,C3ORF56
58477,SRPRB
23200,ATP11B
285429,DCAF4L1
4283,CXCL9
100129583,FAM47E
8404,SPARCL1
27306,HPGDS
8467,SMARCA5
7097,TLR2
51289,RXFP3
55100,WDR70
100129792,CCDC152
1070,CETN3
51752,ERAP1
64848,YTHDC2
7045,TGFBI
56133,PCDHB2
54439,RBM27
389336,C5ORF46
22993,HMGXB3
11063,SOX30
57472,CNOT6
654,BMP6
51645,PPIL1
11131,CAPN11
135228,CD109
168090,C6ORF118
,RP3-470B24.5
80727,TTYH3
57037,ANKMY2
90693,CCDC126
100616354,MIR550A3
27072,VPS41
435,ASL
8468,FKBP6
693177,MIR592
29999,FSCN3
6608,SMO
28612,TRBV5-3
9747,FAM115A
26211,OR2F1
4603,MYBL1
85444,LRRCC1
6383,SDC2
137735,ABRA
2131,EXT1
7564,ZNF16
6461,SHB
26165,SPATA31A7
140803,TRPM6
79670,ZCCHC6
255220,TXNDC8
392390,OR1L6
8021,NUP214
23185,LARP4B
79861,TUBAL3
,MRC1L1
10718,NRG3
93377,OPALIN
10660,LBX1
387733,IFITM5
401661,OR51C1P
23378,RRP8
8495,PPFIBP2
221120,ALKBH3
55626,AMBRA1
2346,FOLH1
219428,OR4C16
187,APLNR
219537,SMTNL1
219986,OR4D11
2495,FTH1
53838,C11ORF24
7352,UCP3
25884,CHRDL2
60496,AASDHPPT
,RP11-687M24.4
4978,OPCML
56938,ARNTL2
121512,FGD4
403284,OR6C68
5869,RAB5B
8091,HMGA2
9815,GIT2
4939,OAS2
84934,RITA1
26524,LATS2
341640,FREM2
5693,PSMB5
2530,FUT8
440193,CCDC88C
327657,SERPINA9
28467,IGHV1-24
400359,C15ORF53
161497,STRC
6652,SORD
6557,SLC12A1
374654,KIF7
641,BLM
64386,MMP25
196483,FAM86A
23042,PDXDC1
342357,ZKSCAN2
23247,KIAA0556
3683,ITGAL
1874,E2F4
23644,EDC4
197259,MLKL
9905,SGSM2
23140,ZZEF1
,RP11-477N12.3
644815,FAM83G
8148,TAF15
83896,KRTAP3-1
284067,C17ORF105
4779,NFE2L1
6442,SGCA
3131,HLF
10350,ABCA9
3773,KCNJ16
649446,DLGAP1-AS1
729602,NPIPB1P
4161,MC5R
26040,SETBP1
9050,PSTPIP2
5268,SERPINB5
2788,GNG7
1613,DAPK3
147929,ZNF565
22900,CARD8
7053,TGM3
4821,NKX2-2
3929,LBP
140690,CTCFL
10317,B3GALT5
55670,PEX26
28811,IGLV2-33
4267,CD99
3750,KCND1
158983,H2BFWT
11254,SLC6A14
64648,SPANXD
9248,GPR50
1855,DVL1
83715,ESPN
148345,C1ORF127
29889,GNL2
387338,NSUN4
5567,PRKACB
115361,GBP4
6301,SARS
914,CD2
400818,NBPF9
200035,NUDT17
353140,LCE2C
2117,ETV3
26476,OR10J1
22926,ATF6
5396,PRRX1
6646,SOAT1
23046,KIF21B
5778,PTPN7
200150,PLD5
441932,OR2W5
7260,TSSC1
1876,E2F6
5443,POMC
79833,GEMIN6
550,AUP1
10618,TGOLN2
7549,ZNF2
254773,LYG2
84620,ST6GAL2
27179,IL36A
10096,ACTR3
10109,ARPC2
55230,USP40
79919,C2ORF54
100526693,ARPC4-TTLL3
26032,SUSD5
29072,SETD2
90226,UCN2
375341,C3ORF62
3699,ITIH3
285331,CCDC66
50650,ARHGEF3
54756,IL17RD
7634,ZNF80
,SELT
10686,CLDN16
5158,PDE6B
4487,MSX1
152831,KLB
132954,PDCL2
2250,FGF5
55008,HERC6
,RP11-766F14.2
5810,RAD1
22987,SV2C
5066,PAM
51334,PRR16
84466,MEGF10
171019,ADAMTS19
441108,C5ORF56
56125,PCDHB11
23367,LARP1
8992,ATP6V0E1
375484,SIMC1
10279,PRSS16
,SCAND3
54535,CCHCR1
245927,DEFB113
54511,HMGCLL1
6785,ELOVL4
57231,SNX14
154442,BVES-AS1
8763,CD164
345895,RSPH4A
5167,ENPP1
389432,SAMD5
11033,ADAP1
1687,DFNA5
79017,GGCT
2692,GHRHR
11281,POU6F2
1174,AP1S1
28610,TRBV5-5
55124,PIWIL2
9583,ENTPD4
27121,DKK4
389658,FAM150A
157807,CLVS1
23643,LY96
10086,HHLA1
58524,DMRT3
7415,VCP
4882,NPR2
79937,CNTNAP3
22927,HABP4
445,ASS1
83860,TAF3
91074,ANKRD30A
347731,LRRTM3
4838,NODAL
54462,CCSER2
2746,GLUD1
387700,SLC16A12
25956,SEC31B
8729,GBF1
2834,PRLHR
387267,KRTAP5-4
120065,OR5P2
23220,DTX4
79869,CPSF7
11145,PLA2G16
283130,SLC25A45
10432,RBM14
8500,PPFIA1
79731,NARS2
57093,TRIM49
642623,UBTFL1
10003,NAALAD2
143684,FAM76B
472,ATM
1656,DDX6
10525,HYOU1
6484,ST3GAL4
353164,TAS2R42
118426,LOH12CR1
10060,ABCC9
57542,KLHL42
85437,ZCRB1
84975,MFSD5
58158,NEUROD4
8445,DYRK2
55681,SCYL2
488,ATP2A2
92293,TMEM132C
10795,ZNF268
2262,GPC5
55795,PCID2
496,ATP4B
57680,CHD8
4857,NOVA1
140801,RPL10L
5729,PTGDR
10538,BATF
55668,GPATCH2L
79820,CATSPERB
3502,IGHG3
28392,IGHV4-59
9101,USP8
9133,CCNB2
54832,VPS13C
4649,MYO9A
9055,PRC1
100422995,MIR3175
55784,MCTP2
29948,OSGIN1
51763,INPP5K
58485,TRAPPC1
,RP11-385D13.1
2319,FLOT2
5892,RAD51D
3872,KRT17
6777,STAT5B
404093,CUEDC1
2689,GH2
23558,WBP2
,SOGA2
57724,EPG5
220164,DOK6
23396,PIP5K1C
7730,ZNF177
90075,ZNF30
147923,ZNF420
5714,PSMD8
1089,CEACAM4
2901,GRIK5
23403,FBXO46
3661,IRF3
284369,SIGLECL1
284297,SSC5D
80023,NRSN2
24141,LAMP5
245930,DEFB116
6227,RPS21
1917,EEF1A2
27440,CECR5
529,ATP6V1E1
28820,IGLV1-51
9215,LARGE
2742,GLRA2
100130302,SUPT20HL1
286514,MAGEB18
158809,MAGEB6
257397,TAB3
8242,KDM5C
5207,PFKFB1
54413,NLGN3
57692,MAGEE1
55998,NXF5
10495,ENOX2
257101,ZNF683
5586,PKN2
163786,SASS6
642818,ST13P21
25870,SUMF2
4289,MKLN1
80223,RAB11FIP1
220323,OAF
283471,TMPRSS12
10349,ABCA10
125336,LOXHD1
148268,ZNF570
2091,FBL
23613,ZMYND8
,SSX8
100129692,EIF4BP9
284498,C1ORF167
55616,ASAP3
6118,RPA2
54558,SPATA6
27329,ANGPTL3
55635,DEPDC1
127002,ATXN7L2
11311,VPS45
84072,HORMAD1
325,APCS
8682,PEA15
57216,VANGL2
6401,SELE
7832,BTG2
9877,ZC3H11A
80342,TRAF3IP3
79605,PGBD5
388931,MFSD2B
57223,SMEK2
55037,PTCD3
653192,TRIM43B
51455,REV1
55777,MBD5
5746,PTH2R
55054,ATG16L1
189,AGXT
22906,TRAK1
7047,TGM4
9223,MAGI1
151790,WDR49
22948,CCT5
6897,TARS
7416,VDAC1
134353,LSM11
4869,NPM1
54901,CDKAL1
2822,GPLD1
80737,VWA7
2178,FANCE
51534,VTA1
728194,RSPH10B2
285955,SPDYE1
5478,PPIA
2887,GRB10
5244,ABCB4
51666,ASB4
24146,CLDN15
5577,PRKAR2B
259285,TAS2R39
54892,NCAPG2
55636,CHD7
1015,CDH17
23167,EFR3A
158158,RASEF
254295,PHYHD1
389799,C9ORF171
22929,SEPHS1
646309,NAMPTL
23234,DNAJC9
643161,FAM25A
118924,FRA10AC1
,CCDC147
57700,FAM160B1
143379,C10ORF82
196051,PPAPDC1A
338645,LUZP2
27339,PRPF19
221092,HNRNPUL2
5091,PC
5612,PRKRIR
390231,TRIM77
55531,ELMOD1
255239,ANKK1
26595,OR8B2
6515,SLC2A3
969,CD69
440093,H3F3C
8909,ENDOU
3888,KRT82
144423,GLT1D1
121256,TMEM132D
23141,ANKLE2
2802,GOLGA3
64881,PCDH20
79866,BORA
390442,OR11H4
79549,OR6J1
11099,PTPN21
55671,SMEK1
3831,KLC1
4212,MEIS2
366,AQP9
84942,WDR73
440307,TTLL13
342346,C16ORF96
10308,ZNF267
729264,TP53TG3D
124930,ANKRD13B
57508,INTS2
125704,FAM69C
79863,RBFA
57615,ZNF492
29950,SERTAD1
9138,ARHGEF1
9310,ZNF235
55228,PNMAL1
5653,KLK6
284370,ZNF615
91664,ZNF845
4773,NFATC2
6651,SON
5594,MAPK1
25814,ATXN10
23229,ARHGEF9
54521,WDR44
10840,ALDH1L1
84314,TMEM107
9563,H6PD
254268,AKNAD1
54842,MFSD6
51540,SCLY
389208,TMPRSS11F
84135,UTP15
55014,STX17
375775,PNPLA7
9184,BUB3
23390,ZDHHC17
22862,FNDC3A
9056,SLC7A7
3895,KTN1
122876,GPHB5
79767,ELMO3
6103,RPGR
139189,DGKK
1650,DDOST
9132,KCNQ4
64175,LEPRE1
114883,OSBPL9
10560,SLC19A2
51626,DYNC2LI1
22848,AAK1
343990,KIAA1211L
23550,PSD4
151112,ZSWIM2
7855,FZD5
116987,AGAP1
7048,TGFBR2
4286,MITF
56670,SUCNR1
29063,ZCCHC4
345275,HSD17B13
79625,NDNF
1519,CTSO
133584,EGFLAM
55255,WDR41
10802,SEC24A
475,ATOX1
3024,HIST1H1A
4337,MOCS1
81491,GPR63
57673,BEND3
221955,DAGLB
55975,KLHL7
253012,HEPACAM2
2051,EPHB6
3638,INSIG1
203102,ADAM32
79848,CSPP1
4061,LY6E
23048,FNBP1
23522,KAT6B
8665,EIF3F
219958,OR1S2
56946,C11ORF30
390245,KDM4E
84441,MAML2
283150,FOXR1
9918,NCAPD2
54407,SLC38A2
10024,TROAP
23344,ESYT1
6778,STAT6
8848,TSC22D1
220416,LRRC63
2621,GAS6
23428,SLC7A8
10379,IRF9
11183,MAP4K5
26520,TIMM9
23339,VPS39
9333,TGM5
6799,SULT1A2
5957,RCVRN
81558,FAM117A
2872,MKNK2
79187,FSD1
388514,CYP4F24P
7515,XRCC1
164395,TTLL9
128602,C20ORF85
116154,PHACTR3
23598,PATZ1
6305,SBF1
170685,NUDT10
53344,CHIC1
4952,OCRL
10568,SLC34A2
284546,C1ORF185
5993,RFX5
27,ABL2
5321,PLA2G4A
9928,KIF14
80232,WDR26
7035,TFPI
55768,NGLY1
387,RHOA
80157,CWH43
6373,CXCL11
80167,C4ORF29
23158,TBC1D9
84868,HAVCR2
1482,NKX2-5
7918,GPANK1
117289,TAGAP
51622,CCZ1
221806,VWDE
401399,PRRT4
6916,TBXAS1
8427,ZNF282
10565,ARFGEF1
728577,CNTNAP3B
286362,OR13C9
64420,SUSD1
57209,ZNF248
142891,SAMD8
64318,NOC3L
4928,NUP98
3045,HBD
5286,PIK3C2A
10480,EIF3M
54949,SDHAF2
58487,CREBZF
143872,TMEM133
9183,ZW10
283159,OR8D1
10059,DNM1L
120935,CCDC38
7296,TXNRD1
57820,CCNB1IP1
57594,HOMEZ
84529,C15ORF41
25963,TMEM87A
3480,IGF1R
2813,GP2
9810,RNF40
4495,MT1G
124359,CDYL2
114826,SMYD4
3682,ITGAE
81851,KRTAP1-1
10513,APPBP2
57126,CD177
5650,KLK7
114823,LENG8
11006,LILRB4
7693,ZNF134
54976,C20ORF27
9935,MAFB
9189,ZBED1
10214,SSX3
347365,ITIH6
950,SCARB2
4343,MOV10
6894,TARBP1
54465,ETAA1
51255,RNF181
10296,MAEA
1448,CSN3
201973,PRIMPOL
23660,ZKSCAN5
9420,CYP7B1
138046,RALYL
23731,TMEM245
65975,STK33
403253,OR4A47
390148,OR5W2
79053,ALG8
160518,DENND5B
51350,KRT76
253827,MSRB3
9201,DCLK1
55320,MIS18BP1
57862,ZNF410
9321,TRIP11
28423,IGHV3-49
161829,EXD1
55930,MYO5C
26470,SEZ6L2
2175,FANCA
125206,SLC5A10
94103,ORMDL3
26658,OR7C2
404037,HAPLN4
,C19ORF55
81031,SLC2A10
5160,PDHA1
280657,SSX6
158584,FAAH2
159091,FAM122C
9159,PCSK7
2023,ENO1
23633,KPNA6
257106,ARHGAP30
10625,IVNS1ABP
9911,TMCC2
128153,SPATA17
100422856,MIR3123
6716,SRD5A2
98,ACYP2
55704,CCDC88A
56888,KCMF1
,AC096579.13
7535,ZAP70
9448,MAP4K4
9173,IL1RL1
3987,LIMS1
55041,PLEKHB2
9595,CYTIP
90,ACVR1
29994,BAZ2B
6335,SCN9A
29081,METTL5
4719,NDUFS1
57683,ZDBF2
8745,ADAM23
130749,CPO
9208,LRRFIP1
10752,CHL1
9881,TRANK1
9940,DLEC1
93,ACVR2B
285268,ZNF621
1499,CTNNB1
152815,THAP6
9348,NDST3
132321,C4ORF33
79072,FASTKD3
1767,DNAH5
133688,UGT3A1
3673,ITGA2
256006,ANKRD31
55781,RIOK2
79908,BTNL8
51406,NOL7
3006,HIST1H1C
85235,HIST1H2AH
442185,OR2J1
1589,CYP21A2
1388,ATF6B
6222,RPS18
4646,MYO6
9324,HMGN3
25998,IBTK
154075,SAMD3
9439,MED23
401285,TCP10L2
253769,WDR27
57786,RBAK
7036,TFR2
8976,WASL
3614,IMPDH1
93979,CPA5
8805,TRIM24
10395,DLC1
51312,SLC25A37
8754,ADAM9
9242,MSC
83696,TRAPPC9
203062,TSNARE1
1584,CYP11B1
,WI2-1959D15.1
64421,DCLRE1C
55301,OLAH
23590,PDSS1
22852,ANKRD26
,FAM21B
5592,PRKG1
310,ANXA7
4714,NDUFB8
51684,SUFU
3026,HABP2
81490,PTDSS2
143503,OR51E1
9409,PEX16
55867,SLC22A11
5871,MAP4K2
5526,PPP2R5B
80194,TMEM134
58516,FAM60A
341568,OR8S1
9880,ZBTB39
55266,TMEM19
255394,TCP11L2
51433,ANAPC5
65985,AACS
23281,MTUS2
23111,SPG20
3839,KPNA3
341676,NEK5
390433,OR4K13
6036,RNASE2
28742,TRAJ13
9362,CPNE6
5106,PCK2
161198,CLEC14A
27109,ATP5S
91612,CHURC1
145482,PTGR2
23093,TTLL5
145270,PRIMA1
283598,C14ORF177
10125,RASGRP1
57617,VPS18
10021,HCN4
79874,RABEP2
374739,TEPP
283847,CCDC79
6776,STAT5A
6563,SLC14A1
284273,ZADH2
9658,ZNF516
10347,ABCA7
22904,SBNO2
255057,C19ORF26
10297,APC2
6511,SLC1A6
84705,GTPBP3
57817,HAMP
2866,GPR42
495,ATP4A
1048,CEACAM5
1084,CEACAM3
23152,CIC
7770,ZNF227
84436,ZNF528
54807,ZNF586
56261,GPCPD1
85449,KIAA1755
55816,DOK5
54923,LIME1
85319,BAGE2
5152,PDE9A
28773,IGLV9-49
4357,MPST
64098,PARVG
3730,KAL1
389840,MAP3K15
139422,MAGEB10
8712,PAGE1
90737,PAGE5
644353,ZCCHC18
647121,EMBP1
391196,OR2M7
8642,DCHS1
57689,LRRC4C
64750,SMURF2
53822,FXYD7
100287898,TTC34
79932,KIAA0319L
391059,FRRS1
83873,GPR61
,RP11-435B5.4
81611,ANP32E
339512,C1ORF110
55740,ENAH
403239,OR2T27
54867,TMEM214
8802,SUCLG1
3760,KCNJ3
54578,UGT1A6
5580,PRKCD
64422,ATG3
9515,STXBP5L
80321,CEP70
3827,KNG1
152789,JAKMIP1
3512,IGJ
131,ADH7
166379,BBS12
1363,CPE
10468,FST
3596,IL13
56139,PCDHA10
134391,GPR151
9443,MED7
80108,ZFP2
26212,OR2B6
222696,ZSCAN23
3841,KPNA5
22828,SCAF8
1235,CCR6
117,ADCYAP1R1
346288,SEPT14
26608,TBL2
5444,PON1
4233,MET
90956,ADCK2
28601,TRBV6-6
6542,SLC7A2
497634,LINC00293
55824,PAG1
25788,RAD54B
727957,MROH1
,XXYAC-YRM2039.2
203238,CCDC171
51104,ABHD17B
94233,OPN4
6289,SAA2
11234,HPS5
90993,CREB3L1
503497,MS4A13
7356,SCGB1A1
143570,XRRA1
8322,FZD4
84437,MSANTD4
9354,UBE4A
56253,CRTAM
220296,HEPACAM
121504,HIST4H4
4753,NELL2
112802,KRT71
65012,SLC26A10
256021,C12ORF79
540,ATP7B
441670,OR4M1
28733,TRAJ22
28442,IGHV3-23
1159,CKMT1B
51762,RAB8B
353511,PKD1P6
,RP11-2C24.4
23361,ZNF629
161931,ADAD2
57338,JPH3
27132,CPNE7
284119,PTRF
27164,SALL3
729359,PLIN4
162998,OR7D2
1549,CYP2A7
5673,PSG5
3270,HRC
140901,STK35
140679,SLC32A1
116159,CYYR1
7485,WRB
11274,USP18
129049,SGSM1
25975,EGFL6
10149,GPR64
10800,CYSLTR1
1999,ELF3
57282,SLC4A10
3736,KCNA1
127294,MYOM3
56267,CCBL2
3284,HSD3B2
55732,C1ORF112
109,ADCY3
9654,TTLL4
55139,ANKZF1
30,ACAA1
344807,CD200R1L
10117,ENAM
3351,HTR1B
79632,FAM184A
9883,POM121
8027,STAM
10579,TACC2
867,CBL
283358,B4GALNT3
1284,COL4A2
55147,RBM23
23135,KDM6B
284086,NEK8
100132476,KRTAP4-7
374860,ANKRD30B
6813,STXBP2
100128675,HPN-AS1
57622,LRFN1
3172,HNF4A
10005,ACOT8
28821,IGLV1-50
10738,RFPL3
7514,XPO1
64795,RMND5A
28930,IGKV1-39
201780,SLC10A4
55752,SEPT11
440561,PRAMEF6
10561,IFI44
9554,SEC22B
148741,ANKRD35
23126,POGZ
6675,UAP1
8490,RGS5
10228,STX6
148362,BROX
7159,TP53BP2
23456,ABCB10
148789,B3GALNT2
127623,OR2B11
391190,OR2L8
391211,OR2G6
55006,TRMT61B
5495,PPM1B
307,ANXA4
200424,TET3
23397,NCAPH
11320,MGAT4A
,AC140481.2
375298,CERKL
284992,CCDC150
130752,MDH1B
164781,DAW1
100422901,MIR3135A
285267,ZNF619
84100,ARL6
54847,SIDT1
152404,IGSF11
22820,COPG1
8646,CHRD
118,ADD1
2638,GC
5470,PPEF2
11086,ADAM29
65980,BRD9
3003,GZMK
9765,ZFYVE16
134430,WDR36
5515,PPP2CA
153201,SLC36A2
10246,SLC17A2
442184,OR2B3
9656,MDC1
389400,GFRAL
202559,KHDRBS2
55754,TMEM30A
83551,TAAR8
55350,VNN3
9749,PHACTR2
1395,CRHR2
54443,ANLN
9238,TBRG4
29062,WDR91
83650,SLC35G5
1978,EIF4EBP1
81790,RNF170
444,ASPH
245972,ATP6V0D2
389676,C8ORF87
6873,TAF2
54742,LY6K
23081,KDM4C
55958,KLHL9
5646,PRSS3
55755,CDK5RAP2
57720,GPR107
347688,TUBB8
7431,VIM
10730,YME1L1
79290,OR13A1
170370,FAM170B
1562,CYP2C18
390061,OR51Q1
55761,TTC17
245802,MS4A6E
8726,EED
56,ACRV1
57102,C12ORF4
26290,GALNT8
3822,KLRC2
91,ACVR1B
338785,KRT79
441639,OR9K2
390327,OR6C70
144404,TMEM120B
100507055,LRCOL1
100846996,MIR5007
23077,MYCBP2
1910,EDNRB
121793,TEX29
56252,YLPM1
11161,C14ORF1
283685,GOLGA6L2
7082,TJP1
80237,ELL3
26108,PYGO1
6642,SNX1
64799,IQCH
342096,GOLGA6A
8826,IQGAP1
9956,HS3ST2
283849,EXOC3L1
1327,COX4I1
10693,CCT6B
3927,LASP1
192666,KRT24
7283,TUBG1
5539,PPY
11143,KAT7
1444,CSHL1
9120,SLC16A6
9121,SLC16A5
114876,OSBPL1A
1829,DSG2
57572,DOCK6
7171,TPM4
80714,PBX4
3249,HPN
147798,TMC4
9040,UBE2M
22803,XRN2
140894,CNBD2
104,ADARB1
5116,PCNT
7290,HIRA
55020,TTC38
4935,GPR143
168400,DDX53
1184,CLCN5
4478,MSN
442162,RPS4XP7
58498,MYL7
26053,AUTS2
144406,WDR66
386757,SLC6A10P
8837,CFLAR
5274,SERPINI1
100874244,NAALADL2-AS2
8454,CUL1
401667,OR51A2
3048,HBG2
64062,RBM26
3500,IGHG1
1139,CHRNA7
4313,MMP2
266697,POM121L4P
7105,TSPAN6
92002,FAM58A
84224,NBPF3
5511,PPP1R8
84871,AGBL4
127255,LRRIQ3
317772,HIST2H2AB
9261,MAPKAPK2
403244,OR2T35
23369,PUM2
3514,IGKC
80210,ARMC9
327,APEH
55096,EBLN2
26240,FAM50B
653,BMP5
55146,ZDHHC4
7984,ARHGEF5
22976,PAXIP1
25962,KIAA1429
3167,HMX2
282775,OR5J2
,RP11-798K3.2
3860,KRT13
25941,TPGS2
7267,TTC3
286464,CHDC2
25930,PTPN23
8668,EIF3I
8761,PABPC4
2213,FCGR2B
130814,PQLC3
3344,FOXN2
54529,ASNSD1
6396,SEC13
152485,ZNF827
2823,GPM6A
56143,PCDHA5
9311,ASIC3
619373,MBOAT4
90390,MED30
84641,HIATL1
10422,UBAC1
5209,PFKFB3
25961,NUDT13
317662,FAM149B1
159195,USP54
11196,SEC23IP
119679,OR52J3
144125,OR2AG1
254187,TSGA10IP
8435,SOAT2
645686,GTF2IP3
8926,SNURF
25764,HYPK
7023,TFAP4
,RP11-19N8.2
4991,OR1D2
23526,HMHA1
164312,LRRN4
57091,CASS4
8216,LZTR1
27238,GPKOW
1364,CLDN4
55833,UBAP2
55160,ARHGEF10L
84966,IGSF21
6007,RHD
79729,SH3D21
81888,HYI
6491,STIL
55001,TTC22
199964,TMEM61
3737,KCNA2
2702,GJA5
405,ARNT
8394,PIP5K1A
149499,LRRC71
149297,FAM78B
64407,RGS18
89780,WNT3A
440738,MAP1LC3C
10000,AKT3
4148,MATN3
7498,XDH
7072,TIA1
54520,CCDC93
205147,AMER3
3685,ITGAV
57520,HECW2
79582,SPAG16
64708,COPS7B
23677,SH3BP4
377007,KLHL30
9695,EDEM1
378,ARF4
84541,KBTBD8
57092,PCNP
91653,BOC
152185,SPICE1
2932,GSK3B
2047,EPHB1
85476,GFM1
106478970,HTR3E-AS1
1370,CPN2
9353,SLIT2
10699,CORIN
2044,EPHA5
1060,CENPC
7365,UGT2B10
2926,GRSF1
8671,SLC4A4
1040,CDS1
7222,TRPC3
64399,HHIP
79722,ANKRD55
5924,RASGRF2
831,CAST
94033,FTMT
23438,HARS2
56129,PCDHB7
23567,ZNF346
2264,FGFR4
51149,C5ORF45
670,BPHL
3720,JARID2
10590,SCGN
2740,GLP1R
83741,TFAP2D
8732,RNGTT
9457,FHL5
85015,USP45
23118,TAB2
256227,STEAP1B
10392,NOD1
6424,SFRP4
563,AZGP1
11062,DUS4L
375616,KCP
254048,UBN2
494551,WEE2
28614,TRBV5-1
28597,TRBV7-1
3757,KCNH2
51667,NUB1
349136,WDR86
57488,ESYT2
9639,ARHGEF10
4741,NEFM
80139,ZNF703
759,CA1
93594,TBC1D31
3786,KCNQ3
225689,MAPK15
90990,KIFC2
9350,CER1
138802,OR13C8
3934,LCN2
59335,PRDM12
10585,POMT1
8328,GFI1B
10439,OLFM1
22944,KIN
84930,MASTL
8829,NRP1
5979,RET
7019,TFAM
84665,MYPN
27143,PALD1
140766,ADAMTS14
27069,GHITM
22849,CPEB3
9033,PKD2L1
255022,CALHM1
,C10ORF118
11101,ATE1
170394,PWWP2B
84435,GPR123
85442,KNDC1
390078,OR52E6
196335,OR56B4
6609,SMPD1
341277,OVCH2
5682,PSMA1
5897,RAG2
390142,OR5D13
219473,OR8K3
643680,MS4A4E
9066,SYT7
10235,RASGRP2
10004,NAALADL1
117144,CATSPER1
338692,ANKRD13D
2350,FOLR2
390265,OR10G7
25900,IFFO1
144195,SLC2A14
9976,CLEC2B
65981,CAPRIN2
84216,TMEM117
79962,DNAJC22
5463,POU6F1
56890,MDM1
574016,CLLU1OS
84530,SRRM4
254050,LRRC43
65082,VPS33A
7316,UBC
220108,FAM124A
10562,OLFM4
10202,DHRS2
196883,ADCY4
5926,ARID4A
400224,PLEKHD1
29954,POMT2
28449,IGHV3-13
28432,IGHV3-35
28465,IGHV1-46
283694,OR4N4
7337,UBE3A
145942,TMCO5A
,NARG2
55055,ZWILCH
10391,CORO2B
79748,LMAN1L
10363,HMG20A
10518,CIB2
64927,TTC23
23475,QPRT
11151,CORO1A
29108,PYCARD
113,ADCY7
197322,ACSF3
29123,ANKRD11
7531,YWHAE
1742,DLG4
11216,AKAP10
146862,UNC45B
80179,MYO19
390790,ARL5C
4669,NAGLU
146894,CD300LG
64847,SPATA20
56934,CA10
8313,AXIN2
9489,PGS1
2642,GCGR
6875,TAF4B
1825,DSC3
8170,SLC14A2
23335,WDR7
9480,ONECUT2
89777,SERPINB12
79839,CCDC102B
201456,FBXO15
8175,SF3A2
10908,PNPLA6
256949,KANK3
81890,QTRT1
126410,CYP4F22
58513,EPS15L1
23149,FCHO1
1311,COMP
148198,ZNF98
11136,SLC7A9
85415,RHPN2
57030,SLC17A7
317701,VN1R2
3804,KIR2DL3
65982,ZSCAN18
92086,GGTLC1
164284,APCDD1L
284756,C20ORF197
284827,KRTAP13-4
150280,HORMAD2
730005,SEC14L6
85377,MICALL1
54471,MIEF1
416,ARSF
5251,PHEX
158724,FAM47A
55593,OTUD5
158835,AWAT2
139324,HDX
51442,VGLL1
100126324,MIR934
139728,PNCK
149041,RC3H1
107063538,AHCYP8
9427,ECEL1
,SEPP1
5626,PROP1
,AC006026.10
90019,SYT8
400058,MKRN9P
26020,LRP10
5923,RASGRF1
146822,CDRT15
55250,ELP2
147381,CBLN2
22823,MTF2
93185,IGSF8
5284,PIGR
51460,SFMBT1
23272,FAM208A
79413,ZBED2
22836,RHOBTB3
5446,PON3
259287,TAS2R41
64425,POLR1E
3376,IARS
100616333,MIR3689C
64115,C10ORF54
4143,MAT1A
11155,LDB3
196792,FAM24B
390152,OR8H3
23085,ERC1
81624,DIAPH3
54920,DUS2
5173,PDYN
100288797,TMEM239
4983,OPHN1
51058,ZNF691
57116,ZNF695
727936,GXYLT2
23321,TRIM2
717,C2
643854,CTAGE9
,RP13-157F18.2
7582,ZNF33B
4728,NDUFS8
4643,MYO1E
5428,POLG
54496,PRMT7
729490,NCOR1P2
5476,CTSA
4636,MYL5
92597,MOB1B
57117,INTS12
222194,RSBN1L
81392,OR2AE1
2636,GBX1
138050,HGSNAT
157724,SLC7A13
4312,MMP1
11215,AKAP11
440159,OR11H13P
23094,SIPA1L3
8813,DPM1
8218,CLTCL1
1736,DKC1
79717,PPCS
5341,PLEK
51141,INSIG2
131405,TRIM71
124,ADH1A
7518,XRCC4
56123,PCDHB13
10466,COG5
136991,ASZ1
4481,MSR1
137695,TMEM68
28998,MRPL13
5462,POU5F1B
5998,RGS3
26098,EDRF1
390075,OR52N5
8591,OR5G1P
64581,CLEC7A
92797,HELB
54737,MPHOSPH8
84935,MEDAG
10640,EXOC5
80017,C14ORF159
10143,CLEC3A
51755,CDK12
727758,ROCK1P1
6407,SEMG2
1434,CSE1L
11077,HSF2BP
7712,ZNF157
57477,SHROOM4
7552,ZNF711
,RP13-140E4.1
139221,MUM1L1
2559,GABRA6
55974,SLC50A1
7456,WIPF1
,LINC00969
115548,FCHO2
4090,SMAD5
84433,CARD11
100506049,LRRC72
22891,ZNF365
1571,CYP2E1
81169,OR8J2
58475,MS4A7
121364,OR10A7
8747,ADAM21
29117,BRD7
463,ZFHX3
83903,GSG2
162394,SLFN5
1994,ELAVL1
125958,OR7D4
91663,MYADM
140885,SIRPA
140871,CFTRP1
81502,HM13
63929,XPNPEP3
127068,OR2T34
729249,KLHL2P1
54514,DDX4
134728,IRAK1BP1
9512,PMPCB
4982,TNFRSF11B
1761,DMRT1
147199,SCGB1C1
643,CXCR5
55837,EAPP
246,ALOX15
6795,AURKC
11020,IFT27
6872,TAF1
643535,KCTD9P2
284723,SLC25A34
84648,LCE3D
28938,IGKV1-16
9360,PPIG
129831,RBM45
4632,MYL1
6295,SAG
3425,IDUA
3791,KDR
5783,PTPN13
10733,PLK4
166655,TRIM60
132851,SPATA4
10299,MARCH6
64283,ARHGEF28
6569,SLC34A1
9509,ADAMTS2
56244,BTNL2
134864,TAAR1
3834,KIF25
9603,NFE2L3
5683,PSMA2
5108,PCM1
27161,AGO2
157922,CAMSAP1
83937,RASSF4
1791,DNTT
55742,PARVA
2197,FAU
57558,USP35
636,BICD1
29095,ORMDL2
10910,SUGT1
5684,PSMA3
9252,RPS6KA5
23368,PPP1R13B
4692,NDN
728498,GOLGA8H
79094,CHAC1
7158,TP53BP1
84993,UBL7
4240,MFGE8
55215,FANCI
26048,ZNF500
100289574,HERC2P4
2734,GLG1
55106,SLFN12
5914,RARA
672,BRCA1
1018,CDK3
79092,CARD14
55620,STAP2
54862,CC2D1A
440533,PSG8
5582,PRKCG
8785,MATN4
337971,KRTAP19-4
8867,SYNJ1
1413,CRYBA4
51493,RTCB
3956,LGALS1
645051,GAGE13
4595,MUTYH
1901,S1PR1
2947,GSTM3
23248,RPRD2
4914,NTRK1
57795,BRINP2
6003,RGS13
84450,ZNF512
6654,SOS1
28881,IGKV2D-30
,RP11-395L14.17
339761,CYP27C1
151230,KLHL23
130507,UBR3
6775,STAT4
1933,EEF1B2
114885,OSBPL11
8930,MBD4
645843,TMEM14E
55294,FBXW7
10934,MORF4
23530,NNT
317671,RFESD
56137,PCDHA12
10050,SLC17A4
732253,TDRG1
340168,DPPA5
80328,ULBP2
79981,FRMD1
6976,TRGV3
55915,LANCL2
168417,ZNF679
5382,PMS2P4
401375,GTF2IRD2P1
389524,GTF2IRD2B
55610,CCDC132
222256,CDHR3
155061,ZNF746
10940,POP1
84850,GLIS3-AS1
79956,ERMP1
445815,PALM2-AKAP2
9919,SEC16A
954,ENTPD2
642424,IGKV1OR10-1
9806,SPOCK2
642592,EIF5AP4
4586,MUC5AC
283298,OLFML1
2286,FKBP2
60494,CCDC81
3458,IFNG
9182,RASSF9
91574,C12ORF65
407975,MIR17HG
283489,CHAMP1
,RP11-84C10.2
27133,KCNH5
23191,CYFIP1
90417,KNSTRN
440278,CATSPER2P1
23274,CLEC16A
,RP11-626K17.5
,RP11-598D12.1
642659,HNRNPA1P48
4493,MT1E
1258,CNGB1
146845,WDR16
9340,GLP2R
246176,GAS2L2
22794,CASC3
55273,TMEM100
4215,MAP3K3
2081,ERN1
10939,AFG3L2
9150,CTDP1
5349,FXYD3
58510,PRODH2
1553,CYP2A13
30846,EHD2
400709,SIGLEC16
93650,ACPT
55554,KLK15
57343,ZNF304
28954,REM1
571,BACH1
10841,FTCD
66035,SLC2A11
758,MPPED1
4810,NHS
2892,GRIA3
139716,GAB3
84944,MAEL
644672,CLDN25
55052,MRPL20
63976,PRDM16
155184,SLC2A7
9635,CLCA2
51179,HAO2
1818,DRD5P2
3713,IVL
9673,SLC25A44
3068,HDGF
128372,OR6N1
3310,HSPA6
440699,LRRC52
8674,VAMP4
1660,DHX9
9214,FAIM3
5208,PFKFB2
403241,OR2T32P
926,CD8B
129868,TRIM43
80146,UXS1
644604,EEF1A1P12
8604,SLC25A12
4760,NEUROD1
131377,KLHL40
115560,ZNF501
4638,MYLK
6578,SLCO2A1
389158,PLSCR5
1359,CPA3
133690,CAPSL
83594,NUDT12
5987,TRIM27
26716,OR2H1
5558,PRIM2
6863,TAC1
54329,GPR85
9414,TJP2
84302,TMEM246
116443,GRIN3A
158399,ZNF483
83643,CCDC3
219699,UNC5B
,WDR96
4221,MEN1
143884,CWF19L2
5801,PTPRR
6175,RPLP0
6541,SLC7A1
10426,TUBGCP3
3091,HIF1A
283755,HERC2P3
54617,INO80
25942,SIN3A
9894,TELO2
9951,HS3ST4
146542,ZNF688
6117,RPA1
64518,TEKT3
4302,MLLT6
28316,CDH20
91039,DPP9
10775,POP4
56971,CEACAM19
994,CDC25B
6640,SNTA1
55959,SULF2
386672,KRTAP10-4
80764,THAP7
9145,SYNGR1
51360,MBTPS2
6906,SERPINA7
1260,CNGA2
64747,MFSD1
10492,SYNCRIP
3190,HNRNPK
240,ALOX5
,CTD-2140G10.2
6490,PMEL
9398,CD101
81458,OR2T7
64395,GMCL1
55193,PBRM1
118429,ANTXR2
24149,ZNF318
7784,ZP3
7589,ZSCAN21
665,BNIP3L
6601,SMARCC2
374491,TPTE2P6
94240,EPSTI1
2252,FGF7
9640,ZNF592
116840,CNTROB
,AC007952.5
3880,KRT19
171586,ABHD3
729974,RFPL4AL1
642852,LINC00205
,GS1-257G1.1
3595,IL12RB2
5733,PTGER3
3964,LGALS8
79894,ZNF672
4437,MSH3
5379,PMS2P1
2159,F10
,RP11-468E2.9
10516,FBLN5
5934,RBL2
5216,PFN1
257468,MEIS3P2
22850,ADNP2
54831,BEST2
253190,SERHL2
9949,AMMECR1
57529,RGAG1
6568,SLC17A1
55735,DNAJC11
54206,ERRFI1
51542,VPS54
64427,TTC31
55289,ACOXL
10314,LANCL1
132864,CPEB2
54790,TET2
10586,MAB21L2
3308,HSPA4
26959,HBP1
55719,FAM178A
83706,FERMT3
50840,TAS2R14
53831,GPR84
4604,MYBPC1
26682,OR4F4
57496,MKL2
92154,MTSS1L
51129,ANGPTL4
7317,UBA1
292,SLC25A5
260293,CYP4X1
55791,LRIF1
338324,S100A7A
391112,OR6Y1
3586,IL10
4139,MARK1
151056,PLB1
238,ALK
10989,IMMT
57730,ANKRD36B
1134,CHRNA1
347736,NME9
1894,ECT2
80306,MED28
10606,PAICS
339967,TMPRSS11A
58503,PROL1
55024,BANK1
93627,TBCK
8001,GLRA3
7060,THBS4
,GS1-179L18.1
85865,GTPBP10
168391,GALNTL5
,AC099552.4
9108,MTMR7
2260,FGFR1
158405,KIAA1958
341276,OR10A2
8086,AAAS
22821,RASA3
1215,CMA1
866,SERPINA6
124446,TMEM219
22928,SEPHS2
57546,PDP2
51224,TCEB3B
84064,HDHD2
115653,KIR3DL3
57186,RALGAPA2
3460,IFNGR2
9402,GRAP2
,RP13-266I11.1
5358,PLS3
22955,SCMH1
284541,CYP4A22
7804,LRP8
6464,SHC1
1163,CKS1B
128371,OR6K6
27252,KLHL20
9068,ANGPTL1
55705,IPO9
6905,TBCE
6868,ADAM17
51594,NBAS
90957,DHX57
4072,EPCAM
29798,C2ORF27A
401027,C2ORF66
151254,ALS2CR11
65062,TMEM237
1418,CRYGA
151050,KANSL1L
1285,COL4A3
9467,SH3BP5
64651,CSRNP1
,RP11-1396O13.14
23173,METAP1
5530,PPP3CA
817,CAMK2D
,PET112
56146,PCDHA2
11329,STK38
57150,SMIM8
5550,PREP
84071,ARMC2
28514,DLL1
5982,RFC2
5218,CDK14
4176,MCM7
26260,FBXO25
5423,POLB
137886,UBXN2B
50807,ASAP1
257019,FRMD3
118987,PDZD8
975,CD81
692108,SNORD67
5962,RDX
64776,C11ORF1
337,APOA4
51535,PPHLN1
23371,TENC1
5557,PRIM1
490,ATP2B1
23603,CORO1C
144715,RAD9B
92558,CCDC64
79867,TCTN2
8858,PROZ
404785,POTEG
11035,RIPK3
8487,GEMIN2
23034,SAMD4A
55860,ACTR10
28391,IGHV4-61
646379,IGHV1OR15-4
338429,SNORD109B
4077,NBR1
4905,NSF
124857,WFIKKN2
9110,MTMR4
1213,CLTC
84669,USP32
85451,UNK
10666,CD226
1032,CDKN2D
84261,FBXW9
29946,SERTAD3
,CTC-490E21.13
7772,ZNF229
9266,CYTH2
23636,NUP62
162966,ZNF600
90338,ZNF160
388569,ZNF324B
27243,CHMP2A
80343,SEL1L2
2691,GHRH
6431,SRSF6
55661,DDX27
57167,SALL4
8480,RAE1
4599,MX1
84164,ASCC2
10813,UTP14A
158521,FMR1NB
49856,WRAP73
29914,UBIAD1
8672,EIF4G3
3352,HTR1D
3155,HMGCL
90853,SPOCD1
79753,SNIP1
5563,PRKAA2
105378803,LRRC53
11080,DNAJB4
23266,LPHN2
148423,C1ORF52
2634,GBP2
54665,RSBN1
10885,WDR3
149013,NBPF12
9181,ARHGEF2
8832,CD84
57823,SLAMF7
4660,PPP1R12B
79098,C1ORF116
441933,OR13G1
127059,OR2M5
26751,SH3YL1
10113,PREB
,C2ORF53
151325,MYADML
23233,EXOC6B
26056,RAB11FIP5
51652,CHMP3
6160,RPL31
11138,TBC1D8
1622,DBI
,AC098826.4
,AC096649.3
3239,HOXD13
151246,SGOL2
285172,FAM126B
200576,PIKFYVE
3069,HDLBP
23132,RAD54L2
55802,DCP1A
2272,FHIT
503582,ARGFX
942,CD86
116211,TM4SF19
391634,HSP90AB2P
7358,UGDH
54940,OCIAD1
5431,POLR2B
7367,UGT2B17
3347,HTN3
51166,AADAT
1635,DCTD
10409,BASP1
2966,GTF2H2
23107,MRPS27
1393,CRHBP
100132510,GLRXP3
10799,RPP40
7718,ZNF165
2289,FKBP5
114781,BTBD9
221421,RSPH9
51557,LGSN
9994,CASP8AP2
11149,BVES
23097,CDK19
,RP11-510H23.1
154214,RNF217
57224,NHSL1
4829,NMBR
729178,STXBP5-AS1
221895,JAZF1
2969,GTF2I
346562,GNAT3
4885,NPTX2
56257,MEPCE
4232,MEST
28606,TRBV6-1
28616,TRBV4-2
9601,PDIA4
2222,FDFT1
,ZNF705C
55145,THAP1
253943,YTHDF3
,RP11-656G20.1
,RP11-777J24.1
55353,LAPTM4B
4781,NFIB
347127,SPATA31D5P
10507,SEMA4D
10592,SMC2
254973,OR1L4
5082,PDCL
54542,RC3H2
286204,CRB2
9712,USP6NL
221060,C10ORF111
7417,VDAC2
340745,LRIT2
142910,LIPJ
3433,IFIT2
401666,OR51A4
29099,COMMD9
51144,HSD17B12
282776,OR8V1P
79523,OR5M2P
1500,CTNND1
645332,FAM86C2P
4317,MMP8
114769,CARD16
283149,BCL9L
80071,CCDC15
2251,FGF6
10233,LRRC23
716,C1S
5544,PRB3
55500,ETNK1
121340,SP7
5036,PA2G4
4284,MIP
115749,C12ORF56
64786,TBC1D15
121599,SPIC
88455,ANKRD13A
64211,LHX5
440138,ALG11
8874,ARHGEF7
283571,PROX2
3498,IGHEP1
9834,KIAA0125
,RP11-79C23.1
606,NBEAP1
79768,KATNBL1
57538,ALPK3
4122,MAN2A2
8131,NPRL3
4716,NDUFB10
6559,SLC12A3
222487,GPR97
123775,C16ORF46
2303,FOXC2
388324,INCA1
23533,PIK3R5
388335,TMEM220
1352,COX10
147166,TRIM16L
348254,CCDC144CP
100506736,SLFN12L
7153,TOP2A
54474,KRT20
3884,KRT33B
23415,KCNH4
55771,PRR11
,RP11-178C3.2
9772,KIAA0195
91768,CABLES1
147323,STARD6
100529855,ZNF625-ZNF20
163051,ZNF709
57474,ZNF490
11283,CYP4F8
80264,ZNF430
147719,LYPD4
56269,IRGC
23645,PPP1R15A
126133,ALDH16A1
90333,ZNF468
503834,DPRX
3903,LAIR1
51340,CRNKL1
10110,SGK2
8839,WISP2
149998,LIPI
6526,SLC5A3
23783,ANKRD62P1-PARP4P3
25793,FBXO7
171482,FAM9A
58526,MID1IP1
139599,MAGEE2
84636,GPR174
1538,CYLC1
2717,GLA
2747,GLUD2
139760,GPR119
2719,GPC3
27316,RBMX
4100,MAGEA1
5365,PLXNB3
286573,TPTE2P4
,CTB-111H14.1
26099,SZRD1
388605,HS6ST1P1
84676,TRIM63
6548,SLC9A1
63948,DMRTB1
1573,CYP2J2
4919,ROR1
,RP5-1052I5.2
1806,DPYD
9122,SLC16A4
845,CASQ2
55356,SLC22A15
80263,TRIM45
9900,SV2A
10899,JTB
91181,NUP210L
79368,FCRL2
912,CD1D
911,CD1C
391123,VSIG8
4720,NDUFS2
127665,ZNF648
4688,NCF2
80267,EDEM3
2165,F13B
55765,C1ORF106
57172,CAMK1G
401983,ZNF847P
,MLK4
1131,CHRM3
26245,OR2M4
91543,RSAD2
165186,FAM179A
57142,RTN4
339799,EIF3FP3
5966,REL
10097,ACTR2
10505,SEMA4F
28913,IGKV3-15
,AC116050.1
,AC027612.3
642762,ABCD1P5
,AC073464.11
442038,SULT1C3
27233,SULT1C4
,MIR4435-1HG
26525,IL36RN
150472,CBWD2
375260,WASH2P
2591,GALNT3
5163,PDK1
8540,AGPS
84128,WDR75
100287191,HNRNPA1P47
25953,PNKD
4691,NCL
375318,AQP12A
3568,IL5RA
9901,SRGAP3
26061,HACL1
6769,STAC
820,CAMP
131566,DCBLD2
131368,ZPLD1
25945,PVRL3
55840,EAF2
7707,ZNF148
90288,EFCAB12
132243,H1FOO
8419,BFSP2
344838,PAQR9
53836,GPR87
64805,P2RY12
10051,SMC4
11235,PDCD10
339829,CCDC39
64110,MAGEF1
10188,TNK2
79441,HAUS3
100887748,UNC93B8
339977,LRRC66
6443,SGCB
4589,MUC7
10886,NPFFR2
133308,SLC9B2
54848,ARHGEF38
3426,CFI
84109,QRFPR
308,ANXA5
54510,PCDH18
2982,GUCY1A3
59350,RXFP1
56604,TUBB7P
134111,UBE2QL1
6715,SRD5A1
64083,GOLPH3
51151,SLC45A2
,RP11-1023L17.1
,CTD-2201E18.3
2698,GJA1P1
9627,SNCAIP
6583,SLC22A4
56113,PCDHGA2
57528,KCTD16
79616,CCNJL
94026,POM121L2
26530,OR12D1
346171,ZFP57
6204,RPS10
5603,MAPK13
4800,NFYA
84630,TTBK1
9697,TRAM2
29940,DSE
441168,FAM26F
221322,TBC1D32
84870,RSPO3
154091,SLC2A12
57211,GPR126
7957,EPM2A
57492,ARID1B
79683,ZDHHC14
55501,CHST12
56903,PAPOLB
7965,AIMP2
3382,ICA1
4223,MEOX2
222894,FERD3L
3203,HOXA6
23366,KIAA0895
1644,DDC
27320,TNRC18P2
,AC004166.6
25851,TECPR1
9179,AP4M1
7205,TRIP6
729597,SPDYE6
100506330,WBP1LP2
154907,C7ORF66
3751,KCND2
27044,SND1
55131,RBM28
64764,CREB3L2
91694,LONRF1
57509,MTUS1
55174,INTS10
526,ATP6V1B2
1135,CHRNA2
,TMEM66
389649,C8ORF86
84197,POMK
79145,CHCHD7
9760,TOX
254778,C8ORF46
760,CA2
115111,SLC26A7
114822,RHPN1
80728,ARHGAP39
5991,RFX3
9373,PLAA
84688,C9ORF24
442425,FOXB2
645961,SPATA31C2
54769,DIRAS2
2304,FOXE1
158135,TTLL11
10044,SH2D3C
6621,SNAPC4
3799,KIF5B
,RP11-672F9.1
6387,CXCL12
29974,A1CF
84883,AIFM2
387694,SH2D4B
728130,NUTM2D
401647,GOLGA7B
5076,PAX2
10935,PRDX3
55717,WDR11
2849,GPR26
80313,LRRC27
322,APBB1
2620,GAS2
143662,MUC15
,RP11-347H15.5
81330,OR4A13P
81322,OR4A21P
81196,OR5D17P
81153,OR9M1P
120586,OR8I2
390166,OR5M5P
219968,OR5B21
6520,SLC3A2
8722,CTSF
254552,NUDT8
55107,ANO1
401,PHOX2A
220032,GDPD4
4837,NNMT
120406,NXPE2
219870,OR10G9
26493,OR8B8
50863,NTM
112937,GLB1L3
9332,CD163
9573,GDF3
3820,KLRB1
,C12ORF39
23416,KCNH3
121130,OR10P1
55832,CAND1
4193,MDM2
11052,CPSF6
3747,KCNC2
23074,UHRF1BP1L
35,ACADS
140707,BRI3BP
90634,N4BP2L1
122011,CSNK1A1L
100652801,NXT1P1
10160,FARP1
84899,TMTC4
728215,FAM155A
81127,OR4K15
28670,TRAV13-2
51199,NIN
51635,DHRS7
51804,SIX4
112840,WDR89
26499,PLEK2
28395,IGHV4-34
161835,FSIP1
90527,DUOXA1
6095,RORA
5607,MAP2K5
80125,CCDC33
9915,ARNT2
342125,TMC3
123720,WHAMM
,AC016251.1
,AC055873.1
641298,SMG1P1
10368,CACNG3
,RP11-1166P10.1
100129631,IGHV2OR16-5
81831,NETO2
,CCDC135
11060,WWP2
164,AP1G1
1504,CTRB1
23563,CHST5
93517,SDR42E1
146167,SLC38A8
9914,ATP2C2
2294,FOXF1
653166,OR1D4
2123,EVI2A
5193,PEX12
782,CACNB1
1440,CSF3
25984,KRT23
390792,KRT39
92579,G6PC3
84073,MYCBPAP
9496,TBX4
339175,METTL2A
374819,LRRC37A3
64446,DNAI2
124599,CD300LB
347741,OTOP3
9989,PPP4R1
,AP005901.1
9331,B4GALT6
147407,SLC25A52
6014,RIT2
89778,SERPINB11
148022,TICAM1
26659,OR7A5
8907,AP1M1
25789,TMEM59L
64377,CHST8
9424,KCNK6
79935,CNTD2
634,CEACAM1
653583,PHLDB3
5536,PPP5C
6543,SLC8A2
2906,GRIN2D
4606,MYBPC2
402665,IGLON5
100128254,FAM90A28P
79167,LILRP1
55311,ZNF444
284306,ZNF547
201516,ZSCAN4
5111,PCNA
128710,SLX4IP
26152,ZNF337
85366,MYLK2
343702,XKR7
8904,CPNE1
57148,RALGAPB
259239,WFDC11
81027,TUBB1
149992,ANKRD30BP2
54487,DGCR8
91445,RNF185
164656,TMPRSS6
57026,PDXP
25809,TTLL1
10943,MSL3
6322,SCML1
22,ABCB7
50945,TBX22
117154,DACH2
79921,TCEAL4
92129,RIPPLY1
79710,MORC4
1287,COL4A5
91851,CHRDL1
2492,FSHR
,AC068538.2
,RP11-678B3.2
220992,ZNF485
,RP11-163O19.8
5053,PAH
100131027,SLC25A5P4
730249,IRG1
122748,OR11H6
8814,CDKL1
28320,IGHV1OR15-6
85407,NKD1
9709,HERPUD1
1009,CDH11
83756,TAS1R3
5351,PLOD1
127343,DMBX1
54741,LEPROT
26135,SERBP1
9860,LRIG2
54454,ATAD2B
23332,CLASP1
55515,ASIC4
643905,PRR21
51421,AMOTL2
199221,DZIP1L
683,BST1
7478,WNT8A
51473,DCDC2
6732,SRPK1
55278,QRSL1
84498,FAM120B
142685,ASB15
57670,KIAA1549
23303,KIF13B
9821,RB1CC1
10397,NDRG1
123,PLIN2
1902,LPAR1
256815,C10ORF67
56288,PARD3
6877,TAF5
387748,OR56B1
219482,OR5M3
9158,FIBP
5241,PGR
10413,YAP1
50865,HEBP1
51347,TAOK3
10443,N4BP2L2
2308,FOXO1
23116,FAM179B
28408,IGHV3-74
54989,ZNF770
145853,C15ORF61
11214,AKAP13
79705,LRRK1
56052,ALG1
54700,RRN3
197370,NSMCE1
80152,CENPT
440459,SLC16A6P1
149840,C20ORF196
660,BMX
2491,CENPI
574505,MIR450A2
57576,KIF17
10103,TSPAN1
1629,DBT
148281,SYT6
100874392,ANKRD20A12P
163778,SPRR4
5498,PPOX
4359,MPZ
55811,ADCY10
375035,SFT2D2
23219,FBXO28
8443,GNPAT
267002,PGBD2
2976,GTF3C2
129293,TRABD2A
84173,ELMOD3
151313,FAHD2B
389114,ZNF662
7867,MAPKAPK3
51725,FBXO40
54554,WDR5B
64084,CLSTN2
,FAM194A
344752,AADACL2
389170,LEKR1
1173,AP2M1
285498,RNF212
10141,C4ORF6
55601,DDX60
635,BHMT
23338,JADE2
83697,SLC4A9
10455,ECI2
10786,SLC17A3
3007,HIST1H1D
8331,HIST1H2AJ
90523,MLIP
56479,KCNQ5
23353,SUN1
11328,FKBP9
3624,INHBA
3484,IGFBP1
5701,PSMC2
645572,FAM90A23P
8658,TNKS
8439,NSMAF
57210,SLC45A4
203228,C9ORF72
7094,TLN1
23637,RABGAP1
5730,PTGDS
55526,DHTKD1
,RP11-564C4.6
84545,MRPL43
79949,PLEKHS1
1892,ECHS1
390064,OR51I2
120066,OR5P3
117196,MRGPRX4
84680,ACCS
219952,OR6Q1
374395,TMEM179B
54979,HRASLS2
5519,PPP2R1B
5818,NECTIN1
283162,OR8B4
9194,SLC16A7
9365,KL
121981,PPIAP26
26224,FBXL3
337867,UBAC2
441669,OR4Q3
440163,RNASE13
253959,RALGAPA1
5267,SERPINA4
27004,TCL6
767592,SNORD114-14
653061,GOLGA8S
2585,GALK2
,RP11-388M20.7
28309,IGHV3OR16-7
9683,N4BP1
83659,TEKT1
6388,SDF2
9618,TRAF4
350,APOH
6929,TCF3
7409,VAV1
7675,ZNF121
,RP11-420K14.1
84807,NFKBID
5669,PSG1
54814,QPCTL
646508,FAM90A27P
57573,ZNF471
503835,DUXA
125919,ZNF543
57761,TRIB3
140706,CCM2L
55969,C20ORF24
140876,FAM65C
,LA16C-60G3.8
28825,IGLV1-40
,LL22NC03-63E9.3
28817,IGLV2-8
6527,SLC5A4
8224,SYN3
9582,APOBEC3B
90293,KLHL13
203859,ANO5
79022,TMEM106C
,RP11-80F22.5
84501,SPIRE2
219293,ATAD3C
199953,TMEM201
29943,PADI1
51702,PADI3
64600,PLA2G2F
2046,EPHA8
2048,EPHB2
4146,MATN1
7805,LAPTM5
149069,DCDC2B
3932,LCK
54933,RHBDL2
,WDR65
128209,KLF17
388630,TRABD2B
200010,SLC5A9
65260,COA7
79699,ZYG11B
54432,YIPF1
51253,MRPL37
8790,FPGT
127247,ASB17
7813,EVI5
,LPPR5
2780,GNAT2
2949,GSTM5
3752,KCND3
163259,DENND2C
343505,NBPF7
2210,FCGR1B
644591,PPIAL4G
10903,MTMR11
1893,ECM1
11022,TDRKH
448835,LCE6A
6706,SPRR2G
114771,PGLYRP3
57657,HCN3
56893,UBQLN4
2205,FCER1A
,CCDC19
844,CASQ1
27005,USP21
5451,POU2F1
23432,GPR161
100422839,MIR3119-1
80896,NPL
6738,TROVE2
79577,CDC73
3898,LAD1
1379,CR1L
100313769,MIR320B2
51127,TRIM17
8290,HIST3H3
93474,ZNF670
343170,OR14K1
127608,OR2AJ1
284521,OR2L13
2281,FKBP1B
54978,SLC35F6
245711,SPDYA
92291,CAPN13
1545,CYP1B1
64225,ATL2
11037,STON1
23198,PSME4
7039,TGFA
94097,SFXN5
9801,MRPL19
51315,KRCC1
150572,SMYD1
90342,FER1L5
284958,NT5DC4
3553,IL1B
27178,IL37
26469,PTPN18
90557,CCDC74A
1615,DARS
339745,SPOPL
,AC023469.1
8502,PKP4
26003,GORASP2
1781,DYNC1I2
54431,DNAJC10
29851,ICOS
8828,NRP2
2335,FN1
3667,IRS1
56918,C2ORF83
248,ALPI
339766,MROH2A
55355,HJURP
4705,NDUFA10
11132,CAPN10
728294,D2HGDH
27255,CNTN6
2917,GRM7
29995,LMCD1
859,CAV3
152273,FGD5
9497,SLC4A7
152100,CMC1
339896,GADL1
114884,OSBPL10
643853,TMPPE
55888,ZKSCAN7
389118,CDHR4
5627,PROS1
403274,OR5H15
26339,OR5K1
11148,HHLA2
57650,KIAA1524
55211,DPPA4
344805,TMPRSS7
141,ADPRH
2960,GTF2E1
10721,POLQ
6565,SLC15A2
54946,SLC41A3
,C3ORF72
5922,RASA2
7401,CLRN1
5584,PRKCI
2693,GHSR
55214,LEPREL1
344901,OSTN
54872,PIGG
9364,RAB28
1259,CNGA1
3815,KIT
5978,REST
79799,UGT2A3
3627,CXCL10
255119,C4ORF22
51176,LEF1
5308,PITX2
4085,MAD2L1
890,CCNA2
83447,SLC25A31
2993,GYPA
4306,NR3C2
11275,KLHL2
81037,CLPTM1L
26064,RAI14
134218,DNAJC21
167359,NIM1K
64417,C5ORF28
4214,MAP3K1
285600,KIAA0825
79772,MCTP1
54826,GIN1
642987,TMEM232
93166,PRDM6
23092,ARHGAP26
340075,ARSI
2568,GABRP
30012,TLX3
,CTB-78H18.1
3274,HRH2
10814,CPLX2
285598,ARL10
3101,HK3
2916,GRM6
153579,BTNL9
84830,ADTRP
51256,TBC1D7
6310,ATXN1
7913,DEK
9750,FAM65B
8418,CMAHP
8968,HIST1H3F
696,BTN1A1
29777,ABT1
8969,HIST1H2AG
8449,DHX16
7916,PRRC2A
2914,GRM4
6631,SNRPC
23304,UBR2
116138,KLHDC3
9481,SLC25A27
245915,DEFB112
85315,PAQR8
25821,MTO1
9474,ATG5
222537,HS3ST5
387357,THEMIS
79541,OR2A4
9444,QKI
7058,THBS2
56975,FAM20C
392617,ELFN1
8379,MAD1L1
221833,SP8
115416,MALSU1
100133311,HOXA-AS3
2617,GARS
79020,C7ORF25
4967,OGDH
80099,C7ORF69
168507,PKD1L1
256979,SUN3
8460,TPST1
55069,TMEM248
135886,WBSCR28
2006,ELN
375593,TRIM73
57639,CCDC146
440,ASNS
64599,GIGYF1
93986,FOXP2
22797,TFEC
7982,ST7
9296,ATP6V1F
340348,TSPAN33
346673,STRA8
26266,SLC13A4
136319,MTPN
136306,SVOPL
155006,TMEM213
136242,PRSS37
28594,TRBV7-4
835,CASP2
643641,ZNF862
1669,DEFA4
10174,SORBS3
,RP11-150O12.3
8749,ADAM18
169355,IDO2
6422,SFRP1
10947,AP3M2
23678,SGK3
56704,JPH1
734,OSGIN2
10247,HRSP12
6788,STK3
157567,ANKRD46
79870,BAALC
9694,EMC2
27012,KCNV1
64798,DEPTOR
157378,TMEM65
137209,ZNF572
389690,MROH5
23144,ZC3H3
26873,OPLAH
407035,MIR31
1993,ELAVL2
57462,KIAA1161
653427,FOXD4L5
23670,TMEM2
441452,SPATA31C1
53358,SHC3
54829,ASPN
23196,FAM120A
56033,BARX1
55363,HEMGN
203286,ANKS6
,LPPR1
54566,EPB41L4B
25861,DFNB31
7099,TLR4
51148,CERCAM
2889,RAPGEF1
9858,PPP1R26
94107,TMEM203
22884,WDR37
5588,PRKCQ
80013,FAM188A
143098,MPP7
283080,C10ORF126
729668,GOLGA2P6
9790,BMS1
267004,PGBD3
80201,HKDC1
26103,LRIT1
84458,C10ORF12
10724,MGEA5
22978,NT5C2
253738,EBF3
664,BNIP3
387266,KRTAP5-3
119692,OR51S1
81274,OR52B1P
,RP11-113D6.10
144110,TMEM86A
25841,ABTB2
7189,TRAF6
1132,CHRM4
6688,SPI1
5795,PTPRJ
441608,OR5B3
51524,TMEM138
9376,SLC22A8
283238,SLC22A24
7536,SF1
254102,EHBP1L1
254122,SNX32
89792,GAL3ST3
347853,TBX10
116535,MRGPRF
9965,FGF19
5138,PDE2A
283208,P4HA3
283209,PGM2L1
65084,TMEM135
642446,TRIM64B
,RP11-201M22.1
9702,CEP57
7225,TRPC6
23365,ARHGEF12
390275,OR8A1
160065,PATE1
,RP11-168K9.2
2313,FLI1
4055,LTBR
2597,GAPDH
171017,ZNF384
101055625,OVCH1-AS1
55196,KIAA1551
144402,CPNE8
225,ABCD2
144165,PRICKLE1
55089,SLC38A4
7421,VDR
4891,SLC11A2
1990,CELA1
94,ACVRL1
3889,KRT83
3848,KRT1
144577,C12ORF66
23592,LEMD3
50616,IL22
196446,MYRFL
283431,GAS2L3
6926,TBX3
4842,NOS1
23545,ATP6V0A2
121260,SLC15A4
6433,SFSWAP
2706,GJB2
80209,PROSER1
144809,FAM216B
,FAM194B
1102,RCBTB2
5100,PCDH8
84189,SLITRK6
10082,GPC6
22873,DZIP1
85495,RPPH1
390445,OR5AU1
26533,OR10G3
28692,TRAV1-2
28691,TRAV2
28642,TRAV39
55072,RNF31
7051,TGM1
55632,G2E3
25831,HECTD1
253970,SFTA3
5015,OTX2
64430,PCNXL4
57381,RHOJ
23768,FLRT2
2581,GALC
54207,KCNK10
1112,FOXN3
283643,C14ORF80
727832,GOLGA6L6
7057,THBS1
283748,PLA2G4D
57519,STARD9
196951,FAM227B
4644,MYO5A
9325,TRIP4
8482,SEMA7A
84894,LINGO1
23205,ACSBG1
9154,SLC28A1
90381,TICRR
390637,GDPGP1
283777,FAM169B
8938,BAIAP3
4917,NTN3
5373,PMM2
23420,NOMO1
146177,VWA3A
6911,TBX6
339105,PRSS53
283933,ZNF843
6376,CX3CL1
4324,MMP15
25894,PLEKHG4
79613,TANGO6
84916,CIRH1A
283971,CLEC18C
16,AARS
25839,COG4
440348,NPIPB15
57687,VAT1L
,BCMO1
284111,SLC13A5
9196,KCNAB3
7156,TOP3A
26118,WSB1
201229,LYRM9
23098,SARM1
6356,CCL11
5691,PSMB3
4761,NEUROD2
84951,TNS4
55175,KLHL11
2896,GRN
10481,HOXB13
162282,ANKFN1
140735,DYNLL2
124590,USH1G
85302,FBF1
8811,GALR2
5635,PRPSAP1
146664,MGAT5B
3959,LGALS3BP
2194,FASN
79755,ZNF750
8736,MYOM1
645369,TMEM200C
339291,LRRC30
5797,PTPRM
4158,MC2R
3909,LAMA3
1823,DSC1
7276,TTR
284254,DYNAP
6925,TCF4
2235,FECH
9306,SOCS6
682,BSG
1820,ARID3A
5434,POLR2E
84444,DOT1L
4145,MATK
23217,ZFR2
8744,TNFSF9
81794,ADAMTS10
10498,CARM1
26526,TSPAN16
284390,ZNF763
390892,OR7A10
117286,CIB3
83483,PLVAP
10331,B3GNT3
83636,C19ORF12
84063,KIRREL2
25999,CLIP3
163087,ZNF383
115290,FBXO17
57731,SPTBN4
,CTC-490E21.12
11100,HNRNPUL1
5675,PSG6
7638,ZNF221
79090,TRAPPC6A
147699,PPM1N
8541,PPFIA3
112703,FAM71E1
84671,ZNF347
26121,PRPF31
284418,FAM71E2
10597,TRAPPC2P1
7565,ZNF17
374928,ZNF773
10520,ZNF211
5786,PTPRA
22918,CD93
128820,CST9LP1
1869,E2F1
55245,UQCC1
10137,RBM12
90187,EMILIN3
10955,SERINC3
100,ADA
3787,KCNS1
958,CD40
2139,EYA2
8202,NCOA3
5770,PTPN1
23626,SPO11
55370,PPP4R1L
3911,LAMA5
50861,STMN3
3588,IL10RB
53820,RIPPLY3
3689,ITGB2
150165,XKR3
28791,IGLV3-27
28796,IGLV3-21
4320,MMP11
11200,CHEK2
50487,PLA2G3
91464,ISX
114904,C1QTNF6
80115,BAIAP2L2
9567,GTPBP1
388910,LINC00207
348645,C22ORF34
8233,ZRSR2
158506,ZNF645
347411,MPC1L
170627,XAGE5
9754,STARD8
340533,KIAA2022
139596,UPRT
6451,SH3BGRL
90316,TGIF2LX
4675,NAP1L3
27035,NOX1
340547,VSIG1
115201,ATG4A
63035,BCORL1
10479,SLC9A6
286410,ATP11C
79057,PRRG3
3654,IRAK1
7258,TSPY1
79595,SAP130
6985,TRGV11
261729,STEAP2
100128963,RPL3P9
29967,LRP12
4920,ROR2
81619,TSPAN14
84070,FAM186B
5151,PDE8A
125488,TTC39C
90649,ZNF486
7673,ZNF222
148870,CCDC27
5394,EXOSC10
576,BAI2
284654,RSPO1
1996,ELAVL4
23648,SSBP3
115209,OMA1
29899,GPSM2
204851,HIPK1
83998,REG4
653464,SRGAP2C
1513,CTSK
29956,CERS2
8991,SELENBP1
57645,POGK
127833,SYT2
326591,MORF4L1P1
375057,C1ORF95
92815,HIST3H2A
78989,COLEC11
79677,SMC6
10887,PROKR1
28885,IGKV2D-24
129521,NMS
23192,ATG4B
,CXXC11
54585,LZTFL1
54870,QRICH1
63891,RNF123
353324,SPATA12
28999,KLF15
23129,PLXND1
9819,TSC22D2
200879,LIPH
152002,XXYLT1
55330,BLOC1S4
93624,TADA2B
54876,DCAF16
57620,STIM2
389240,NACA3P
,RP11-404K5.2
79993,ELOVL7
23635,SSBP2
83989,FAM172A
6695,SPOCK1
113829,SLC35A4
9421,HAND1
,CTC-340A15.2
2161,F12
729522,AACSP1
9794,MAML1
8737,RIPK1
441151,TMEM151B
988,CDC5L
221400,TDRD6
90025,UBE3D
154215,NKAIN2
23242,COBL
285877,POM121L12
857,CAV1
114960,TSGA13
106480789,ALG1L11P
23414,ZFPM2
3717,JAK2
9925,ZBTB5
728747,ANKRD20A4
6096,RORB
389761,SPATA31D4
286234,SPATA31E1
9128,PRPF4
7633,ZNF79
414235,PRR26
8028,MLLT10
2662,GDF10
6572,SLC18A3
3070,HELLS
4255,MGMT
81532,MOB2
196120,SSU72P5
390058,OR51B6
89797,NAV2
8534,CHST1
5913,RAPSN
84304,NUDT22
6494,SIPA1
22941,SHANK2
5058,PAK1
642612,TRIM49C
55823,VPS11
116337,PANX3
84623,KIRREL3
283420,CLEC9A
11171,STRAP
91012,CERS5
283337,ZNF740
6636,SNRPF
3034,HAL
338773,TMEM119
57605,PITPNM2
100129528,MUC8
222484,LNX2
,AL136160.1
100874057,LINC00283
4253,MIA2
5583,PRKCH
9836,LCMT2
,CTD-2008A1.2
1588,CYP19A1
8854,ALDH1A2
3671,ISLR
2013,EMP2
348156,PKD1P5
100132247,NPIPB5
5930,RBBP6
441771,MT1CP
84627,ZNF469
1973,EIF4A1
399687,TIAF1
6351,CCL4
9326,ZNHIT3
57125,PLXDC1
90507,SCRN2
4025,LPO
1655,DDX5
284131,ENDOV
146705,TEPSIN
81035,COLEC12
162699,TCEB3C
652991,SKOR2
126520,PLK5
126259,TMIGD2
115704,EVI5L
3609,ILF3
26538,OR10H2
90273,CEACAM21
55769,ZNF83
80341,BPIFB2
2778,GNAS
26046,LTN1
9980,DOPEY2
644768,SLC9B1P4
5422,POLA1
85417,CCNB3
1896,EDA
139562,OTUD6A
163702,IFNLR1
339400,FLG-AS1
7827,NPHS2
504175,OR3D1P
400955,LINC01122
54659,UGT1A3
,RP11-460N16.1
89857,KLHL6
54463,FAM134B
203068,TUBB
8831,SYNGAP1
5467,PPARD
89822,KCNK17
,RP11-436D23.1
,RP11-356I2.1
286183,NKAIN3
100874052,LINC00534
,RP11-554I8.1
,RP1-65P5.1
,RP11-94P11.4
100874143,LINC00358
100506433,LINC00648
100820829,MYZAP
,U91319.1
284260,LINC00907
7078,TIMP3
100506376,TTLL10-AS1
10726,NUDC
27245,AHDC1
347735,SERINC2
284656,EPHA10
11124,FAF1
4998,ORC1
,RP4-595K12.2
,RP5-998N21.4
919,CD247
,RP11-296O14.3
440712,C1ORF186
339535,LINC01139
81462,OR2L9P
339789,LINC00299
,AC114755.7
654412,FAM138B
348751,FTCDNL1
1419,CRYGB
3579,CXCR2
6694,SPP2
55287,TMEM40
27258,LSM3
5859,QARS1
55799,CACNA2D3
9432,OR7E21P
,RP11-3P17.4
401138,AMTN
8615,USO1
2994,GYPB
80817,CEP44
7903,ST8SIA4
285590,SH3PXD2B
221687,RNF182
255488,RNF144B
4795,NFKBIL1
7180,CRISP2
167,CRISP1
51805,COQ3
54467,ANKIB1
1671,DEFA6
100132923,FAM66D
441359,REXO1L3P
3037,HAS2
4062,LY6H
2907,GRINA
23299,BICD2
401551,WDR38
642394,ADARB2-AS1
100129622,RSU1P1
305,ANXA2P3
23232,TBC1D12
9748,SLK
386746,MRGPRG
1200,TPP1
23130,ATG2A
23705,CADM1
4297,KMT2A
,RP11-598F7.1
359787,DPPA3
5916,RARG
64333,ARHGAP9
4141,MARS
552889,ATXN7L3B
79369,B3GNT4
80344,DCAF11
10914,PAPOLA
7329,UBE2I
,RP11-420N3.2
55275,VPS53
116236,ABHD15
284076,TTLL6
65264,UBE2Z
6632,SNRPD1
494470,RNF165
93343,MVB12A
2864,FFAR1
126393,HSPB6
374900,ZNF568
148266,ZNF569
5518,PPP2R1A
554300,KIR2DP1
284307,ZIK1
7710,ZNF154
63941,NECAB3
4764,NF1P3
49854,ZBTB21
81543,LRRC3
113828,FAM83F
55999,NXF4
4611,MYCLP1
100126303,MIR890
64094,SMOC2
100130873,CARM1P1
,RP11-314D7.2
653635,WASH7P
23254,KAZN
2635,GBP3
150681,OR6B3
26140,TTLL3
8927,BSN
442105,OR7E85P
3184,HNRNPD
222662,LHFPL5
5754,PTK7
134701,RIPPLY2
51119,SBDS
392752,OR7E7P
4189,DNAJB9
9258,MFHAS1
23099,ZBTB43
138429,PIP5KL1
11253,MAN1B1
8034,SLC25A16
,C11ORF35
3630,INS
10798,OR5I1
81566,CSRNP2
388021,TMEM179
348158,ACSM2B
54758,KLHDC4
7716,VEZF1
2125,EVPL
9144,SYNGR2
9525,VPS4B
8174,MADCAM1
284382,ACTL9
10535,RNASEH2A
606293,KLKP1
54453,RIN2
2033,EP300
406875,FXYD6P3
54810,GIPC2
2590,GALNT2
,AC078941.1
5378,PMS1
6161,RPL32
1524,CX3CR1
,RP11-6B4.1
56945,MRPS22
386617,KCTD8
2743,GLRB
,CT49
25816,TNFAIP8
4482,MSRA
,CTA-392E5.1
,RP11-313J2.1
5599,MAPK8
,RP11-71J2.1
10658,CELF1
7334,UBE2N
,FAM101A
,CTD-3006G17.2
,RP11-106M3.2
,CTD-2544M6.1
,AC004158.2
224,ALDH3A2
28964,GIT1
,RP11-638L3.1
100131208,SNAP25-AS1
128821,CST9L
1266,CNN3
4893,NRAS
653784,MZT2A
646915,ZNF806
200810,ALG1L
6531,SLC6A3
,CTC-512J14.5
56144,PCDHA4
221262,C6ORF183
84310,C7ORF50
644619,INTS4L2
100288540,POM121B
653361,NCF1
54480,CHPF2
1029,CDKN2A
29989,OBP2B
93426,SYCE1
253128,LINC00612
,AL355390.1
4088,SMAD3
401827,MSLNL
197258,FUK
9013,TAF1C
100506581,C16ORF95
55181,SMG8
81832,NETO1
9127,P2RX6
6197,RPS6KA3
441509,GLRA4
,RP1-274L7.1
,RP4-601K24.1
,RP5-898J17.1
10905,MAN1A2
,RP5-1061H20.5
100499171,LINC00276
5894,RAF1
401067,IQCF3
,RP11-260O18.1
10402,ST3GAL6
84561,SLC12A8
79858,NEK11
51316,PLAC8
5602,MAPK10
8916,HERC3
401145,CCSER1
3950,LECT2
26575,RGS17
375612,LHFPL3
2146,EZH2
,RP11-258J10.1
,RP11-99H20.1
138255,C9ORF135
402381,SOHLH1
,RP11-23F23.2
26610,ELP4
55199,FAM86C1
,RP11-708B6.2
85004,RERG
55907,CMAS
,RP11-295G12.1
23091,ZC3H13
3936,LCP1
10150,MBNL2
100505967,LINC00645
,RP11-72M17.1
100628307,DIO2-AS1
7077,TIMP2
103910,MYL12B
4089,SMAD4
,RP11-736G13.1
,RP4-723E3.1
,AP000235.2
395,ARHGAP6
347404,LANCL3
6756,SSX1
169966,FAM46D
1730,DIAPH2
3339,HSPG2
1802,DPH2
9295,SRSF11
257194,NEGR1
,RP11-353N4.2
645922,S100A7L2
27173,SLC39A1
25940,FAM98A
200558,APLF
55137,FIGN
8452,CUL3
80704,SLC19A3
348825,TPRXL
26060,APPL1
51319,RSRC1
9782,MATR3
221477,C6ORF89
100288198,HMGN3-AS1
29886,SNX8
100132601,GAPDHP68
642007,GUSBP12
653333,FAM86B2
51125,GOLGA7
2189,FANCG
29085,PHPT1
11164,NUDT5
6150,MRPL23
8690,JRKL
1997,ELF1
,CTD-2647E9.1
80381,CD276
5955,RCN2
114990,VASN
79726,WDR59
653479,MRPL45P2
100499466,LINC00674
80206,FHOD3
93145,OLFM2
9454,HOMER3
2524,FUT2
2997,GYS1
23054,NCOA6
63925,ZNF335
3753,KCNE1
6567,SLC16A2
6480,ST6GAL1
,AC006159.3
79758,DHRS12
145773,FAM81A
,RP11-640M9.2
28883,IGKV2D-28
,AC016708.2
92691,TMEM169
25992,SNED1
5357,PLS1
4241,MFI2
23022,PALLD
7917,BAG6
23148,NACAD
170575,GIMAP1
100132464,FAM99B
81278,OR51K1P
11211,FZD10
548596,CKMT1A
26258,BLOC1S6
10476,ATP5H
25796,PGLS
11054,OGFR
386675,KRTAP10-7
,AC002472.13
340419,RSPO2
320,APBA1
64769,MEAF6
2177,FANCD2
,RP11-333E13.4
4439,MSH5
340205,TREML1
155368,WBSCR27
4361,MRE11A
91833,WDR20
26585,GREM1
644844,PHGR1
91860,CALML4
100631254,CSPG4P11
56964,WDR93
64788,LMF1
124961,ZFP3
57335,ZNF286A
,RP1-62O9.3
55197,RPRD1A
28974,C19ORF53
8204,NRIP1
1827,RCAN1
158586,ZXDB
24137,KIF4A
93953,ACRC
5150,PDE7A
10404,CPQ
,RP11-206L10.8
55229,PANK4
26038,CHD5
54626,HES2
765,CA6
114827,FHAD1
8574,AKR7A2
832,CAPZB
978,CDA
10256,CNKSR1
64793,CEP85
2827,GPR3
10076,PTPRU
991,CDC20
,RP5-1198O20.4
55970,GNG12
9077,DIRAS3
494115,RBMXL1
9411,ARHGAP29
54873,PALMD
,RP11-556K13.1
271,AMPD2
10768,AHCYL1
284467,FAM19A3
440606,HSD3BP2
84265,POLR3GL
730262,PPIAL4E
126638,RPTN
6279,S100A8
57198,ATP8B2
3311,HSPA7
92241,RCSD1
6402,SELL
388714,FMO6P
9293,GPR52
84066,TEX35
,RP11-563D10.1
7257,TSNAX
,RP11-261C10.3
79862,ZNF669
388762,OR2M1P
6201,RPS7
10130,PDIA6
54497,HEATR5B
57504,MTA3
84058,WDR54
83444,INO80B
,AC092651.1
28912,IGKV3-20
28890,IGKV2D-10
150696,PROM2
284996,RNF149
8886,DDX18
5899,RALB
,AC073869.20
130576,LYPD6B
401018,CTAGE14P
50940,PDE11A
494513,DFNB59
65977,PLEKHA3
10203,CALCRL
58538,MPP4
1420,CRYGC
7141,TNP1
1412,CRYBA2
57590,WDFY1
257407,C2ORF72
646960,PRSS56
54575,UGT1A10
1618,DAZL
9779,TBC1D5
2803,GOLGA4
1238,ACKR2
91392,ZNF502
5364,PLXNB1
80218,NAA50
2624,GATA2
23023,TMCC1
80254,CEP63
668,FOXL2
100422603,ST13P15
185,AGTR1
285313,IGSF10
3840,KPNA4
131149,OTOL1
8975,USP13
255812,SDHAP1
84859,LRCH3
10336,PCGF3
100131415,OR7E163P
7466,WFS1
84448,ABLIM2
94031,HTRA3
100132066,ALG1L3P
202018,TAPT1
5860,QDPR
91050,CCDC149
132724,TMPRSS11B
3327,HSP90AB3P
5161,PDHA2
150159,SLC9B1
133022,TRAM1L1
51778,MYOZ2
166378,SPATA5
,PRMT10
285533,RNF175
132625,ZFP42
10016,PDCD6
55722,CEP72
7015,TERT
,CTD-2218G20.1
,RP11-1023L17.2
9631,NUP155
54622,ARL15
3001,GZMA
54505,DHX29
401190,RGS7BP
5295,PIK3R1
8546,AP3B1
256987,SERINC5
285601,GPR150
4124,MAN2A1
100144494,KDELC1P1
96459,FNIP1
9879,DDX46
995,CDC25C
6174,RPL7P1
3340,NDST1
56923,NMUR2
9337,CNOT8
90249,UNC5A
23138,N4BP3
285676,ZNF454
56940,DUSP22
404220,C6ORF201
4117,MAK
10473,HMGN4
,XXBAC-BPGBPG24O18.1
8342,HIST1H2BM
7745,ZKSCAN8
222698,NKAPL
3135,HLA-G
9277,WDR46
7629,ZNF76
116369,SLC26A8
2978,GUCA1A
221336,BEND6
642443,ADH5P4
85413,SLC22A16
134829,CLVS2
253582,TMEM244
100418750,KRT8P42
26034,IPCEF1
6648,SOD2
54905,CYP2W1
80028,FBXL18
221823,PRPS1L1
3569,IL6
10457,GPNMB
,AC005017.2
54504,CPVL
442524,DPY19L2P3
554236,DPY19L2P1
,AC004870.5
375567,VWC2
402509,SLC29A4P1
642006,GUSBP10
51351,ZNF117
,RP13-254B10.1
654816,NCF1B
100101267,POM121C
7532,YWHAG
,AC010091.1
8321,FZD1
30816,ERVW-1
4951,OCM2
56311,ANKRD7
50833,TAS2R16
79571,GCC1
286016,TPI1P2
5764,PTN
28568,TRBV19
89883,OR6W1P
100313895,MIR548F4
55790,CSGALNACT1
148,ADRA1A
3620,IDO1
492307,C8ORF22
9705,ST18
9312,KCNB2
55529,TMEM55A
51633,OTUD6B
100130742,LRRC69
,AC016885.1
55656,INTS8
26166,RGS22
137835,TMEM71
51305,KCNK9
8581,LY6D
2738,GLI4
6595,SMARCA2
54875,CNTLN
338376,IFNE
,RP11-182N22.7
,RP11-292B8.1
3532,IGKV1OR-2
84131,CEP78
7091,TLE4
7088,TLE1
392360,CTSL3P
375601,OR7E31P
4969,OGN
2176,FANCC
100128782,LINC00476
54187,NANS
570,BAAT
254956,MORN5
347169,OR1B1
10783,NEK6
114789,SLC25A25
375759,C9ORF50
1757,SARDH
100131193,CCDC183-AS1
2902,GRIN1
54863,TOR4A
282980,LINC00700
648,BMI1
10151,HNRNPA3P1
253430,IPMK
6229,RPS24
311,ANXA11
3832,KIF11
5146,PDE6C
57412,AS3MT
54805,CNNM2
51063,CALHM2
6571,SLC18A2
8038,ADAM12
440021,KRTAP5-2
4676,NAP1L4
119772,OR52M1
23075,SWAP70
54503,ZDHHC13
8525,DGKZ
283193,OR5AZ1P
219965,OR5B17
745,MYRF
79829,NAA40
25855,BRMS1
254439,C11ORF86
387787,LIPT2
81544,GDPD5
399939,TRIM49D1
9177,HTR3B
56912,IFT46
84897,TBRG1
6734,SRPR
,RP11-448P19.1
8798,DYRK4
120939,TMEM52B
3764,KCNJ8
140807,KRT72
2583,B4GALNT1
114882,OSBPL8
55530,SVOP
121643,FOXN4
89910,UBE3B
84915,FAM222A
22877,MLXIP
56616,DIABLO
646405,TPTE2P1
8600,TNFSF11
57105,CYSLTR2
10301,DLEU1
115207,KCTD12
643677,CCDC168
283487,LINC00346
,RP11-754I20.1
28685,TRAV8-1
28674,TRAV12-1
1511,CTSG
5706,PSMC6
80821,DDHD1
6495,SIX1
3306,HSPA2
5104,SERPINA5
64150,DIO3OS
256281,NUDT14
,RP11-492D6.3
647436,RPL5P1
338427,SNORD108
22893,BAHD1
8669,EIF3J
399697,CTXN2
92483,LDHAL6B
79400,NOX5
9399,STOML1
80153,EDC3
648809,EFTUD1P1
11057,ABHD2
145873,MESP2
7026,NR2F2
374666,WASH3P
8786,RGS11
8312,AXIN1
63922,CHTF18
388199,PRR25
8912,CACNA1H
84231,TRAF7
6345,SRL
,RP11-143N13.1
,RP11-645C24.2
1039,CDR2
,RP11-266L9.4
55911,APOBR
25970,SH2B1
253980,KCTD13
,RP11-347C12.2
493829,TRIM72
26982,ABCD1P3
28312,IGHV1OR16-4
100287372,IGHV3OR16-13
606551,UBE2MP1
85320,ABCC11
4490,MT1B
146223,CMTM4
23659,PLA2G15
440387,CTRB2
339145,FAM92B
124245,ZC3H18
2588,GALNS
5338,PLD2
374768,SPEM1
9212,AURKB
9482,STX8
10750,GRAP
22905,EPN2
339263,C17ORF51
51701,NLK
388363,RPS7P1
91607,SLFN11
84311,MRPL45
80725,SRCIN1
3861,KRT14
80347,COASY
79990,PLEKHH3
2826,CCR10
113026,PLCD3
55040,EPN3
9902,MRC2
5578,PRKCA
79637,ARMC7
125058,TBC1D16
83882,TSPAN10
,RP11-677O4.4
56907,SPIRE1
753,LDLRAD4
4152,MBD1
4200,ME2
92126,DSEL
284274,SMIM21
374868,ATP9B
25759,SHC2
3004,GZMM
10025,MED16
374291,NDUFS7
645191,LINGO3
1938,EEF2
10501,SEMA6B
9667,SAFB2
339390,CLEC4G
3385,ICAM3
7620,ZNF69
90589,ZNF625
811,CALR
22859,LPHN1
4854,NOTCH3
79852,EPHX3
57794,SUGP1
199777,ZNF626
113835,ZNF257
,CTC-457E21.3
342865,VSTM2B
79156,PLEKHF1
284402,SCGB2B2
2865,FFAR3
7705,ZNF146
,CTD-3162L10.5
84924,ZNF566
163081,ZNF567
3960,LGALS4
4793,NFKBIB
4294,MAP3K10
27076,LYPD3
284346,ZNF575
3783,KCNN4
284353,NKPD1
81492,RSPH6A
8775,NAPA
1406,CRX
342918,C19ORF81
284367,SIGLEC17P
65251,ZNF649
79788,ZNF665
79143,MBOAT7
11024,LILRA1
63934,ZNF667
100293516,ZNF587B
85508,SCRT2
113278,SLC52A3
146,ADRA1D
84532,ACSS1
140823,ROMO1
9675,TTI1
671,BPI
,ZNF840
7764,ZNF217
388799,FAM209B
10357,HMGB1P1
140701,ABHD16B
55251,PCMTD2
522,ATP5J
26285,CLDN17
64968,MRPS6
5121,PCP4
23275,POFUT2
3275,PRMT2
23765,IL17RA
,AC008079.9
29801,ZDHHC8
28824,IGLV1-41
28809,IGLV3-1
,AP000345.1
440822,PIWIL3
27124,INPP5J
10739,RFPL2
3761,KCNJ4
23466,CBX6
50,ACO2
150372,NFAM1
84247,LDOC1L
7380,UPK3A
644186,SYCE3
139604,MAGEB16
5638,PRRG1
1654,DDX3X
56000,NXF3
5063,PAK3
7739,ZNF185
8277,TKTL1
,RP11-541F9.2
,AC067959.1
10602,CDC42EP3
,AC016735.2
,RP11-444A22.1
254128,NIFK-AS1
51066,SSUH2
9922,IQSEC1
84892,POMGNT2
100506555,PVRL3-AS1
,RP11-17E2.2
,RP11-466J24.1
,RP11-731D1.4
84057,MND1
166863,RBM46
,RP11-217C7.1
256130,TMEM196
104355138,LINC01162
81552,VOPP1
4850,CNOT4
,AC024084.1
256691,MAMDC2
283197,LINC00301
,RP11-21L23.4
,RP11-480C22.1
226,ALDOA
124149,ANKRD26P1
,RP11-218F4.1
,RP11-146N18.1
,LA16C-83F12.6
10489,LRRC41
6707,SPRR3
2956,MSH6
11343,MGLL
201798,TIGD4
54806,AHI1
5814,PURB
54103,GSAP
169522,KCNV2
5542,PRB1
51025,PAM16
26115,TANC2
54922,RASIP1
79133,NDUFAF5
644739,WASF4P
,RP11-206L10.2
5590,PRKCZ
23095,KIF1B
10630,PDPN
5081,PAX7
127733,UBXN10
6006,RHCE
149420,PDIK1L
2707,GJB3
255738,PCSK9
55277,FGGY
149233,IL23R
5301,PIN1P1
10026,PIGK
2959,GTF2B
284697,BTBD8
440595,EEF1A1P11
51611,DPH5
6913,TBX15
100422844,MIR3118-3
,RP11-640M9.1
767846,PFN1P2
,RP11-94I2.1
644861,NBPF13P
4170,MCL1
6391,SDHC
284680,C1ORF111
92342,METTL18
55103,RALGPS2
3140,MR1
4608,MYBPH
1118,CHIT1
51133,KCTD3
9725,TMEM63A
79573,TTC13
,RP11-261C10.7
343172,OR2T8
28951,TRIB2
3777,KCNK3
79745,CLIP4
80204,FBXO11
2673,GFPT1
1961,EGR4
165545,DQX1
2168,FABP1
,AC097374.2
10865,ARID5A
285190,RGPD4
150465,TTL
55627,SMPD4
,AC093838.4
4249,MGAT5
728773,PABPC1P2
6332,SCN7A
100131390,SP9
841,CASP8
8324,FZD7
471,ATIC
,MTERFD2
3269,HRH1
132001,TAMM41
151649,PP2D1
5915,RARB
10491,CRTAP
10181,RBM5
51364,ZMYND10
151647,FAM19A4
2632,GBE1
100289640,PPATP1
3355,HTR1F
54763,ROPN1
79364,ZXDC
56941,HMCES
51163,DBR1
2992,GYG1
57560,IFT80
,RP11-298O21.5
151613,TTC14
6657,SOX2
54800,KLHL24
55689,YEATS2
9175,MAP3K13
64108,RTP4
,AC024560.3
57533,TBC1D14
100887746,UNC93B7
27284,SULT1B1
,RP11-274J2.1
2028,ENPEP
54532,USP53
,RP11-553P9.1
2996,GYPE
84246,MED10
,AC022431.2
3796,KIF2A
22936,ELL2
55521,TRIM36
9555,H2AFY
11346,SYNPO
,RP3-416J7.5
81797,OR12D3
,XXBAC-BPG299F13.16
29993,PACSIN1
57699,CPNE5
57505,AARS2
860,RUNX2
10690,FUT9
246269,LACE1
245806,VGLL2
5796,PTPRK
80129,CCDC170
26271,FBXO5
154197,PNLDC1
28969,BZW2
9771,RAPGEF5
,RP11-196D18.5
100132308,SLC29A4P2
83698,CALN1
51593,SRRT
27000,DNAJC2
29969,MDFIC
858,CAV2
,RP11-286H14.4
,AC008265.2
28595,TRBV7-3
168330,PRSS3P1
155100,CCT8L1P
661,POLR3D
27257,LSM1
1142,CHRNB3
2339,FNTA
442388,SDR16C6P
26138,LINC00588
10499,NCOA2
92421,CHMP4C
389674,HNRNPA1P4
11059,WWP1
51366,UBR5
7071,KLF10
644660,RAD21-AS1
340359,KLHL38
5747,PTK2
9831,ZNF623
84988,PPP1R16A
5239,PGM5
169841,ZNF169
23446,SLC44A1
54942,FAM206A
4593,MUSK
100124538,SNORA70C
56904,SH3GLB2
11094,CACFD1
7410,VAV2
29991,OBP2A
138307,LCN8
,SVILP1
414194,CCNYL2
283025,C10ORF40
26128,KIAA1279
8512,MBL1P
9562,MINPP1
56889,TM9SF3
4791,NFKB2
118980,SFXN2
119391,GSTO2
6934,TCF7L2
8661,EIF3A
54780,NSMCE4A
116969,ART5
390035,OR52K3P
55128,TRIM68
56547,MMP26
390059,OR51M1
374383,NCR3LG1
81228,OR5AK3P
219960,OR10Q1
30008,EFEMP2
10312,TCIRG1
51111,SUV420H1
26497,OR10D3
2842,GPR19
3849,KRT2
144455,E2F7
196477,CCER1
9026,HIP1R
4326,MMP17
100287887,RPL13AP25
6315,ATXN8OS
9375,TM9SF2
7546,ZIC2
6656,SOX1
56339,METTL3
55017,C14ORF119
23588,KLHDC2
5494,PPM1A
6617,SNAPC1
5529,PPP2R5E
,LINC00238
64093,SMOC1
89932,PAPLN
5826,ABCD4
85439,STON2
28446,IGHV3-19
26322,OR4H6P
,RP11-2F9.3
54551,MAGEL2
653125,GOLGA8K
4130,MAP1A
5597,MAPK6
348094,ANKDD1A
5371,PML
1138,CHRNA5
390616,ANKRD34C
55070,DET1
9899,SV2B
,AC013394.2
145946,SPATA8
9028,RHBDL1
81889,FAHD1
23295,MGRN1
408050,NOMO3
6296,ACSM3
257629,ANKS4B
100288072,SDR42E2
6693,SPN
197407,ZNF48
78994,PRR14
6810,STX4
79798,ARMC5
221188,GPR114
23035,PHLPP2
83657,DYNLRB2
8391,OR1P1
8392,OR3A3
284013,VMO1
147040,KCTD11
,RP1-37N7.3
,AC015818.3
100462977,MTRNR2L1
83901,KRTAP9-8
3881,KRT31
317719,KLHL10
84514,GHDC
84336,TMEM101
51226,COPZ2
3998,LMAN1
284451,ODF3L2
9244,CRLF1
2657,GDF1
729991,MEF2BNB
92285,ZNF585B
,AC074212.3
100131137,BSPH1
55423,SIRPG
128653,C20ORF141
29107,NXT1
317716,BPIFA4P
642460,ANKRD30BP1
351,APP
29947,DNMT3L
,AC011718.2
6545,SLC7A4
5988,RFPL1
57591,MKL1
57502,NLGN4X
5931,RBBP7
256714,MAP7D2
347541,MAGEB5
158830,CXORF65
347359,BMP2KL
642585,VDAC1P1
140886,PABPC5
,RP1-232L22__B.1
56157,TEX13A
1641,DCX
340595,ZCCHC16
2258,FGF13
619455,SPANXA2-OT1
6518,SLC2A5
,AC007131.2
,RP11-71E19.1
93556,EGFEM1P
,RP11-324C10.1
,RP11-416O18.1
151963,MB21D2
80333,KCNIP4
,RP11-431M7.3
285501,LINC01098
,CTD-2143L24.1
51617,NSG2
,RP11-35J1.1
51390,AIG1
,SNORD45
23333,DPY19L1
2792,GNGT1
,AC004014.3
7419,VDAC3
,RP11-10H3.1
8601,RGS20
,RP11-32K4.1
,RP11-127H5.1
,RP11-89M16.1
,RP11-536O18.1
,RP11-20A20.2
169693,TMEM252
,RP11-154D17.1
,RP11-525A16.4
,RP11-945A11.2
5954,RCN1
399881,HNRNPKP3
,RP11-179A16.1
,RP11-563P16.1
399947,C11ORF87
,RP11-744N12.3
57701,NCKAP5L
,RP11-693J15.4
,RP11-293N14.1
,RP11-689C9.1
390844,ARIH2P1
,RP11-746B8.1
400680,LINC00664
284352,PPP1R37
9609,RAB36
54896,PQLC2
5909,RAP1GAP
2140,EYA3
51177,PLEKHO1
30845,EHD3
9254,CACNA2D2
84666,RETNLB
,AC069213.1
9711,KIAA0226
92305,TMEM129
9957,HS3ST1
3134,HLA-F
10981,RAB32
57002,YAE1D1
23221,RHOBTB2
79792,GSDMD
392335,MYO5BP2
3611,ILK
10335,MRVI1
100421860,ENPP7P8
10162,LPCAT3
387911,C1QTNF9B
317749,DHRS4L2
3501,IGHG2
123606,NIPA1
,RP11-347C12.1
,AC010546.1
81616,ACSBG2
65249,ZSWIM4
56894,AGPAT3
754,PTTG1IP
51481,VCX3A
11043,MID2
63917,GALNT11
,RP11-305L7.3
,CTD-2210P24.6
8650,NUMB
8533,COPS3
9984,THOC1
29780,PARVB
126792,B3GALT6
1969,EPHA2
1486,CTBS
284565,NBPF15
730978,CICP5
27031,NPHP3
6649,SOD3
6722,SRF
57001,ACN9
4899,NRF1
653857,ACTR3C
55138,FAM90A1
1840,DTX1
4016,LOXL1
,PDPK2
65057,ACD
55731,FAM222B
81870,KRTAP9-9
65266,WNK4
,RP11-258B16.1
1153,CIRBP
163255,ZNF540
342945,ZSCAN22
,RP11-716O23.2
28511,NKIRAS2
54884,RETSAT
54437,SEMA5B
55084,SOBP
,GS1-124K5.2
7980,TFPI2
3612,IMPA1
54619,CCNJ
80829,ZFP91
219988,PATL1
55191,NADSYN1
,AP002884.1
23187,PHLDB1
,AP002954.4
414899,BLID
10906,TRAFD1
11154,AP4S1
23359,FAM189A1
84572,GNPTG
181,AGRP
400566,C17ORF97
10882,C1QL1
646457,C19ORF67
8725,URI1
6899,TBX1
6792,CDKL5
,RP11-262D11.2
,RP11-16L9.4
54891,INO80D
4238,MFAP3
64327,LMBR1
,RP11-594N15.2
83955,NACAP1
,RP11-847H18.2
5094,PCBP2
,RP11-230G5.2
9218,VAPA
23673,STX12
1491,CTH
22911,WDR47
,RP11-403I13.4
5692,PSMB4
65123,INTS3
8407,TAGLN2
,AL359853.1
339778,C2ORF70
10438,C1D
2840,GPR17
403277,OR5K3
131890,GRK7
23355,VPS8
285464,CRIPAK
27123,DKK2
84654,SPZ1
23286,WWC1
3127,HLA-DRB5
116150,NUS1
3204,HOXA7
,RP11-166O4.1
730861,RPS3AP29
653436,ANKRD20A7P
100507415,FAM220CP
2790,GNG10
2649,NR6A1
24138,IFIT5
23410,SIRT3
56981,PRDM11
3508,IGHMBP2
160622,GRASP
643365,LINC00452
57447,NDRG2
30001,ERO1L
2957,GTF2A1
122622,ADSSL1
10002,NR2E3
10620,ARID3B
26263,FBXO22
1186,CLCN7
9780,PIEZO1
,RP11-141J13.5
3996,LLGL1
9527,GOSR1
85280,KRTAP9-4
113277,TMEM106A
201294,UNC13D
6427,SRSF2
64863,METTL4
,RP11-677O4.3
148109,FAM187B
6320,CLEC11A
114195,SIGLEC22P
84914,ZNF587
140850,DEFB127
11237,RNF24
245937,DEFB124
54020,SLC37A1
386681,KRTAP10-8
642633,FAM230B
357,SHROOM2
,AC074363.1
58190,CTDSP1
262,AMD1
83930,STARD3NL
,AC009784.3
,HSA-MIR-490
,RP1-84O15.2
137964,AGPAT6
,RP11-764K9.4
10019,SH2B3
,CTD-2307P3.1
,RP11-47I22.2
51466,EVL
,RP11-323I15.5
51760,SYT17
,RP11-17M15.2
23309,SIN3B
127707,KLHDC7A
7268,TTC4
26009,ZZZ3
84146,ZNF644
11126,CD160
,NBPF16
353131,LCE1A
128368,OR10Z1
92344,GORAB
,FAM58BP
23029,RBM34
128178,EDARADD
6664,SOX11
100422996,MIR4262
130733,TMEM178A
,AC073869.1
85461,TANC1
285180,RUFY4
54738,FEV
79054,TRPM8
65010,SLC26A6
644517,FAM86MP
85462,FHDC1
9464,HAND2
8348,HIST1H2BO
25844,YIPF3
55227,LRRC1
64598,MOSPD3
55290,BRF2
26953,RANBP6
4300,MLLT3
100129669,IZUMO3
11191,PTENP1
,CR848007.2
643376,BTBD18
7405,UVRAG
56980,PRDM10
341392,ACSM4
115557,ARHGEF25
8437,RASAL1
51371,POMP
6771,STARP1
9071,CLDN10
6035,RNASE1
9878,TOX4
79944,L2HGDH
55898,UNC45A
5310,PKD1
7727,ZNF174
9564,BCAR1
284100,YWHAEP7
6945,MLX
644397,LRRC37A17P
,AZI1
100132992,HMGN1P30
22859,ADGRL1
26993,AKAP8L
933,CD22
5971,RELB
6666,SOX12
116835,HSPA12B
7692,ZNF133
149934,NCOR1P1
81572,PDRG1
57644,MYH7B
26133,TRPC4AP
387522,TMEM189-UBE2V1
337978,KRTAP21-2
757,TMEM50B
,SMEK3P
23096,IQSEC2
4303,FOXO4
29935,RPA4
,CXORF64
54440,SASH3
90167,FRMD7
51270,TFDP3
,RP1-203P18.1
4104,MAGEA5
393,ARHGAP4
2010,EMD
,RP11-775H9.1
442117,GALNTL6
,RP11-1084J3.4
2765,GML
,CTD-2251F13.1
,RP11-354I13.1
,RP11-525K10.1
100302692,FTX
81493,SYNC
26523,AGO1
51094,ADIPOR1
8890,EIF2B4
51232,CRIM1
28926,IGKV2-18
,AC131097.3
51517,NCKIPSD
644444,TMEM30C
8893,EIF2B5
64854,USP46
2919,CXCL1
23240,KIAA0922
202051,SPATA24
6678,SPARC
113878,DTX2
,RP4-604G5.3
83482,SCRT1
2683,B4GALT1
,RP11-104G3.2
,RP11-391M20.1
29968,PSAT1
7761,ZNF214
100287284,MANSC4
6340,SCNN1G
514,ATP5E
91227,GGTLC2
150379,PNPLA5
6533,SLC6A6
,RP11-123O22.1
167691,LCA5
,RP11-624C23.1
,RP11-30J20.1
84186,ZCCHC7
100418975,SNX18P3
23306,TMEM194A
,AL035610.2
84196,USP48
5690,PSMB2
11004,KIF2C
23596,OPN3
525,ATP6V1B1
6869,TACR1
2820,GPD2
3267,AGFG1
7018,TF
113510,HELQ
51439,FAM8A1
2939,GSTA2
81847,RNF146
11333,PDAP1
1811,SLC26A3
91782,CHMP7
10687,PNMA2
79695,GALNT12
84991,RBM17
1959,EGR2
9679,FAM53B
390067,OR52H1
29015,SLC43A3
7481,WNT11
79780,CCDC82
11260,XPOT
55701,ARHGEF40
23002,DAAM1
57596,BEGAIN
,TTLL13
9143,SYNGR3
57610,RANBP10
51009,DERL2
201243,C17ORF74
4635,MYL4
59342,SCPEP1
4037,LRP3
2068,ERCC2
8675,STX16
22887,FOXJ3
,RP11-463J7.2
,AC008278.3
9392,TGFBRAP1
5775,PTPN4
,RP11-539G18.2
100506035,LINC00989
,RP11-556I14.2
,RP11-269F21.1
,CTD-2127H9.1
101929423,MEF2C-AS1
23262,PPIP5K2
,CTC-546K23.1
9425,CDYL
10667,FARS2
23080,AVL9
,RP11-246K15.1
387646,LRRC37A6P
143458,LDLRAD3
101929222,DISC1FP1
29106,SCG3
,RP11-430C1.1
2124,EVI2B
60680,CELF5
80025,PANK2
,RP11-416N4.4
2824,GPM6B
,GS1-256O22.5
4524,MTHFR
727684,C1ORF195
57463,AMIGO1
128229,TSACC
947,CD34
10806,SDCCAG8
165215,FAM171B
3577,CXCR1
79443,FYCO1
54859,ELP6
27333,GOLIM4
286828,CSN1S2AP
285512,FAM13A-AS1
60592,SCOC
55325,UFSP2
5734,PTGER4
221692,PHACTR1
3112,HLA-DOB
3159,HMGA1
55809,TRERF1
135152,B3GAT2
643180,CCT6P3
442582,STAG3L2
222236,NAPEPLD
100133172,FAM66A
5157,PDGFRL
5324,PLAG1
23189,KANK1
,RP11-526D8.7
84895,FAM73B
728118,NUTM2A
84108,PCGF6
7439,BEST1
283234,CCDC88B
55561,CDC42BPG
23235,SIK2
55110,MAGOHB
27199,OXGR1
2954,GSTZ1
161725,OTUD7A
825,CAPN3
23478,SEC11A
84331,FAM195A
146330,FBXL16
197342,EME2
7442,TRPV1
23399,CTDNEP1
6143,RPL19
9368,SLC9A3R1
80022,MYO15B
85300,ATCAY
2962,GTF2F1
30835,CD209
10856,RUVBL2
83541,FAM110A
51575,ESF1
10893,MMP24
6406,SEMG1
140700,SAMD10
51386,EIF3L
200316,APOBEC3F
26150,RIBC2
81887,LAS1L
51248,PDZD11
100996648,TCP11X2
6535,SLC6A8
26227,PHGDH
81563,C1ORF21
254428,SLC41A1
,AC096559.1
,AC073218.1
,AC092155.4
400960,PCBP1-AS1
80255,SLC35F5
,AC009312.1
,RP11-702L6.4
84925,DIRC2
100505385,IQCJ-SCHIP1
,RP11-25H12.1
25849,PARM1
,RP11-452C8.1
651,BMP3
,RP11-434D9.1
,CTC-228N24.1
221395,GPR116
100131814,LINC00271
79689,STEAP4
346702,PRSS51
23514,SPIDR
100859921,LINC00536
138649,ANKRD19P
6231,RPS26
,RP11-624J12.1
,CTD-2540L5.6
5527,PPP2R5C
9605,VPS9D1
9611,NCOR1
81671,VMP1
55205,ZNF532
84467,FBN3
,RP5-1043L13.1
10369,CACNG2
,RP11-40F8.2
,RP1-154K9.2
400793,C1ORF226
6846,XCL2
7424,VEGFC
84250,ANKRD32
286187,PPP1R42
57666,FBRSL1
6727,SRP14
,RP11-231C14.4
2357,FPR1
27341,RRP7A
115273,RAB42
343263,MYBPHL
,CR812485.1
148327,CREB3L4
56605,ERO1LB
79954,NOL10
80067,DCAF17
66008,TRAK2
6259,RYK
643384,UNC93B4
285550,FAM200B
,RP11-790I12.1
260436,FDCSP
645455,CEP170P1
339976,TRIML1
,RP11-756P10.3
153222,CREBRF
26694,OR2U2P
26713,OR2H5P
3202,HOXA5
5723,PSPH
11179,ZNF277
84626,KRBA1
640,BLK
51115,RMDN1
387640,SKIDA1
84332,DYDC2
84953,MICALCL
340990,OTOG
219447,OR5AS1
9610,RIN1
7132,TNFRSF1A
10330,CNPY2
144321,GLIPR1L2
59341,TRPV4
10240,MRPS31
197135,PATL2
,GOLGA6L18
26156,RSL1D1
2935,GSPT1
102724928,CCNYL3
8883,NAE1
6416,MAP2K4
84616,KRTAP4-4
84203,TXNDC2
163154,PRR22
27151,CPAMD8
8193,DPF1
89887,ZNF628
728882,FAM182B
9073,CLDN8
653203,FAM230A
23264,ZC3H7B
9367,RAB9A
,MAGEB6P1
55634,KRBOX4
51205,ACP6
,RP11-297H3.3
285375,LINC00620
55164,SHQ1
,RP11-217E22.5
,RP11-10O22.1
,RP11-608O21.1
,RP11-752D24.3
,RP11-340A13.3
,RP11-419C19.2
202243,CCDC125
,AC009403.2
,RP11-586K2.1
642924,LINC00535
9107,MTMR6
147968,CAPN12
23683,PRKD3
92369,SPSB4
891,CCNB1
2296,FOXC1
3013,HIST1H2AD
8336,HIST1H2AM
55173,MRPS10
,AC007000.12
2185,PTK2B
157657,C8ORF37
7702,ZNF143
220074,LRTOMT
23256,SCFD1
102,ADAM10
113178,SCAMP4
342994,RPL34P34
100170229,SRRM5
284355,TPRX1
10621,POLR3F
89801,PPP1R3F
2810,SFN
100381270,ZBED6
79963,ABCA11P
6643,SNX2
644378,GCNT6
84668,FAM126A
10922,FASTK
401541,CENPP
,RP11-650K20.3
,C12ORF23
64806,IL25
81116,OR7E105P
124401,ANKS3
100131998,RRN3P3
653645,TBC1D3P1-DHX40P1
9811,CTIF
1264,CNN1
83658,DYNLRB1
394217,FGF7P2
27301,APEX2
27160,INGX
54821,ERCC6L
27286,SRPX2
,RP11-392O17.1
,RP11-774D14.1
,RP11-38H17.1
,RP11-399H11.3
,RP11-384J4.2
,CTD-2506J14.1
29101,SSU72
255104,TMCO4
100421114,CROCCP5
8438,RAD54L
4808,NHLH2
2327,FMO2
255928,SYT14
,AC074391.1
84804,MFSD9
80086,TUBA4B
7110,TMF1
151827,LRRC34
1609,DGKQ
5522,PPP2R2C
55589,BMP2K
153241,CEP120
23408,SIRT5
,AL662890.1
55776,SAYSD1
253714,MMS22L
116254,GINM1
11104,KATNA1
4521,NUDT1
26261,FBXO24
43,ACHE
23039,XPO7
541565,C8ORF58
403313,PPAPDC2
25853,DCAF12
195828,ZNF367
229,ALDOB
286256,LCN12
9600,PITPNM1
100131539,ZNF705E
25906,ANAPC15
9789,SPCS2
4940,OAS3
90668,LRRC16B
79446,WDR25
,RP11-566K19.6
374618,TEX9
374650,GOLGA6L5P
26184,OR1F2P
124402,UBALD1
162515,SLC16A11
93649,MYOCD
146923,RUNDC1
4355,MPP2
10614,HEXIM1
11322,TMC6
84735,CNDP1
79958,DENND1C
,CTD-3193O13.9
5589,PRKCSH
5296,PIK3R2
353088,ZNF429
26330,GAPDHS
5678,PSG9
5819,PVRL2
58506,SCAF1
140865,LINC00686
9875,URB1
26286,ARFGAP3
8623,ASMTL
84275,SLC25A33
,AC007317.1
400961,PAIP2B
,AC084193.1
151126,ZNF385B
,AC069277.2
,RP11-384F7.1
100874112,CCDC39-AS1
152137,CCDC50
550112,UBA6-AS1
,RP11-314N14.1
,AC004901.1
23554,TSPAN12
,RP11-624D11.2
283131,NEAT1
28970,C11ORF54
,RP11-664H17.1
,RP11-362K2.2
9882,TBC1D4
81537,SGPP1
,RP11-61O1.1
91948,LINC00923
92017,SNX29
51573,GDE1
,RP11-488I20.8
,RP11-1109M24.16
4642,MYO1D
314,AOC2
162461,TMEM92
11031,RAB31
,AF096876.1
163742,SLC25A3P1
338094,FAM151A
84722,PSRC1
647135,SRGAP2B
57111,RAB25
60526,C2ORF43
220717,RPLP0P6
,CCDC104
3631,INPP4A
6574,SLC20A1
29842,TFCP2L1
3235,HOXD9
,AC016739.2
8609,KLF7
1421,CRYGD
7857,SCG2
100423043,MIR4269
,RP11-443P15.2
153020,RASGEF1B
7117,TMSB4XP8
3156,HMGCR
3360,HTR4
309,ANXA6
653316,FAM153CP
,RP11-475C16.1
7378,UPP1
948,CD36
222950,NYAP1
646409,DGAT2L7P
54927,CHCHD3
65263,PYCRL
219,ALDH1B1
158046,NXNL2
441549,CDNF
26091,HERC4
51196,PLCE1
23538,OR52A1
144108,SPTY2D1
51352,WT1-AS
79832,QSER1
84364,ARFGAP2
25824,PRDX5
55004,LAMTOR1
2259,FGF14
7080,NKX2-1
9495,AKAP5
55640,FLVCR2
767598,SNORD114-20
3495,IGHD
80021,TMEM62
9236,CCPG1
8479,HIRIP3
,RP11-598D12.4
123970,C16ORF78
7314,UBB
4137,MAPT
116444,GRIN3B
23373,CRTC1
1891,ECH1
116115,ZNF526
7288,TULP2
94030,LRRC4B
400713,ZNF880
85569,GALP
128408,BHLHE23
24148,PRPF6
392459,CXXC1P1
100874120,ZNF630-AS1
642546,HK2P1
5940,RBMY1A1
26824,RNU11
27095,TRAPPC3
9829,DNAJC6
,RP5-965F6.2
,AC092594.1
,AC073218.2
3554,IL1R1
645694,HTR5BP
,AC079305.11
,AC007319.1
23704,KCNE4
,AC112721.2
55207,ARL8B
100288428,LMCD1-AS1
5793,PTPRG
407738,FAM19A1
11259,FILIP1L
,CT64
647249,GAPDHP36
93109,TMEM44
,RP11-180C1.1
,RP11-472K22.1
10983,CCNI
,RP11-710F7.3
,RP11-138I17.1
,RP11-445O3.2
,CTC-347C20.1
,RP11-133F8.2
,RP3-510L9.1
1871,E2F3
23500,DAAM2
,AC011288.2
221785,ZSCAN25
,RP4-742N3.1
,RP11-134O21.1
,RP11-369K17.1
,KIAA1432
729238,SFTPA2
171389,NLRP6
26579,MYEOV
,RP11-736K20.6
3945,LDHB
100506660,DDX11-AS1
196394,AMN1
341405,ANKRD33
100190939,TPT1-AS1
103752583,LINC01075
,RP11-314P15.2
730094,C16ORF52
,AC027763.2
644988,ABHD17AP6
5709,PSMD3
79170,PRR15L
57521,RPTOR
29919,C18ORF8
57536,KIAA1328
2696,GIPR
105369219,SIRPB3P
,AP001597.1
100131434,LINC00893
148398,SAMD11
,RP11-465B22.3
728661,SLC35E2B
11079,RER1
440556,LINC00982
,RP13-221M14.4
200197,TMEM51-AS1
348487,FAM131C
79363,RSG1
23400,ATP13A2
401944,LDLRAD2
54361,WNT4
10163,WASF2
2035,EPB41
192669,AGO3
9967,THRAP3
64960,MRPS15
339541,C1ORF228
79654,HECTD3
10420,TESK2
8613,PPAP2B
,RP11-377K22.2
6121,RPE65
51086,TNNI3K
34,ACADM
55144,LRRC8D
7482,WNT2B
128077,LIX1L
54507,ADAMTSL4
128366,OR6P1
26052,DNM3
9674,KIAA0040
400798,C1ORF220
9887,SMG7
23179,RGL1
100131234,MIR181A1HG
4656,MYOG
148811,PM20D1
4179,CD46
148304,C1ORF74
64853,AIDA
9453,GGPS1
100500849,MIR3916
,AC011747.6
3754,KCNF1
9540,TP53I3
165082,GPR113
23160,WDR43
10153,CEBPZ
729967,MORN2
6496,SIX3
4528,MTIF2
53335,BCL11A
54812,AFTPH
23177,CEP68
27302,BMP10
6697,SPR
344558,SH3RF3
7849,PAX8
80122,MAP3K19
7852,CXCR4
151188,ARL6IP6
1386,ATF2
57181,SLC39A10
26010,SPATS2L
,AC007879.6
3417,IDH1
10058,ABCB6
79586,CHPF
55022,PID1
9290,GPR55
79781,IQCA1
339768,ESPNL
9855,FARP2
3656,IRAK2
23122,CLASP2
3921,RPSA
23016,EXOSC7
11180,WDR6
6405,SEMA3F
132200,C3ORF49
9430,MYLKP1
692099,FAM86DP
389137,ARMC10P1
961,CD47
941,CD80
89876,MAATS1
3836,KPNA1
57493,HEG1
152015,ROPN1B
4171,MCM2
27032,ATP2C1
11222,MRPL3
55186,SLC25A36
483,ATP1B3
7029,TFDP2
4291,MLF1
6514,SLC2A2
57552,NCEH1
9718,ECE2
200933,FBXO45
8603,FAM193A
,RP11-751L19.1
389203,SMIM20
54502,RBM47
132789,GNPDA2
57606,SLAIN2
,RP11-345F18.1
9429,ABCG2
4790,NFKB1
166929,SGMS2
100129714,RCC2P8
5393,EXOSC9
345062,PRSS48
201725,C4ORF46
,RP11-43F13.3
6880,TAF9
645323,LINC00461
133923,ZNF474
84054,PCDHB19P
51520,LARS
404203,SPINK6
10318,TNIP1
662,BNIP1
5272,SERPINB9
51567,TDP2
79692,ZNF322
387316,VN1R10P
282890,ZNF311
5460,POU5F1
4050,LTB
6499,SKIV2L
222659,PXT1
285849,COX6A1P2
,RP1-153P14.8
7941,PLA2G7
27242,TNFRSF21
23607,CD2AP
23376,UFL1
,RP4-662A9.2
9774,BCLAF1
55005,RMND1
6196,RPS6KA2
5575,PRKAR1B
654231,OCM
3209,HOXA13
25948,KBTBD2
2990,GUSB
83451,ABHD11
3984,LIMK1
55063,ZCWPW1
136263,SSMEM1
,AC083873.4
154791,C7ORF55
606553,C8ORF49
137492,VPS37A
78986,DUSP26
5179,PENK
85479,DNAJC5B
7264,TSTA3
23513,SCRIB
9684,LRRC14
65083,NOL6
9413,FAM189A2
645345,CHCHD2P9
84909,C9ORF3
100499483,CCDC180
727,C5
1025,CDK9
84628,NTNG2
23064,SETX
,AL359878.1
389932,AKR1C6P
55176,SEC61A2
55388,MCM10
221079,ARL5B
,FAM25HP
414189,AGAP6
5092,PCBD1
9231,DLG5
119385,AGAP11
3416,IDE
8945,BTRC
10360,NPM3
5309,PITX3
390072,OR52N4
7465,WEE1
9646,CTR9
55031,USP47
3948,LDHC
196294,IMMP1L
390113,OR4X1
79530,OR4C9P
219484,OR5M8
3619,INCENP
116071,BATF2
83786,FRMD8
10524,KAT5
81570,CLPB
51642,MRPL48
10873,ME3
10929,SRSF8
834,CASP1
1737,DLAT
,AP006216.11
116519,APOA5
3014,H2AFX
23584,VSIG2
196513,DCP1B
8076,MFAP5
2984,GUCY2C
420,ART4
2059,EPS8
10138,YAF2
196374,KRT78
3229,HOXC13
403288,OR6C72P
4327,MMP19
10540,DCTN2
1594,CYP27B1
121227,LRIG3
10329,TMEM5
144453,BEST3
27345,KCNMB4
256710,GLIPR1L1
1848,DUSP6
9891,NUAK1
5025,P2RX4
2054,STX2
100873793,PHF2P2
55504,TNFRSF19
2322,FLT3
10808,HSPH1
83852,SETDB2
84650,EBPL
4901,NRL
58533,SNX6
196913,C14ORF183
122809,SOCS4
4522,MTHFD1
55218,EXD2
161176,SYNE3
23186,RCOR1
283638,CEP170B
28447,IGHV3-16
28412,IGHV3-66
100033805,SNORD115-31
100132565,GOLGA8F
101059918,GOLGA8R
197131,UBR1
84888,SPPL2A
10681,GNB5
56204,FAM214A
83440,ADPGK
80765,STARD5
10519,CIB1
390667,PTX4
83886,PRSS27
91151,TIGD7
197358,NLRC3
79585,CORO7
124404,SEPT12
9738,CCP110
83985,SPNS1
112476,PRRT2
9726,ZNF646
81533,ITFG1
1071,CETP
3801,KIFC3
64785,GINS3
8996,NOL3
55282,LRRC36
80777,CYB5B
197257,LDHD
80790,CMIP
9100,USP10
64359,NXN
23277,CLUH
9032,TM4SF5
10749,KIF1C
84622,ZNF594
388327,C17ORF100
,AL353997.4
220594,USP32P2
91603,ZNF830
440435,GPR179
57636,ARHGAP23
10609,LEPREL4
7343,UBTF
3217,HOXB7
162466,PHOSPHO1
252983,STXBP4
64978,MRPL38
6397,SEC14L1
147138,TMC8
2627,GATA6
10036,CHAF1A
100616371,MIR4746
56005,C19ORF10
8498,RANBP3
125981,ACER1
26333,OR7A17
54815,GATAD2A
388536,ZNF790
7769,ZNF226
2828,GPR4
8189,SYMPK
284358,MAMSTR
587,BCAT2
147872,CCDC155
25888,ZNF473
43847,KLK14
255043,TMEM86B
147808,ZNF784
390980,ZNF805
10782,ZNF274
6628,SNRPB
2937,GSS
100130934,ZNF663P
10079,ATP9A
56937,PMEPA1
390530,IGHV1OR21-1
10069,RWDD2B
51586,MED15
83874,TBC1D10A
150356,CHADL
9889,ZBED4
257240,KLHL34
644820,EEF1B2P3
50943,FOXP3
102724473,GAGE10
280658,SSX7
1947,EFNB1
27330,RPS6KA6
286499,FAM133A
1478,CSTF2
9737,GPRASP1
55285,RBM41
159090,FAM122B
,AL445258.1
91966,EOLA1
7544,ZFY
,AC010874.1
379006,RBMY2QP
5016,OVGP1
129807,NEU4
,CTD-2272G21.2
9652,TTC37
1456,CSNK1G3
3077,HFE
6428,SRSF3
340221,TNRC18P3
79657,RPAP3
283373,ANKRD52
,RP11-854K16.3
9798,IST1
407977,TNFSF12-TNFSF13
642597,C18ORF42
388512,CLEC17A
81857,MED25
389874,ZCCHC13
645414,PRAMEF19
374955,SPATA21
199870,FAM76A
8543,LMO4
284615,ANKRD34A
50717,DCAF8
400823,FAM177B
64895,PAPOLG
28948,IGKJ3
10018,BCL2L11
,AC007969.5
9125,RQCD1
85403,EAF1
,SELK
442308,TUBBP6
1846,DUSP4
96764,TGS1
55284,UBE2W
55093,WDYHV1
340371,NRBP2
55848,PLGRKT
5004,ORM1
3846,KRTAP5-9
1662,DDX10
26521,TIMM8B
81617,CAB39L
79596,RNF219
,AC004381.6
201161,CENPV
114804,RNF157
498,ATP5A1
11202,KLK8
58490,RPRD1B
51098,IFT52
150000,ABCC13
158787,RIBC1
90121,TSR2
643617,RPSAP8
57481,KIAA1210
84631,TMEM257
,AC093698.2
79027,ZNF655
102577425,ARHGAP23P1
29893,PSMC3IP
29888,STRN4
10389,SCML2
339451,KLHL17
375790,AGRN
713,C1QB
2275,FHL3
84144,SYDE2
54855,FAM46C
92312,MEX3A
356,FASLG
2104,ESRRG
151393,RMDN2
27248,ERLEC1
26479,OR7E62P
3336,HSPE1
151306,GPBAR1
64090,GAL3ST2
23218,NBEAL2
23101,MCF2L2
5062,PAK2
,RP11-774O3.3
10396,ATP8A1
115265,DDIT4L
23657,SLC7A11
134147,CMBL
1161,ERCC8
57561,ARRDC3
51015,ISOC1
51735,RAPGEF6
6659,SOX4
80317,ZKSCAN3
5528,PPP2R5D
117247,SLC16A10
9519,TBPL1
5879,RAC1
23386,NUDCD3
79977,GRHL2
158234,TRMT10B
9830,TRIM14
23203,PMPCA
84960,CCDC183
401563,C9ORF139
83641,FAM107B
338557,FFAR4
10581,IFITM2
79283,OR5P1P
23193,GANAB
80824,DUSP16
8835,SOCS2
283518,KCNRG
9724,UTP14C
79322,OR4N1P
4149,MAX
122481,AK7
28400,IGHV4-28
9824,ARHGAP11A
55177,RMDN3
79029,SPATA5L1
3669,ISG20
25837,RAB26
,AC074051.1
65988,ZNF747
28987,NOB1
55066,PDPR
147007,TMEM199
284110,GSDMA
7266,DNAJC7
92591,ASB16
5831,PYCR1
100288122,LDLRAD4-AS1
147339,C18ORF25
57662,CAMSAP3
84292,WDR83
282618,IFNL1
5739,PTGIR
5424,POLD1
3812,KIR3DL2
342933,ZSCAN5B
54584,GNB1L
728233,PI4KAP1
2192,FBLN1
,RP11-120D5.1
,AC114755.5
5937,RBMS1
81428,OR7E122P
91272,BOD1
80185,TTI2
81571,MIR600HG
6188,RPS3
730092,RRN3P1
3766,KCNJ10
63931,MRPS14
253558,LCLAT1
55997,CFC1
10803,CCR9
6498,SKIL
10817,FRS3
9401,RECQL4
6887,TAL2
6865,TACR2
22917,ZP1
5128,CDK17
28686,TRAV7
283948,NHLRC4
57719,ANO8
9253,NUMBL
80207,OPA3
94235,GNG8
25817,FAM19A5
285588,EFCAB9
100526836,BLOC1S5-TXNDC5
83787,ARMC10
160364,CLEC12A
5744,PTHLH
23624,CBLC
252995,FNDC5
57708,MIER1
286826,LIN9
1716,DGUOK
1977,EIF4E
7690,ZNF131
9832,JAKMIP2
83605,CCM2
8424,BBOX1
114971,PTPMT1
79831,KDM8
4166,CHST6
647946,LINC00669
29090,TIMM21
84449,ZNF333
2060,EPS15
4486,MST1R
13,AADAC
4000,LMNA
480,ATP1A4
126823,KLHDC9
11102,RPP14
,RP11-93O17.2
60626,RIC8A
726,CAPN5
121536,AEBP2
3507,IGHM
123169,LEO1
8128,ST8SIA2
140460,ASB7
27346,TMEM97
3613,IMPA2
57614,KIAA1468
7451,VWFP1
90161,HS6ST2
9478,CABP1
974,CD79B
55182,RNF220
2331,FMOD
376940,ZC3H6
5333,PLCD1
55751,TMEM184C
10412,NSA2
3710,ITPR3
94120,SYTL3
402246,OR10AH1P
983,CDK1
51296,SLC15A3
5911,RAP2A
113622,ADPRHL1
,RP11-496I2.2
,CTB-31N19.2
84552,PARD6G
3780,KCNN1
163223,ZNF676
94015,TTYH2
191,AHCY
11279,KLF8
79570,NKAIN1
79830,ZMYM1
676,BRDT
9047,SH2D2A
648359,ABHD17AP3
643615,UBTFL6
731220,RFX8
654433,PAX8-AS1
6344,SCTR
79885,HDAC11
23473,CAPN7
80325,ABTB1
165721,DNAJB8
90133,KRT8P12
55341,LSG1
79725,THAP9
63933,MCUR1
26503,SLC17A5
27145,FILIP1
54677,CROT
81628,TSC22D4
1581,CYP7A1
441391,RBMXP2
,SPATA31B1
26468,LHX6
3933,LCN1
63877,FAM204A
57661,PHRF1
51317,PHF21A
220359,TIGD3
79546,OR6M2P
1431,CS
8408,ULK1
55778,ZNF839
90416,CCDC32
6367,CCL22
51479,ANKFY1
8639,AOC3
100151643,KRTAP20-4
24144,TFIP11
23151,GRAMD4
7569,ZNF182
645251,CBX1P1
286451,YIPF6
10632,ATP5L
9097,USP14
116983,ACAP3
8514,KCNAB2
5195,PEX14
163933,FAM43B
80149,ZC3H12A
79574,EPS8L3
26097,CHTOP
10199,MPHOSPH10
28915,IGKV3-7
30818,KCNIP3
25801,GCA
107126360,AOX3P
84812,PLCD4
151278,CCDC140
84236,RHBDD1
,AC093802.1
51143,DYNC1LI1
885,CCK
6314,ATXN7
200894,ARL13B
339122,RAB43
,ACPL2
,RP11-3P17.3
56648,EIF5A2
64778,FNDC3B
7066,THPO
285382,C3ORF70
51726,DNAJB11
604,BCL6
84286,TMEM175
10460,TACC3
5197,PF4V1
4543,MTNR1A
3323,HSP90AA4P
134266,GRPEL2
9260,PDLIM7
,GMCL1P1
266553,OFCC1
154150,HDGFL1
1081,CGA
84539,MCHR2
2444,FRK
1300,COL10A1
167826,OLIG3
,RP11-545I5.3
9589,WTAP
6973,TRGV1
3486,IGFBP3
10135,NAMPT
136157,SSU72P8
28996,HIPK2
100507421,TMEM178B
392843,IQCA1P1
9,NAT1
5828,PEX2
8694,DGAT1
79581,SLC52A2
116224,FAM122A
57000,GSN-AS1
9328,GTF3C5
338596,ST8SIA6
26983,ABCD1P2
50674,NEUROG3
,RP11-344N10.5
143384,CACUL1
54472,TOLLIP
390134,OR4A4P
5977,DPF2
10589,DRAP1
100500844,MIR3664
399940,TRIM51EP
399948,COLCA1
7704,ZBTB16
25988,HINFP
399965,KRT18P59
79602,ADIPOR2
259294,TAS2R19
647589,ANHX
8100,IFT88
,RP11-248G5.8
729786,GOLGA8CP
51187,RSL24D1
283659,PRTG
27020,NPTN
7302,TYRO3P
646892,SH2D7
123688,HYKK
,CTD-3088G3.8
,RP11-170L3.6
26231,LRRC29
1107,CHD3
124842,TMEM132E
23461,ABCA5
56853,CELF4
147741,ZNF560
,CTC-457E21.6
79934,ADCK4
2855,GPR32P1
25818,KLK5
84701,COX4I2
25980,AAR2
7529,YWHAB
10785,WDR4
246704,LINC00315
637,BID
613,BCR
2187,FANCB
158747,MOSPD2
139425,DCAF8L1
64102,TNMD
84460,ZMAT1
4068,SH2D1A
6658,SOX3
278,AMY1C
130132,RFTN2
,C3ORF83
2838,GPR15
2255,FGF10
83884,SLC25A2
440145,MZT1
,AL590483.1
56650,CLDND1
,AL033381.1
51465,UBE2J1
168374,ZNF92
222229,LRWD1
347088,GPR144
286336,FAM78A
64215,DNAJC1
818,CAMK2G
5896,RAG1
4157,MC1R
558,AXL
9619,ABCG1
100129866,EI24P2
201626,PDE12
5337,PLD1
81844,TRIM56
55156,ARMC1
203259,FAM219A
55684,RABL6
89849,ATG16L2
338661,TMEM225
162073,ITPRIPL2
9785,DHX38
57659,ZBTB4
8195,MKKS
9885,OSBPL2
3652,IPP
5906,RAP1A
81788,NUAK2
9014,TAF1B
6184,RPN1
135250,RAET1E
29896,TRA2A
7581,ZNF33A
387680,FAM21A
55844,PPP2R2D
728970,PPP1R2P4
26640,OR7E33P
79070,KDELC1
3714,JAG2
54878,DPP8
55073,LRRC37A4P
57333,RCN3
7353,UFD1L
28778,IGLV6-57
64109,CRLF2
1741,DLG3
9629,CLCA3P
829,CAPZA1
653519,GPR89A
57549,IGSF9
431704,RGS21
22874,PLEKHA6
10472,ZBTB18
11321,GPN1
80856,KIAA1715
79137,FAM134A
7277,TUBA4A
339906,PRSS42
1154,CISH
85460,ZNF518B
474,ATOH1
57630,SH3RF1
353322,ANKRD37
25929,GEMIN5
401236,STMND1
53405,CLIC5
253933,OR7E39P
28988,DBNL
27434,POLM
286133,SCARA5
6386,SDCBP
401494,PTPLAD2
101926917,ANKRD18CP
10880,ACTL7B
6256,RXRA
360203,GLT6D1
55454,CSGALNACT2
100288690,FAM21FP
57715,SEMA4G
57053,CHRNA10
,RP11-107P7.5
1813,DRD2
63970,TP53AIP1
25766,PRPF40B
3223,HOXC6
283377,SPRYD4
11197,WIF1
5983,RFC3
554225,STRCP1
442901,MIR328
1856,DVL2
8711,TNK1
5198,PFAS
339184,CCDC144NL
6147,RPL23A
651250,LRRC37A16P
100128569,C19ORF71
8677,STX10
64926,RASAL3
342897,NCCRP1
344,APOC2
4924,NUCB1
84765,ZNF577
348327,ZNF530
9510,ADAMTS1
29774,POM121L9P
550631,CCDC157
56156,TEX13B
246182,AKR7A2P1
10623,POLR3C
,AC010976.2
83853,ROPN1L
,AC006023.8
126374,WTIP
112858,TP53RK
7339,UBE3AP2
26279,PLA2G2D
,FCGR1C
2209,FCGR1A
23271,CAMSAP2
7042,TGFB2
55818,KDM3A
4929,NR4A2
116135,LRRC3B
64943,NT5DC2
8743,TNFSF10
5504,PPP1R2
3094,HINT1
10112,KIF20A
1495,CTNNA1
647024,C6ORF132
7559,ZNF12
,RP11-10F11.2
,AC005077.7
643157,MEP1AP4
389756,AQP7P2
375748,ERCC6L2
114991,ZNF618
7511,XPNPEP1
,PIDD
81930,KIF18A
2305,FOXM1
,RP11-1038A11.2
57228,SMAGP
9318,COPS2
23162,MAPK8IP3
79641,ROGDI
51108,METTL9
,RP11-293B20.3
60528,ELAC2
,AC022596.2
55352,COPRS
58488,PCTP
1068,CETN1
5596,MAPK4
3191,HNRNPL
1082,CGB3
6676,SPAG4
1312,COMT
56993,TOMM22
10046,MAMLD1
1069,CETN2
441911,OR10J3
4817,NIT1
79888,LPCAT1
219873,OR10S1
116151,FAM210B
2547,XRCC6
26155,NOC2L
1677,DFFB
8718,TNFRSF25
50651,SLC45A1
10218,ANGPTL7
,RP5-845O24.3
10450,PPIE
26994,RNF11
10100,TSPAN2
7286,TUFT1
353135,LCE1E
89872,AQP10
54865,GPATCH4
81442,OR6N2
339416,ANKRD45
6045,RNF2
25778,DSTYK
79805,VASH2
56950,SMYD2
7044,LEFTY2
,DKFZP761K2322
56896,DPYSL5
5969,REG1P
10713,USP39
28941,IGKV1-9
79031,PDCL3
84317,CCDC115
100420005,FAR2P4
2744,GLS
57574,MARCH4
8941,CDK5R2
6419,SETMAR
4292,MLH1
3615,IMPDH2
166336,PRICKLE2
26018,LRIG1
23429,RYBP
,RP11-59E19.1
51555,PEX5L
84248,FYTTD1
57732,ZFYVE28
391632,OR7E35P
952,CD38
3516,RBPJ
152518,NFXL1
374,AREG
10563,CXCL13
79642,ARSJ
84068,SLC10A7
152503,SH3D19
,CTD-2269E23.2
115827,RAB3C
55789,DEPDC1B
153562,MARVELD2
,RP11-497H16.2
285622,NBPF22P
,RP11-72L22.1
134548,SOWAHA
56134,PCDHAC2
89848,FCHSD1
693170,MIR585
80315,CPEB4
51720,UIMC1
340037,PRR7-AS1
84851,TRIM52
63027,SLC22A23
9247,GCM2
8970,HIST1H2BJ
8363,HIST1H4J
79969,ATAT1
93643,TJAP1
7021,TFAP2B
389421,LIN28B
135112,NCOA7
4697,NDUFA4
11097,NUPL2
285908,LINC00174
100132832,PMS2P9
51412,ACTL6B
349152,DPY19L2P2
136540,PRSS3P3
28559,TRBV28
100421829,EEF1A1P10
55365,TMEM176A
7991,TUSC3
1808,DPYSL2
55140,ELP3
90362,FAM110B
116328,C8ORF34
5569,PKIA
,C8ORF47
728381,NRBF2P4
340390,KIAA1875
3297,HSF1
4796,TONSL
,RP11-318K12.1
138882,OR1N2
51117,COQ4
10999,SLC27A4
10868,USP20
23413,NCS1
142680,SLC34A3
401565,FAM166A
,RP11-424E7.3
2625,GATA3
54518,APBB1IP
196740,VSTM4
79812,MMRN2
6425,SFRP5
390033,SSU72P7
81285,OR51E2
51700,CYB5R2
91614,DEPDC7
7300,TYRL
81187,OR5M13P
8501,SLC43A1
390199,OR4D9
399937,TRIM51BP
38,ACAT1
51279,C1RL
397,ARHGDIB
121014,TUBB8P5
9169,SCAF11
5250,SLC25A3
51019,CCDC53
429,ASCL1
4633,MYL2
,RP11-474D1.3
283383,GPR133
55743,CHFR
55901,THSD1
,RP11-998D10.4
122830,NAA30
646113,LINC00643
207,AKT1
,RP11-456J20.1
338949,TMEM202
388135,C15ORF59
400406,ADAMTS7P3
54469,ZFAND6
196968,DNM1P46
58986,TMEM8A
146336,SSTR5-AS1
360226,PRSS41
55238,SLC38A7
732275,LINC00917
8140,SLC7A5
1800,DPEP1
388336,SHISA6
353196,KRT16P5
124989,EFCAB13
2793,GNGT2
11011,TLK2
79651,RHBDF2
51547,SIRT7
79415,C17ORF62
8731,RNMT
51320,MEX3C
5271,SERPINB8
4772,NFATC1
80148,PQLC1
148156,ZNF558
390883,OR7G3
79709,COLGALT1
115098,CCDC124
23031,MAST3
,CTC-471F3.5
64100,ELSPBP1
100049587,SIGLEC14
353514,LILRA5
8455,ATRN
80332,ADAM33
55304,SPTLC3
651452,POM121L3P
140838,NANP
63916,ELMO2
9334,B4GALT5
337880,KRTAP11-1
9993,DGCR2
645348,TUBA3GP
7441,VPREB1
23481,PES1
23761,PISD
190,NR0B1
60506,NYX
9767,JADE3
55190,NUDT11
142684,RAB40A
,AL139812.1
3920,LAMP2
56180,MOSPD1
554,AVPR2
728841,NBPF8
56603,CYP26B1
8578,SCARF1
,AC002511.2
677883,CHTF8P1
10251,SPRY3
2537,IFI6
284695,ZNF326
128344,PIFO
4580,MTX1
51742,ARID4B
33,ACADL
5510,PPP1R7
57060,PCBP4
730211,HSP90AA5P
26043,UBXN7
,RP11-241F15.1
646603,C4ORF51
3187,HNRNPH1
4082,MARCKS
23382,AHCYL2
,RP1-84O15.1
57094,CPA6
48,ACO1
9649,RALGPS1
,C9ORF37
143506,SSU72P3
119682,OR51L1
83875,BCO2
90050,FAM181A
28401,IGHV4-4
1877,E4F1
5345,SERPINF2
84225,ZMYND15
51096,UTP18
,AC079325.6
1468,SLC25A10
163115,ZNF781
8190,MIA
23546,SYNGR4
554235,ASPDH
140680,C20ORF96
6629,SNRPB2
,RP11-706O15.1
11238,CA5B
,GS1-184P14.2
389333,PROB1
10007,GNPDA1
55780,ERMARD
57414,RHBDD2
9886,RHOBTB1
23582,CCNDBP1
,RP11-51L5.5
439,ASNA1
1676,DFFA
,U1
50809,HP1BP3
23154,NCDN
55700,MAP7D1
3633,INPP5B
51361,HOOK1
,RP11-451O13.1
149647,FAM71A
339500,ZNF678
200523,TEX37
,AC027612.4
64145,ZFYVE20
170506,DHX36
7881,KCNAB1
8532,CPZ
7294,TXK
55236,UBA6
51705,EMCN
10424,PGRMC2
4338,MOCS2
5480,PPIC
51308,REEP2
2878,GPX3
401237,CASC15
3138,HLA-K
2940,GSTA3
10370,CITED2
,RP11-568A7.1
155185,AMZ1
,AC006455.1
8793,TNFRSF10D
613204,IFITM8P
27158,NDOR1
219743,TYSND1
729092,AGAP5
3983,ABLIM1
23788,MTCH2
219595,FOLH1B
55693,KDM4D
7167,TPI1
84727,SPSB2
84920,ALG10
80324,PUS1
647000,TUBBP2
64398,MPP5
7284,TUFM
84560,MT4
5119,CHMP1A
124997,WDR81
8688,KRT37
79877,DCAKD
9570,GOSR2
90506,LRRC46
1528,CYB5A
55201,MAP1S
27106,ARRDC2
1556,CYP2B7P
728,C5AR1
100507003,GFY
574500,MIR519A2
94059,LENG9
147744,TMEM190
140699,MROH8
128826,C20ORF166
83746,L3MBTL2
150368,FAM109B
,WI2-81516E3.1
645864,MAGEB17
442459,XRCC6P5
,AL035088.1
1831,TSC22D3
340596,LHFPL1
494119,SPANXN2
137814,NKX2-6
286257,C9ORF142
387712,ENO4
101059938,NPIPA7
57555,NLGN2
4807,NHLH1
722,C4BPA
84281,C2ORF88
55845,BRK1
54681,P4HTM
57406,ABHD6
9868,TOMM70A
11336,EXOC3
9750,RIPOR2
57176,VARS2
643253,CCT6P1
157739,TDH
427,ASAH1
6962,TRBV20OR9-2
375757,SWI5
11182,SLC2A6
81855,SFXN3
11098,PRSS23
143686,SESN3
6895,TARBP2
643866,CBLN3
3505,IGHGP
2242,FES
84464,SLX4
7874,USP7
91862,MARVELD3
162387,MFSD6L
22806,IKZF3
2905,GRIN2C
56651,LINC00470
201501,ZBTB7C
55337,C19ORF66
140711,TLDC2
4943,TBC1D25
100131755,ARMCX4
54980,C2ORF42
25907,TMEM158
2761,GM2AP1
83443,SF3B5
23213,SULF1
84365,NIFK
7701,ZNF142
2181,ACSL3
6596,HLTF
51170,HSD17B11
4208,MEF2C
9590,AKAP12
6582,SLC22A2
346528,OR2A1
3293,HSD17B3
3309,HSPA5
84253,GARNL3
10522,DEAF1
387264,KRTAP5-1
10635,RAD51AP1
83445,GSG1
192111,PGAM5
28476,IGHJ5
8651,SOCS1
,CTD-2555A7.2
100190938,RAMP2-AS1
6398,SECTM1
388275,HNRNPA1P7
57693,ZNF317
83933,HDAC10
203427,SLC25A43
64839,FBXL17
,AGAP7
6924,TCEB3
127544,RNF19B
728448,PPIEL
5087,PBX1
192668,CYS1
,AC109829.1
87178,PNPT1
29789,OLA1
92737,DNER
3556,IL1RAP
,RP11-15B17.1
135295,SRSF12
85021,REPS1
338328,GPIHBP1
84232,MAF1
401498,TMEM215
,RP11-613M10.9
3257,HPS1
51286,CEND1
9645,MICAL2
81622,UNC93B1
144699,FBXL14
57460,PPM1H
390443,RNASE9
,RP11-566K19.9
10509,SEMA4B
9091,PIGQ
55623,THUMPD1
50488,MINK1
9953,HS3ST3B1
100302213,MIR1181
1178,CLC
22870,PPP6R1
,RP11-352D3.2
51526,OSER1
7307,U2AF1
8237,USP11
286436,H2BFM
7280,TUBB2A
192670,AGO4
23139,MAST2
7818,DAP3
84542,KIAA1841
100422928,MIR3127
55240,STEAP3
3093,UBE2K
9180,OSMR
64105,CENPK
64087,MCCC2
83732,RIOK1
27154,BRPF3
25901,CCDC28A
79269,DCAF10
,CTD-3074O7.2
335,APOA1
4040,LRP6
89894,TMEM116
100421865,EEF1A1P3
161424,NOP9
374872,C19ORF35
5990,RFX2
199746,U2AF1L4
90522,YIF1B
284339,TMEM145
85364,ZCCHC3
140862,ISM1
11240,PADI2
,RP4-799D16.1
65979,PHACTR4
79084,WDR77
,RP11-201K10.3
388730,TMEM81
56910,STARD7
5361,PLXNA1
256471,MFSD8
285641,SLC36A3
8330,HIST1H2AK
100847012,MIR5004
23070,CMTR1
2037,EPB41L2
54556,ING3
574443,MIR490
158228,FAM201A
27287,VENTX
282679,AQP11
283464,GXYLT1
23325,KIAA1033
79334,OR11H2
567,B2M
487,ATP2A1
27183,VPS4A
27043,PELP1
125150,ZSWIM7
147183,KRT25
162333,MARCH10
91107,TRIM47
64693,CTAGE1
284836,LINC00319
79083,MLPH
,RP11-368J21.3
23463,ICMT
55133,SRBD1
150763,GPAT2
57703,CWC22
10168,ZNF197
54106,TLR9
151888,BTLA
4711,NDUFB5
5562,PRKAA1
153129,SLC38A9
5454,POU3F2
100132707,PAXIP1-AS2
157638,FAM84B
9550,ATP6V1G1
644030,KRT18P58
55293,UEVLD
140461,ASB8
376132,LRRC10
5720,PSME1
55172,DNAAF2
374659,HDDC3
7760,ZNF213
23059,CLUAP1
10423,CDIPT
54971,BANP
6532,SLC6A4
4836,NMT1
23646,PLD3
7355,SLC35A2
2245,FGD1
664722,HNRNPA1P26
55859,BEX1
8273,SLC10A3
646802,CYP4F62P
54936,ADPRHL2
164045,HFM1
22889,KIAA0907
2274,FHL2
6556,SLC11A1
151295,SLC23A3
57007,ACKR3
140739,UBE2F
112616,CMTM7
7384,UQCRC1
25915,NDUFAF3
5130,PCYT1A
6622,SNCA
3572,IL6ST
10087,COL4A3BP
,CTB-114C7.4
206426,PIP5K1P1
2766,GMPR
89845,ABCC10
642489,FKBP1C
353091,RAET1G
115330,GPR146
64005,MYO1G
,RP11-467H10.2
56829,ZC3HAV1
6019,RLN2
64855,FAM129B
10023,FRAT1
79004,CUEDC2
282974,STK32C
3632,INPP5A
58486,ZBED5
,RP11-452G18.2
5029,P2RY2
,RP11-726G1.1
57609,DIP2B
7024,TFCP2
27165,GLS2
92979,MARCH9
51499,TRIAP1
3242,HPD
10810,WASF3
,RP11-597A11.3
8846,ALKBH1
64423,INF2
2972,BRF1
113201,CASC4
1632,ECI1
260429,PRSS33
55815,TSNAXIP1
3000,GUCY2D
243,ALOX12P1
163059,ZNF433
56915,EXOSC5
7711,ZNF155
22888,UBOX5
140873,C20ORF173
116092,DNTTIP1
100144596,LINC00029
57466,SCAF4
91179,SCARF2
135,ADORA2A
9185,REPS2
63904,DUSP21
9210,BMP15
9968,MED12
9203,ZMYM3
89761,NUFIP1P
377841,ENTPD8
4314,MMP3
254251,LCORL
6804,STX1A
3221,HOXC4
84660,CCDC62
4628,MYH10
92667,MGME1
5625,PRODH
7293,TNFRSF4
2782,GNB1
8764,TNFRSF14
22883,CLSTN1
943,TNFRSF8
114819,CROCCP3
23038,WDTC1
56063,TMEM234
1579,CYP4A11
81849,ST6GALNAC5
115362,GBP5
284612,SYPL2
388662,SLC6A17
,RP11-439A17.4
8349,HIST2H2BE
11189,CELF3
353141,LCE2D
80308,FLAD1
645676,ASH1L-AS1
81487,OR10AA1P
1314,COPA
84824,FCRLA
,RP11-280O1.2
148713,PTPRVP
11009,IL24
26750,RPS6KC1
,AL592063.1
3142,HLX
149603,RNF187
677790,TMEM78
23620,NTSR2
55622,TTC27
6801,STRN
,AC092653.5
5967,REG1A
28903,IGKV1D-12
9486,CHST10
64965,MRPS9
130013,ACMSD
129880,BBS5
151556,GPR155
151242,PPP1R1C
10787,NCKAP1
344454,AOX2P
130026,ICA1L
54658,UGT1A1
55209,SETD5
78987,CRELD1
285343,TCAIM
7584,ZNF35
1234,CCR5
259173,ALS2CL
377047,PRSS45
275,AMT
,PROSP
339855,KY
4311,MME
647076,BRD7P2
8087,FXR1
54165,DCUN1D1
90113,VWA5B2
647309,GMNC
60312,AFAP1
7096,TLR1
80008,TMEM156
201895,SMIM14
,RP11-8L2.1
266812,NAP1L5
80216,ALPK1
153572,IRX2
,AC026797.1
,CTD-2001E22.1
55322,C5ORF22
6502,SKP2
83942,TSSK1B
8841,HDAC3
22838,RNF44
10917,BTNL3
255626,HIST1H2BA
3009,HIST1H1B
,RP1-265C24.8
80864,EGFL8
1432,MAPK14
5292,PIM1
221442,ADCY10P1
442234,RCN1P1
,WI2-2373I1.1
9805,SCRN1
5898,RALA
,RP11-678B3.3
644017,ZNF734P
,CTD-2526L21.2
,RP11-561N12.2
7458,EIF4H
10344,CCL26
100874100,STEAP2-AS1
57798,GATAD1
2845,GPR22
5078,PAX4
813,CALU
57464,STRIP2
285973,ATG9B
6522,SLC4A2
136371,ASB10
157697,ERICH1
9920,KBTBD11
441332,FAM90A24P
63898,SH2D4A
84675,TRIM55
56169,GSDMC
6482,ST3GAL1
23237,ARC
1936,EEF1D
26233,FBXL6
55630,SLC39A4
80778,ZNF34
340481,ZDHHC21
107133486,CDK2AP2P2
117531,TMC1
79048,SECISBP2
,RP11-100G15.7
55357,TBC1D2
,RP11-27I1.4
347168,OR1J1
392391,OR5C1
5090,PBX3
25,ABL1
158056,MAMDC4
29882,ANAPC2
10133,OPTN
221078,NSUN6
,RP11-508N22.9
119016,AGAP4
,CTGLF11P
84890,ADO
119504,ANAPC16
7414,VCL
5507,PPP1R3C
9211,LGI1
6468,FBXW4
404216,C10ORF85
387718,TEX36
8045,RASSF7
7054,TH
391,RHOG
120793,OR56A4
79274,OR52L2P
133,ADM
57084,SLC17A6
5080,PAX6
25891,PAMR1
,RP11-56P9.10
340970,TRIM53CP
81324,OR4A19P
401696,OR4D8P
55048,VPS37C
246330,PELI3
9049,AIP
595,CCND1
220064,ORAOV1
84233,TMEM126A
4544,MTNR1B
414301,DDI1
5450,POU2AF1
80975,TMPRSS5
29068,ZBTB44
,EFCAB4B
503693,LOH12CR2
196415,C12ORF77
363,AQP6
3224,HOXC8
440104,TMEM198B
8914,TIMELESS
100885789,IFNG-AS1
100418781,KRT8P39
9971,NR1H4
83468,GLT8D2
55188,RIC8B
283459,GATC
27198,HCAR1
144347,FAM101A
100128626,PPP1R2P10
,AL354775.1
11278,KLF12
54602,NDFIP2
28526,TRDC
1053,CEBPE
10278,EFS
11177,BAZ1A
51062,ATL1
145447,ABHD12B
83544,DNAL1
2103,ESRRB
,RP11-187O7.3
256369,LINC00521
,SERPINA2P
283600,SLC25A47
80757,TMEM121
28445,IGHV3-20
100419006,NF1P1
390535,GOLGA8EP
100033808,SNORD115-34
6457,SH3GL3
124056,NOXO1
8448,DOC2A
64319,FBRS
440366,HERC2P8
23322,RPGRIP1L
54947,LPCAT2
29070,CCDC113
64174,DPEP2
7567,ZNF19
8456,FOXN1
3866,KRT15
201181,ZNF385C
3675,ITGA3
84687,PPP1R9B
440456,PLEKHM1P1
6752,SSTR2
84923,FAM104A
350383,GPR142
100134934,TEN1
23265,EXOC7
147111,NOTUM
9663,LPIN2
23556,PIGN
148254,ZNF555
7089,TLE2
29128,UHRF1
,EMR4P
100125288,ZGLP1
,HSA-MIR-1199
374897,SBSN
399473,SPRED3
147965,FAM98C
11184,MAP4K1
284349,ZNF283
147906,DACT3
26085,KLK13
,CTD-3187F8.12
100302205,MIR1283-2
342931,RFPL4A
147694,ZNF548
23509,POFUT1
81610,FAM83D
55734,ZFP64
6725,SRMS
54963,UCKL1
337878,KRTAP7-1
54014,BRWD1
150142,ZNF295-AS1
6285,S100B
81061,OR11H1
728418,POM121L7
29797,POM121L8P
7621,ZNF70
1414,CRYBB1
83999,KREMEN1
8664,EIF3D
114794,ELFN2
25777,SUN2
2277,FIGF
1536,CYBB
139334,IMPDH1P4
139163,SALL1P1
4841,NONO
203522,DDX26B
100302169,MIR320D2
574518,MIR514A3
4111,MAGEA12
5973,RENBP
149076,ZNF362
,RP11-277B15.1
1593,CYP27A1
,RP11-809F4.2
56606,SLC2A9
,RP11-548K12.11
10467,ZNHIT1
10049,DNAJB6
23471,TRAM1
106479050,KSR1P1
,RP11-566F5.1
100287029,DDX11L10
1001,CDH3
645740,NOS2P1
100130827,SBK3
140730,RIMS4
,RP13-379L11.2
5435,POLR2F
2517,FUCA1
25791,NGEF
64432,MRPS25
112464,PRKCDBP
710,SERPING1
5836,PYGL
1540,CYLD
51444,RNF138
57489,ODF2L
83590,TMUB1
9650,MTFR1
83742,MARVELD1
3177,SLC29A2
5715,PSMD9
9002,F2RL3
79147,FKRP
8459,TPST2
55000,TUG1
26119,LDLRAP1
8444,DYRK3
,RP11-130F10.1
9308,CD83
80742,PRR3
9808,KIAA0087
23089,PEG10
,AC021218.2
9060,PAPSS2
,RP11-107C16.2
6343,SCT
170589,GPHA2
5829,PXN
7127,TNFAIP2
90864,SPSB3
1140,CHRNB1
113235,SLC46A1
5608,MAP2K6
55658,RNF126
23562,CLDN14
2587,GALR1
160,AP2A1
10657,KHDRBS1
11334,TUSC2
7700,ZNF141
720,C4A
8720,MBTPS1
,C1ORF170
391004,PRAMEF17
714,C1QC
9064,MAP3K6
9682,KDM4A
23421,ITGB3BP
27159,CHIA
10745,PHTF1
56944,OLFML3
,RP6-206I17.1
51463,GPR89B
353132,LCE1B
4184,SMCP
4063,LY9
57821,CCDC181
100302401,RASAL2-AS1
9917,FAM20B
54953,C1ORF27
339476,ERVMER61-1
284573,LINC00303
148808,MFSD4
25936,NSL1
100131810,ADH5P3
317705,VN1R5
25780,RASGRP3
27436,EML4
344022,NOTO
3196,TLX2
28891,IGKV1D-43
51252,FAM178B
11159,RABL2A
,PCDP1
81615,TMEM163
7130,TNFAIP6
2888,GRB14
,MLTK
440926,H3F3AP4
,AC010731.4
9797,TATDN2
6538,SLC6A11
7182,NR2C2
285381,DPH3
23228,PLCL2
2720,GLB1
10289,EIF1B
729085,FAM198A
29122,PRSS50
285231,FBXW12
10869,USP19
403278,OR5K4
1295,COL8A1
84319,CMSS1
6152,RPL24
55081,IFT57
348807,CCDC37
131408,FAM131A
131583,FAM43A
,RP11-503N18.1
100421803,ENPP7P9
57545,CC2D2A
29945,ANAPC4
51088,KLHL5
55763,EXOC1
7323,UBE2D3
55132,LARP1B
644914,H3F3AP6
3148,HMGB2
,RP11-321E2.6
23037,PDZD2
6414,SEPP1
100130733,LRRC70
4064,CD180
,AQPEP
285613,RELL2
55696,RBM22
221718,LINC00518
,RP11-204E9.1
5617,PRL
54718,BTN2A3P
10866,HCP5
9436,NCR2
441160,KRT19P1
55603,FAM46A
9896,FIG4
3298,HSF2
64577,ALDH8A1
26100,WIPI2
84182,FAM188B
10842,PPP1R17
27241,BBS9
6978,TRGV5
340286,FAM183B
23480,SEC61G
22853,LMTK2
84176,MYH16
285989,ZNF789
245812,CNPY4
2783,GNB2
222235,FBXL13
95681,CEP41
28590,TRBV7-8
373156,GSTK1
441294,CTAGE15
168544,ZNF467
100128890,FAM66B
81551,STMN4
,AC134698.1
195814,SDR16C5
4856,NOV
51571,FAM49B
100132938,AQP7P4
84856,LINC00839
23411,SIRT1
5660,PSAP
2253,FGF8
5662,PSD
9446,GSTO1
51363,CHST15
399829,LINC01168
10844,TUBGCP2
81251,OR52N3P
6157,RPL27A
79841,AGBL2
81318,OR4A5
64231,MS4A6A
55690,PACS1
10897,YIF1A
2288,FKBP4
5830,PEX5
50838,TAS2R13
1389,CREBL2
6602,SMARCD1
51474,LIMA1
6667,SP1
3226,HOXC10
100130776,AGAP2-AS1
9958,USP15
282809,POC1B
7112,TMPO
80724,ACAD10
23409,SIRT4
10198,MPHOSPH9
359739,MRPL3P1
219287,AMER2
100526761,CCDC169-SOHLH2
728591,CCDC169
79612,NAA16
,RP11-394A14.2
3621,ING1
65110,UPF3A
28666,TRAV17
64403,CDH24
84684,INSM2
10243,GPHN
,RP11-293M10.4
5265,SERPINA1
8788,DLK1
767603,SNORD114-23
122618,PLD4
84419,C15ORF48
58472,SQRDL
650655,ABCA17P
80270,HSD3B7
,AC007353.1
5432,POLR2C
55715,DOK4
1801,DPH1
9955,HS3ST3A1
140775,SMCR8
26284,ERAL1
51379,CRLF3
206,AK4P1
,AC003101.1
414059,TBC1D3B
1236,CCR7
7473,WNT3
3213,HOXB3
56155,TEX14
3993,LLGL2
100507246,SNHG16
2548,GAA
57455,REXO1
23370,ARHGEF18
56949,XAB2
84527,ZNF559
1777,DNASE2
4051,CYP4F3
8625,RFXANK
171392,ZNF675
602,BCL3
57787,MARK4
6822,SULT2A1
126123,IZUMO2
79898,ZNF613
6193,RPS5
245939,DEFB128
55612,FERMT1
58476,TP53INP2
140731,ANKRD60
84619,ZGPAT
337972,KRTAP19-5
64976,MRPL40
7332,UBE2L3
25813,SAMM50
25771,TBC1D22A
23774,BRD1
,AC004673.1
4113,MAGEB2
94122,SYTL5
347344,ZNF81
139628,FOXR2
54857,GDPD2
84061,MAGT1
102724167,PABPC5-AS1
5354,PLP1
154796,AMOT
100126341,MIR891A
647167,EEF1A1P14
83939,EIF2A
1308,COL17A1
5367,PMCH
11340,EXOSC8
400129,SMARCE1P5
100132979,GOLGA8DP
79903,NAA60
3396,ICT1
10224,ZNF443
4209,MEF2D
84759,PCGF1
9669,EIF5B
7851,MALL
9730,VPRBP
27094,KCNMB3
140458,ASB5
2150,F2RL1
6446,SGK1
728377,ARHGEF34P
64760,FAM160B2
54414,SIAE
1610,DAO
84219,WDR24
124912,SPACA3
4831,NME2
57513,CASKIN2
148206,ZNF714
163227,ZNF100
5184,PEPD
,RP11-410N8.4
27037,TRMT2A
27291,R3HCC1L
387804,VSTM5
51030,TVP23B
7113,TMPRSS2
864,RUNX3
374986,MIGA1
140,ADORA3
5743,PTGS2
5129,CDK18
10971,YWHAQ
28299,IGKV1-5
,AC104809.3
10015,PDCD6IP
152405,C3ORF30
5217,PFN2
166785,MMAA
6728,SRP19
51808,PHAX
51306,FAM13B
10864,SLC22A7
5071,PARK2
647087,C7ORF73
,AC009517.2
155066,ATP6V0E2
,AC073236.3
2020,EN2
5368,PNOC
6770,STAR
389672,RPSAP47
91147,TMEM67
392267,IMPDH1P6
4609,MYC
22898,DENND3
66004,LYNX1
286075,ZNF707
642265,SPATA31A2
,RP11-160N1.8
54534,MRPL50
6709,SPTAN1
219749,ZNF25
,BMS1P5
644168,DRGX
29125,C11ORF21
417,ART1
2188,FANCF
219995,MS4A15
2615,LRRC32
,RP11-313I2.10
727828,TRIM64DP
84811,BUD13
341346,SMCO2
7471,WNT1
3851,KRT4
10208,USPL1
161271,OR4H12P
,AC026150.5
,EFTUD1P1
57524,CASKIN1
54620,FBXL19
84148,KAT8
4995,OR3A2
390756,OR3A4P
644945,KRT16P3
1534,CYB561
84074,QRICH2
387559,FGF7P1
125476,INO80C
2527,FUT5
125931,CEACAM20
3036,HAS1
79042,TSEN34
,AC008746.9
54498,SMOX
78997,GDAP1L1
5740,PTGIS
406909,MIR124-3
64092,SAMSN1
388818,KRTAP26-1
643812,KRTAP27-1
150244,ZDHHC8P1
3543,IGLL1
10291,SF3A1
6753,SSTR3
340602,CXORF67
,RP11-167P23.2
55613,MTMR8
79576,NKAP
7512,XPNPEP2
5956,OPN1LW
163688,CALML6
80143,SIKE1
2786,GNG4
9475,ROCK2
79840,NHEJ1
8372,HYAL3
127,ADH4
8654,PDE5A
51663,ZFR
375444,C5ORF34
107,ADCY1
,RP11-388K12.1
286053,NSMCE2
728611,BMS1P10
219623,TMEM26
3665,IRF7
392,ARHGAP1
4246,SCGB2A1
3758,KCNJ1
,RP5-1063M23.2
54820,NDE1
4150,MAZ
51599,LSR
55317,AP5S1
56683,C21ORF59
8263,F8A1
54852,PAQR5
9516,LITAF
3104,ZBTB48
25932,CLIC4
,RP11-231P20.2
6195,RPS6KA1
55108,BSDC1
64744,SMAP2
1263,PLK3
677766,SCARNA2
57530,CGN
10654,PMVK
28956,LAMTOR2
9507,ADAMTS4
116123,FMO9P
29922,NME7
149281,METTL11B
6635,SNRPE
55220,KLHDC8A
84886,C1ORF198
348738,C2ORF48
,LINC01125
3329,HSPD1
130535,KCTD18
55152,DALRD3
8702,B4GALT4
8856,NR1I2
9276,COPB2
6747,SSR3
5806,PTX3
685,BTC
658,BMPR1B
653316,FAM153C
23061,TBC1D9B
728380,RPL7P26
6048,RNF5
60685,ZFAND3
116113,FOXP4
4794,NFKBIE
,AC006024.4
10875,FGL2
79690,GAL3ST4
54517,PUS7
,AC008155.2
113763,ZBED6CL
155051,CRYGN
644128,RPL23AP53
,MAPK6PS4
56260,C8ORF44
100418751,GOLGA2P1
137392,FAM92A1
7201,TRHR
57152,SLURP1
286128,ZFP41
4507,MTAP
9853,RUSC2
653404,FOXD4L6
8013,NR4A3
7743,ZNF189
2516,NR5A1
1326,MAP3K8
84858,ZNF503
55165,CEP55
79176,FBXL15
404636,FAM45A
390091,OR10AB1P
5547,PRCP
904,CCNT1
353116,RILPL1
144348,ZNF664
7556,ZNF10
2862,MLNR
341880,SLC35F4
1743,DLST
8892,EIF2B2
801,CALM1
123036,TC2N
11245,GPR176
10169,SERF2
348093,RBPMS2
64714,PDIA2
100422974,MIR3178
55065,SLC52A1
399512,SLC25A35
201164,PLD6
339241,KRT17P2
147179,WIPF2
388403,YPEL2
201283,AMZ2P1
7083,TK1
64118,DUS1L
201475,RAB12
79816,TLE6
57192,MCOLN1
4218,RAB8A
10430,TMEM147
55851,PSENEN
55095,SAMD4B
7593,MZF1
128637,TBC1D20
1059,CENPB
9584,RBM39
343578,ARHGAP40
84612,PARD6B
337879,KRTAP8-1
378832,COL18A1-AS1
652968,GATSL3
8228,PNPLA4
1183,CLCN4
57393,TMEM27
170302,ARX
80231,CXORF21
80258,EFHC2
6839,SUV39H1
5355,PLP2
8243,SMC1A
23133,PHF8
54470,ARMCX6
728343,NXF2B
7341,SUMO1
2800,GOLGA1
85474,LBX2
,RP11-211N8.2
113540,CMTM1
27175,TUBG2
441873,PRAMEF25
1510,CTSE
51018,RRP15
55061,SUSD4
494513,PJVK
23291,FBXW11
10636,RGS14
,AC004840.9
154881,KCTD7
27342,RABGEF1
346606,MOGAT3
57805,CCAR2
389677,RBM12B
7111,TMOD1
56254,RNF20
219770,GJD4
79518,OR5M4P
50837,TAS2R7
5959,RDH5
8630,HSD17B6
2764,GMFB
145258,GSC
767609,SNORD114-28
1735,DIO3
51496,CTDSPL2
51283,BFAR
,RP11-958N24.2
9058,SLC13A2
6730,SRP68
5771,PTPN2
57834,CYP4F11
3817,KLK2
8208,CHAF1B
8568,RRP1
129025,ZNF280A
2002,ELK1
347454,SOWAHD
26137,ZBTB20
26049,FAM169A
133874,C5ORF58
3117,HLA-DQA1
653509,SFTPA1
9146,HGS
2879,GPX4
80224,NUBPL
55650,PIGV
127003,C1ORF194
57535,KIAA1324
388722,C1ORF53
159,ADSS
390233,TRIM64FP
25843,MOB4
51447,IP6K2
2151,F2RL2
51294,PCDH12
10107,TRIM10
7430,EZR
54753,ZNF853
84820,POLR2J4
28582,TRBV11-1
254958,REXO1L1P
79943,ZNF696
1842,ECM2
23071,ERP44
375940,DMBT1P1
27288,RBMXL2
54972,TMEM132A
23201,FAM168A
55884,WSB2
100289635,ZNF605
51131,PHF11
2553,GABPB1
4091,SMAD6
145858,C15ORF32
124221,PRSS30P
2622,GAS8
5026,P2RX5
90313,TP53I13
60681,FKBP10
90586,AOC4P
22843,PPM1E
23163,GGA3
7064,THOP1
125950,RAVER1
,AC005255.6
125893,ZNF816
28776,IGLV7-43
84133,ZNRF3
171483,FAM9B
56548,CHST7
,RP1-241P17.4
51100,SH3GLB1
25879,DCAF13
79906,MORN1
10747,MASP2
391003,PRAMEF18
55450,CAMK2N1
112950,MED8
,RP11-423O2.5
,NUDT4P1
254910,LCE5A
57326,PBXIP1
391114,OR6K3
9447,AIM2
51478,HSD17B7
4653,MYOC
25802,LMOD1
9926,LPGAT1
,C1ORF65
339788,LINC00298
343930,MSGN1
388939,C2ORF71
5212,VIT
,AC010739.1
400952,LINC01121
65055,REEP1
28943,IGKV1-6
431705,ASTL
3625,INHBB
440905,FAR2P1
80326,WNT10A
3549,IHH
80895,ILKAP
51095,TRNT1
8292,COLQ
79691,QTRTD1
131601,TPRA1
100129696,TFP1
5352,PLOD2
84517,ACTRT3
10242,KCNMB2
255403,ZNF718
54360,CYTL1
23324,MAN2B2
391622,USP17L6P
391630,OR7E83P
9871,SEC24D
641364,SLC7A11-AS1
345651,ACTBL2
202309,GAPT
9607,CARTPT
728780,ANKDD1B
9456,HOMER1
5122,PCSK1
285704,RGMB
9963,SLC23A1
84249,PSD2
6534,SLC6A7
10384,BTN3A3
26529,OR12D2
7940,LST1
8521,GCM1
2830,GPR6
100128327,TRAPPC3L
352999,C6ORF58
9053,MAP7
4301,AFDN
6624,FSCN1
,PP13004
402562,HNRNPA1P8
1750,DLX6
389549,FEZF1
,RP11-309L24.6
100287482,SMKR1
,AC009365.3
64761,PARP12
338436,BLACE
,RP11-351I21.7
4824,NKX3-1
1587,ADAM3A
83690,CRISPLD1
11244,ZHX1
23586,DDX58
392307,FAM221B
216,ALDH1A1
26578,OSTF1
138639,PTPDC1
27130,INVS
286207,C9ORF117
158078,EEF1A1P5
286310,LCN1P1
2665,GDI2
219681,ARMC3
7587,ZNF37A
55847,CISD1
221035,REEP3
9124,PDLIM1
119467,CLRN3
338440,ANO9
390063,OR51I1
81295,OR51A10P
4004,LMO1
387758,FIBIN
196074,METTL15
2147,F2
81159,OR9G3P
56834,GPR137
50801,KCNK4
89,ACTN3
,AP002387.1
84259,DCUN1D5
3,A2MP1
4033,LRMP
10411,RAPGEF3
56901,NDUFA4L2
144448,TSPAN19
11163,NUDT4
1407,CRY1
,RP11-638F5.1
55647,RAB20
28676,TRAV10
,RP11-112J1.2
84439,HHIPL1
406946,MIR154
400322,HERC2P2
100033437,SNORD115-2
64843,ISL2
283726,FAM154B
,CTD-3049M7.1
,RP11-523L20.2
2806,GOT2
9487,PIGL
645027,EVPLL
7448,VTN
730755,KRTAP2-3
23580,CDC42EP4
2302,FOXJ1
114757,CYGB
79701,OGFOD3
284207,METRNL
566,AZU1
126326,GIPC3
8740,TNFSF14
5989,RFX1
117579,RLN3
284434,NWD1
5976,UPF1
53345,TM6SF2
126526,C19ORF47
56344,CABP5
147646,C19ORF84
574472,MIR518F
147670,SMIM17
84515,MCM8
2686,GGT7
57727,NCOA5
337963,KRTAP23-1
337960,KRTAP13-3
728409,C21ORF54
649179,PRAMENP
28785,IGLV4-60
140883,ZNF280B
4330,MN1
80830,APOL6
3560,IL2RB
468,ATF4
84844,PHF5A
4700,NDUFA6
25830,SULT4A1
85352,KIAA1644
,RP1-32I10.10
5465,PPARA
54960,GEMIN8
4115,MAGEB4
7789,ZXDA
139886,SPIN4
85012,TCEAL3
54967,CT55
7626,ZNF75D
4103,MAGEA4
4582,MUC1
,RP11-533E19.2
925,CD8A
7200,TRH
100421363,ANKRD20A17P
5458,POU4F2
,AC108142.1
81567,TXNDC5
25902,MTHFD1L
100128459,CCNJP1
7221,TRPC2
5024,P2RX3
5870,RAB6A
91801,ALKBH8
1638,DCT
,RP11-812E19.5
,RP11-80F22.9
284123,FAM27E5
339287,MSL1
3690,ITGB3
284167,POLRMTP1
7695,ZNF136
3770,KCNJ14
55902,ACSS2
6170,RPL39
5226,PGD
9410,SNRNP40
2170,FABP3
84879,MFSD2A
2981,GUCA2B
199974,CYP4Z1
63950,DMRTA2
7049,TGFBR3
100422608,SLC25A24P2
7139,TNNT2
10637,LEFTY1
3707,ITPKB
9655,SOCS5
28939,IGKV1-13
28888,IGKV2D-18
,AC079776.6
30061,SLC40A1
55759,WDR12
117248,GALNT15
57599,WDR48
10663,CXCR6
10039,PARP3
56954,NIT2
27107,ZBTB11
11342,RNF13
,AC069067.1
205564,SENP5
,RP11-36C20.1
100505678,STARD4-AS1
,CTD-2287O16.3
442191,OR14J1
26054,SENP6
81833,SPACA1
112495,GTF3C6
5425,POLD2
10898,CPSF4
442720,EIF3IP1
28562,TRBV25-1
27319,BHLHE22
100132467,RNF2P1
138883,OR1N1
25792,CIZ1
10444,ZER1
1056,CEL
5540,NPY4R
7390,UROS
10612,TRIM3
,RP11-574M7.1
283248,RCOR2
,RP11-81M19.1
5777,PTPN6
51054,PLEKHA8P1
121129,OR2AP1
400110,ANKRD20A19P
2971,GTF3A
64112,MOAP1
2923,PDIA3
197021,LCTL
57611,ISLR2
10099,TSPAN3
54993,ZSCAN2
9274,BCL7C
79801,SHCBP1
766,CA7
55697,VAC14
342371,ATXN1L
3281,HSBP1
197320,ZNF778
390836,OR4K8P
90007,MIDN
284383,OR2Z1
1463,NCAN
2821,GPI
100271846,ERVV-2
25943,C20ORF194
51006,SLC35C2
55544,RBM38
140628,GATA5
55257,MRGBP
51750,RTEL1
2832,NPBWR2
,LA16C-60G3.6
,KB-1572G7.2
51537,MTFP1
,SELO
8406,SRPX
100329135,TRPC5OS
,NBPF23
,RP11-12A2.1
27297,CRCP
195977,ANTXRL
1305,COL13A1
1147,CHUK
5888,RAD51
55239,OGFOD1
50855,PARD6A
57649,PHF12
379,ARL4D
27098,CLUL1
27296,TP53TG5
5475,PPEF1
,SSX6
403263,OR4G11P
84328,LZIC
126767,AADACL3
343071,PRAMEF10
27129,HSPB7
83667,SESN2
51118,UTP11L
9048,ARTN
5236,PGM1
5737,PTGFR
2135,EXTL2
114814,GNRHR2
51107,APH1A
1520,CTSS
9191,DEDD
223,ALDH9A1
89884,LHX4
116461,TSEN15
65094,JMJD4
80003,PCNX2
55252,ASXL2
22950,SLC4A1AP
5610,EIF2AK2
447,ASS1P2
5861,RAB1A
150726,FBXO41
51002,TPRKB
100506783,HOXD-AS2
129401,NUP35
389072,PLEKHM3
10056,FARSB
55831,EMC3
6599,SMARCC1
677779,LINC00488
166012,CHST13
79825,EFCC1
23317,DNAJC13
27230,SERP1
5912,RAP2B
647033,PA2G4P4
200958,MUC20
152,ADRA2C
644414,DEFB131
55161,TMEM33
55153,SDAD1
56916,SMARCAD1
84640,USP38
55247,NEIL3
57507,ZNF608
51265,CDKL3
29093,MRPL22
253314,EIF4E1B
,AC136604.1
11282,MGAT4B
8351,HIST1H3D
8356,HIST1H3J
2794,GNL1
28973,MRPS18B
170680,PSORS1C2
259197,NCR3
80740,LY6G6C
7936,NELFE
6257,RXRB
6015,RING1
403339,DEFB133
26268,FBXO9
4142,MAS1
84262,PSMG3
221927,BRAT1
100533952,RBAK-RBAKDN
100131017,ZNF316
441194,PMS2CL
7697,ZNF138
55253,TYW1
222183,SRRM3
6878,TAF6
60561,RINT1
55750,AGK
285965,EPHA1-AS1
3110,MNX1
79618,HMBOX1
92755,TUBBP1
,CTD-3046C4.1
100127983,C8ORF88
55667,DENND4C
3445,IFNA8
84267,C9ORF64
9314,KLF4
26740,OR1J2
29988,SLC2A8
1759,DNM1
27348,TOR1B
1621,DBH
9397,NMT2
29982,NRBF2
64081,PBLD
84647,PLA2G12B
143244,EIF5AL1
100132116,ACTA2-AS1
414157,C10ORF62
81894,SLC25A28
25911,DPCD
10527,IPO7
923,CD6
10938,EHD1
51400,PPME1
10825,NEU3
4135,MAP6
220382,FAM181B
56935,SMCO4
9313,MMP20
5049,PAFAH1B2
219875,OR4D5
64221,ROBO3
9538,EI24
27087,B3GAT1
4973,OLR1
51564,HDAC7
269,AMHR2
10102,TSFM
386618,KCTD4
647174,SERPINE3
93081,TEX30
84945,ABHD13
100132101,HERC2P7
9990,SLC12A6
6692,SPINT1
7090,TLE3
196996,GRAMD2
643790,HMGN1P38
,C16ORF11
51764,GNG13
100128788,SRRM2-AS1
3163,HMOX2
84656,GLYR1
123879,DCUN1D3
26000,TBC1D10B
92595,ZNF764
2775,GNAO1
79791,FBXO31
353,APRT
1145,CHRNE
26001,RNF167
9552,SPAG7
433,ASGR2
55090,MED9
254272,TBC1D28
55813,UTP6
3980,LIG3
9862,MED24
92335,STRADA
1005,CDH7
339366,ADAMTSL5
390874,ONECUT3
51341,ZBTB7A
4650,MYO9B
10298,PAK4
79175,ZNF343
55614,KIF16B
9837,GINS1
149775,GNAS-AS1
26039,SS18L1
,AP000525.9
26080,FAM230C
2687,GGT5
80833,APOL3
6663,SOX10
646851,FAM227A
56666,PANX2
28227,PPP2R3B
27197,GPR82
84187,TMEM164
2664,GDI1
7404,UTY
643232,NRBF2P3
10390,CEPT1
5174,PDZK1
7086,TKT
26996,GPR160
,RP11-436P7.2
3046,HBE1
3939,LDHA
79899,PRR5L
5890,RAD51B
374920,C19ORF68
27300,ZNF544
54044,KRT18P2
400728,FAM87B
646262,LACTBL1
51102,MECR
653121,ZBTB8A
7579,ZSCAN20
9204,ZMYM6
23499,KIAA0754
284716,RIMKLA
149478,BTBD19
114034,TOE1
10327,AKR1A1
400765,MIR137HG
,RP5-1086K13.1
100533719,ANKRD20A14P
10712,FAM189B
5824,PEX19
84134,TOMM40L
257177,C1ORF192
127933,UHMK1
,RP11-306I1.1
3080,CFHR2
,RP11-480I12.4
55224,ETNK2
100418819,IPO8P1
55746,NUP133
388759,C1ORF229
84838,ZNF496
4613,MYCN
344387,CDKL4
,AC016734.2
119,ADD2
57835,SLC4A5
28906,IGKV6-21
28875,IGKV3D-15
28876,IGKV3D-11
,AC027612.6
100270832,RPL5P9
401007,NF1P8
9874,TLK1
10651,MTX2
51454,GULP1
1423,CRYGFP
389084,C2ORF82
51052,PRLH
150677,OTOS
9389,SLC22A14
389123,IQCF2
100874237,CACNA2D3-AS1
100418804,PHBP8
100125556,FAM86JP
729627,PRR23A
5028,P2RY1
3592,IL12A
79718,TBL1XR1
9370,ADIPOQ
,RP11-663P9.2
3346,HTN1
84103,C4ORF17
,RP11-402J6.3
8492,PRSS12
11157,LSM6
,RP11-269M20.1
65056,GPBP1
167465,ZNF366
814,CAMK4
6219,RPS17P2
2908,NR3C1
51299,NRN1
6239,RREB1
8343,HIST1H2BF
6824,ETF1P1
56658,TRIM39
3303,HSPA1A
3304,HSPA1B
3115,HLA-DPB1
51513,ETV7
60481,ELOVL5
594,BCKDHB
135293,PM20D2
153918,ZC2HC1B
90632,LINC00473
168002,DACT2
,GS1-124K5.10
10156,RASA4
1080,CFTR
29923,HILPDA
100289017,MOXD2P
,U66059.29
340307,CTAGE6
100420072,EI24P4
100128264,HTR5A-AS1
59347,TPT1P8
155,ADRB3
79139,DERL1
441381,LRRC24
392308,OR13E1P
56656,OR2S2
5736,PTGER4P2
375719,AQP7P1
84210,ANKRD20A1
653162,RPSAP9
83744,ZNF484
10881,ACTL7A
445815,PALM2AKAP2
80709,AKNA
1955,MEGF9
158131,OR1Q1
403341,ZBTB34
138428,PTRH1
5524,PPP2R4
54788,DNAJB12
5950,RBP4
282991,BLOC1S2
1509,CTSD
283303,MRGPRG-AS1
7748,ZNF195
255725,OR52B2
84188,FAR1
1315,COPB1
84867,PTPN5
91057,CCDC34
26273,FBXO3
5553,PRG2
81209,OR5BB1P
390201,OR10V1
28992,MACROD1
1374,CPT1A
8585,OR7E4P
,RP11-358N4.6
,RP11-313I2.7
10888,GPR83
253935,ANGPTL5
85463,ZC3H12C
9854,C2CD2L
8074,FGF23
51267,CLEC1A
255411,LINC00935
9416,DDX23
,RP11-923I11.6
9700,ESPL1
3678,ITGA5
3679,ITGA7
204010,RPSAP52
50511,SYCP3
84274,COQ5
400120,SERTM1
403297,OR7E155P
1948,EFNB2
79587,CARS2
390437,OR4N5
4776,NFATC4
6547,SLC8A3
83982,IFI27L2
7443,VRK1
100422954,MIR4309
81693,AMN
28383,IGHV7-27
,RP11-32B5.1
643699,GOLGA8N
1133,CHRM5
117155,CATSPER2
9960,USP3
9717,SEC14L5
,RP11-598D12.3
,CTD-2144E22.10
84706,GPT2
64400,AKTIP
10204,NUTF2
3240,HP
22879,MON1B
147228,KRT17P1
256223,CDRT15L2
342667,STAC2
83895,KRTAP1-5
124808,CCDC43
100133991,MAP3K14-AS1
360205,PRAC2
124773,C17ORF64
54868,TMEM104
9400,RECQL5
9267,CYTH1
26502,NARF
83473,KATNAL2
497661,C18ORF32
51046,ST8SIA3
400657,LINC00909
51257,MARCH2
90576,ZNF799
84245,MRI1
26664,OR7C1
376497,SLC27A1
100271849,MEF2B
23383,MAU2
646864,ZNF723
126375,ZNF792
644096,SDHAF1
282617,IFNL3
4858,NOVA2
163071,ZNF114
55260,TMEM143
54854,FAM83E
11284,PNKP
3982,LIM2
2204,FCAR
284417,TMEM150B
51545,ZNF581
58491,ZNF71
10528,NOP56
57325,CSRP2BP
1470,CST2
,RP11-410N8.1
128861,BPIFA3
80307,FER1L4
11065,UBE2C
7125,TNNC2
5360,PLTP
4159,MC3R
10287,RGS19
,AF165138.7
29104,N6AMT1
5316,PKNOX1
755,C21ORF2
8220,DGCR14
28784,IGLV4-69
57168,ASPHD2
3005,H1F0
4668,NAGA
286530,P2RY8
415,ARSE
340571,SIAH1P1
645996,NAP1L6
94121,SYTL4
392509,ARL13A
57826,RAP2C
375061,FAM89A
151354,LRATD1
,AC010733.7
,AC073464.7
,AC104306.1
152877,FAM53A
,RP11-455G16.1
345016,PES1P1
353013,RPL7AP7
85313,PPIL4
,RP11-415I12.3
4287,ATXN3
,CTB-134H23.2
283899,INO80E
3931,LCAT
646202,TLK2P1
83539,CHST9
100422624,SLC25A15P1
27237,ARHGEF16
6125,RPL5
54112,GPR88
476,ATP1A1
56957,OTUD7B
643136,ZC3H11B
79295,OR5H6
,RP11-64D22.2
6452,SH3BP2
,RP11-747H12.1
7368,UGT8
100421796,EEF1A1P19
5282,PIGFP1
353001,HCG4P3
84933,C8ORF76
60560,NAA35
57118,CAMK1D
11331,PHB2
51434,ANAPC7
122706,PSMB11
51324,SPG21
91949,COG7
64755,C16ORF58
2811,GP1BA
59340,HRH4
163050,ZNF564
79818,ZNF552
,AL354984.2
25825,BACE2
10762,NUP50
727686,SNURFL
8314,BAP1
100532737,ATP6V1G2-DDX39B
1051,CEBPB
100418905,NBEAP3
6723,SRM
5724,PTAFR
728621,CCDC30
29949,IL19
6726,SRP9
388951,TSPYL6
55120,FANCL
92,ACVR2A
79065,ATG9A
729898,ZBTB8OSP2
10494,STK25
10425,ARIH2
100873967,LSP1P2
5088,PBX2P1
,FAM188B2
9197,SLC33A1
,RP11-420J11.1
3033,HADH
152940,C4ORF45
651746,ANKRD33B
345643,MCIDAS
1404,HAPLN1
153770,PLAC8L1
79865,TREML2
23493,HEY2
80350,LPAL2
60,ACTB
55665,URGCP
51373,MRPS17
100418715,SEPT7P4
645591,LHFPL3-AS1
6604,SMARCD3
8797,TNFRSF10A
9530,BAG4
3788,KCNS2
26149,ZNF658
64078,SLC28A3
9200,PTPLA
79591,C10ORF76
24147,FJX1
,RP11-738O11.9
25987,TSKU
55863,TMEM126B
6588,SLN
79912,PYROXD1
121274,ZNF641
5630,PRPH
9924,PAN2
,RP1-46F2.2
1152,CKB
100033413,SNORD116-1
2595,GANC
9768,KIAA0101
57722,IGDCC4
390652,OR4F28P
10131,TRAP1
339044,PKD1P1
283867,LINC00922
390748,PABPN1L
8384,OR1D3P
5636,PRPSAP2
60386,SLC25A19
284185,LINC00482
440503,PLIN5
90594,ZNF439
6142,RPL18A
55101,ATP5SL
100131934,LETM1P2
26051,PPP1R16B
83604,TMEM47
10916,MAGED2
93380,MMGT1
26614,OR7E66P
,RP11-182J1.12
642,BLMH
390992,HES3
22977,AKR7A3
10136,CELA3A
3020,H3F3A
728350,EIF2S2P4
,AC007405.6
1356,CP
347733,TUBB2B
26235,FBXL4
285905,INTS4L1
7013,TERF1
1270,CNTF
7423,VEGFB
79796,ALG9
7289,TULP3
79600,TCTN1
25983,NGDN
145553,MDP1
28457,IGHV2-5
56919,DHX33
80221,ACSF2
11314,CD300A
55364,IMPACT
11264,PXMP4
55713,ZNF334
5600,MAPK11
9701,PPP6R2
695,BTK
401612,SLC25A53
,AF213884.1
10584,COLEC10
9126,SMC3
,C16ORF80
1362,CPD
11332,ACOT7
64756,ATPAF1
467,ATF3
11162,NUDT6
7422,VEGFA
6297,SALL2
1775,DNASE1L2
7627,ZNF75A
8225,GTPBP6
4751,NEK2
6772,STAT1
8309,ACOX2
55858,TMEM165
,RP11-673E1.3
,RP11-321E2.5
4201,MEA1
51322,WAC
64852,TUT1
2950,GSTP1
9846,GAB2
23109,DDN
466,ATF1
374569,ASPG
56970,ATXN7L3
29998,GLTSCR1
171023,ASXL1
150297,C22ORF42
93663,ARHGAP18
54587,MXRA8
728642,CDK11A
343066,AADACL4
643126,TRIM51JP
51661,FKBP7
130612,TMEM198
349565,NMNAT3
,RP11-813N20.1
642909,CTBP2P4
51250,C6ORF203
392197,USP17L7
7321,UBE2D1
80162,ATHL1
1075,CTSC
,RP11-2C24.5
1443,CSH2
126272,EID2B
653677,SEC1P
5639,PRRG2
574460,MIR498
140831,ZSWIM3
5753,PTK6
53947,A4GALT
,RP11-364B14.1
2152,F3
8065,CUL5
142678,MIB2
1870,E2F2
1104,RCC1
54802,TRIT1
,RP11-435B5.5
,NBPF24
7292,TNFSF4
10461,MERTK
131965,METTL6
285521,COX18
60559,SPCS3
140890,SREK1
56103,PCDHGB2
167838,TXLNB
79624,C6ORF211
375686,SPATC1
3446,IFNA10
5079,PAX5
57684,ZBTB26
3559,IL2RA
283189,OR9G4
22992,KDM2A
64506,CPEB1
80011,FAM192A
54386,TERF2IP
79603,CERS4
692312,PPAN-P2RY11
43849,KLK12
,CYORF17
2166,FAAH
1435,CSF1
51161,C3ORF18
100302148,MIR1263
100418737,KRT8P33
5118,PCOLCE
1057,CELP
51258,MRPL51
55716,LMBR1L
,RP11-556N21.1
7109,TRAPPC10
127534,GJB4
343099,CCDC18
100288805,HYDIN2
6271,S100A1
9019,MPZL1
163882,CNST
131375,LYZL4
100419185,PDLIM1P4
6010,RHO
57129,MRPL47
23284,ADGRL3
55602,CDKN2AIP
55168,MRPS18A
80820,EEPD1
8518,IKBKAP
657,BMPR1A
430,ASCL2
627,BDNF
8567,MADD
219333,USP12
767563,SNORD113-3
8681,JMJD7-PLA2G4B
3051,HBZP1
29904,EEF2K
51090,PLLP
57017,COQ9
23125,CAMTA2
147495,APCDD1
9230,RAB11B
284391,ZNF844
126298,IRGQ
140825,NEURL2
100037417,DDTL
7494,XBP1
1974,EIF4A2
340485,ACER2
57139,RGL3
79134,TMEM185B
10316,NMUR1
158431,ZNF782
7295,TXN
84929,FIBCD1
256472,TMEM151A
23184,MESDC2
58531,PRM3
92806,CENPBD1
100505753,KRTAP16-1
4059,BCAM
92747,BPIFB1
3763,KCNJ6
80305,TRABD
100419337,CENPIP1
10876,EDDM3A
3491,CYR61
129852,C2ORF73
4345,CD200
7462,LAT2
375611,SLC26A5
441430,ANKRD20A2P
8879,SGPL1
3481,IGF2
741,ZNHIT2
409,ARRB2
3772,KCNJ15
65059,RAPH1
1176,AP3S1
64218,SEMA4A
127670,TEDDM1
3488,IGFBP5
51560,RAB6B
5523,PPP2R3A
,RP11-526A4.1
285855,RPL7L1
9788,MTSS1
10599,SLCO1B1
63894,VIPAS39
1845,DUSP3
140467,ZNF358
79444,BIRC7
406899,MIR106A
79957,PAQR6
,RP11-548K12.10
55009,C19ORF24
4878,NPPA
,RP11-293F5.8
113452,TMEM54
55268,ECHDC2
,RP11-302M6.4
57127,RHBG
54935,DUSP23
11266,DUSP12
,RP11-9L18.2
100329108,GCSHP5
9580,SOX13
337872,HIST3H2BA
91461,PKDCC
9581,PREPL
,AC073283.4
112597,LINC00152
5903,RANBP2
,AC079922.2
140738,TMEM37
254042,METAP1D
83879,CDCA7
728664,API5P2
14,AAMP
,AC112721.1
5133,PDCD1
5210,PFKFB4
1776,DNASE1L3
677836,SNORA58
375387,NRROS
80235,PIGZ
3954,LETM1
285440,CYP4V2
133746,JMY
2661,GDF9
1044,CDX1
10960,LMAN2
378884,NHLRC1
84300,UQCC2
135398,C6ORF141
4199,ME1
100505879,KIF25-AS1
,AC004870.3
,RP11-340I6.6
7979,SEM1
79706,PRKRIP1
23008,KLHDC10
65999,LRRC61
29883,CNOT7
7993,UBXN8
84750,FUT10
84549,MAK16
9070,ASH2L
,RP11-56A10.1
340393,TMEM249
84720,PIGO
653394,PGM5P1
653567,TMEM236
220929,ZNF438
728407,PARGP1
645084,DBF4P1
29760,BLNK
5408,PNLIPRP2
7106,TSPAN4
114879,OSBPL5
51035,UBXN1
7108,TM7SF2
54961,SSH3
4900,NRGN
404635,NANOGP1
259292,TAS2R46
58516,SINHCAF
317781,DDX51
79050,NOC4L
2963,GTF2F2
116173,CMTM5
3002,GZMB
9787,DLGAP5
123096,SLC25A29
,RP11-64K12.1
,CTD-2014N11.1
663,BNIP2
6176,RPLP1
56906,THAP10
10066,SCAMP2
90861,HN1L
63928,CHP2
146395,GSG1L
260434,PYDC1
29100,TMEM208
79007,DBNDD1
51031,GLOD4
443,ASPA
79003,MIS12
255877,BCL6B
84081,NSRP1
,RP11-1407O15.2
80320,SP6
51747,LUC7L3
,LOC732538
25794,FSCN2
5833,PCYT2
57045,TWSG1
84902,CEP89
,AC016582.2
148003,LGALS16
284340,CXCL17
653492,PSG10P
2512,FTL
170487,ACTL10
9217,VAPB
10633,RASL10A
7263,TST
23676,SMPX
205,AK4
54973,CPSF3L
200081,TXLNA
100129405,MSTO2P
129607,CMPK2
5449,POU1F1
2968,GTF2H4
389396,GLYATL3
10124,ARL4A
9537,TP53I11
57010,CABP4
85457,CIPC
283576,ZDHHC22
100126345,MIR889
9688,NUP93
5469,MED1
284161,GDPD1
10616,RBCK1
5822,PWP2
100287084,ZNF72AP
30011,SH3KBP1
9468,PCYT1B
26783,SNORA65
,RP11-26F2.1
115761,ARL11
,WI2-3308P17.2
84970,C1ORF94
79469,DLEU2L
388649,C1ORF146
127495,LRRC39
85369,STRIP1
440603,BCL2L15
,RP11-417J8.6
126668,TDRD10
55249,YY1AP1
6504,SLAMF1
29937,NENF
7360,UGP2
9027,NAT8
729857,RGPD2
285189,PLGLA
150737,TTC30B
4664,NAB1
,AC007358.1
130340,AP1S3
1146,CHRNG
57140,RNPEPL1
56852,RAD18
7375,USP4
55079,FEZF2
100131827,ZNF717
9626,GUCA1C
285282,RABL3
1475,CSTA
,RP11-440K22.1
101290506,LRRFIP1P1
10195,ALG3
26998,FETUB
132112,RTP1
642280,ZNF876P
654254,ZNF732
53834,FGFRL1
6731,SRP72
79807,GSTCD
10692,RRH
3558,IL2
1946,EFNA5
27166,PRELID1
90933,TRIM41
154141,MBOAT1
26695,OR2U1P
26531,OR11A1
11074,TRIM31
29113,C6ORF15
7407,VARS
8464,SUPT3H
730152,GSTA7P
59336,PRDM13
7259,TSPYL1
54664,TMEM106B
6984,TRGV10
,AC004987.9
,AC096582.8
729156,GTF2IRD1P1
55972,SLC25A40
221908,PPP1R35
5001,ORC5
154743,C7ORF60
168537,GIMAP7
503614,DEFB107B
4017,LOXL2
157574,FBXO16
5862,RAB2A
7274,TTPA
27067,STAU2
347051,SLC10A5
761,CA3
55638,SYBU
286077,FAM83H
26219,OR1J4
84569,LYZL1
100289237,CEP164P1
170371,C10ORF128
11130,ZWINT
953,ENTPD1
27343,POLL
9118,INA
833,CARS
283111,OR51V1
57586,SYT13
,RP11-163O19.11
219970,GLYATL2
,RP11-736I10.2
,LINC01171
83552,MFRP
390264,OR10G4
81029,WNT5B
55200,PLEKHG6
51768,TM7SF3
114134,SLC2A13
613227,HIGD1C
319101,KRT73
440107,C12ORF74
121457,IKBIP
3479,IGF1
23014,FBXO21
26353,HSPB8
390441,OR11H7
341799,OR6S1
28522,TRDJ1
100129075,KTN1-AS1
145376,PPP1R36
161145,TMEM229B
4329,ALDH6A1
9950,GOLGA5
28385,IGHV6-1
254531,LPCAT4
100500904,MIR3942
388115,C15ORF52
27023,FOXB1
161514,TBC1D21
192683,SCAMP5
729486,IL9RP3
9088,PKMYT1
6338,SCNN1B
5347,PLK1
10294,DNAJA2
50628,GEMIN4
29928,TIMM22
8388,OR1E2
55244,SLC47A1
79922,MRM1
8153,RND2
10238,DCAF7
2584,GALK1
201292,TRIM65
64772,ENGASE
9775,EIF4A3
339230,CCDC137
56984,PSMG2
390834,FEM1AP2
5289,PIK3C3
80323,CCDC68
610,HCN2
80032,ZNF556
8698,S1PR4
10362,HMG20B
56931,DUS3L
92359,CRB3
3726,JUNB
259307,IL4I1
51231,VRK3
51654,CDK5RAP1
55741,EDEM2
56245,C21ORF62
10311,DSCR3
65078,RTN4R
4733,DRG1
25829,TMEM184B
5905,RANGAP1
56474,CTPS2
139411,PTCHD1
389844,FTH1P19
10682,EBP
541578,CXORF40B
9653,HS2ST1
,RP11-353N4.7
29097,CNIH4
22979,EFR3B
27071,DAPP1
28966,SNX24
,AC034228.7
387043,RPL13AP
,RP11-65D24.2
29091,STXBP6
100996331,POTEB
,RP11-1166P10.6
11248,NXPH3
93436,ARMC6
100507433,ZNF571-AS1
5203,PFDN4
875,CBS
23762,OSBP2
54952,TRNAU1AP
5453,POU3F1
79871,RPAP2
,AC018865.5
64689,GORASP1
729230,CCR2
29909,GPR171
26952,SMR3A
285668,C5ORF64
153643,FAM81B
54732,TMED9
56895,AGPAT4
730130,TMEM229A
645249,MNX1-AS1
54332,GDAP1
728495,FAM74A3
2934,GSN
55766,H2AFJ
145483,FAM161B
9112,MTA1
29800,ZDHHC1
84667,HES7
55552,ZNF823
84167,C19ORF44
64130,LIN7B
23640,HSPBP1
90204,ZSWIM1
10013,HDAC6
331,XIAP
100526737,RBM14-RBM4
113730,KLHDC7B
55624,POMGNT1
,AL450307.1
140687,GCNT7
,AL645944.1
257,ALX3
84696,ABHD1
1446,CSN1S1
3672,ITGA1
373,TRIM23
202915,TMEM184A
158035,LINC00032
286205,SCAI
8019,BRD3
26086,GPSM1
338751,OR52L1
26229,B3GAT3
387849,REP15
,CCDC41
55384,MEG3
284129,SLC26A11
11012,KLK11
6789,STK4
9500,MAGED1
22829,NLGN4Y
441376,AARD
,EFCAB4A
,RP11-1081L13.3
6430,SRSF5
57146,TMEM159
729648,ZNF812
80219,COQ10B
729789,RPS15P5
8795,TNFRSF10B
137797,LYPD2
10220,GDF11
254170,FBXO33
146059,CDAN1
5170,PDPK1
8792,TNFRSF11A
574457,MIR181D
112398,EGLN2
10406,WFDC2
7031,TFF1
159162,RBMY2FP
60682,SMAP1
79366,HMGN5
3604,TNFRSF9
23252,OTUD3
391013,PLA2G2C
259283,MDS2
84243,ZDHHC18
,RP11-244H3.1
6886,TAL1
127253,TYW3
51375,SNX7
29957,SLC25A24
3744,KCNA10
3738,KCNA3
57402,S100A14
8751,ADAM15
55243,KIRREL
55600,ITLN1
,RP11-421L10.1
5664,PSEN2
440732,RPS7P3
677802,SNORA14B
,RP11-261C10.2
246243,RNASEH1
729475,RAD51AP2
2355,FOSL2
25806,VAX2
388965,FUNDC2P2
2677,GGCX
8869,ST3GAL5
151011,SEPT10
,AJ239322.1
3176,HNMT
79537,OR7E90P
3238,HOXD12
26275,HIBCH
79853,TM4SF20
9470,EIF4E2
54657,UGT1A4
375323,LHFPL4
285326,LINC00692
5576,PRKAR2A
1605,DAG1
2771,GNAI2
131177,FAM3D
132203,SNTN
55,ACPP
51068,NMD3
200909,HTR3D
579,NKX3-2
7366,UGT2B15
100420203,CICP16
,RP11-548H18.2
,RP11-707F2.1
201931,TMEM192
8611,PPAP2A
133383,SETD9
10184,LHFPL2
92270,ATP6AP1L
153642,ARSK
1839,HBEGF
56107,PCDHGA9
78991,PCYOX1L
,RP11-779O18.1
154386,C6ORF195
80862,ZNRD1-AS1
221476,PI16
55633,TBC1D22B
80759,KHDC1
64065,PERP
,RP11-351J23.1
221937,FOXK1
7291,TWIST1
,RP11-1217F2.1
5782,PTPN12
100500896,MIR3666
3663,IRF5
1020,CDK5
,AF228730.1
728638,KRT8P3
26255,PTTG3P
8840,WISP1
10280,SIGMAR1
7507,XPA
7046,TGFBR1
347265,KRT8P11
153090,DAB2IP
26735,OR1L3
91373,UAP1L1
100422505,ATP8A2P1
5551,PRF1
170392,OIT3
8513,LIPF
,RP11-451M19.3
3043,HBB
340980,OR52B6
23258,DENND5A
119710,C11ORF74
338674,OR5F1
2237,FEN1
3338,DNAJC4
2101,ESRRA
10072,DPP3
1717,DHCR7
7069,THRSP
120126,UBTFL2
619383,SCARNA9
8898,MTMR2
7379,UPK2
390261,OR6M1
79490,OR10G6
83480,PUS3
219938,SPATA19
5761,PTMAP4
7480,WNT10B
319,APOF
4069,LYZ
23011,RAB21
387882,C12ORF75
1240,CMKLR1
217,ALDH2
11193,WBP4
7178,TPT1
220082,SPERT
10253,SPRY2
29986,SLC39A2
145241,ADAM21P1
83694,RPS6KL1
10598,AHSA1
767568,SNORD113-8
,RP11-173D3.2
54866,PPP1R14D
140691,TRIM69
145645,C15ORF43
29767,TMOD2
9543,IGDCC3
653643,GOLGA6D
9727,RAB11FIP3
146310,RNF151
3835,KIF22
89970,RSPRY1
8447,DOC2B
10462,CLEC10A
23495,TNFRSF13B
84218,TBC1D3F
388381,C17ORF98
3882,KRT32
7484,WNT9B
3215,HOXB5
124540,MSI2
51649,MRPS23
388407,C17ORF82
100129123,ACE3P
146723,C17ORF77
440482,ANKRD20A5P
5442,POLRMT
5064,PALM
148252,DIRAS1
5802,PTPRS
79002,C19ORF43
342898,SYCN
5452,POU2F2
342,APOC1P1
93659,CGB5
84798,C19ORF48
354,KLK3
284366,KLK9
4849,CNOT3
3589,IL11
245936,DEFB123
,C20ORF112
81030,ZBP1
26205,GMEB2
1525,CXADR
337959,KRTAP13-2
53347,UBASH3A
353333,KRTAP10-10
353332,KRTAP12-1
28850,IGKV1OR22-5
2679,GGT3P
645280,SMPD4P1
645426,TMEM191C
28815,IGLV2-14
,AP000362.1
23384,SPECC1L
162,AP1B1
79019,CENPM
91689,SMDT1
4129,MAOB
139793,PAGE3
441518,FAM127C
203523,ZNF449
4534,MTM1
139735,ZFP92
51029,DESI2
686,BTD
6997,TDGF1
728263,ALG1L7P
8590,OR6A2
677784,FAM138D
100421768,UBE2Q2P12
63939,FAM217B
1298,COL9A2
58155,PTBP2
653604,HIST2H3D
80128,TRIM46
128370,OR6K4P
51506,UFC1
148753,FAM163A
92703,TMEM183A
151354,FAM84A
100128590,SLC8A1-AS1
10120,ACTR1B
165257,C1QL2
,AC007277.3
3580,CXCR2P1
9942,XYLB
51099,ABHD5
11186,RASSF1
57461,ISY1
170960,ZNF721
6047,RNF4
170825,GSX2
6783,SULT1E1
100419062,FOSL1P1
,RP11-542P2.1
3600,IL15
4671,NAIP
,AC008394.1
91137,SLC25A46
26045,LRRTM2
3161,HMMR
347744,C6ORF52
50619,DEF6
9820,CUL7
22881,ANKRD6
,RP11-544L8__B.4
221838,EEF1A1P6
,AC006380.1
389493,NUPR1L
3268,AGFG2
10447,FAM3C
100289678,ZNF783
140596,DEFB104A
100132103,FAM66E
,RP11-510I21.1
2675,GFRA2
255926,ADAM5
8629,JRK
,RP11-537H15.4
11224,RPL35
9719,ADAMTSL2
,AL022344.4
83849,SYT15
85450,ITPRIP
,RP11-72M10.5
219527,LRRC55
4296,MAP3K11
220070,SHANK2-AS3
,CTD-2313N18.8
334,APLP2
23710,GABARAPL1
586,BCAT1
2799,GNS
10993,SDS
949,SCARB1
87769,GGACT
283547,LINC00639
28411,IGHV3-71
27229,TUBGCP4
7177,TPSAB1
645811,CCDC154
124045,SPATA33
347716,USP32P3
3886,KRT35
,CTD-2116F7.1
339302,CPLX4
54760,PCSK4
9546,APBA3
79085,SLC25A23
284359,IZUMO1
256236,NAPSB
162968,ZNF497
10998,SLC27A5
57593,EBF4
9770,RASSF2
728434,C20ORF187
140902,R3HDML
4174,MCM5
11144,DMC1
207063,DHRSX
389860,PAGE2B
220885,RPSAP15
4107,MAGEA8
55577,NAGK
83439,TCF7L1
56977,STOX2
9025,RNF8
728957,ZNF705D
619279,ZNF704
9423,NTN1
1522,CTSZ
729447,GAGE2A
64816,CYP3A43
11046,SLC35D2
114131,UCN3
51399,TRAPPC4
65117,RSRC2
338879,RNASE10
56160,NDNL2
161742,SPRED1
57215,THAP11
284433,OR10H5
126231,ZNF573
,FLJ27365
4154,MBNL1
65108,MARCKSL1
126868,MAB21L3
10797,MTHFD2
25852,ARMC8
403315,FAM92A1P2
94081,SFXN1
8329,HIST1H2AI
6903,TBCC
221424,LRRC73
84918,LRP11
6953,TCP10
53828,FXYD4
254263,CNIH2
5939,RBMS2
79318,OR4K4P
51004,COQ6
123355,LRRC28
6470,SHMT1
51204,TACO1
374875,HSD11B1L
6618,SNAPC2
6855,SYP
10610,ST6GALNAC2
,CTC-513N18.6
80835,TAS1R1
1196,CLK2
26872,STEAP1
392309,OR13J1
161823,ADAL
652965,SNORA48
80174,DBF4B
162989,DEDD2
79742,CXORF36
2134,EXTL1
57648,KIAA1522
2882,GPX7
5202,PFDN2
83593,RASSF5
56902,PNO1
7247,TSN
,AC016757.3
729102,HNRNPA1P22
836,CASP3
353189,SLCO4C1
2107,ETF1
,RP11-157J24.1
79161,TMEM243
574442,MIR489
157506,RDH10
646486,FABP12
79752,ZFAND1
100131997,FAM27E3
,RP11-276H19.1
5837,PYGM
23052,ENDOD1
8531,YBX3
4285,MIPEP
8900,CCNA1
123745,PLA2G4E
4123,MAN2C1
10232,MSLN
10265,IRX5
359845,FAM101B
1747,DLX3
653656,MBD3L4
728361,OVOL3
342900,LEUTX
10945,KDELR1
27111,SDCBP2
337967,KRTAP6-2
51733,UPB1
5230,PGK1
83932,SPRTN
151579,BZW1P2
84129,ACAD11
56925,LXN
5010,CLDN11
10826,FAXDC2
1490,CTGF
641977,SEPT7P2
91283,MSANTD3
55151,TMEM38B
405753,DUOXA2
9437,NCR1
10236,HNRNPR
114625,ERMAP
91408,BTF3L4
60491,NIF3L1
54918,CMTM6
3659,IRF1
80228,ORAI2
157695,TDRP
53,ACP2
341416,OR6C2
,RP11-536C10.12
57799,RAB40C
,AC012317.1
1497,CTNS
162632,USP32P1
10493,VAT1
146712,B3GNTL1
64762,GAREM
,CTB-147C22.3
65992,DDRGK1
100133163,BCRP7
,AC023490.2
85028,SNHG12
23632,CA14
51277,DNAJC27
27247,NFU1
,CH17-132F21.1
339562,IGKV1OR2-118
79411,GLB1L
406929,MIR138-1
22916,NCBP2
10605,PAIP1
4188,MDFI
221830,TWISTNB
203054,ADCK5
7016,TESK1
51116,MRPS2
83938,C10ORF11
100507401,LRP4-AS1
390213,DOC2GP
83448,PUS7L
387885,CCDC42B
1361,CPB2
171546,SPTSSA
653190,ABCC6P1
51673,TPPP3
729288,ZNF286B
268,AMH
29985,SLC39A3
7538,ZFP36
388552,BLOC1S3
653758,TPM3P6
23119,HIC2
4151,MB
65109,UPF3B
10006,ABI1
,AL603965.1
27285,TEKT2
100129007,FMO8P
5929,RBBP5
133686,NADK2
84893,FBH1
5654,HTRA1
79608,RIC3
120400,NXPE1
84866,TMEM25
29121,CLEC2D
9617,MTRF1
28466,IGHV1-45
55313,CPPED1
5414,C17ORF47
100131439,CD300LD
26093,CCDC9
56731,SLC2A4RG
29799,YPEL1
55664,CDC37L1
6821,SUOX
1471,CST3
55924,FAM212B
54460,MRPS21
493861,EID3
166348,KBTBD12
4976,OPA1
83452,RAB33B
81555,YIPF5
80352,RNF39
58530,LY6G6D
23564,DDAH2
222962,SLC29A4
55262,C7ORF43
392242,REXO1L8P
23360,FNBP4
,AP000445.2
642641,RPSAP54
146439,CCDC64B
2648,KAT2A
100885850,PTGES3L-AARSD1
9241,NOG
201266,SLC39A11
100129842,ZNF737
54058,C21ORF58
1120,CHKB
55916,NXT2
1774,DNASE1L1
100133190,ADIRF-AS1
847,CAT
84102,SLC41A2
148479,PHF13
643343,RPL5P4
1376,CPT2
57147,SCYL3
2329,FMO4
64222,TOR3A
,RP11-504P24.3
8462,KLF11
,AC104654.1
113419,TEX261
54977,SLC25A38
100127945,SOCS5P3
440955,TMEM89
7871,SLMAP
22808,MRAS
1437,CSF2
6584,SLC22A5
,C5ORF54
7005,TEAD3
5154,PDGFA
23462,HEY1
79075,DSCC1
5900,RALGDS
3363,HTR7
9148,NEURL1
4942,OAT
79345,OR51B2
219858,OR8B12
120224,TMEM45B
51303,FKBP11
112849,L3HYPDH
53349,ZFYVE1
7187,TRAF3
100033821,SNORD116-29
2958,GTF2A2
5493,PPL
9961,MVP
125170,MIEF2
26151,NAT9
4225,MEP1B
54877,ZCCHC2
5609,MAP2K7
5731,PTGER1
126235,RPS4XP21
10483,SEC23B
257203,DSCR9
386680,KRTAP10-5
23539,SLC16A8
407,ARR3
55922,NKRF
55026,TMEM255A
441521,CT45A5
,AL583842.1
388677,NOTCH2NLA
647215,MROH3P
9637,FEZ2
,AC007881.4
51385,ZNF589
3273,HRG
348926,FAM86EP
768211,RELL1
641700,ECSCR
199,AIF1
80863,PRRT1
221504,ZBTB9
154288,KHDC3L
57120,GOPC
84277,DNAJC30
28592,TRBV7-6
1672,DEFB1
346708,OR7E8P
389766,C9ORF153
10927,SPIN1
54932,EXD3
100133308,RSU1P2
79892,MCMBP
219417,OR8U1
,RP11-75L1.6
6489,ST8SIA1
93058,COQ10A
55270,NUDT15
123264,SLC51B
123722,FSD2
646174,C16ORF90
3728,JUP
5697,PYY
11232,POLG2
2873,GPS1
56928,SPPL2B
84954,MPND
653657,MBD3L3
57153,SLC44A2
81576,CCDC130
348,APOE
51126,NAA20
5834,PYGB
286411,LINC00632
126626,GABPB2
,CTB-95D12.1
5269,SERPINB6
7553,ZNF7
386685,KRTAP10-12
29929,ALG6
3222,HOXC5
122509,IFI27L1
5525,PPP2R5A
10533,ATG7
401233,HTATSF1P2
1586,CYP17A1
8620,NPFF
387496,RASL11A
23111,SPART
4992,OR1F1
81893,SLC7A5P1
124565,SLC38A10
,CTD-3222D19.2
148213,ZNF681
55964,SEPT3
51209,RAB9B
199699,DAND5
128346,C1ORF162
54344,DPM3
55584,CHRNA9
7098,TLR3
8667,EIF3H
644019,CBWD6
100188953,LINC00092
348262,FAM195B
85019,TMEM241
5509,PPP1R3D
23616,SH3BP1
5935,RBM3
,GS1-309P15.4
,GLTPD1
9906,SLC35E2
64802,NMNAT1
128272,ARHGEF19
57134,MAN1C1
84065,TMEM222
63967,CLSPN
6814,STXBP3
353142,LCE3A
353137,LCE1F
646270,ELL2P1
,RP11-545A16.3
252839,TMEM9
149371,EXOC8
29959,NRBP1
,AC022210.2
84910,TMEM87B
130940,CCDC148
53632,PRKAG3
54579,UGT1A5
344875,COL6A4P1
54931,TRMT10C
170712,COX7B2
132989,C4ORF36
92255,LMBRD2
57688,ZSWIM6
23105,FSTL4
23197,FAF2
4245,MGAT1
340156,MYLK4
6745,SSR1
8357,HIST1H3H
253018,HCG27
7920,ABHD16A
721,C4B
401258,RAB44
57038,RARS2
55536,CDCA7L
6967,TRGC2
414919,C8ORF82
647060,SPATA31A1
26130,GAPVD1
57178,ZMIZ1
118856,MMP21
57104,PNPLA2
120227,CYP2R1
219431,OR4S2
11251,PTGDR2
4054,LTBP3
,RP11-60C6.5
440068,CARD17
91893,FDXACB1
678655,CD27-AS1
196500,PIANP
170482,CLEC4C
387841,RPL13AP20
1975,EIF4B
8825,LIN7A
121665,SPPL3
7174,TPP2
28679,TRAV8-7
9692,KIAA0391
6235,RPS29
100302209,MIR1185-2
388122,RPSAP55
,RP11-299H22.5
4828,NMB
390651,OR4F13P
100856809,OR3A5P
8387,OR1E1
653017,TBC1D3P3
6355,CCL8
147184,TMEM99
284069,FAM171A2
10928,RALBP1
1149,CIDEA
85360,SYDE1
54555,DDX49
147700,KLC3
8410,RPS9P1
3053,SERPIND1
616,BCRP4
28832,IGLJ2
23541,SEC14L2
80339,PNPLA3
1375,CPT1B
254158,CXORF58
142689,ASB12
139322,APOOL
677816,SNORA35
79649,MAP7D3
79184,BRCC3
,RP11-403I13.8
728015,RPS7P15
257415,FAM133B
28,ABO
2155,F7
51716,CES1P1
10672,GNA13
26528,DAZAP1
51150,SDF4
4070,TACSTD2
11218,DDX20
6432,SRSF7
1958,EGR1
815,CAMK2A
1357,CPA1
401546,C9ORF152
387914,SHISA2
100302157,MIR1185-1
37,ACADVL
63932,CXORF56
100130935,CSAG4
4665,NAB2
343068,PRAMEF5
391051,UOX
3570,IL6R
,RP11-29H23.6
,CTA-134P22.2
127943,FCRLB
10936,GPR75
130827,TMEM182
5455,POU3F3
5000,ORC4
10123,ARL4C
5359,PLSCR1
730086,ALG1L15P
170572,HTR3C
152992,TRMT44
8572,PDLIM4
55568,GALNT10
646019,CBY3
23469,PHF3
134637,ADAT2
54754,NUTM2F
7570,ZNF22
402778,IFITM10
100129032,GLYATL1P1
,AP002806.1
100271702,LINC00940
2342,FNTB
55237,VRTN
22846,VASH1
653075,GOLGA8T
115752,DIS3L
5315,PKM
653390,RRN3P2
79724,ZNF768
83871,RAB34
54883,CWC25
1155,TBCB
115727,RASGRP4
208,AKT2
59285,CACNG6
8566,PDXK
85395,FAM207A
150353,DNAJB7
389898,UBE2NL
60672,MIIP
94161,SNORD46
58,ACTA1
55821,ALLC
2019,EN1
7068,THRB
54512,EXOSC4
1982,EIF4G2
349667,RTN4RL2
784,CACNB3
92960,PEX11G
22880,MORC2
92552,ATXN3L
50814,NSDHL
163126,EID2
,RP11-810H18.1
3300,DNAJB2
9045,RPL14
5387,PMS2P3
169270,ZNF596
414332,LCN10
6330,SCN4B
7181,NR2C1
23351,KHNYN
388228,SBK1
124817,CNTD1
27092,CACNG4
,AC008747.1
1038,CDR1
55346,TCP11L1
26628,OR7E47P
440560,PRAMEF11
261726,TIPRL
54583,EGLN1
285016,FAM150B
57818,G6PC2
57088,PLSCR4
152519,NIPAL1
3015,H2AFZ
2110,ETFDH
102724668,DPY19L1P2
64210,MMS19
79842,ZBTB3
283461,C12ORF40
1967,EIF2B1
2700,GJA3
2628,GATM
64784,CRTC3
100462809,RSL24D1P8
28775,IGLV7-46
30848,CTAG2
,RP11-417J8.3
50604,IL20
51409,HEMK1
257068,PLCXD2
285636,C5ORF51
56100,PCDHGB6
89870,TRIM15
1365,CLDN3
157777,MCMDC2
157769,FAM91A1
28653,TRAV29DV5
51330,TNFRSF12A
29965,CDIP1
6341,SCO1
55663,ZNF446
94241,TP53INP1
5322,PLA2G5
414061,DNAJB3
375316,RBM44
6189,RPS3A
29880,ALG5
115825,WDFY2
50631,YBX1P1
201158,TVP23C
90379,DCAF15
171427,CYP2F2P
90324,CCDC97
9531,BAG3
51297,BPIFA1
2980,GUCA2A
79961,DENND2D
2848,GPR25
100507098,ADAMTS9-AS2
91975,ZNF300
9945,GFPT2
340719,NANOS1
6240,RRM1
8608,RDH16
257364,SNX33
29855,UBN1
643646,HSD17B1P1
64122,FN3K
8542,APOL1
2623,GATA1
56983,POGLUT1
152195,NUDT16P1
81688,C6ORF62
11236,RNF139
60674,GAS5
79727,LIN28A
441897,PGCP1
1116,CHI3L1
5500,PPP1CB
79730,NSUN7
345757,FAM174A
,AC009014.3
56098,PCDHGC4
10385,BTN2A2
2942,GSTA6P
5191,PEX7
,GS1-124K5.12
,RP11-274B21.2
84255,SLC37A3
28711,TRAJ44
100287399,POTEB2
527,ATP6V0C
100874381,NPIPP1
3991,LIPE
147686,ZNF418
7032,TFF2
,ZNF542
55929,DMAP1
1746,DLX2
7310,ZRSR1
5813,PURA
222658,KCTD20
113263,GLCCI1
137362,GOT1L1
92140,MTDH
26301,GBGT1
64106,NPFFR1
3843,IPO5
10038,PARP2
51310,SLC22A17
22970,RPL41P2
,RP11-293B20.2
6359,CCL15
1455,CSNK1G2
126248,WDR88
51014,TMED7
,CTB-1048E9.7
57162,PELI1
729582,DIRC3
122945,NOXRED1
79412,KREMEN2
390732,CES1P2
6448,SGSH
25876,SPEF1
79087,ALG12
55256,ADI1
84154,RPF2
64834,ELOVL1
50999,TMED5
57654,UVSSA
167153,PAPD4
2030,SLC29A1
8928,FOXH1
11258,DCTN3
89853,MVB12B
4247,MGAT2
284821,RPL13AP7
6907,TBL1X
8544,PIR
10159,ATP6AP2
7030,TFE3
347516,DGAT2L6
100652857,TMCO5B
64129,TINAGL1
440689,HIST2H2BF
8607,RUVBL1
11076,TPPP
,SRCRB4D
81605,URM1
399818,METTL10
347902,AMIGO2
144581,RPL14P1
400,ARL1
5652,PRSS8
,DKFZP761J1410
91319,DERL3
10742,RAI2
644538,SMIM10
23557,SNAPIN
,RP11-350G8.3
,AC110769.1
79901,CYBRD1
,AC112715.2
9778,KIAA0232
128,ADH5
51313,FAM198B
23520,ANP32C
85409,NKD2
7942,TFEB
223082,ZNRF2
137075,CLDN23
389762,SPATA31D3
120534,ARL14EP
10963,STIP1
439916,LINC00615
8106,PABPN1
1381,CRABP1
101059953,NPIPA8
10229,COQ7
6459,SH3GL1P2
8396,PIP4K2B
9572,NR1D1
6169,RPL38
83855,KLF16
56961,SHD
,RP11-1137G4.3
4909,NTF4
100507290,ZNF865
6790,AURKA
79144,PPDPF
,AL158091.1
652904,CKS1BP6
84295,PHF6
84524,ZC3H8
643884,SOCS5P5
7572,ZNF24
3151,HMGN2
27293,SMPDL3B
27177,IL36B
339942,H1FX-AS1
3083,HGFAC
1729,DIAPH1
7726,TRIM26
23,ABCF1
646702,HLA-DPA2
84875,PARP10
138805,OR13F1
55335,NIPSNAP3B
81230,OR5AK1P
3606,IL18
9412,MED21
25840,METTL7A
29966,STRN3
3090,HIC1
23587,ELP5
23211,ZC3H4
410,ARSA
56271,BEX4
55217,TMLHE
54902,TTC19
64429,ZDHHC6
1785,DNM2
200232,FAM209A
1908,EDN3
1399,CRKL
8553,BHLHE40
,RP11-208P4.1
3098,HK1
,RP11-564D11.3
,RP11-56P9.11
57830,KRTAP5-8
29080,CCDC59
22919,MAPRE1
5303,PIN4
400950,C2ORF91
1195,CLK1
693136,MIR551B
9908,G3BP2
6932,TCF7
492311,IGIP
27232,GNMT
3315,HSPB1
100500938,CCDC179
81602,CDADC1
64207,IRF2BPL
9455,HOMER2
6123,RPL3L
,CTD-2547E10.3
51659,GINS2
,C19ORF59
55850,USE1
107126285,LINC00266-1
10920,COPS8
11056,DDX52
353238,PADI6
29765,TMOD4
388743,CAPN8
5342,PLGLB2
7006,TEC
54491,FAM105A
79136,LY6G6E
2979,GUCA1B
751071,CSKMT
4673,NAP1L1
26257,NKX2-8
727909,GOLGA8Q
7703,PCGF2
8535,CBX4
348262,MCRIP1
10270,AKAP8
,XXBAC-B444P24.10
10766,TOB2
55559,HAUS7
639,PRDM1
728532,DYNC1I2P1
64061,TSPYL2
23028,KDM1A
2694,GIF
10273,STUB1
54623,PAF1
266625,NDUFA9P1
51727,CMPK1
79071,ELOVL6
6580,SLC22A1
259,AMBP
56654,NPDC1
5531,PPP4C
337976,KRTAP20-2
348378,FAM159A
64746,ACBD3
28947,IGKJ4
8575,PRKRA
51146,A4GNT
,C3ORF55
442920,MIR196B
407043,MIR7-1
23063,WAPAL
283232,TMEM80
390083,OR56A3
143872,ARHGAP42
1201,CLN3
221191,PRSS54
109731405,PDXDC2P
65258,MPPE1
81929,SEH1L
80700,UBXN6
79575,ABHD8
284439,SLC25A42
5655,KLK10
6300,MAPK12
442676,CICP8
,AC008163.4
10487,CAP1
4259,MGST3
6242,RTKN
253782,CERS6
285489,DOK7
10941,UGT2A1
4299,AFF1
9867,PJA2
25957,PNISR
9265,CYTH3
1191,CLU
3359,HTR3A
57161,PELI2
197196,LINC00311
124044,SPATA2L
58191,CXCL16
115950,ZNF653
8801,SUCLG2
,RP11-354K1.1
57396,CLK4
401251,SAPCD1
346653,FAM71F2
57124,CD248
7786,MAP3K12
10965,ACOT2
64223,MLST8
112479,ERI2
5606,MAP2K3
64132,XYLT2
147949,ZNF583
132141,IQCF1
25937,WWTR1
4715,NDUFB9
6347,CCL2
339324,ZNF260
140612,ZFP28
55315,SLC29A3
63874,ABHD4
,RP11-320A16.1
7798,LUZP1
51042,ZNF593
5298,PI4KB
25912,C1ORF43
28869,IGKV6D-41
51802,ASIC5
285659,OR2V2
6838,SURF6
10555,AGPAT2
140465,MYL6B
55002,TMCO3
,AL445384.1
117166,WFIKKN1
404281,YY2
80712,ESX1
9459,ARHGEF6
645423,SLC25A51P2
1429,CRYZ
2752,GLUL
1849,DUSP7
4258,MGST2
3305,HSPA1L
28600,TRBV6-7
54836,BSPRY
84293,FAM213A
442905,MIR337
84342,COG8
79786,KLHL36
54785,C17ORF59
6827,SUPT4H1
9545,RAB3D
192217,OXCT2P1
,RP11-744H18.1
284618,RUSC1-AS1
339512,CCDC190
100271715,ARHGEF33
388962,BOLA3
1261,CNGA3
84639,IL1F10
9262,STK17B
339883,C3ORF35
1237,CCR8
151903,CCDC12
93973,ACTR8
5229,PGGT1B
6500,SKP1
51164,DCTN4
7979,SHFM1
28585,TRBV10-1
100128771,EIF4BP3
8818,DPM2
51759,C9ORF78
25920,NELFB
1645,AKR1C1
1979,EIF4EBP2
119559,SFXN4
3047,HBG1
100422823,MIR4300
91894,C11ORF52
8078,USP5
5554,PRH1
55507,GPRC5D
326625,MMAB
6927,HNF1A
10284,SAP18
100129794,SLC25A21-AS1
123346,HIGD2B
123787,PRSS29P
115509,ZNF689
8383,OR1A1
146853,C17ORF50
1267,CNP
8570,KHSRP
10053,AP1M2
7001,PRDX2
148231,LINC00905
401911,RPL29P33
29997,GLTSCR2
26164,MTG2
1476,CSTB
29934,SNX12
57336,ZNF287
84645,C22ORF23
286557,RBMY1A3P
3357,HTR2B
51365,PLA1A
,AC024132.1
81848,SPRY4
286319,TUSC1
57559,STAMBPL1
53841,CDHR5
1850,DUSP8
5611,DNAJC3
84520,C14ORF142
28414,IGHV3-64
554175,DNM1P33
6898,TAT
6455,SH3GL1
112812,FDX1L
650,BMP2
79913,ACTR5
1417,CRYBB3
8508,NIPSNAP1
,PPP1R2P9
8933,FAM127A
100130017,FTLP10
158381,ATP8B5P
28990,ASTE1
129685,TAF8
64127,NOD2
1949,EFNB3
284361,EMC10
3123,HLA-DRB1
100419068,PNLIPP1
8125,ANP32A
84301,DDI2
388595,TMEM82
284729,ESPNP
56181,MTFR1L
2701,GJA4
200014,CC2D1B
55631,LRRC40
,SEP15
338391,HIST2H2BB
284485,RIIAD1
127579,DCST2
1942,EFNA1
440695,ETV3L
50848,F11R
1805,DPT
462,SERPINC1
79762,C1ORF115
359948,IRF2BP2
400941,LINC00487
285051,C2ORF61
284948,SH2D6
28884,IGKV2D-26
28904,IGKV1D-8
645367,GGT8P
80775,TMEM177
100288897,FAR2P3
57405,SPC25
10152,ABI2
131474,CHCHD4
152098,ZCWPW2
,AC117444.1
51300,TIMMDC1
347689,SOX2-OT
57110,HRASLS
131540,ZDHHC19
84179,MFSD7
51274,KLF3
442775,RAC1P2
174,AFP
10855,HPSE
10252,SPRY1
79804,HAND2-AS1
441054,C4ORF47
689,BTF3
648000,RPL7P23
677765,SCARNA18
340069,FAM170A
,C5ORF48
497189,TIFAB
100127922,SUMO2P6
29116,MYLIP
3012,HIST1H2AE
7754,ZNF204P
5863,RGL2
79694,MANEA
23658,LSM5
346288,SEPTIN14
,AC006001.1
9551,ATP5J2
64418,TMEM168
231,AKR1B1
100134713,NDUFB2-AS1
28560,TRBV27
154754,PRSS3P2
28622,TRBJ2-7
,AC008060.7
55246,CCDC25
6917,TCEA1
28957,MRPS28
2592,GALT
51010,EXOSC3
9630,GNA14
,RP11-307E17.8
,RP11-86L19.2
402374,OR13D3P
9355,LHX2
23511,NUP188
84814,PPAPDC3
100132159,CALML3-AS1
84457,PHYHIPL
51008,ASCC1
101929590,NRG3-AS1
118663,BTBD16
101,ADAM8
399888,FAM180B
256144,OR4C3
91703,ACY3
341032,C11ORF53
79671,NLRX1
,RP11-713P17.3
57121,LPAR5
387836,CLEC2A
118430,MUCL1
84872,ZC3H10
160760,PPTC7
338442,HCAR2
1024,CDK8
220115,TPTE2P3
,RP11-597A11.6
28664,TRAV19
84502,JPH4
319138,BNIP3P1
,AL390335.1
93487,MAPK1IP1L
5283,PIGH
246720,DYNLL1P1
8477,GPR65
8554,PIAS1
53346,TM6SF1
51061,TXNDC11
55114,ARHGAP17
27040,LAT
79068,FTO
,RP11-95H3.1
146227,BEAN1
6645,SNTB2
342527,SMTNL2
654346,LGALS9C
125113,KRT222
85294,KRTAP2-4
83900,KRTAP9-3
8405,SPOP
124535,HSF5
388428,AATK-AS1
10966,RAB40B
9063,PIAS2
284293,HMSD
400668,PRSS57
58492,ZNF77
84839,RAX2
400673,VMAC
10781,ZNF266
126075,CCDC159
7568,ZNF20
51398,WDR83OS
79883,PODNL1
100422691,ITGB1P1
401904,RPL23AP2
81931,ZNF93
,CTC-457E21.5
,AC092329.1
23354,HAUS5
79760,GEMIN7
9622,KLK4
79149,ZSCAN5A
147948,ZNF582
147685,C19ORF18
30813,VSX1
63905,MANBAL
57403,RAB22A
140685,ZBTB46
54345,SOX18
10215,OLIG2
150084,IGSF5
1409,CRYAA
51816,CECR1
91219,ABHD17AP5
1343,COX6B1P3
10478,SLC25A17
100129464,CXORF28
1968,EIF2S3
326341,SSXP3
55906,ZC4H2
645974,PABPC1L2B
,RP13-228J13.1
6845,VAMP7
90655,TGIF2LY
100874287,TSPY24P
200149,TUBB8P6
27249,MMADHC
402134,KRT8P25
64393,ZMAT3
339970,GCOM2
157376,FER1L6-AS2
,RP11-163O19.10
81316,OR4A7P
5893,RAD52
,RP11-603B24.1
,RP11-170L3.7
284406,ZFP82
49860,CRNN
51738,GHRL
2852,GPER1
114897,C1QTNF1
9592,IER2
10521,DDX17
378925,RNF148
55035,NOL8
10569,SLU7
28452,IGHV3-7
51807,TUBA8
9521,EEF1E1
728430,FAM90A20P
286101,ZNF252P
79955,PDZD7
390212,GPR152
84926,SPRYD3
9529,BAG5
,AC107982.4
200315,APOBEC3A
84679,SLC9A7
6206,RPS12
55572,FOXRED1
653720,GOLGA8M
100422960,MIR3179-1
64282,PAPD5
7841,MOGS
,RP11-497H16.6
,NOL5BP
3201,HOXA4
3441,IFNA4
442429,EEF1DP2
65003,MRPL11
1543,CYP1A1
8851,CDK5R1
9762,LZTS3
60489,APOBEC3G
169981,SPIN3
633,BGN
81562,LMAN2L
,RP11-894J14.5
157983,C9ORF66
149563,C1ORF64
9039,UBA3
51554,ACKR4
286827,TRIM59
153769,SH3RF2
2172,FABP6
5089,PBX2
221496,LEMD2
,RP11-203I2.1
89846,FGD3
55342,STRBP
1355,COX15
390037,OR52I1
119687,OR51A7
387763,C11ORF96
3821,KLRC1
9051,PSTPIP1
55617,TASP1
84557,MAP1LC3A
438,ASMT
276,AMY1A
160287,LDHAL6A
4358,MPV17
200895,DHFRL1
168474,SEPHS1P1
55312,RFK
79703,C11ORF80
220429,CTAGE10P
8451,CUL4A
,RP11-332E19.2
6124,RPL4
10573,MRPL28
23051,ZHX3
128486,FITM2
389856,USP27X
5876,RABGGTB
171423,PDIA3P1
57018,CCNL1
101929198,ATP13A4-AS1
23259,DDHD2
23283,CSTF2T
10534,SSSCA1
100126313,MIR744
126306,JSRP1
79991,OBFC1
127700,OSCP1
2672,GFI1
6703,SPRR2D
,IFRG15
130106,CIB4
79663,HSPBAP1
257313,UTS2B
391723,HELT
84321,THOC3
221710,SMIM13
11270,NRM
80741,LY6G5C
55033,FKBP14
51314,NME8
,RP11-274B21.3
51280,GOLM1
347273,MURC
57089,ENTPD7
,CTD-2026G22.1
85016,C11ORF70
3703,STT3A
51290,ERGIC2
,RP11-415I12.2
83591,THAP2
79158,GNPTAB
4081,MAB21L1
9578,CDC42BPB
55505,NOP10
,CTD-2611K5.5
79567,FAM65A
9526,MPDU1
339344,MYPOP
7335,UBE2V1
100505929,C21ORF37
2781,GNAZ
6998,TDGF1P3
84614,ZBTB37
95,ACY1
7134,TNNC1
10090,UST
3916,LAMP1
,CTD-3064H18.4
64073,C19ORF33
3170,FOXA2
140597,TCEAL2
100270870,RPS7P7
51440,HPCAL4
57604,KIAA1456
,RP11-574M7.2
,C17ORF103
79166,LILRP2
6721,SREBF2
,RP11-181C3.1
79971,WLS
152756,FAM218A
10309,CCNO
7172,TPMT
27244,SESN1
9827,RGP1
51222,ZNF219
1773,DNASE1
9135,RABEP1
80233,C17ORF70
162993,ZNF846
390916,NUDT19
80199,FUZ
140462,ASB9
51011,FAHD2A
28866,IGKV1OR2-3
54898,ELOVL2
285753,CEP57L1
5532,PPP3CB
23647,ARFIP2
4331,MNAT1
255189,PLA2G4F
,RP11-671M22.4
,AC126365.1
2629,GBA
54429,TAS2R5
388272,C16ORF87
9075,CLDN2
7905,REEP5
162605,KRT28
22858,ICK
51106,TFB1M
10221,TRIB1
8555,CDC14B
,RP11-597A11.4
8755,ADAM6
3658,IREB2
54879,ST7L
2920,CXCL2
,AC010376.1
9278,ZBTB22
441150,C6ORF226
51259,TMEM216
3855,KRT7
25895,METTL21B
10818,FRS2
1241,LTB4R
1396,CRIP1
50506,DUOX2
80301,PLEKHO2
51333,ZNF771
79191,IRX3
284029,LINC00324
2886,GRB7
11325,DDX42
439921,MXRA7
116729,PPP1R27
284266,SIGLEC15
5366,PMAIP1
,CTD-2192J16.15
170958,ZNF525
6919,TCEA2
94009,SERHL
406938,MIR146A
6497,SKI
4118,MAL
51657,STYXL1
2670,GFAP
6209,RPS15
23007,PLCH1
162517,FBXO39
5281,PIGF
150554,YWHAZP2
4241,MELTF
55300,PI4K2B
9685,CLINT1
57179,KIAA1191
5533,PPP3CC
9632,SEC24C
221091,LRRN4CL
10068,IL18BP
486,FXYD2
29110,TBK1
5228,PGF
3503,IGHG4
56924,PAK6
6760,SS18
158833,AWAT1
5030,P2RY4
284106,CISD3
391117,OR10J2P
2859,GPR35
143888,KDELC2
100302195,MIR320C2
528,ATP6V1C1
246181,AKR7L
9852,EPM2AIP1
79930,DOK3
3139,HLA-L
441251,SPDYE7P
9046,DOK2
10809,STARD10
28387,IGHV5-78
390660,ADAMTS7P1
400578,KRT16P2
,AC138761.1
,RP6-105D16.1
79979,TRMT2B
7188,TRAF5
,AC008268.2
7348,UPK1B
79876,UBA5
10333,TLR6
,AC008836.1
23743,BHMT2
100507436,MICA
106478960,CYP2AC1P
100133005,RASA4DP
56647,BCCIP
79733,E2F8
79294,OR4C7P
330,BIRC3
,RP11-525E9.1
54934,KANSL2
3892,KRT86
79774,GRTP1
390539,OR4N3P
78995,C17ORF53
51181,DCXR
7087,ICAM5
388531,RGS9BP
163131,ZNF780B
114336,CGB2
337966,KRTAP6-1
6598,SMARCB1
1727,CYB5R3
9104,RGN
11152,WDR45
64663,SPANXC
9024,BRSK2
387921,NHLRC3
126789,PUSL1
401250,MCCD1
154043,CNKSR3
,FAM35DP
2526,FUT4
79923,NANOG
28667,TRAV16
594855,CPLX3
26189,OR1A2
146691,TOM1L2
3838,KPNA2
79171,RBM42
692086,SNORD17
54069,MIS18A
127428,TCEANC2
5534,PPP3R1
29941,PKN3
728558,ENTPD1-AS1
4601,MXI1
399814,C10ORF120
283349,RASSF3
54985,HCFC1R1
342892,ZNF850
400720,ZNF772
65991,FUNDC2
388699,LINC00302
130617,ZFAND2B
51056,LAP3
6781,STC1
4702,NDUFA8
256297,PTF1A
,RP11-25I15.1
51561,IL23A
100033818,SNORD115-44
6236,RRAD
388503,C3P1
81479,OR11I1P
51307,FAM53C
388585,HES5
10459,MAD2L2
7133,TNFRSF1B
11330,CTRC
400746,NCMAP
378807,CATSPER4
,C1ORF172
84217,ZMYND12
8704,B4GALT2
51060,TXNDC12
1718,DHCR24
55225,RAVER2
2633,GBP1
6273,S100A2
6232,RPS27
51043,ZBTB7B
100527963,PMF1-BGLAP
128367,OR10X1
6375,XCL1
127124,ATP6V1G3
441931,VN1R17P
7781,SLC30A3
130557,ZNF513
3523,IGKV3OR2-268
28882,IGKV2D-29
51601,LIPT1
129530,LYG1
8440,NCK2
,AC018804.6
130074,FAM168B
26645,OR7E28P
940,CD28
165100,C2ORF57
250,ALPP
,AC096574.4
10354,HMGB1P5
64343,AZI2
7342,UBP1
4336,MOBP
10293,TRAIP
7866,IFRD2
80335,WDR82
644063,HNRNPKP4
,RP11-40M23.1
29114,TAGLN3
100862662,ALDH1L1-AS2
,RP11-71N10.1
131920,TMEM207
2814,GP5
22872,SEC31A
728710,FAM177A1P1
59067,IL21
201799,TMEM154
8988,HSPB3
7025,NR2F1
6879,TAF7
348938,NIPAL4
54974,THG1L
345462,ZNF879
3400,ID4
9753,ZSCAN12
3120,HLA-DQB2
54209,TREM2
54210,TREM1
442216,RPS17P5
,RP11-184C23.4
441212,RP9P
51142,CHCHD2
64940,STAG3L4
4191,MDH2
1021,CDK6
646282,AZGP1P1
8985,PLOD3
100271927,RASA4B
26958,COPG2
28608,TRBV5-7
28566,TRBV21-1
,FAM115B
203100,HTRA4
4956,ODF1
9166,EBAG9
,RP11-54D18.3
6619,SNAPC3
6959,TRBV21OR9-2
,BX088651.1
,RP11-262H14.1
,RP11-262H14.7
,RP11-149F8.3
595135,PGM5P2
286380,FOXD4L3
,RP11-213G2.3
85365,ALG2
493913,PAPPA-AS1
90678,LRSAM1
7270,TTF1
138311,FAM69B
389812,LCN15
10529,C10ORF113
100652748,TIMM23B
259230,SGMS1
693190,MIR605
3087,HHEX
403,ARL3
338567,KCNK18
118472,ZNF511
196743,PAOX
440023,KRTAP5-6
390053,OR52A4
282763,OR51B5
26297,SERGEF
144106,ST13P5
120237,DBX1
1642,DDB1
220047,CCDC83
100288346,NCAM1-AS1
114902,C1QTNF5
26541,OR10D1P
283160,OR8D2
84318,CCDC77
2026,ENO2
344729,OR7E140P
25875,LETMD1
121549,ASCL4
10186,LHFP
690,BTF3P11
1661,DHX9P1
91875,TTC5
84659,RNASE7
28752,TRAJ3
9985,REC8
641371,ACOT1
161176,LINC00341
28428,IGHV3-41
727914,BMS1P16
771,CA12
123591,C15ORF27
23102,TBC1D2B
1143,CHRNB4
59274,MESDC1
,ADAMTS7P2
145864,HAPLN3
390664,C1QTNF8
10101,NUBP2
7755,ZNF205
56061,UBFD1
5261,PHKG2
,RP11-42I10.1
100130958,SYCE1L
2027,ENO3
147015,DHRS13
201299,RDM1
388372,CCL4L1
353288,KRT26
8686,KRT41P
284116,KRT42P
10900,RUNDC3A
162540,SPPL2C
6909,TBX2
90799,CEP95
30850,CDR2L
7050,TGIF1
1991,ELANE
26517,TIMM13
126295,ZNF57
4298,MLLT1
8192,CLPP
284427,SLC25A41
10382,TUBB4A
6370,CCL25
84330,ZNF414
126068,ZNF441
26017,FAM32A
100421129,IFNL3P1
1098,CEACAMP10
,AC018755.16
80110,ZNF614
,CTD-2620I22.3
,AC010492.4
7137,TNNI3
84787,SUV420H2
92675,DTD1
26765,SNORD12C
150094,SIK1
128989,TANGO2
1416,CRYBB2P1
27128,CYTH4
23467,NPTXR
150350,ENTHD1
425054,VCX3B
170082,TCEANC
,BX842568.4
54328,GPR173
28986,MAGEH1
64219,PJA1
79836,LONRF3
2158,F9
574509,MIR513A1
728458,OPN1MW2
6134,RPL10
90665,TBL1Y
8653,DDX3Y
6702,SPRR2C
9686,VGLL4
,RP11-16E18.1
5213,PFKM
5502,PPP1R1A
150928,PTMAP5
,RP11-434O22.1
399664,MEX3D
,CTB-52I2.4
399474,TMEM200B
84455,EFCAB7
79679,VTCN1
84163,GTF2IRD2
693180,MIR595
63951,DMRTA1
138065,RNF183
,CTD-2561J22.2
90317,ZNF616
5335,PLCG1
8517,IKBKG
51621,KLF13
51318,MRPL35
100506994,PTPRG-AS1
6690,SPINK1
10106,CTDSP2
400506,KNOP1
8526,DGKE
9382,COG1
150274,HSCB
729408,GAGE2D
64097,EPB41L4A
89839,ARHGAP11B
51073,MRPL4
23266,ADGRL2
359774,DAP3P2
9941,EXOG
10098,TSPAN5
401207,C5ORF63
2870,GRK6
221303,FAM162B
80173,IFT74
158293,FAM120AOS
51703,ACSL5
8538,BARX2
,RP11-834C11.4
28689,TRAV4
55692,LUC7L
126549,ANKLE1
56929,FEM1C
6477,SIAH1
4968,OGG1
345193,LRIT3
5350,PLN
387104,SOGA3
10171,RCL1
91316,GUSBP11
23170,TTLL12
10549,PRDX4
7037,TFRC
5555,PRH2
3049,HBQ1
79086,SMIM7
81553,FAM49A
55198,APPL2
29035,C16ORF72
4616,GADD45B
81465,OR2L6P
441027,TMEM150C
4888,NPY6R
326310,RPL7AP6
30812,SOX8
6560,SLC12A4
57419,SLC24A3
2273,FHL1
4204,MECP2
116442,RAB39B
5192,PEX10
79140,CCDC28B
27022,FOXD3
92749,DRC1
6233,RPS27A
23559,WBP1
,AC093616.4
55032,SLC35A5
3381,IBSP
135458,HUS1B
5304,PIP
57494,RIMKLB
10219,KLRG1
27030,MLH3
124220,ZG16B
283953,TMEM114
3858,KRT10
10403,NDC80
2354,FOSB
653399,GSTTP2
,AC005562.1
7483,WNT9A
,RP11-758I14.3
23398,PPWD1
,PPP1R2P3
9329,GTF3C4
90952,ESAM
266722,HS6ST3
3735,KARS
2118,ETV4
57132,CHMP1B
10226,PLIN3
,RP11-439E19.3
7915,ALDH5A1
387032,ZKSCAN4
346525,OR2A12
3301,DNAJA1
51162,EGFL7
51202,DDX47
,AC009120.4
286753,TUSC5
9842,PLEKHM1
255061,TAC4
3537,IGLC1
389376,SFTA2
100526835,FPGT-TNNI3K
53918,PELO
8645,KCNK5
,PRAG1
6251,RSU1
8505,PARG
644022,RPL22P19
60490,PPCDC
247,ALOX15B
7320,UBE2B
9477,MED20
53826,FXYD6
3038,HAS3
27349,MCAT
100421340,FNDC3CP
27352,SGSM3
9865,TRIL
7027,TFDP1
10972,TMED10
1734,DIO2
51195,RAPGEFL1
2538,G6PC
51295,ECSIT
2182,ACSL4
,RP3-406P24.1
27246,RNF115
9022,CLIC3
,C11ORF82
3251,HPRT1
8872,CDC123
9873,FCHSD2
2885,GRB2
5538,PPT1
,RP11-466L17.1
64858,DCLRE1B
824,CAPN2
201562,PTPLB
246175,CNOT6L
3313,HSPA9
401331,RASA4CP
23555,TSPAN15
115399,LRRC56
5148,PDE6G
199692,ZNF627
54045,IMMTP1
89781,HPS4
340591,CA5BP1
959,CD40LG
2787,GNG5
100124535,SNORA36C
100287718,ANKRD66
4602,MYB
84296,GINS4
286144,TRIQK
55064,SPATA6L
2022,ENG
219670,ENKUR
55361,PI4K2A
84447,SYVN1
4723,NDUFV1
871,SERPINH1
390323,OR6C75
1337,COX6A1
90673,PPP1R3E
4775,NFATC3
10209,EIF1
645688,RPL12P38
51529,ANAPC11
2639,GCDH
51507,RTFDC1
150082,LCA5L
,AP001631.10
84941,HSH2D
64766,S100PBP
2646,GCKR
3008,HIST1H1E
3647,EIF3EP1
39,ACAT2
652489,SUMO2P3
64101,LRRC4
,RP11-85O21.2
,AC105339.2
172,AFG3L1P
29,ABR
6426,SRSF1
57677,ZFP14
100506334,LINC00649
4520,MTF1
4352,MPL
403314,APOBEC4
,RP11-723O4.6
85480,TSLP
29964,PRICKLE4
23506,GLTSCR1L
26589,MRPL46
,RP11-326K13.2
9466,IL27RA
91442,C19ORF40
388567,ZNF749
140856,SCP2D1
23208,SYT11
403273,OR5H14
1627,DBN1
60487,TRMT11
80142,PTGES2
91452,ACBD5
5702,PSMC3
4236,MFAP1
3294,HSD17B2
94027,CGB7
163859,SDE2
83752,LONP2
9997,SCO2
7780,SLC30A2
10022,INSL5
632,BGLAP
1465,CSRP1
55435,AP1AR
404672,GTF2H5
,ZNF767
3442,IFNA5
138948,DBH-AS1
112817,HOGA1
119395,CALHM3
6291,SAA4
219541,MED19
29127,RACGAP1
144501,KRT80
8881,CDC16
79228,THOC6
283932,FBXL19-AS1
51647,FAM96B
100528020,FAM187A
284415,VSTM1
441818,WBP11P1
55905,RNF114
,KB-67B5.12
8862,APLN
79594,MUL1
10691,GMEB1
100130557,NFYC-AS1
117157,SH2D1B
150946,GAREML
90624,LYRM7
548321,FAM27A
8559,PRPF18
51207,DUSP13
222,ALDH3B2
5985,RFC5
23250,ATP11A
10942,PRSS21
124976,SPNS2
1453,CSNK1D
79735,TBC1D17
84747,UNC119B
375,ARF1
84922,FIZ1
23142,DCUN1D4
10111,RAD50
11335,CBX3
,RP11-87H9.3
2965,GTF2H1
54733,SLC35F2
29087,THYN1
,CTB-167G5.5
6158,RPL28
23780,APOL2
126969,SLC44A3
2034,EPAS1
10322,SMYD5
56913,C1GALT1
389827,TMEM8C
10771,ZMYND11
4360,MRC1
120528,CYCSP25
55652,SLC48A1
246777,SPESP1
3965,LGALS9
91608,RASL10B
641339,ZNF674
126755,LRRC38
8659,ALDH4A1
8073,PTP4A2
6421,SFPQ
343035,RD3
80304,C2ORF44
,AC074391.2
8520,HAT1
100418792,KRT18P54
728723,ZBED3-AS1
1452,CSNK1A1
8358,HIST1H3B
1577,CYP3A5
401427,OR2A7
169200,TMEM64
11318,GPR182
144811,LACC1
2353,FOS
26175,TMEM251
767562,SNORD113-2
51550,CINP
,RP11-51L5.7
54495,TMX3
126541,OR10H4
55900,ZNF302
10047,CST8
24140,FTSJ1
100131971,RPS26P54
8552,INE1
6248,RSC1A1
79639,TMEM53
6282,S100A11
7391,USF1
64284,RAB17
693152,MIR567
53407,STX18
153218,SPINK13
79897,RPP21
2631,GBAS
,RABL5
403219,OR7E157P
57704,GBA2
83856,FSD1L
2681,GGTA1P
79946,C10ORF95
3992,FADS1
51729,WBP11
114785,MBD6
79711,IPO4
9240,PNMA1
767591,SNORD114-13
23251,KIAA1024
5595,MAPK3
23210,JMJD6
54850,FBXL12
9524,TECR
147664,ERVV-1
54102,CLIC6
266747,RGL4
83,ACTG1P10
9130,FAM50A
,RP11-584P21.2
9813,EFCAB14
4722,NDUFS3
255649,OOSP1
163049,ZNF791
,RP11-344N17.3
55332,DRAM1
645173,RPS2P48
4007,PRICKLE3
54707,GPN2
60313,GPBP1L1
4898,NRD1
54987,C1ORF123
83941,TM2D1
84938,ATG4C
5877,RABIF
22924,MAPRE3
56969,RPL23AP32
55654,TMEM127
151507,MSL3P1
768239,PSAPL1
256309,CCDC110
134553,C5ORF24
79034,C7ORF26
54784,ALKBH4
6742,SSBP1
58483,LINC00474
57109,REXO4
,RP11-428P16.2
118813,ZFYVE27
390205,LRRC10B
117245,HRASLS5
254225,RNF169
23621,BACE1
2784,GNB3
254783,OR6C74
196383,RILPL2
51234,EMC4
57465,TBC1D24
100873571,RNA5-8SP2
388323,GLTPD2
8678,BECN1
10272,FSTL3
51293,CD320
55957,LIN37
374899,ZNF829
341,APOC1
574495,MIR522
6385,SDC4
6780,STAU1
,AP000322.53
7122,CLDN5
55787,TXLNG
,RP11-85L21.6
80010,RMI1
80178,C16ORF59
55374,TMCO6
30815,ST6GALNAC6
51559,NT5DC3
10961,ERP29
282706,DAOA-AS1
283994,LINC00868
8209,C21ORF33
23439,ATP1B4
,WI2-3658N16.1
9442,MED27
8796,SCEL
283635,FAM177A1
93323,HAUS8
29980,DONSON
90326,THAP3
51154,MRTO4
,RP11-442N24__B.1
1296,COL8A2
5872,RAB13
52,ACP1
9648,GCC2
51397,COMMD10
8332,HIST1H2AL
7436,VLDLR
100505993,TMEM210
283008,NUTM2E
55328,RNLS
118812,MORN4
6094,ROM1
23479,ISCU
122525,C14ORF28
55336,FBXL8
57551,TAOK1
30837,SOCS7
55890,GPRC5C
,RP11-172F10.1
56926,NCLN
29796,UQCR10
266,AMELY
694,BTG1
9476,NAPSA
901,CCNG2
,AC106860.1
56136,PCDHA13
29126,CD274
445372,TRIM6-TRIM34
,EIF2S3L
54682,MANSC1
5411,PNN
26035,GLCE
25949,SYF2
51538,ZCCHC17
64064,OXCT2
22908,SACM1L
6228,RPS23
,RP13-580B18.1
,RP11-728K20.1
4747,NEFL
50808,AK3
59,ACTA2
372,ARCN1
121441,NEDD1
5457,POU4F1
100132169,WASIR2
197350,CASP16
9518,GDF15
53827,FXYD5
7696,ZNF137P
728450,LINC00687
2652,OPN1MW
56965,PARP6
10452,TOMM40
1230,CCR1
131118,DNAJC19
10980,COPS6
8434,RECK
266655,LINC00094
54538,ROBO4
55297,CCDC91
23468,CBX5
79089,TMUB2
56927,GPR108
28968,SLC6A16
8260,NAA10
170679,PSORS1C1
,FRMPD2P1
51112,TRAPPC12
,RP11-420A23.1
57758,SCUBE2
84957,RELT
79939,SLC35E1
221262,CCDC162P
,AC007402.1
56992,KIF15
4717,NDUFC1
6950,TCP1
28450,IGHV3-11
23015,GOLGA8A
146110,RPL7P47
440345,NPIPB4
255275,MYADML2
1096,CEACAMP8
2114,ETS2
201965,RWDD4
285958,SNHG15
57003,CCDC47
,RP11-97N5.2
7709,ZBTB17
79169,C1ORF35
5501,PPP1CC
28661,TRAV22
57707,TLDC1
2057,EPOR
83983,TSSK6
9170,LPAR2
26088,GGA1
164380,CST13P
,AC092155.1
666,BOK
,AREGB
167555,FAM151B
,RP13-39P12.2
54734,RAB39A
1031,CDKN2C
51093,RRNAD1
9866,TRIM66
100130109,SNRPEP4
402055,SRRD
29927,SEC61A1
134359,POC5
,RP11-485M7.3
92714,ARRDC1
55149,MTPAP
26256,CABYR
6126,RPL9P7
4904,YBX1
10746,MAP3K2
10211,FLOT1
124152,IQCK
55621,TRMT1
7767,ZNF224
,CTD-2571L23.6
5127,CDK16
152573,SHISA3
220112,CTAGE3P
84290,CAPNS2
64787,EPS8L2
254173,TTLL10
57470,LRRC47
5928,RBBP4
388685,LINC01138
6705,SPRR2F
148641,SLC35F3
730811,MYT1L-AS1
9792,SERTAD2
100302268,MIR1285-2
28920,IGKV2-29
23171,GPD1L
51246,SHISA5
5471,PPAT
839,CASP6
2713,GK3P
11127,KIF3A
56120,PCDHGB8P
89122,TRIM4
84912,SLC35B4
54704,PDP1
9897,KIAA0196
548645,DNAJC25
392399,LCN9
9188,DDX21
84287,ZDHHC16
100421131,RCC2P6
65244,SPATS2
57544,TXNDC16
388077,IGHV1OR15-1
,RP11-632K20.2
9488,PIGB
5346,PLIN1
,RP11-296I10.6
201163,FLCN
79018,GID4
388387,LINC00671
114799,ESCO1
9352,TXNL1
55321,TMEM74B
139231,FAM199X
7319,UBE2A
360019,KRT18P10
79033,ERI3
55432,YOD1
317649,EIF4E3
643906,RPL7P27
51074,APIP
,RP11-204N11.1
724027,MIR657
163747,C1ORF177
155382,VPS37D
4708,NDUFB2
93164,HTR7P1
646799,ZAR1L
3175,ONECUT1
57532,NUFIP2
5997,RGS2
727859,C4BPAP1
,RP11-241F15.7
285154,CYP1B1-AS1
6168,RPL37A
389075,RESP18
645402,USP17L4
6591,SNAI2
738,VPS51
57571,CARNS1
2819,GPD1
9147,NEMF
55718,POLR3E
10469,TIMM44
80831,APOL5
,RP11-206L10.9
102723626,TUBB8P8
100271087,RPS20P22
6525,SMTN
81629,TSSK3
11000,SLC27A3
58496,LY6G5B
100130892,RPL7P32
23450,SF3B3
3383,ICAM1
,XXBAC-B33L19.3
2857,GPR34
4043,LRPAP1
6059,ABCE1
55721,IQCC
10946,SF3A3
,RP11-426L16.8
4014,LOR
27101,CACYBP
58480,RHOU
55657,ZNF692
389058,SP5
344760,VN2R1P
8929,PHOX2B
130,ADH6
100132916,FAM159B
134549,SHROOM1
51754,TMEM8B
,RP11-56P9.4
338761,C1QL4
9205,ZMYM5
23204,ARL6IP1
26168,SENP3
5598,MAPK7
6294,SAFB
2208,FCER2
10212,DDX39A
7639,ZNF85
1054,CEBPG
,CTD-2554C21.3
284325,C19ORF54
340543,TCEAL5
1188,CLCNKB
399,RHOH
11228,RASSF8
3805,KIR2DL4
7809,BSND
,DEFB108P4
6050,RNH1
319093,RHOQP1
317761,C14ORF39
170959,ZNF431
353134,LCE1D
101929530,FANCD2P2
,RP11-252A24.2
54955,C1ORF109
205327,C2ORF69
407000,MIR218-1
,RP11-196E1.3
55592,GOLGA2P5
23604,DAPK2
9080,CLDN9
3420,IDH3B
6440,SFTPC
401993,OR2T5
5433,POLR2D
91749,KIAA1919
125061,AFMID
83987,CCDC8
53635,PTOV1
56262,LRRC8A
63908,NAPB
998,CDC42
,RP5-1180C18.1
2773,GNAI3
440686,H3-2
140576,S100A16
57459,GATAD2B
,RP11-367J7.4
9970,NR1I3
26092,TOR1AIP1
440714,C1ORF143
200159,C1ORF100
646627,LYPD8
130497,OSR1
388946,TMEM247
,AC007238.1
150684,COMMD1
28907,IGKV5-2
28892,IGKV1D-42
,AC103563.2
,RP11-109E12.1
100127989,MED15P4
,AC010127.3
130700,PSMB3P2
7325,UBE2E2
10675,CSPG5
51533,PHF7
375346,TMEM110
55076,TMEM45A
4071,TM4SF1
116933,CLRN1-AS1
100874218,ATP13A5-AS1
3280,HES1
6374,CXCL5
2549,GAB1
2502,FTH1P10
,RP11-589F5.3
85027,SMIM3
,AC008410.1
8368,HIST1H4L
2938,GSTA1
442229,SLC25A51P1
51167,CYB5R4
51696,HECA
401316,EIF4HP1
83862,TMEM120A
,AC006322.1
5166,PDK4
10095,ARPC1B
221786,FAM200A
100134938,UPK3BL
381,ARF5
54984,PINX1
83648,FAM167A
392194,OR7E158P
407037,MIR320A
7976,FZD3
,RP11-351E7.2
169026,SLC30A8
6641,SNTB1
83940,TATDN1
6194,RPS6
730112,FAM166B
414319,LINC00587
2658,GDF2
,AGAP8
26985,AP3M1
26287,ANKRD2
100038246,TLX1NB
729020,RPEL1
594857,NPS
8519,IFITM1
5441,POLR2L
66005,CHID1
390031,SSU72P2
143501,C11ORF40
797,CALCB
3767,KCNJ11
,RP11-1033A18.1
390195,OR5AN1
80789,INTS5
740,MRPL49
10089,KCNK7
6199,RPS6KB2
58473,PLEKHB1
,CTD-2589O24.1
65987,KCTD14
,RP11-659G9.1
6327,SCN2B
390260,OR6X1
112936,VPS26B
4908,NTF3
283345,RPL13P5
,RP11-599J14.2
,RP11-1100L3.4
60314,C12ORF10
84305,WIBG
10193,RNF41
84101,USP44
50515,CHST11
400073,C12ORF76
54621,VSIG10
4440,MSI1
8638,OASL
23483,TGDS
2841,GPR18
348013,TMEM255B
28680,TRAV8-6
28518,TRDV1
599,BCL2L2
100126336,MIR208B
10901,DHRS4
1113,CHGA
90135,BTBD6
28409,IGHV3-73
100033449,SNORD115-12
729073,FAM92A1P1
116179,TGM7
585,BBS4
642402,GOLGA6L17P
390649,OR4F15
29066,ZC3H7A
283897,C16ORF54
83723,FAM57B
93129,ORAI3
28306,IGHV3OR16-10
6361,CCL17
6483,ST3GAL2
,AC025287.1
,AC009159.1
27189,IL17C
124935,SLC43A2
4994,OR3A1
124944,C17ORF49
9744,ACAP1
146852,ODF4
284123,FAM27L
284085,KRT18P55
94005,PIGS
26574,AATF
93210,PGAP3
83755,KRTAP4-12
115024,NT5C3B
124512,METTL23
100101467,ZSCAN30
100506888,TCEB3CL2
728929,TCEB3CL
2593,GAMT
26335,OR7A15P
57469,PNMA8B
140809,SRXN1
55861,DBNDD2
55738,ARFGAP1
8771,TNFRSF6B
7165,TPD52L2
337973,KRTAP19-6
386677,KRTAP10-1
83733,SLC25A18
,RTDR1
150248,C22ORF15
3976,LIF
23551,RASD2
158880,USP51
3421,IDH3G
100128190,SLC9B1P1
9975,NR1D2
,CTD-2015B23.2
7162,TPBG
619208,FAM229B
,RP11-160N1.9
100131084,DNM1P17
729196,UNC93B5
341315,PABPC1P4
5083,PAX9
440419,TBC1D3P5
57332,CBX8
26473,OR7E16P
54016,TUBAP
3947,LDHBP2
642631,TSPY15P
56882,CDC42SE1
83699,SH3BGRL2
140432,RNF113B
55143,CDCA8
115353,LRRC42
11170,FAM107A
401136,TMPRSS11BNL
100302159,MIR548F3
84418,CYSTM1
6891,TAP2
,BX088645.3
79896,THNSL1
144608,C12ORF60
64897,C12ORF43
347918,EP400NL
9493,KIF23
146771,TCAM1P
10778,ZNF271
4092,SMAD7
7561,ZNF14
,AC010642.1
100134015,UBOX5-AS1
140732,SUN5
,AC008132.1
129138,ANKRD54
474343,SPIN2B
8284,KDM5D
10324,KLHL41
27235,COQ2
84138,SLC7A6OS
64789,EXO5
90411,MCFD2
83666,PARP9
7372,UMPS
389161,ANKUB1
83478,ARHGAP24
9061,PAPSS1
8382,NME5
387066,SNHG5
3448,IFNA14
86123,YWHAZP5
80150,ASRGL1
440044,SLC22A20
3695,ITGB7
124093,CCDC78
106660612,LINC00680
643418,LIPN
148534,TMEM56
144363,LYRM5
28978,TMEM14A
,AL590874.1
286343,LURAP1L
5620,PRM2
5605,MAP2K2
6191,RPS4X
2580,GAK
9232,PTTG1
54455,FBXO42
51374,ATRAID
130589,GALM
92104,TTC30A
23276,KLHL18
51208,CLDN18
153364,MBLAC2
100310846,ANKRD61
10952,SEC61B
644871,TRAF6P1
977,CD151
27122,DKK3
,CTD-2302E22.1
2184,FAH
,AC025627.9
126328,NDUFA11
6625,SNRNP70
6948,TCN2
7922,SLC39A7
5873,RAB27A
4731,NDUFV3
2266,FGG
58528,RRAGD
,RP11-85L21.4
79931,TNIP3
81875,ISG20L2
3192,HNRNPU
81786,TRIM7
3017,HIST1H2BD
85453,TSPYL5
100131726,FAM83A-AS1
2801,GOLGA2
220433,RPS4XP16
3039,HBA1
,RP13-77O11.11
54764,ZRANB1
81614,NIPA2
712,C1QA
79828,METTL8
4735,SEPT2
80746,TSEN2
,RP11-496I9.1
55231,CCDC87
283219,KCTD21
677780,SCARNA11
2254,FGF9
55082,ARGLU1
,RP11-32B5.2
54581,SCAND2P
387254,SLC7A5P2
,C18ORF56
407022,MIR296
150209,AIFM3
23751,TOP3BP1
441502,RPS26P11
391045,SLC2A3P2
64837,KLC2
51569,UFM1
90835,C16ORF93
51291,GMIP
10245,TIMM17B
148818,HSD17B7P1
85002,FAM86B1
85236,HIST1H2BK
51552,RAB14
810,CALML3
196472,FAM71C
283820,NOMO2
513,ATP5D
164237,WFDC13
374946,DRAXIN
280661,EIF1AXP1
83931,STK40
26239,LCE2B
574414,PRR9
6274,S100A3
81607,PVRL4
646891,SDCCAG3P2
27097,TAF5L
92906,HNRNPLL
,AC098817.5
,AC068279.3
118433,RPL23AP7
84931,LINC01101
100418774,PHBP4
129450,TYW5
,AC007163.6
65072,CFLAR-AS1
150678,MYEOV2
5021,OXTR
5468,PPARG
25994,HIGD1A
64925,CCDC71
101928999,IQCF5-AS1
100631383,FAM47E-STBD1
152926,PPM1K
11341,SCRG1
54661,PCDHB17
26262,TSPAN17
285780,LY86-AS1
8294,HIST1H4I
8705,B3GALT4
1208,CLPS
55166,CENPQ
112609,MRAP2
8417,STX7
9287,TAAR2
27115,PDE7B
64983,MRPL32
,RP11-479O9.2
101752399,STAG3L5P-PVRIG2P-PILRB
154865,IQUB
1670,DEFA5
,DEFB109P1B
8794,TNFRSF10C
79845,RNF122
4173,MCM4
114907,FBXO32
84948,TIGD5
728747,ANKRD20A4P
23452,ANGPTL2
169714,QSOX2
54522,ANKRD16
729262,NUTM2B
100418799,KRT8P38
9023,CH25H
7136,TNNI2
10629,TAF6L
2348,FOLR1
,RP11-693N9.2
59082,CARD18
390259,BSX
25977,NECAP1
,AC131213.1
51228,GLTP
64426,SUDS3
283514,SIAH3
6956,TRAV6
27141,CIDEB
280655,IGBP1P1
,RP11-407N17.6
319114,ENSAP2
7528,YY1
,RP11-909M7.3
,AB019440.50
81104,OR4Q1P
339005,WHAMMP3
10081,PDCD7
653641,GOLGA6C
644192,NR2F2-AS1
283951,C16ORF91
,RP11-17M15.4
79190,IRX6
990,CDC6
125228,FAM210A
26251,KCNG2
,LPPR3
55643,BTBD2
27231,NMRK2
768217,MIR769
2523,FUT1
574464,MIR520F
79165,LENG1
7554,ZNF8
128822,CST9
117285,DEFB118
128434,VSTM2L
10600,USP16
337977,KRTAP21-1
25775,C22ORF24
51311,TLR8
4693,NDP
100996279,LINC00269
100313772,MIR548M
4237,MFAP2
391179,KRT18P32
389246,VTI1BP2
2299,FOXI1
401260,LINC00951
,RP11-113D6.6
,RP11-160C18.2
23617,TSSK2
,RP5-1119A7.11
646981,PTPN2P1
729533,FAM72A
644,BLVRA
5327,PLAT
10807,SDCCAG3
79650,USB1
164592,CCDC116
90529,STPG1
55793,FAM63A
10736,SIX2
129531,MITD1
54600,UGT1A9
,RP11-517B11.2
2119,ETV5
80230,RUFY1
6890,TAP1
,RP11-215A21.2
83892,KCTD10
6217,RPS16
6493,SIM2
,AC008132.13
100272147,CMC4
54797,MED18
646817,SETSIP
7322,UBE2D2
8334,HIST1H2AC
2739,GLO1
441548,BTBD7P1
5003,SLC22A18AS
5688,PSMA7
157627,LINC00599
,RP11-1217F2.15
28593,TRBV7-5
494331,MIR382
100128511,NEBL-AS1
,AP001187.1
106481555,RNU6-1191P
693127,MIR548A3
100302191,MIR548I4
285329,UBQLN4P1
693153,MIR568
574489,MIR518D
,AL049831.1
,AC010150.2
100616165,AC083899.3
,AC091705.2
,AC090573.1
,AL161908.1
28780,IGLV5-48
100313822,MIR513B
5686,PSMA5
6960,TRBV25OR9-2
100132766,PABPC1P8
100033422,SNORD116-10
,RP11-989E6.11
2307,FOXS1
3538,IGLC2
100126301,MIR509-2
643650,LINC00842
106480234,HNRNPA3P15
10978,CLP1
28797,IGLV3-19
728505,WDR82P1
28783,IGLV5-37
28492,IGHD5-5
84986,ARHGAP19
,CTD-2144E22.2
574470,MIR525
574452,MIR494
,AL136987.1
574479,MIR517A
84435,ADGRA1
28899,IGKV1D-22
389073,C2ORF80
,AC092925.1
,RP11-473M10.3
388633,LDLRAD1
28937,IGKV1-17
,RP11-200A13.3
100126297,MIR300
28502,IGHD2-21
28793,IGLV3-25
389053,HNRNPKP2
8369,HIST1H4G
,RP11-95P13.2
,AC079834.1
9297,SNORD29
,RP11-764K9.1
406963,MIR187
,CTC-305H11.1
134997,PPIAP29
441525,SPANXN4
26656,OR7D1P
,RP11-219J21.2
,AP002364.1
,RP11-18O15.1
390378,PPIAP28
,AL646016.1
100270938,RPL17P12
3431,SP110
106481640,RNU2-20P
,Y_RNA
,RP11-287F9.1
,AC079780.3
,RP11-139G7.1
,KB-1930G5.3
,RP11-402G3.6
,LINC00948
100131535,RPL5P28
100873639,RNA5SP384
,RP11-483K5.2
728255,KRTAP1-4
,AC012309.5
684959,SNORA25
,AP000997.1
2647,BLOC1S1
89885,FATE1
106480794,MRPL42P6
,RP5-849L7.1
29092,LINC00339
,RP11-444C12.1
84432,PROK1
200025,PFN1P3
,AC105342.1
,RP11-588F10.1
3955,LFNG
107986730,CICP24
8636,SSNA1
574449,MIR492
,CTD-2314B22.3
28662,TRAV21
,AC002539.2
596,BCL2
574461,MIR520E
337985,KRTAP20-3
106480072,RNU6-1150P
,AC006548.26
,RP13-147D17.1
100130204,NIPA2P2
100130821,OSBPL9P1
,PRKRIRP9
,CTD-2306M5.1
,RP5-859M6.1
,RP11-136I14.2
,AC009878.2
106479711,RNU6-328P
,AC135776.1
5176,SERPINF1
,CTD-2104P17.1
731688,RPL21P120
100500881,MIR3688-1
,AC113607.2
100423039,MIR3132
,AC104441.1
389124,IQCF5
100130898,FLYWCH1P1
106478999,RNA5SP206
,RP11-291L22.4
,RP11-469N6.1
,RP11-496I2.5
28734,TRAJ21
,RP11-795H16.2
,AC128653.1
,RP11-71G7.1
285492,LINC00955
,RP11-367J11.3
,RP11-79E3.2
,RP11-313E19.1
106479866,RNU6-679P
,CTD-2015A6.2
100289579,NDUFA5P9
51020,HDDC2
,RP1-6P5.2
,AC004129.7
,RP11-122G11.1
100312789,VN1R35P
106479592,RNU4-74P
,SNOU13
100533674,NPAP1P4
,RP11-583F24.7
,RP11-279O17.3
,RP11-325K19.6
,RP3-389A20.2
924,CD7
,RP1-269M15.3
100288470,REXO1L11P
106481214,RNU6-119P
,RP11-614F17.2
,RP11-312A15.1
100873545,RNA5SP292
100874176,LINC00448
85397,RGS8
440119,FZD10-AS1
,RP11-339D23.1
100270975,RPL30P1
,RP11-344G13.1
645950,HNRNPA1P1
692072,SNORD5
,RP11-885L14.1
,RP11-817J15.2
100302128,MIR1302-3
,RP11-222O23.1
,AC009120.8
106481428,RNU6-784P
100874045,MEAF6P1
10655,DMRT2
440142,TARDBPP2
100128384,VN1R65P
,RP11-259G18.1
100873715,RNA5SP472
84790,TUBA1C
54029,RPL23AP4
,AC007248.7
100130687,FABP5P6
,RP11-510I6.2
106480527,RN7SL714P
100873719,RNA5SP477
,AL136302.1
106481260,RNU6-259P
3132,HLA-DRB9
,RP11-291J9.2
,RP11-379J13.2
,RP11-429G17.2
100874185,FRMD6-AS2
,CTD-2557P19.4
,CTB-181F24.1
,RN7SL816P
645805,DAZAP2P1
221438,TREML5P
6977,TRGV4
101928616,LINC00354
,RP11-356C4.3
,RP1-232L22__A.1
100873740,RNU6-31P
27163,NAAA
100873432,RNA5SP167
100270839,RPL5P17
,AC027269.2
51026,GOLT1B
,RP11-357H3.1
643719,SCGB1B2P
,CYB5P4
266703,ASH2LP1
101928931,SEMA3B-AS1
6979,TRGV5P
341333,HNRNPA1P70
100996259,FAM106B
79504,OR4G4P
,RP11-115A15.4
,RP11-358H9.1
1329,COX5B
,AC108696.1
106479917,RNU6-793P
135942,OR2A15P
,RP11-20J1.1
,RP11-680E19.1
,RP11-669B18.1
,RN7SL710P
,RP11-47L3.1
339290,LINC00667
106480414,RNU2-26P
574406,ADAMTSL4-AS1
406995,MIR181A1
,AC005041.11
100887075,ARHGAP42P1
,AC095061.1
,AC131094.1
,AL157884.1
100874512,SPTLC1P5
647187,IGHV3OR16-6
283999,TMEM235
,C19ORF77
,RP11-666A20.3
,RP11-503N18.3
85013,TMEM128
6302,TSPAN31
106481349,RNU6-532P
343901,MRPS18CP6
6450,SH3BGR
,AC012414.1
63924,CIDEC
,RP11-354I13.2
,RP4-801G22.3
10307,APBB3
100151641,PHKG1P4
401692,OR5B1P
,RP11-46D6.5
574510,MIR513A2
804,CALM1P2
,RP11-311P8.2
28506,IGHD1-26
4155,MBP
8676,STX11
85465,EPT1
,AC010455.1
283875,LINC00514
692215,SNORD112
,RP11-574F11.3
400797,LINC00083
728873,PTMAP8
693155,MIR570
,PROSC
25934,NIPSNAP3A
359770,MRPS21P6
27093,KCNMB3P1
,GSTTP1
,AC092646.1
28443,IGHV3-22
100126354,MIR297
84809,CROCCP2
,AL592205.1
,AL132819.1
28490,IGHD5-18
28333,IGHD2OR15-2A
,RP11-603B24.6
100033801,SNORD115-25
,AL590762.6
,RP11-112J3.16
,RP11-366N18.2
,RP11-89K11.1
767811,H2BFXP
,RP11-42O15.3
81419,OR7E99P
1939,EIF2D
653175,HAUS6P1
79540,OR7E89P
,AC016737.1
,RP11-379B18.3
644032,PHKG1P2
,RP11-60C6.6
724026,MIR656
100033458,SNORD115-19
49,ACR
648262,CICP26
,AC103564.7
442668,NECAP1P1
100033442,SNORD115-5
,CTB-186H2.2
100422636,SLC25A15P4
,AC091736.1
11140,CDC37
388559,ZNF888
100132617,SNX18P23
389428,RPL5P18
387845,EEF1A1P16
106480120,RNU6-1271P
,RP11-144L1.4
,AC121157.1
,AL591034.1
340146,SLC35D3
118487,CHCHD1
,CTB-91J4.1
4066,LYL1
,CTC-490G23.4
,RP11-332P22.2
28977,MRPL42
,AL049798.1
83479,DDX59
,RN7SL611P
,RP13-685P2.8
100419004,SNX18P24
,CTA-242H14.1
101060171,ARMC4P1
,AL137118.1
,RP11-327P2.5
767612,SNORD114-31
106481509,RNU6-1041P
,AJ239321.3
100421137,DPPA2P1
,RP1-90J20.11
28657,TRAV26-1
,RP11-805F19.4
343069,HNRNPCL1
81554,WBSCR16
,AL589743.1
,RP11-244H18.4
,AC118282.1
,AC026700.1
100862672,RNY3P9
4774,NFIA
281,AMYP1
57234,LINC00869
106480253,KLF2P1
,AC103564.6
285141,ERICH2
,AC104809.4
,CTB-63M22.1
28648,TRAV34
407044,MIR7-2
444882,IGFL4
54958,TMEM160
28801,IGLV3-13
,AP000344.3
100420257,CICP27
,AC112693.1
,CTD-3032H12.2
,RP11-22N12.2
28847,IGKV2OR22-4
100500869,MIR3672
,RP11-429J17.7
100874160,LINC00404
199990,C1ORF86
26248,OR2K2
2016,EMX1
,RP11-747H12.7
,AC018638.1
,RP11-98N22.6
100652781,SNX29P1
3573,IL6STP1
,CTD-2267D19.3
,C19ORF69
,AC034198.7
,AC116562.1
100033415,SNORD116-3
,WI2-2994D6.1
,AC073648.1
,RP11-404K5.1
693125,MIR548A1
29803,REPIN1
102902672,LINC00843
,AP000619.5
,AC013248.2
,AL135784.1
574031,MIR363
130355,C2ORF76
,RP11-490G8.1
5711,PSMD5
106479216,RN7SKP270
391576,OR7E129P
,RP11-1267H10.3
219899,TBCEL
283491,OR7E156P
,RP11-540B6.2
347918,EP400P1
,AC073869.2
,AC016194.1
442157,HNRNPLP1
100126329,MIR941-1
729412,PSMA6P2
28557,TRBV30
9351,SLC9A3R2
,RP11-10J21.4
9095,TBX19
,RP11-274B21.4
,RP11-546K22.3
28743,TRAJ12
389866,SERBP1P1
,CTB-88F18.4
54442,KCTD5
,RP11-652G5.2
100873502,RNA5SP246
375133,PI4KAP2
,RP11-175I6.5
84779,NAA11
,RP11-72M10.4
,CTC-444N24.8
,RP11-506B6.5
,RP11-220H4.2
28659,TRAV24
574506,MIR503
,RP11-782C8.1
,AC109351.1
54205,CYCS
,AC006432.1
54994,GID8
,RP11-318K12.3
51343,FZR1
100271332,RPL36AP21
347705,MRPS36P1
8403,SOX14
100379584,RNY4P14
28376,IGHVII-15-1
,FLJ45079
,CTD-2132H18.3
100873335,RNA5-8SP5
,Z97352.1
3021,H3F3B
338699,ANKRD42
,RP4-597N16.4
693157,MIR572
,FAM27L
,RP11-535M15.2
51686,OAZ3
84536,C21ORF67
,SUZ12P
100271575,RPS26P49
106481324,RNU6-458P
8310,ACOX3
646463,UBE2HP1
399744,LINC00999
79849,PDZD3
28672,TRAV12-3
,AL163952.2
28503,IGHD2-15
100033446,SNORD115-9
,RP11-616M22.10
,RP11-822E23.8
768206,PRCD
100129800,ZNF807
,RP13-379L11.3
347584,TSPY11P
,RP11-481N16.1
284428,MBD3L5
10190,TXNDC9
,RP4-697K14.3
,AC084262.1
643596,RNF224
4192,MDK
644338,RPL37AP8
389618,FAM90A6P
973,CD79A
,WI2-1896O14.1
,RP11-119H12.3
84303,CHCHD6
55686,MREG
29978,UBQLN2
692197,SNORD77
,CTC-484M2.1
,RP11-293M10.5
147172,LRRC37BP1
26821,SNORA74A
29785,CYP2S1
,RP11-528M18.3
7388,UQCRH
28486,IGHD6-19
,UBE2L5P
26686,OR4E2
728776,HMGN1P37
23548,TTC33
100873794,ASNSP5
79590,MRPL24
,AC107083.1
4710,NDUFB4
100033813,SNORD115-39
,RP1-152L7.1
,AL353707.1
28425,IGHV3-47
5201,PFDN1
,RP11-469E19.1
26298,EHF
,AC008271.1
391559,VTI1BP1
,RP11-192C21.1
2982,GUCY1A1
100422924,MIR4303
,AL121819.1
,RP11-467L19.11
1086,CEACAMP11
574492,MIR517C
64591,TSPY2
728403,TSPY8
653505,PPIAL4A
100127905,SMIM11P1
144638,ST13P3
767577,SNORD114-1
28332,IGHD2OR15-2B
8360,HIST1H4D
574453,MIR495
28827,IGLJ7
,RP11-2E11.9
,AC106795.1
693142,MIR557
100133251,PRR23D2
56660,KCNK12
132228,LSMEM2
,RP11-436J20.1
,FP15737
120863,DEPDC4
28671,TRAV13-1
,AC138783.11
,RP11-454P7.3
64151,NCAPG
64928,MRPL14
4565,MT-TI
4513,MT-CO2
4540,MT-ND5
4549,MT-RNR1
4536,MT-ND2
4535,MT-ND1
4537,MT-ND3
